<structure>
<point x="20.62" y="221.62" b="U"/>
<point x="25.75" y="216.27" b="G"/>
<point x="25.96" y="208.71" b="C"/>
<point x="26.17" y="201.15" b="A"/>
<point x="26.17" y="193.59" b="Y"/>
<point x="25.96" y="186.03" b="U"/>
<point x="25.75" y="178.47" b="G"/>
<point x="20.62" y="183.82" b="C"/>
<point x="13.26" y="183.82" b="A"/>
<point x="7.71" y="178.47" b="U"/>
<point x="7.50" y="170.91" b="G"/>
<point x="12.85" y="165.56" b="G"/>
<point x="20.62" y="165.56" b="U"/>
<point x="26.17" y="170.91" b="A"/>
<point x="25.96" y="163.35" b="U"/>
<point x="25.96" y="155.79" b="C"/>
<point x="25.96" y="148.23" b="U"/>
<point x="25.75" y="140.67" b="G"/>
<point x="25.96" y="133.11" b="C"/>
<point x="26.17" y="125.55" b="A"/>
<point x="25.96" y="117.99" b="C"/>
<point x="25.96" y="110.43" b="U"/>
<point x="25.96" y="102.87" b="C"/>
<point x="26.17" y="95.31" b="A"/>
<point x="25.75" y="87.75" b="G"/>
<point x="26.17" y="80.19" b="Y"/>
<point x="26.17" y="72.63" b="A"/>
<point x="25.75" y="65.07" b="G"/>
<point x="21.07" y="59.30" b="U"/>
<point x="20.67" y="51.75" b="U"/>
<point x="24.92" y="45.50" b="U"/>
<point x="32.29" y="43.09" b="A"/>
<point x="39.45" y="45.50" b="Y"/>
<point x="43.49" y="51.75" b="U"/>
<point x="43.09" y="59.30" b="C"/>
<point x="38.20" y="65.07" b="C"/>
<point x="38.20" y="72.63" b="U"/>
<point x="37.99" y="80.19" b="G"/>
<point x="38.20" y="87.75" b="C"/>
<point x="38.20" y="95.31" b="U"/>
<point x="44.90" y="99.30" b="N"/>
<point x="37.99" y="102.87" b="G"/>
<point x="37.99" y="110.43" b="G"/>
<point x="37.99" y="117.99" b="G"/>
<point x="38.20" y="125.55" b="U"/>
<point x="37.99" y="133.11" b="G"/>
<point x="38.20" y="140.67" b="U"/>
<point x="44.95" y="136.89" b="Y"/>
<point x="51.30" y="140.67" b="C"/>
<point x="51.50" y="148.23" b="A"/>
<point x="44.95" y="152.01" b="A"/>
<point x="38.41" y="148.23" b="A"/>
<point x="37.99" y="155.79" b="G"/>
<point x="38.20" y="163.35" b="R"/>
<point x="38.20" y="170.91" b="U"/>
<point x="38.20" y="178.47" b="C"/>
<point x="38.41" y="186.03" b="A"/>
<point x="37.99" y="193.59" b="G"/>
<point x="38.20" y="201.15" b="U"/>
<point x="37.99" y="208.71" b="G"/>
<point x="38.20" y="216.27" b="C"/>
<point x="43.75" y="221.62" b="Y"/>
<point x="51.31" y="221.62" b="A"/>
<point x="56.45" y="216.27" b="U"/>
<point x="56.66" y="208.71" b="A"/>
<point x="56.24" y="201.15" b="G"/>
<point x="56.66" y="193.59" b="A"/>
<point x="56.66" y="186.03" b="A"/>
<point x="56.66" y="178.47" b="A"/>
<point x="56.45" y="170.91" b="U"/>
<point x="56.45" y="163.35" b="U"/>
<point x="56.45" y="155.79" b="C"/>
<point x="56.66" y="148.23" b="A"/>
<point x="56.24" y="140.67" b="G"/>
<point x="49.98" y="136.77" b="U"/>
<point x="45.81" y="130.60" b="A"/>
<point x="44.06" y="123.20" b="U"/>
<point x="45.60" y="115.80" b="C"/>
<point x="49.98" y="109.63" b="U"/>
<point x="56.45" y="105.73" b="R"/>
<point x="56.24" y="98.17" b="G"/>
<point x="56.45" y="90.61" b="C"/>
<point x="56.66" y="83.05" b="A"/>
<point x="56.45" y="75.49" b="U"/>
<point x="49.44" y="72.67" b="C"/>
<point x="43.52" y="67.96" b="R"/>
<point x="39.41" y="61.76" b="Y"/>
<point x="36.84" y="54.58" b="U"/>
<point x="36.43" y="47.02" b="G"/>
<point x="38.61" y="39.72" b="R"/>
<point x="42.59" y="33.29" b="U"/>
<point x="48.24" y="28.27" b="U"/>
<point x="55.09" y="25.08" b="U"/>
<point x="62.57" y="23.98" b="U"/>
<point x="70.05" y="25.08" b="C"/>
<point x="76.91" y="28.27" b="U"/>
<point x="82.56" y="33.29" b="U"/>
<point x="86.33" y="39.72" b="G"/>
<point x="88.30" y="47.02" b="G"/>
<point x="88.30" y="54.58" b="C"/>
<point x="85.94" y="61.76" b="U"/>
<point x="81.62" y="67.96" b="U"/>
<point x="75.71" y="72.67" b="U"/>
<point x="68.48" y="75.49" b="G"/>
<point x="68.69" y="83.05" b="U"/>
<point x="68.48" y="90.61" b="G"/>
<point x="68.69" y="98.17" b="C"/>
<point x="68.69" y="105.73" b="U"/>
<point x="76.22" y="105.02" b="U"/>
<point x="83.18" y="107.42" b="G"/>
<point x="88.98" y="112.50" b="U"/>
<point x="92.04" y="119.42" b="U"/>
<point x="92.24" y="126.98" b="A"/>
<point x="89.19" y="133.89" b="A"/>
<point x="83.60" y="138.98" b="A"/>
<point x="76.22" y="141.38" b="C"/>
<point x="68.90" y="140.67" b="Y"/>
<point x="68.69" y="148.23" b="U"/>
<point x="68.48" y="155.79" b="G"/>
<point x="68.48" y="163.35" b="G"/>
<point x="75.24" y="167.13" b="U"/>
<point x="68.90" y="170.91" b="A"/>
<point x="68.69" y="178.47" b="U"/>
<point x="68.69" y="186.03" b="U"/>
<point x="68.69" y="193.59" b="U"/>
<point x="68.69" y="201.15" b="C"/>
<point x="68.69" y="208.71" b="U"/>
<point x="68.90" y="216.27" b="A"/>
<point x="74.24" y="221.62" b="Y"/>
<point x="81.60" y="221.62" b="U"/>
<point x="88.95" y="221.62" b="G"/>
<point x="96.92" y="221.62" b="A"/>
<point x="104.48" y="221.62" b="Y"/>
<point x="112.05" y="221.62" b="A"/>
<point x="119.40" y="221.62" b="C"/>
<point x="127.17" y="221.62" b="A"/>
<point x="134.31" y="221.62" b="G"/>
<point x="142.08" y="221.62" b="U"/>
<point x="149.84" y="221.62" b="A"/>
</structure>