<structure>
<point x="81.63" y="238.65" b="G"/>
<point x="89.61" y="238.65" b="Y"/>
<point x="94.75" y="233.30" b="C"/>
<point x="94.75" y="225.74" b="U"/>
<point x="94.75" y="218.18" b="C"/>
<point x="94.95" y="210.62" b="Y"/>
<point x="87.02" y="209.82" b="G"/>
<point x="80.01" y="208.42" b="A"/>
<point x="72.51" y="206.41" b="U"/>
<point x="65.20" y="203.83" b="G"/>
<point x="58.74" y="200.68" b="A"/>
<point x="51.94" y="196.98" b="U"/>
<point x="45.46" y="192.77" b="G"/>
<point x="39.96" y="188.06" b="A"/>
<point x="34.39" y="183.09" b="N"/>
<point x="29.31" y="177.49" b="N"/>
<point x="24.76" y="171.29" b="Y"/>
<point x="20.66" y="164.94" b="A"/>
<point x="17.02" y="158.49" b="N"/>
<point x="13.99" y="151.56" b="N"/>
<point x="11.38" y="144.21" b="U"/>
<point x="9.65" y="137.09" b="N"/>
<point x="8.23" y="129.43" b="U"/>
<point x="7.56" y="121.90" b="R"/>
<point x="7.50" y="114.34" b="U"/>
<point x="8.05" y="106.80" b="R"/>
<point x="9.42" y="99.33" b="Y"/>
<point x="10.98" y="91.98" b="U"/>
<point x="13.33" y="84.79" b="U"/>
<point x="16.25" y="77.82" b="U"/>
<point x="19.93" y="71.11" b="Y"/>
<point x="23.89" y="64.91" b="N"/>
<point x="28.25" y="58.64" b="U"/>
<point x="33.24" y="52.96" b="U"/>
<point x="38.67" y="47.70" b="C"/>
<point x="44.51" y="42.90" b="U"/>
<point x="50.87" y="38.79" b="N"/>
<point x="57.41" y="35.00" b="N"/>
<point x="64.23" y="31.74" b="N"/>
<point x="70.94" y="28.84" b="G"/>
<point x="78.55" y="26.93" b="N"/>
<point x="85.96" y="25.41" b="N"/>
<point x="93.10" y="24.29" b="G"/>
<point x="100.87" y="23.98" b="U"/>
<point x="108.42" y="24.29" b="U"/>
<point x="116.08" y="25.41" b="N"/>
<point x="123.48" y="26.93" b="N"/>
<point x="130.59" y="28.84" b="C"/>
<point x="137.80" y="31.74" b="N"/>
<point x="144.68" y="34.79" b="A"/>
<point x="151.01" y="38.59" b="U"/>
<point x="157.01" y="42.90" b="G"/>
<point x="163.27" y="47.70" b="Y"/>
<point x="168.65" y="53.16" b="N"/>
<point x="173.64" y="58.84" b="N"/>
<point x="178.00" y="64.70" b="R"/>
<point x="182.22" y="71.11" b="A"/>
<point x="185.49" y="77.82" b="R"/>
<point x="188.62" y="84.79" b="A"/>
<point x="190.97" y="91.98" b="A"/>
<point x="192.67" y="99.54" b="N"/>
<point x="193.83" y="107.01" b="N"/>
<point x="194.44" y="114.34" b="A"/>
<point x="194.18" y="121.90" b="U"/>
<point x="193.66" y="129.64" b="N"/>
<point x="192.23" y="136.88" b="U"/>
<point x="190.15" y="144.21" b="G"/>
<point x="187.69" y="151.36" b="G"/>
<point x="185.07" y="158.28" b="A"/>
<point x="181.08" y="164.94" b="G"/>
<point x="177.39" y="171.29" b="A"/>
<point x="172.57" y="177.28" b="C"/>
<point x="167.50" y="182.88" b="C"/>
<point x="161.98" y="188.06" b="U"/>
<point x="155.86" y="192.77" b="G"/>
<point x="150.00" y="196.98" b="A"/>
<point x="143.41" y="200.68" b="A"/>
<point x="136.33" y="203.83" b="C"/>
<point x="129.22" y="206.41" b="U"/>
<point x="121.72" y="208.42" b="G"/>
<point x="114.71" y="209.82" b="A"/>
<point x="106.78" y="210.62" b="G"/>
<point x="106.78" y="218.18" b="G"/>
<point x="106.99" y="225.74" b="R"/>
<point x="106.78" y="233.30" b="G"/>
<point x="112.33" y="238.65" b="R"/>
<point x="120.10" y="238.65" b="Y"/>
</structure>