<structure>
<point x="19.60" y="129.94" b="N"/>
<point x="27.16" y="129.94" b="N"/>
<point x="34.73" y="129.94" b="N"/>
<point x="42.28" y="129.94" b="N"/>
<point x="49.84" y="129.94" b="N"/>
<point x="57.41" y="129.94" b="N"/>
<point x="64.97" y="129.94" b="N"/>
<point x="72.53" y="129.94" b="N"/>
<point x="80.09" y="129.94" b="N"/>
<point x="87.65" y="129.94" b="N"/>
<point x="95.20" y="129.94" b="N"/>
<point x="102.77" y="129.94" b="N"/>
<point x="110.33" y="129.94" b="N"/>
<point x="117.89" y="129.94" b="N"/>
<point x="125.45" y="129.94" b="N"/>
<point x="130.79" y="124.59" b="N"/>
<point x="130.79" y="117.03" b="N"/>
<point x="130.79" y="109.47" b="N"/>
<point x="130.43" y="101.70" b="G"/>
<point x="130.43" y="94.14" b="G"/>
<point x="130.64" y="86.58" b="U"/>
<point x="124.54" y="82.54" b="N"/>
<point x="120.81" y="75.79" b="Y"/>
<point x="113.27" y="75.24" b="Y"/>
<point x="105.73" y="74.70" b="Y"/>
<point x="101.17" y="80.97" b="N"/>
<point x="94.54" y="84.61" b="N"/>
<point x="87.00" y="85.17" b="N"/>
<point x="79.91" y="82.53" b="N"/>
<point x="74.57" y="77.19" b="N"/>
<point x="71.93" y="70.11" b="N"/>
<point x="72.47" y="62.57" b="N"/>
<point x="76.11" y="55.94" b="N"/>
<point x="82.17" y="51.42" b="N"/>
<point x="89.57" y="49.84" b="N"/>
<point x="96.95" y="51.48" b="N"/>
<point x="102.98" y="56.04" b="N"/>
<point x="106.41" y="62.49" b="R"/>
<point x="113.95" y="63.03" b="R"/>
<point x="121.49" y="63.58" b="R"/>
<point x="126.38" y="57.65" b="Y"/>
<point x="133.13" y="54.56" b="N"/>
<point x="140.75" y="54.35" b="A"/>
<point x="147.55" y="57.65" b="A"/>
<point x="152.18" y="63.79" b="N"/>
<point x="153.66" y="70.96" b="R"/>
<point x="160.48" y="73.76" b="G"/>
<point x="167.50" y="76.55" b="G"/>
<point x="172.82" y="71.19" b="G"/>
<point x="179.93" y="67.67" b="A"/>
<point x="187.38" y="66.34" b="A"/>
<point x="194.82" y="67.52" b="N"/>
<point x="198.65" y="61.01" b="N"/>
<point x="202.54" y="54.28" b="Y"/>
<point x="205.96" y="47.77" b="G"/>
<point x="209.79" y="41.25" b="G"/>
<point x="208.71" y="33.80" b="U"/>
<point x="211.98" y="27.09" b="G"/>
<point x="219.17" y="24.06" b="N"/>
<point x="226.42" y="25.40" b="R"/>
<point x="231.58" y="31.12" b="A"/>
<point x="232.01" y="38.87" b="N"/>
<point x="227.84" y="45.17" b="N"/>
<point x="220.55" y="47.46" b="C"/>
<point x="216.72" y="53.97" b="C"/>
<point x="212.88" y="60.49" b="R"/>
<point x="209.20" y="67.21" b="N"/>
<point x="205.37" y="73.73" b="N"/>
<point x="209.71" y="79.60" b="R"/>
<point x="212.16" y="86.75" b="C"/>
<point x="212.49" y="94.52" b="N"/>
<point x="219.16" y="97.10" b="G"/>
<point x="226.60" y="99.90" b="Y"/>
<point x="234.07" y="100.76" b="N"/>
<point x="237.89" y="106.99" b="C"/>
<point x="235.10" y="114.02" b="C"/>
<point x="227.79" y="115.97" b="C"/>
<point x="221.66" y="111.27" b="G"/>
<point x="214.84" y="108.48" b="C"/>
<point x="207.97" y="105.89" b="N"/>
<point x="202.70" y="111.05" b="A"/>
<point x="195.80" y="114.56" b="C"/>
<point x="196.41" y="122.10" b="U"/>
<point x="196.81" y="129.63" b="G"/>
<point x="203.01" y="134.25" b="U"/>
<point x="205.66" y="141.33" b="R"/>
<point x="204.38" y="148.75" b="A"/>
<point x="199.01" y="154.26" b="R"/>
<point x="199.83" y="161.80" b="Y"/>
<point x="200.02" y="169.33" b="G"/>
<point x="200.84" y="176.87" b="R"/>
<point x="207.96" y="180.01" b="N"/>
<point x="213.27" y="185.03" b="R"/>
<point x="216.53" y="191.85" b="R"/>
<point x="217.28" y="199.59" b="N"/>
<point x="215.17" y="206.85" b="N"/>
<point x="210.62" y="212.88" b="N"/>
<point x="204.21" y="216.90" b="N"/>
<point x="204.82" y="224.43" b="N"/>
<point x="205.43" y="231.97" b="N"/>
<point x="206.04" y="239.50" b="N"/>
<point x="206.65" y="247.04" b="N"/>
<point x="207.26" y="254.58" b="N"/>
<point x="212.77" y="249.40" b="N"/>
<point x="220.25" y="250.48" b="N"/>
<point x="224.07" y="257.01" b="N"/>
<point x="221.35" y="264.06" b="N"/>
<point x="214.14" y="266.33" b="N"/>
<point x="207.51" y="261.90" b="G"/>
<point x="208.33" y="269.44" b="C"/>
<point x="208.94" y="276.98" b="C"/>
<point x="212.79" y="283.60" b="A"/>
<point x="210.05" y="290.72" b="C"/>
<point x="210.66" y="298.26" b="U"/>
<point x="211.06" y="305.79" b="G"/>
<point x="211.88" y="313.33" b="R"/>
<point x="212.63" y="321.07" b="N"/>
<point x="213.24" y="328.60" b="N"/>
<point x="218.00" y="334.48" b="N"/>
<point x="217.67" y="342.04" b="N"/>
<point x="212.42" y="347.48" b="N"/>
<point x="204.89" y="348.09" b="N"/>
<point x="198.84" y="343.56" b="N"/>
<point x="197.30" y="336.16" b="N"/>
<point x="201.04" y="329.59" b="N"/>
<point x="200.44" y="322.06" b="N"/>
<point x="199.88" y="314.31" b="Y"/>
<point x="199.27" y="306.78" b="Y"/>
<point x="198.25" y="299.24" b="G"/>
<point x="197.64" y="291.71" b="G"/>
<point x="190.08" y="292.02" b="G"/>
<point x="186.29" y="285.74" b="A"/>
<point x="189.44" y="278.87" b="A"/>
<point x="196.53" y="277.96" b="G"/>
<point x="195.92" y="270.43" b="G"/>
<point x="195.72" y="262.89" b="Y"/>
<point x="195.06" y="255.56" b="N"/>
<point x="194.45" y="248.03" b="N"/>
<point x="193.84" y="240.49" b="N"/>
<point x="193.23" y="232.96" b="N"/>
<point x="192.62" y="225.42" b="N"/>
<point x="192.01" y="217.89" b="N"/>
<point x="184.74" y="219.97" b="N"/>
<point x="177.20" y="219.41" b="N"/>
<point x="170.33" y="216.27" b="N"/>
<point x="164.97" y="210.94" b="N"/>
<point x="161.63" y="203.87" b="R"/>
<point x="161.17" y="196.55" b="N"/>
<point x="163.21" y="189.27" b="N"/>
<point x="167.65" y="183.15" b="N"/>
<point x="173.93" y="178.94" b="N"/>
<point x="181.28" y="177.17" b="N"/>
<point x="188.84" y="177.86" b="Y"/>
<point x="188.03" y="170.32" b="C"/>
<point x="187.42" y="162.79" b="R"/>
<point x="187.02" y="155.25" b="Y"/>
<point x="179.48" y="153.41" b="R"/>
<point x="174.80" y="147.63" b="A"/>
<point x="173.78" y="140.10" b="G"/>
<point x="178.09" y="133.62" b="Y"/>
<point x="184.82" y="130.62" b="C"/>
<point x="184.42" y="123.09" b="A"/>
<point x="183.39" y="115.55" b="G"/>
<point x="176.22" y="113.16" b="G"/>
<point x="170.52" y="108.72" b="A"/>
<point x="165.61" y="102.64" b="G"/>
<point x="163.57" y="95.48" b="A"/>
<point x="163.19" y="87.93" b="C"/>
<point x="156.16" y="85.13" b="C"/>
<point x="149.34" y="82.34" b="Y"/>
<point x="142.67" y="86.58" b="G"/>
<point x="142.88" y="94.14" b="C"/>
<point x="142.88" y="101.70" b="C"/>
<point x="143.03" y="109.47" b="N"/>
<point x="143.03" y="117.03" b="N"/>
<point x="143.03" y="124.59" b="N"/>
<point x="148.38" y="129.94" b="N"/>
<point x="155.94" y="129.94" b="N"/>
<point x="163.50" y="129.94" b="N"/>
<point x="171.06" y="129.94" b="N"/>
<point x="178.62" y="129.94" b="N"/>
<point x="186.18" y="129.94" b="N"/>
<point x="193.74" y="129.94" b="N"/>
<point x="201.30" y="129.94" b="N"/>
<point x="208.86" y="129.94" b="N"/>
<point x="216.42" y="129.94" b="N"/>
<point x="223.98" y="129.94" b="N"/>
<point x="231.54" y="129.94" b="N"/>
<point x="239.10" y="129.94" b="N"/>
<point x="246.66" y="129.94" b="N"/>
<point x="254.22" y="129.94" b="N"/>
</structure>