<structure>
<point x="19.25" y="166.93" b="G"/>
<point x="27.22" y="166.93" b="A"/>
<point x="34.73" y="167.13" b="N"/>
<point x="42.13" y="166.93" b="U"/>
<point x="49.70" y="166.93" b="U"/>
<point x="57.26" y="166.93" b="C"/>
<point x="64.81" y="166.93" b="R"/>
<point x="72.38" y="166.93" b="U"/>
<point x="79.94" y="166.93" b="C"/>
<point x="87.28" y="166.93" b="G"/>
<point x="95.26" y="166.93" b="A"/>
<point x="102.61" y="166.93" b="U"/>
<point x="110.17" y="166.93" b="U"/>
<point x="117.73" y="166.93" b="C"/>
<point x="125.08" y="166.93" b="G"/>
<point x="132.65" y="166.93" b="G"/>
<point x="140.41" y="166.93" b="U"/>
<point x="148.18" y="166.93" b="Y"/>
<point x="155.32" y="166.93" b="G"/>
<point x="163.09" y="166.93" b="C"/>
<point x="170.86" y="166.93" b="A"/>
<point x="178.00" y="166.93" b="G"/>
<point x="185.78" y="166.93" b="C"/>
<point x="193.54" y="166.93" b="A"/>
<point x="198.68" y="161.58" b="U"/>
<point x="198.68" y="154.02" b="U"/>
<point x="198.89" y="146.46" b="Y"/>
<point x="194.18" y="140.54" b="A"/>
<point x="194.18" y="132.98" b="A"/>
<point x="198.68" y="127.06" b="R"/>
<point x="198.47" y="119.50" b="G"/>
<point x="191.12" y="119.50" b="C"/>
<point x="190.91" y="111.94" b="G"/>
<point x="198.47" y="111.94" b="G"/>
<point x="198.68" y="104.39" b="U"/>
<point x="198.68" y="96.83" b="U"/>
<point x="198.10" y="89.27" b="G"/>
<point x="205.01" y="85.39" b="A"/>
<point x="211.29" y="89.27" b="C"/>
<point x="211.13" y="96.83" b="A"/>
<point x="211.07" y="104.59" b="N"/>
<point x="210.92" y="111.94" b="U"/>
<point x="210.92" y="119.50" b="U"/>
<point x="210.92" y="127.06" b="U"/>
<point x="215.63" y="132.98" b="C"/>
<point x="215.83" y="140.54" b="A"/>
<point x="210.71" y="146.46" b="G"/>
<point x="210.92" y="154.02" b="R"/>
<point x="211.13" y="161.58" b="A"/>
<point x="216.47" y="166.93" b="A"/>
<point x="223.83" y="166.93" b="R"/>
<point x="231.59" y="166.93" b="A"/>
<point x="238.95" y="166.93" b="R"/>
<point x="246.51" y="166.93" b="R"/>
<point x="254.27" y="166.93" b="A"/>
<point x="261.83" y="166.93" b="A"/>
<point x="269.19" y="166.93" b="R"/>
<point x="276.95" y="166.93" b="A"/>
<point x="284.51" y="166.93" b="A"/>
<point x="291.87" y="166.93" b="R"/>
<point x="299.63" y="166.93" b="A"/>
<point x="306.99" y="166.93" b="R"/>
<point x="314.34" y="166.93" b="G"/>
<point x="322.11" y="166.93" b="R"/>
<point x="329.67" y="166.93" b="U"/>
<point x="337.23" y="166.93" b="U"/>
<point x="344.58" y="166.93" b="G"/>
<point x="352.35" y="166.93" b="R"/>
<point x="360.11" y="166.93" b="A"/>
<point x="367.26" y="166.93" b="G"/>
<point x="375.03" y="166.93" b="R"/>
<point x="382.79" y="166.93" b="A"/>
<point x="390.35" y="166.93" b="A"/>
<point x="397.71" y="166.93" b="R"/>
<point x="405.06" y="166.93" b="G"/>
<point x="412.62" y="166.93" b="G"/>
<point x="420.59" y="166.93" b="A"/>
<point x="427.95" y="166.93" b="U"/>
<point x="435.30" y="166.93" b="G"/>
<point x="443.07" y="166.93" b="U"/>
<point x="450.63" y="166.93" b="R"/>
<point x="458.19" y="166.93" b="R"/>
<point x="463.68" y="161.79" b="N"/>
<point x="463.68" y="154.23" b="N"/>
<point x="463.74" y="146.46" b="A"/>
<point x="463.53" y="138.90" b="R"/>
<point x="463.53" y="131.34" b="U"/>
<point x="460.64" y="124.44" b="A"/>
<point x="463.74" y="117.55" b="A"/>
<point x="463.32" y="109.99" b="G"/>
<point x="459.02" y="103.92" b="U"/>
<point x="451.93" y="101.95" b="N"/>
<point x="444.54" y="99.57" b="U"/>
<point x="438.54" y="95.26" b="A"/>
<point x="440.51" y="88.02" b="R"/>
<point x="448.06" y="87.85" b="R"/>
<point x="455.30" y="90.02" b="U"/>
<point x="462.75" y="92.20" b="A"/>
<point x="469.65" y="89.63" b="U"/>
<point x="474.03" y="83.32" b="A"/>
<point x="477.78" y="77.01" b="G"/>
<point x="482.36" y="70.70" b="A"/>
<point x="486.32" y="64.40" b="C"/>
<point x="490.49" y="58.09" b="C"/>
<point x="494.66" y="51.78" b="R"/>
<point x="498.62" y="45.47" b="G"/>
<point x="497.01" y="38.19" b="A"/>
<point x="498.59" y="30.90" b="G"/>
<point x="504.46" y="25.67" b="A"/>
<point x="511.63" y="23.98" b="R"/>
<point x="518.82" y="26.32" b="R"/>
<point x="523.79" y="32.02" b="U"/>
<point x="525.33" y="39.46" b="A"/>
<point x="522.46" y="46.53" b="C"/>
<point x="516.32" y="51.23" b="G"/>
<point x="509.04" y="52.22" b="C"/>
<point x="504.87" y="58.53" b="C"/>
<point x="500.49" y="64.84" b="G"/>
<point x="496.32" y="71.14" b="G"/>
<point x="492.37" y="77.45" b="U"/>
<point x="488.20" y="83.76" b="C"/>
<point x="491.73" y="90.73" b="N"/>
<point x="484.18" y="90.27" b="N"/>
<point x="479.65" y="96.37" b="G"/>
<point x="480.49" y="103.92" b="A"/>
<point x="475.77" y="109.99" b="U"/>
<point x="475.77" y="117.55" b="U"/>
<point x="478.87" y="124.44" b="C"/>
<point x="475.56" y="131.34" b="G"/>
<point x="475.77" y="138.90" b="U"/>
<point x="475.77" y="146.46" b="U"/>
<point x="475.92" y="154.23" b="N"/>
<point x="475.92" y="161.79" b="N"/>
<point x="481.27" y="167.13" b="N"/>
<point x="488.68" y="166.93" b="U"/>
<point x="496.39" y="167.13" b="N"/>
<point x="503.95" y="167.13" b="N"/>
<point x="511.51" y="167.13" b="N"/>
<point x="519.12" y="166.93" b="A"/>
<point x="526.68" y="166.93" b="A"/>
<point x="534.24" y="166.93" b="A"/>
<point x="541.39" y="166.93" b="G"/>
<point x="549.36" y="166.93" b="A"/>
<point x="556.92" y="166.93" b="A"/>
<point x="564.07" y="166.93" b="G"/>
<point x="572.04" y="166.93" b="A"/>
<point x="579.60" y="166.93" b="A"/>
<point x="587.16" y="166.93" b="A"/>
<point x="594.72" y="166.93" b="A"/>
<point x="602.08" y="166.93" b="U"/>
<point x="609.43" y="166.93" b="G"/>
</structure>