<structure>
<point x="31.76" y="205.29" b="G"/>
<point x="37.10" y="199.94" b="G"/>
<point x="37.31" y="192.38" b="C"/>
<point x="37.52" y="184.82" b="Y"/>
<point x="37.31" y="177.26" b="U"/>
<point x="37.31" y="169.70" b="C"/>
<point x="37.31" y="162.14" b="C"/>
<point x="37.31" y="154.58" b="U"/>
<point x="29.76" y="154.18" b="R"/>
<point x="22.76" y="151.94" b="N"/>
<point x="16.39" y="147.43" b="U"/>
<point x="11.58" y="141.60" b="R"/>
<point x="8.54" y="134.68" b="C"/>
<point x="7.50" y="127.19" b="U"/>
<point x="8.54" y="119.70" b="U"/>
<point x="11.79" y="112.78" b="A"/>
<point x="16.39" y="106.95" b="C"/>
<point x="22.61" y="102.65" b="C"/>
<point x="29.97" y="100.20" b="A"/>
<point x="37.31" y="99.80" b="C"/>
<point x="37.52" y="92.24" b="A"/>
<point x="37.10" y="84.68" b="G"/>
<point x="31.87" y="79.80" b="N"/>
<point x="29.64" y="72.33" b="C"/>
<point x="31.72" y="65.06" b="U"/>
<point x="37.10" y="59.97" b="G"/>
<point x="37.31" y="52.41" b="U"/>
<point x="37.10" y="44.85" b="G"/>
<point x="37.31" y="37.29" b="U"/>
<point x="35.14" y="30.05" b="U"/>
<point x="39.65" y="23.98" b="C"/>
<point x="47.42" y="23.98" b="Y"/>
<point x="51.72" y="30.05" b="U"/>
<point x="49.76" y="37.29" b="A"/>
<point x="49.55" y="44.85" b="C"/>
<point x="49.55" y="52.41" b="R"/>
<point x="49.55" y="59.97" b="C"/>
<point x="55.15" y="65.06" b="U"/>
<point x="57.01" y="72.33" b="G"/>
<point x="55.35" y="79.60" b="A"/>
<point x="49.55" y="84.68" b="C"/>
<point x="49.76" y="92.24" b="Y"/>
<point x="49.34" y="99.80" b="G"/>
<point x="56.64" y="102.43" b="U"/>
<point x="62.98" y="106.85" b="A"/>
<point x="67.50" y="112.75" b="U"/>
<point x="70.68" y="119.70" b="A"/>
<point x="71.29" y="127.19" b="G"/>
<point x="70.68" y="134.68" b="A"/>
<point x="67.70" y="141.63" b="A"/>
<point x="62.98" y="147.53" b="A"/>
<point x="56.64" y="151.95" b="R"/>
<point x="49.76" y="154.58" b="A"/>
<point x="49.34" y="162.14" b="G"/>
<point x="49.34" y="169.70" b="G"/>
<point x="49.76" y="177.26" b="A"/>
<point x="49.34" y="184.82" b="G"/>
<point x="49.55" y="192.38" b="R"/>
<point x="49.76" y="199.94" b="Y"/>
<point x="55.10" y="205.29" b="A"/>
<point x="62.25" y="205.29" b="G"/>
<point x="70.22" y="205.29" b="A"/>
<point x="77.58" y="205.29" b="R"/>
<point x="85.14" y="205.29" b="U"/>
<point x="92.90" y="205.29" b="A"/>
<point x="100.46" y="205.29" b="A"/>
<point x="108.02" y="205.29" b="A"/>
<point x="115.38" y="205.29" b="C"/>
<point x="122.94" y="205.29" b="C"/>
<point x="130.65" y="205.49" b="N"/>
<point x="138.26" y="205.29" b="A"/>
<point x="143.40" y="199.94" b="C"/>
<point x="143.40" y="192.38" b="C"/>
<point x="143.40" y="184.82" b="C"/>
<point x="143.61" y="177.26" b="Y"/>
<point x="143.40" y="169.70" b="R"/>
<point x="143.40" y="162.14" b="U"/>
<point x="136.41" y="159.28" b="R"/>
<point x="130.55" y="154.50" b="U"/>
<point x="126.54" y="148.22" b="A"/>
<point x="124.13" y="140.99" b="C"/>
<point x="124.34" y="133.43" b="A"/>
<point x="126.48" y="126.41" b="N"/>
<point x="130.55" y="119.92" b="C"/>
<point x="136.41" y="115.14" b="U"/>
<point x="143.61" y="112.28" b="Y"/>
<point x="143.61" y="104.72" b="A"/>
<point x="143.19" y="97.16" b="G"/>
<point x="140.30" y="90.26" b="C"/>
<point x="143.40" y="83.37" b="C"/>
<point x="143.61" y="75.81" b="Y"/>
<point x="143.61" y="68.25" b="A"/>
<point x="143.19" y="60.69" b="G"/>
<point x="143.19" y="53.13" b="G"/>
<point x="143.61" y="45.57" b="Y"/>
<point x="139.14" y="39.33" b="C"/>
<point x="140.23" y="32.03" b="N"/>
<point x="145.89" y="27.03" b="N"/>
<point x="153.30" y="26.82" b="U"/>
<point x="158.76" y="31.82" b="G"/>
<point x="159.91" y="39.33" b="U"/>
<point x="155.43" y="45.57" b="G"/>
<point x="155.64" y="53.13" b="C"/>
<point x="155.64" y="60.69" b="C"/>
<point x="155.64" y="68.25" b="U"/>
<point x="155.79" y="76.02" b="N"/>
<point x="155.43" y="83.37" b="G"/>
<point x="158.74" y="90.26" b="U"/>
<point x="155.64" y="97.16" b="C"/>
<point x="155.64" y="104.72" b="U"/>
<point x="155.43" y="112.28" b="G"/>
<point x="162.64" y="115.14" b="U"/>
<point x="168.71" y="119.92" b="A"/>
<point x="172.71" y="126.20" b="U"/>
<point x="174.91" y="133.43" b="U"/>
<point x="174.70" y="140.99" b="G"/>
<point x="172.71" y="148.22" b="U"/>
<point x="168.29" y="154.50" b="G"/>
<point x="162.85" y="159.28" b="A"/>
<point x="155.85" y="162.14" b="A"/>
<point x="155.64" y="169.70" b="U"/>
<point x="155.43" y="177.26" b="G"/>
<point x="155.43" y="184.82" b="G"/>
<point x="155.43" y="192.38" b="G"/>
<point x="155.43" y="199.94" b="G"/>
<point x="160.99" y="205.29" b="R"/>
<point x="168.34" y="205.29" b="G"/>
<point x="176.31" y="205.29" b="A"/>
<point x="183.67" y="205.29" b="C"/>
<point x="191.44" y="205.29" b="A"/>
<point x="198.79" y="205.29" b="U"/>
<point x="206.35" y="205.29" b="R"/>
<point x="214.06" y="205.49" b="N"/>
</structure>