<structure>
<point x="19.60" y="158.33" b="N"/>
<point x="27.02" y="158.12" b="R"/>
<point x="34.37" y="158.12" b="G"/>
<point x="41.92" y="158.12" b="G"/>
<point x="49.70" y="158.12" b="C"/>
<point x="57.46" y="158.12" b="A"/>
<point x="64.81" y="158.12" b="U"/>
<point x="72.58" y="158.12" b="A"/>
<point x="79.94" y="158.12" b="U"/>
<point x="87.50" y="158.12" b="U"/>
<point x="95.06" y="158.12" b="U"/>
<point x="102.61" y="158.12" b="U"/>
<point x="110.17" y="158.12" b="U"/>
<point x="117.73" y="158.12" b="U"/>
<point x="125.45" y="158.33" b="N"/>
<point x="132.85" y="158.12" b="C"/>
<point x="140.41" y="158.12" b="C"/>
<point x="145.91" y="152.98" b="N"/>
<point x="145.76" y="145.21" b="U"/>
<point x="145.76" y="137.65" b="C"/>
<point x="145.97" y="130.09" b="A"/>
<point x="138.81" y="126.68" b="G"/>
<point x="134.10" y="121.12" b="A"/>
<point x="131.02" y="114.12" b="U"/>
<point x="130.98" y="106.57" b="A"/>
<point x="133.18" y="99.40" b="U"/>
<point x="138.14" y="93.52" b="A"/>
<point x="144.23" y="89.67" b="G"/>
<point x="151.88" y="88.33" b="C"/>
<point x="159.11" y="89.67" b="G"/>
<point x="165.83" y="93.52" b="U"/>
<point x="170.79" y="99.40" b="A"/>
<point x="173.13" y="106.78" b="N"/>
<point x="172.74" y="114.12" b="U"/>
<point x="169.66" y="121.12" b="G"/>
<point x="164.95" y="126.68" b="A"/>
<point x="158.00" y="130.09" b="U"/>
<point x="157.79" y="137.65" b="G"/>
<point x="158.21" y="145.21" b="A"/>
<point x="158.15" y="152.98" b="N"/>
<point x="163.55" y="158.12" b="A"/>
<point x="170.70" y="158.12" b="G"/>
<point x="178.47" y="158.12" b="C"/>
<point x="186.03" y="158.12" b="C"/>
<point x="193.79" y="158.12" b="A"/>
<point x="201.30" y="158.33" b="N"/>
<point x="208.91" y="158.12" b="Y"/>
<point x="216.27" y="158.12" b="U"/>
<point x="223.83" y="158.12" b="U"/>
<point x="231.59" y="158.12" b="A"/>
<point x="239.15" y="158.12" b="A"/>
<point x="246.71" y="158.12" b="A"/>
<point x="254.07" y="158.12" b="C"/>
<point x="261.63" y="158.12" b="U"/>
<point x="269.39" y="158.12" b="A"/>
<point x="276.75" y="158.12" b="U"/>
<point x="284.10" y="158.12" b="G"/>
<point x="291.87" y="158.12" b="C"/>
<point x="299.58" y="158.33" b="N"/>
<point x="306.99" y="158.12" b="C"/>
<point x="312.33" y="152.77" b="U"/>
<point x="312.33" y="145.21" b="U"/>
<point x="312.33" y="137.65" b="C"/>
<point x="312.12" y="130.09" b="G"/>
<point x="312.48" y="122.74" b="N"/>
<point x="312.33" y="114.97" b="U"/>
<point x="305.35" y="117.31" b="Y"/>
<point x="300.70" y="111.19" b="U"/>
<point x="305.29" y="105.29" b="N"/>
<point x="312.33" y="107.41" b="C"/>
<point x="312.48" y="100.06" b="N"/>
<point x="312.33" y="92.29" b="R"/>
<point x="309.23" y="85.40" b="R"/>
<point x="312.54" y="78.50" b="Y"/>
<point x="312.54" y="70.94" b="Y"/>
<point x="312.48" y="63.59" b="N"/>
<point x="312.33" y="55.82" b="R"/>
<point x="312.54" y="48.26" b="Y"/>
<point x="312.48" y="40.91" b="N"/>
<point x="309.08" y="34.16" b="N"/>
<point x="311.72" y="26.85" b="Y"/>
<point x="318.60" y="24.06" b="N"/>
<point x="325.54" y="27.05" b="N"/>
<point x="328.12" y="34.16" b="N"/>
<point x="324.72" y="40.91" b="N"/>
<point x="324.57" y="48.26" b="R"/>
<point x="324.78" y="55.82" b="Y"/>
<point x="324.78" y="63.38" b="Y"/>
<point x="324.72" y="71.15" b="N"/>
<point x="324.36" y="78.50" b="G"/>
<point x="331.67" y="81.62" b="Y"/>
<point x="331.61" y="89.39" b="N"/>
<point x="324.78" y="92.29" b="Y"/>
<point x="324.57" y="99.85" b="U"/>
<point x="324.36" y="107.41" b="G"/>
<point x="324.78" y="114.97" b="A"/>
<point x="324.57" y="122.53" b="R"/>
<point x="324.57" y="130.09" b="C"/>
<point x="324.36" y="137.65" b="G"/>
<point x="324.78" y="145.21" b="A"/>
<point x="324.78" y="152.77" b="A"/>
<point x="330.12" y="158.12" b="A"/>
<point x="337.68" y="158.12" b="A"/>
<point x="345.04" y="158.12" b="U"/>
<point x="352.80" y="158.12" b="A"/>
<point x="360.36" y="158.12" b="A"/>
<point x="367.72" y="158.12" b="R"/>
<point x="375.43" y="158.33" b="N"/>
<point x="382.84" y="158.12" b="C"/>
<point x="390.55" y="158.33" b="N"/>
<point x="395.53" y="152.77" b="G"/>
<point x="395.74" y="145.21" b="U"/>
<point x="395.95" y="137.65" b="A"/>
<point x="395.95" y="130.09" b="A"/>
<point x="391.04" y="124.18" b="C"/>
<point x="391.04" y="116.62" b="C"/>
<point x="395.74" y="110.70" b="C"/>
<point x="395.53" y="103.14" b="G"/>
<point x="395.74" y="95.58" b="C"/>
<point x="395.95" y="88.02" b="A"/>
<point x="392.55" y="81.27" b="A"/>
<point x="394.92" y="74.16" b="U"/>
<point x="401.65" y="71.17" b="G"/>
<point x="408.81" y="74.16" b="U"/>
<point x="411.18" y="81.27" b="G"/>
<point x="407.98" y="88.02" b="U"/>
<point x="407.77" y="95.58" b="G"/>
<point x="407.98" y="103.14" b="C"/>
<point x="407.77" y="110.70" b="G"/>
<point x="412.90" y="116.62" b="A"/>
<point x="412.90" y="124.18" b="A"/>
<point x="407.98" y="130.09" b="U"/>
<point x="407.98" y="137.65" b="U"/>
<point x="408.19" y="145.21" b="A"/>
<point x="407.98" y="152.77" b="U"/>
<point x="413.33" y="158.12" b="U"/>
<point x="420.68" y="158.12" b="G"/>
<point x="428.24" y="158.12" b="G"/>
<point x="436.01" y="158.12" b="C"/>
<point x="441.56" y="152.77" b="A"/>
<point x="441.56" y="145.21" b="A"/>
<point x="441.56" y="137.65" b="A"/>
<point x="441.56" y="130.09" b="A"/>
<point x="441.14" y="122.53" b="G"/>
<point x="441.14" y="114.97" b="G"/>
<point x="441.36" y="107.41" b="C"/>
<point x="441.56" y="99.85" b="A"/>
<point x="438.46" y="92.96" b="A"/>
<point x="441.36" y="86.06" b="C"/>
<point x="441.36" y="78.50" b="C"/>
<point x="440.99" y="70.95" b="R"/>
<point x="447.48" y="67.07" b="C"/>
<point x="454.17" y="70.95" b="A"/>
<point x="453.38" y="78.50" b="G"/>
<point x="453.38" y="86.06" b="G"/>
<point x="456.69" y="92.96" b="C"/>
<point x="453.60" y="99.85" b="U"/>
<point x="453.38" y="107.41" b="G"/>
<point x="453.60" y="114.97" b="C"/>
<point x="453.60" y="122.53" b="C"/>
<point x="453.60" y="130.09" b="U"/>
<point x="453.60" y="137.65" b="U"/>
<point x="453.60" y="145.21" b="U"/>
<point x="453.60" y="152.77" b="U"/>
<point x="458.94" y="158.12" b="U"/>
<point x="466.50" y="158.12" b="C"/>
<point x="474.06" y="158.12" b="U"/>
<point x="481.62" y="158.12" b="U"/>
<point x="489.18" y="158.12" b="U"/>
</structure>