<structure>
<point x="85.39" y="445.74" b="Y"/>
<point x="85.34" y="438.39" b="N"/>
<point x="85.19" y="430.62" b="C"/>
<point x="78.85" y="426.84" b="Y"/>
<point x="85.39" y="423.06" b="Y"/>
<point x="85.19" y="415.50" b="R"/>
<point x="84.98" y="407.94" b="G"/>
<point x="84.98" y="400.38" b="G"/>
<point x="85.19" y="392.82" b="U"/>
<point x="85.19" y="385.26" b="C"/>
<point x="85.19" y="377.70" b="C"/>
<point x="85.19" y="370.14" b="C"/>
<point x="85.19" y="362.58" b="C"/>
<point x="78.03" y="365.02" b="R"/>
<point x="70.82" y="362.76" b="R"/>
<point x="66.50" y="356.87" b="N"/>
<point x="66.14" y="349.11" b="G"/>
<point x="70.82" y="343.01" b="C"/>
<point x="78.24" y="340.75" b="A"/>
<point x="84.98" y="343.19" b="G"/>
<point x="85.39" y="335.63" b="Y"/>
<point x="85.19" y="328.07" b="C"/>
<point x="85.19" y="320.51" b="C"/>
<point x="85.19" y="312.95" b="C"/>
<point x="77.78" y="312.96" b="N"/>
<point x="70.13" y="311.80" b="R"/>
<point x="62.76" y="310.11" b="R"/>
<point x="55.60" y="307.69" b="R"/>
<point x="48.71" y="304.58" b="U"/>
<point x="41.96" y="300.79" b="G"/>
<point x="36.24" y="296.38" b="A"/>
<point x="30.16" y="291.37" b="G"/>
<point x="25.23" y="285.82" b="C"/>
<point x="20.67" y="279.80" b="C"/>
<point x="16.93" y="273.34" b="Y"/>
<point x="13.24" y="266.53" b="G"/>
<point x="11.02" y="259.63" b="N"/>
<point x="9.15" y="252.31" b="N"/>
<point x="7.67" y="244.62" b="G"/>
<point x="7.50" y="237.07" b="U"/>
<point x="8.08" y="229.52" b="A"/>
<point x="9.00" y="222.05" b="U"/>
<point x="10.87" y="214.72" b="U"/>
<point x="13.45" y="207.62" b="U"/>
<point x="16.73" y="200.80" b="U"/>
<point x="20.67" y="194.35" b="C"/>
<point x="25.23" y="188.32" b="C"/>
<point x="30.37" y="182.78" b="U"/>
<point x="36.03" y="177.77" b="U"/>
<point x="42.37" y="173.35" b="A"/>
<point x="48.71" y="169.56" b="U"/>
<point x="55.80" y="166.45" b="A"/>
<point x="62.76" y="164.03" b="U"/>
<point x="69.92" y="162.34" b="G"/>
<point x="77.84" y="161.39" b="A"/>
<point x="85.19" y="161.20" b="U"/>
<point x="85.19" y="153.64" b="C"/>
<point x="85.34" y="146.28" b="N"/>
<point x="84.98" y="138.52" b="G"/>
<point x="84.98" y="130.96" b="G"/>
<point x="85.39" y="123.40" b="Y"/>
<point x="82.24" y="116.71" b="N"/>
<point x="85.19" y="109.61" b="C"/>
<point x="85.39" y="102.05" b="Y"/>
<point x="78.29" y="99.52" b="N"/>
<point x="75.40" y="92.35" b="Y"/>
<point x="78.35" y="85.39" b="Y"/>
<point x="85.19" y="82.65" b="R"/>
<point x="85.19" y="75.09" b="U"/>
<point x="85.34" y="67.74" b="N"/>
<point x="85.19" y="59.97" b="R"/>
<point x="84.98" y="52.41" b="G"/>
<point x="85.19" y="44.85" b="C"/>
<point x="85.19" y="37.29" b="R"/>
<point x="82.81" y="30.05" b="G"/>
<point x="87.53" y="23.98" b="C"/>
<point x="94.88" y="23.98" b="G"/>
<point x="99.60" y="30.05" b="C"/>
<point x="97.43" y="37.29" b="U"/>
<point x="97.22" y="44.85" b="G"/>
<point x="97.43" y="52.41" b="C"/>
<point x="97.58" y="60.18" b="N"/>
<point x="97.58" y="67.74" b="N"/>
<point x="97.22" y="75.09" b="G"/>
<point x="97.63" y="82.65" b="Y"/>
<point x="102.34" y="88.57" b="Y"/>
<point x="102.34" y="96.13" b="Y"/>
<point x="97.43" y="102.05" b="R"/>
<point x="97.22" y="109.61" b="G"/>
<point x="100.73" y="116.50" b="A"/>
<point x="97.22" y="123.40" b="G"/>
<point x="97.43" y="130.96" b="C"/>
<point x="97.43" y="138.52" b="C"/>
<point x="97.43" y="146.08" b="U"/>
<point x="97.22" y="153.64" b="G"/>
<point x="97.63" y="161.20" b="A"/>
<point x="104.71" y="162.18" b="G"/>
<point x="112.49" y="163.90" b="A"/>
<point x="119.23" y="166.34" b="G"/>
<point x="126.11" y="169.48" b="G"/>
<point x="133.06" y="173.28" b="A"/>
<point x="138.97" y="177.72" b="U"/>
<point x="144.62" y="182.74" b="U"/>
<point x="149.96" y="188.30" b="A"/>
<point x="154.30" y="194.33" b="U"/>
<point x="158.02" y="200.79" b="G"/>
<point x="161.70" y="207.61" b="A"/>
<point x="164.28" y="214.72" b="A"/>
<point x="166.14" y="222.05" b="A"/>
<point x="167.26" y="229.52" b="A"/>
<point x="167.43" y="237.07" b="C"/>
<point x="167.06" y="244.62" b="R"/>
<point x="165.93" y="252.10" b="U"/>
<point x="163.86" y="259.43" b="G"/>
<point x="161.29" y="266.54" b="G"/>
<point x="158.23" y="273.35" b="C"/>
<point x="154.51" y="279.81" b="A"/>
<point x="149.75" y="285.85" b="R"/>
<point x="144.77" y="291.61" b="N"/>
<point x="139.12" y="296.63" b="N"/>
<point x="132.64" y="300.86" b="G"/>
<point x="126.52" y="304.67" b="A"/>
<point x="119.59" y="308.01" b="N"/>
<point x="112.44" y="310.45" b="N"/>
<point x="104.92" y="311.97" b="U"/>
<point x="97.22" y="312.95" b="G"/>
<point x="97.43" y="320.51" b="R"/>
<point x="97.43" y="328.07" b="R"/>
<point x="97.22" y="335.63" b="G"/>
<point x="97.43" y="343.19" b="C"/>
<point x="102.13" y="349.11" b="C"/>
<point x="102.34" y="356.67" b="A"/>
<point x="97.22" y="362.58" b="G"/>
<point x="97.22" y="370.14" b="G"/>
<point x="97.22" y="377.70" b="G"/>
<point x="97.22" y="385.26" b="G"/>
<point x="97.63" y="392.82" b="A"/>
<point x="97.43" y="400.38" b="C"/>
<point x="97.43" y="407.94" b="C"/>
<point x="97.63" y="415.50" b="Y"/>
<point x="97.43" y="423.06" b="R"/>
<point x="97.22" y="430.62" b="G"/>
<point x="97.58" y="438.39" b="N"/>
<point x="97.43" y="445.74" b="R"/>
</structure>