<structure>
<point x="19.60" y="215.86" b="N"/>
<point x="27.16" y="215.86" b="N"/>
<point x="32.15" y="210.31" b="G"/>
<point x="32.36" y="202.75" b="C"/>
<point x="32.57" y="195.19" b="A"/>
<point x="32.36" y="187.63" b="C"/>
<point x="32.36" y="180.07" b="U"/>
<point x="32.15" y="172.51" b="G"/>
<point x="26.77" y="167.43" b="U"/>
<point x="24.69" y="160.16" b="U"/>
<point x="26.77" y="152.88" b="C"/>
<point x="32.15" y="147.80" b="G"/>
<point x="29.26" y="140.91" b="U"/>
<point x="32.57" y="134.01" b="A"/>
<point x="32.57" y="126.45" b="A"/>
<point x="32.36" y="118.89" b="C"/>
<point x="32.36" y="111.33" b="C"/>
<point x="32.36" y="103.77" b="U"/>
<point x="32.15" y="96.21" b="G"/>
<point x="32.36" y="88.65" b="U"/>
<point x="32.36" y="81.09" b="U"/>
<point x="32.51" y="73.74" b="N"/>
<point x="32.51" y="66.18" b="N"/>
<point x="32.51" y="58.62" b="N"/>
<point x="32.51" y="51.06" b="N"/>
<point x="26.80" y="46.10" b="N"/>
<point x="24.51" y="38.71" b="Y"/>
<point x="26.12" y="31.54" b="N"/>
<point x="31.34" y="26.07" b="N"/>
<point x="38.63" y="24.06" b="N"/>
<point x="45.92" y="26.07" b="N"/>
<point x="51.14" y="31.54" b="N"/>
<point x="52.81" y="38.91" b="N"/>
<point x="50.46" y="46.10" b="N"/>
<point x="44.75" y="51.06" b="N"/>
<point x="44.75" y="58.62" b="N"/>
<point x="44.75" y="66.18" b="N"/>
<point x="44.75" y="73.74" b="N"/>
<point x="44.60" y="81.09" b="R"/>
<point x="44.81" y="88.65" b="A"/>
<point x="44.60" y="96.21" b="U"/>
<point x="44.39" y="103.77" b="G"/>
<point x="44.39" y="111.33" b="G"/>
<point x="44.39" y="118.89" b="G"/>
<point x="44.60" y="126.45" b="U"/>
<point x="44.60" y="134.01" b="U"/>
<point x="47.70" y="140.91" b="C"/>
<point x="44.60" y="147.80" b="C"/>
<point x="51.97" y="150.23" b="A"/>
<point x="56.16" y="156.38" b="U"/>
<point x="56.16" y="163.94" b="U"/>
<point x="51.76" y="170.08" b="C"/>
<point x="44.60" y="172.51" b="C"/>
<point x="44.60" y="180.07" b="R"/>
<point x="44.39" y="187.63" b="G"/>
<point x="44.60" y="195.19" b="U"/>
<point x="44.39" y="202.75" b="G"/>
<point x="44.60" y="210.31" b="C"/>
<point x="50.10" y="215.86" b="N"/>
<point x="57.71" y="215.66" b="A"/>
<point x="65.22" y="215.86" b="N"/>
<point x="72.83" y="215.66" b="A"/>
<point x="80.34" y="215.86" b="N"/>
<point x="87.90" y="215.86" b="N"/>
<point x="95.51" y="215.66" b="A"/>
<point x="103.02" y="215.86" b="N"/>
<point x="110.58" y="215.86" b="N"/>
<point x="115.98" y="210.31" b="Y"/>
<point x="115.98" y="202.75" b="Y"/>
<point x="115.77" y="195.19" b="C"/>
<point x="115.98" y="187.63" b="A"/>
<point x="108.67" y="184.51" b="G"/>
<point x="109.09" y="176.95" b="Y"/>
<point x="115.77" y="173.84" b="R"/>
<point x="115.98" y="166.28" b="A"/>
<point x="115.92" y="158.93" b="N"/>
<point x="109.79" y="154.50" b="N"/>
<point x="106.35" y="147.77" b="N"/>
<point x="106.41" y="140.00" b="A"/>
<point x="109.79" y="133.48" b="N"/>
<point x="115.77" y="128.85" b="R"/>
<point x="115.77" y="121.29" b="R"/>
<point x="115.92" y="113.94" b="N"/>
<point x="115.92" y="106.38" b="N"/>
<point x="115.56" y="98.61" b="G"/>
<point x="108.86" y="96.12" b="N"/>
<point x="102.81" y="91.59" b="N"/>
<point x="98.23" y="85.57" b="N"/>
<point x="95.11" y="78.32" b="G"/>
<point x="94.60" y="70.80" b="R"/>
<point x="96.18" y="63.36" b="Y"/>
<point x="99.48" y="56.80" b="N"/>
<point x="104.57" y="51.20" b="N"/>
<point x="110.99" y="47.22" b="N"/>
<point x="118.26" y="45.14" b="N"/>
<point x="125.82" y="45.14" b="N"/>
<point x="133.09" y="47.22" b="N"/>
<point x="139.52" y="51.20" b="N"/>
<point x="144.45" y="56.59" b="U"/>
<point x="147.96" y="63.57" b="N"/>
<point x="148.97" y="70.80" b="G"/>
<point x="148.67" y="78.32" b="Y"/>
<point x="145.86" y="85.57" b="N"/>
<point x="141.28" y="91.59" b="N"/>
<point x="135.07" y="95.91" b="U"/>
<point x="128.22" y="98.61" b="Y"/>
<point x="128.16" y="106.38" b="N"/>
<point x="128.16" y="113.94" b="N"/>
<point x="128.01" y="121.29" b="U"/>
<point x="128.22" y="128.85" b="Y"/>
<point x="134.35" y="133.27" b="Y"/>
<point x="137.58" y="140.00" b="C"/>
<point x="137.73" y="147.77" b="N"/>
<point x="134.29" y="154.50" b="N"/>
<point x="128.16" y="158.93" b="N"/>
<point x="128.01" y="166.28" b="U"/>
<point x="128.22" y="173.84" b="Y"/>
<point x="131.26" y="180.94" b="N"/>
<point x="128.01" y="187.63" b="U"/>
<point x="127.80" y="195.19" b="G"/>
<point x="128.01" y="202.75" b="R"/>
<point x="128.16" y="210.52" b="N"/>
<point x="133.15" y="215.66" b="G"/>
<point x="141.12" y="215.66" b="A"/>
<point x="148.48" y="215.66" b="C"/>
<point x="156.24" y="215.66" b="A"/>
<point x="163.80" y="215.66" b="Y"/>
<point x="171.31" y="215.86" b="N"/>
<point x="178.92" y="215.66" b="Y"/>
</structure>