<structure>
<point x="79.63" y="141.34" b="N"/>
<point x="79.63" y="133.78" b="N"/>
<point x="79.63" y="126.22" b="N"/>
<point x="76.53" y="119.32" b="N"/>
<point x="79.63" y="112.43" b="N"/>
<point x="79.63" y="104.87" b="N"/>
<point x="79.63" y="97.31" b="N"/>
<point x="79.63" y="89.75" b="N"/>
<point x="79.63" y="82.19" b="N"/>
<point x="79.63" y="74.63" b="N"/>
<point x="79.63" y="67.07" b="N"/>
<point x="79.63" y="59.51" b="N"/>
<point x="74.74" y="53.74" b="N"/>
<point x="74.34" y="46.19" b="N"/>
<point x="78.58" y="39.93" b="N"/>
<point x="85.75" y="37.52" b="N"/>
<point x="92.91" y="39.93" b="N"/>
<point x="97.16" y="46.19" b="N"/>
<point x="96.76" y="53.74" b="N"/>
<point x="91.87" y="59.51" b="N"/>
<point x="91.87" y="67.07" b="N"/>
<point x="91.87" y="74.63" b="N"/>
<point x="91.87" y="82.19" b="N"/>
<point x="91.87" y="89.75" b="N"/>
<point x="91.87" y="97.31" b="N"/>
<point x="96.31" y="91.19" b="N"/>
<point x="103.50" y="88.85" b="N"/>
<point x="110.69" y="91.19" b="N"/>
<point x="115.14" y="97.31" b="N"/>
<point x="115.14" y="104.87" b="N"/>
<point x="110.69" y="110.98" b="N"/>
<point x="103.50" y="113.32" b="N"/>
<point x="96.31" y="110.98" b="N"/>
<point x="91.87" y="104.87" b="N"/>
<point x="91.87" y="112.43" b="N"/>
<point x="97.08" y="106.96" b="N"/>
<point x="104.35" y="104.86" b="N"/>
<point x="111.68" y="106.72" b="N"/>
<point x="117.07" y="112.03" b="N"/>
<point x="119.04" y="119.32" b="N"/>
<point x="116.92" y="126.41" b="C"/>
<point x="111.73" y="131.72" b="A"/>
<point x="103.99" y="133.57" b="G"/>
<point x="96.93" y="131.48" b="C"/>
<point x="91.72" y="126.01" b="C"/>
<point x="98.26" y="129.79" b="U"/>
<point x="91.72" y="133.57" b="C"/>
<point x="91.72" y="141.13" b="C"/>
<point x="97.27" y="146.48" b="A"/>
<point x="104.41" y="146.48" b="G"/>
<point x="111.97" y="146.48" b="G"/>
<point x="119.89" y="146.68" b="N"/>
<point x="127.30" y="146.48" b="C"/>
<point x="134.86" y="146.48" b="C"/>
<point x="142.42" y="146.48" b="C"/>
<point x="149.98" y="146.48" b="C"/>
<point x="157.54" y="146.48" b="C"/>
<point x="162.89" y="141.13" b="C"/>
<point x="162.89" y="133.57" b="C"/>
<point x="162.89" y="126.01" b="U"/>
<point x="162.89" y="118.45" b="C"/>
<point x="162.89" y="110.89" b="C"/>
<point x="162.89" y="103.33" b="C"/>
<point x="162.68" y="95.77" b="G"/>
<point x="162.68" y="88.21" b="G"/>
<point x="162.68" y="80.65" b="G"/>
<point x="157.75" y="75.30" b="A"/>
<point x="149.77" y="75.30" b="G"/>
<point x="143.29" y="78.40" b="A"/>
<point x="135.98" y="75.30" b="G"/>
<point x="128.63" y="75.30" b="C"/>
<point x="121.07" y="75.30" b="C"/>
<point x="113.72" y="75.30" b="A"/>
<point x="108.66" y="81.10" b="U"/>
<point x="110.20" y="88.54" b="A"/>
<point x="111.11" y="95.99" b="G"/>
<point x="112.66" y="103.43" b="U"/>
<point x="113.78" y="110.87" b="G"/>
<point x="115.11" y="118.31" b="G"/>
<point x="116.65" y="125.75" b="U"/>
<point x="117.98" y="133.19" b="C"/>
<point x="119.32" y="140.64" b="U"/>
<point x="120.44" y="148.08" b="G"/>
<point x="121.98" y="155.52" b="C"/>
<point x="123.10" y="162.96" b="G"/>
<point x="124.44" y="170.40" b="G"/>
<point x="131.71" y="173.59" b="A"/>
<point x="136.42" y="179.50" b="A"/>
<point x="137.80" y="186.89" b="C"/>
<point x="144.75" y="189.84" b="C"/>
<point x="151.50" y="192.80" b="G"/>
<point x="158.46" y="195.75" b="G"/>
<point x="165.63" y="198.71" b="U"/>
<point x="172.38" y="201.66" b="G"/>
<point x="180.31" y="202.49" b="A"/>
<point x="183.72" y="209.01" b="G"/>
<point x="180.97" y="215.97" b="U"/>
<point x="173.83" y="217.75" b="A"/>
<point x="167.81" y="212.93" b="C"/>
<point x="161.06" y="209.97" b="A"/>
<point x="153.89" y="207.02" b="C"/>
<point x="146.93" y="204.06" b="C"/>
<point x="139.76" y="201.11" b="G"/>
<point x="132.80" y="198.16" b="G"/>
<point x="126.81" y="202.16" b="A"/>
<point x="126.39" y="209.71" b="A"/>
<point x="125.78" y="217.25" b="U"/>
<point x="125.57" y="224.80" b="Y"/>
<point x="127.88" y="231.86" b="G"/>
<point x="124.62" y="238.57" b="C"/>
<point x="124.21" y="246.12" b="C"/>
<point x="123.80" y="253.67" b="R"/>
<point x="123.18" y="261.22" b="G"/>
<point x="122.77" y="268.77" b="G"/>
<point x="127.36" y="274.93" b="R"/>
<point x="127.15" y="282.48" b="Y"/>
<point x="121.72" y="288.13" b="G"/>
<point x="121.72" y="295.68" b="A"/>
<point x="124.24" y="302.74" b="C"/>
<point x="120.77" y="309.45" b="C"/>
<point x="120.15" y="317.00" b="G"/>
<point x="119.74" y="324.55" b="G"/>
<point x="119.33" y="332.10" b="G"/>
<point x="119.13" y="339.65" b="U"/>
<point x="125.56" y="343.61" b="C"/>
<point x="130.09" y="349.67" b="C"/>
<point x="132.06" y="356.97" b="U"/>
<point x="131.19" y="364.48" b="U"/>
<point x="127.62" y="371.15" b="U"/>
<point x="121.85" y="376.02" b="C"/>
<point x="114.68" y="378.43" b="U"/>
<point x="107.13" y="378.01" b="U"/>
<point x="100.05" y="374.85" b="G"/>
<point x="94.84" y="369.38" b="G"/>
<point x="92.43" y="362.37" b="A"/>
<point x="92.33" y="355.01" b="N"/>
<point x="95.13" y="347.76" b="Y"/>
<point x="100.28" y="342.23" b="A"/>
<point x="107.11" y="338.99" b="A"/>
<point x="107.32" y="331.44" b="C"/>
<point x="107.73" y="323.89" b="C"/>
<point x="108.14" y="316.34" b="C"/>
<point x="108.34" y="308.79" b="G"/>
<point x="105.83" y="301.74" b="C"/>
<point x="109.30" y="295.02" b="U"/>
<point x="109.70" y="287.47" b="C"/>
<point x="102.40" y="286.64" b="A"/>
<point x="97.51" y="280.87" b="A"/>
<point x="97.71" y="273.32" b="U"/>
<point x="102.99" y="268.12" b="G"/>
<point x="110.76" y="268.11" b="C"/>
<point x="111.17" y="260.56" b="C"/>
<point x="111.78" y="253.01" b="Y"/>
<point x="111.78" y="245.46" b="G"/>
<point x="112.19" y="237.91" b="G"/>
<point x="109.88" y="230.86" b="A"/>
<point x="113.15" y="224.14" b="R"/>
<point x="113.76" y="216.59" b="A"/>
<point x="113.97" y="209.04" b="U"/>
<point x="114.38" y="201.49" b="U"/>
<point x="108.43" y="196.82" b="U"/>
<point x="104.99" y="189.99" b="G"/>
<point x="97.54" y="188.71" b="G"/>
<point x="90.09" y="187.43" b="G"/>
<point x="82.79" y="188.35" b="C"/>
<point x="77.37" y="182.87" b="G"/>
<point x="78.86" y="175.42" b="U"/>
<point x="85.39" y="172.00" b="G"/>
<point x="92.37" y="175.37" b="C"/>
<point x="99.82" y="176.65" b="C"/>
<point x="107.27" y="177.92" b="C"/>
<point x="112.60" y="172.56" b="C"/>
<point x="111.27" y="165.12" b="C"/>
<point x="109.72" y="157.68" b="G"/>
<point x="108.60" y="150.23" b="C"/>
<point x="101.49" y="147.67" b="R"/>
<point x="107.47" y="142.79" b="A"/>
<point x="105.73" y="135.35" b="G"/>
<point x="104.81" y="127.91" b="A"/>
<point x="103.48" y="120.47" b="Y"/>
<point x="102.15" y="113.03" b="Y"/>
<point x="100.40" y="105.58" b="G"/>
<point x="99.28" y="98.14" b="C"/>
<point x="97.94" y="90.70" b="U"/>
<point x="96.82" y="83.26" b="A"/>
<point x="89.84" y="79.50" b="G"/>
<point x="82.96" y="82.13" b="C"/>
<point x="75.87" y="84.75" b="C"/>
<point x="68.57" y="87.37" b="G"/>
<point x="68.45" y="94.91" b="A"/>
<point x="60.95" y="97.54" b="G"/>
<point x="55.84" y="92.16" b="U"/>
<point x="50.66" y="97.45" b="A"/>
<point x="42.70" y="96.94" b="G"/>
<point x="36.03" y="99.56" b="Y"/>
<point x="28.52" y="102.18" b="G"/>
<point x="24.35" y="108.35" b="U"/>
<point x="16.99" y="110.07" b="U"/>
<point x="10.12" y="106.49" b="G"/>
<point x="7.50" y="99.40" b="G"/>
<point x="10.23" y="92.35" b="G"/>
<point x="17.15" y="88.87" b="U"/>
<point x="24.69" y="90.70" b="Y"/>
<point x="31.36" y="88.08" b="G"/>
<point x="38.66" y="85.46" b="C"/>
<point x="43.85" y="80.16" b="G"/>
<point x="51.80" y="80.68" b="A"/>
<point x="57.20" y="75.38" b="A"/>
<point x="64.74" y="75.89" b="A"/>
<point x="71.41" y="73.27" b="G"/>
<point x="78.50" y="70.65" b="G"/>
<point x="85.80" y="68.02" b="C"/>
<point x="88.34" y="60.90" b="C"/>
<point x="94.11" y="56.02" b="U"/>
<point x="101.70" y="54.89" b="N"/>
<point x="108.45" y="57.27" b="G"/>
<point x="113.51" y="63.06" b="U"/>
<point x="120.86" y="63.06" b="G"/>
<point x="128.42" y="63.06" b="G"/>
<point x="136.19" y="63.06" b="U"/>
<point x="143.09" y="59.96" b="R"/>
<point x="149.98" y="63.06" b="C"/>
<point x="157.54" y="63.06" b="U"/>
<point x="163.04" y="57.93" b="N"/>
<point x="163.04" y="50.37" b="N"/>
<point x="163.04" y="42.81" b="N"/>
<point x="158.78" y="36.56" b="N"/>
<point x="159.71" y="29.06" b="N"/>
<point x="165.38" y="24.06" b="N"/>
<point x="172.94" y="24.06" b="N"/>
<point x="178.61" y="29.06" b="N"/>
<point x="179.54" y="36.56" b="N"/>
<point x="175.28" y="42.81" b="N"/>
<point x="175.28" y="50.37" b="N"/>
<point x="175.28" y="57.93" b="N"/>
<point x="180.62" y="63.27" b="N"/>
<point x="188.19" y="63.27" b="N"/>
<point x="195.74" y="62.91" b="N"/>
<point x="199.62" y="69.39" b="N"/>
<point x="195.74" y="75.88" b="N"/>
<point x="188.19" y="75.51" b="N"/>
<point x="180.62" y="75.51" b="N"/>
<point x="175.28" y="80.86" b="N"/>
<point x="175.28" y="88.42" b="N"/>
<point x="175.28" y="95.98" b="N"/>
<point x="175.28" y="103.54" b="N"/>
<point x="175.28" y="111.10" b="N"/>
<point x="175.28" y="118.66" b="N"/>
<point x="175.28" y="126.22" b="N"/>
<point x="175.28" y="133.78" b="N"/>
<point x="175.28" y="141.34" b="N"/>
</structure>