<structure>
<point x="73.51" y="205.27" b="N"/>
<point x="73.36" y="197.50" b="U"/>
<point x="73.51" y="190.15" b="N"/>
<point x="73.15" y="182.38" b="G"/>
<point x="73.36" y="174.82" b="C"/>
<point x="73.51" y="167.47" b="N"/>
<point x="66.07" y="166.22" b="A"/>
<point x="58.53" y="164.40" b="U"/>
<point x="51.22" y="161.81" b="G"/>
<point x="44.84" y="158.50" b="A"/>
<point x="38.23" y="154.48" b="U"/>
<point x="32.07" y="149.82" b="G"/>
<point x="27.06" y="144.55" b="A"/>
<point x="22.16" y="138.96" b="N"/>
<point x="17.81" y="132.46" b="R"/>
<point x="14.49" y="125.77" b="A"/>
<point x="11.70" y="118.75" b="A"/>
<point x="9.65" y="111.47" b="A"/>
<point x="8.39" y="104.02" b="A"/>
<point x="7.50" y="96.47" b="G"/>
<point x="8.24" y="88.92" b="A"/>
<point x="9.15" y="81.44" b="U"/>
<point x="11.04" y="74.12" b="U"/>
<point x="13.85" y="67.25" b="N"/>
<point x="17.08" y="60.28" b="R"/>
<point x="21.37" y="53.92" b="A"/>
<point x="25.89" y="48.02" b="U"/>
<point x="30.99" y="42.64" b="G"/>
<point x="37.26" y="37.86" b="A"/>
<point x="43.38" y="33.72" b="U"/>
<point x="49.90" y="30.27" b="G"/>
<point x="57.16" y="27.54" b="U"/>
<point x="64.67" y="25.57" b="A"/>
<point x="72.13" y="24.38" b="Y"/>
<point x="79.48" y="23.98" b="U"/>
<point x="87.17" y="24.59" b="N"/>
<point x="94.49" y="25.57" b="U"/>
<point x="101.58" y="27.54" b="G"/>
<point x="109.05" y="30.27" b="A"/>
<point x="115.57" y="33.72" b="U"/>
<point x="121.89" y="37.86" b="U"/>
<point x="127.95" y="42.64" b="A"/>
<point x="133.07" y="48.02" b="C"/>
<point x="137.79" y="53.92" b="U"/>
<point x="141.87" y="60.28" b="C"/>
<point x="145.46" y="67.04" b="A"/>
<point x="148.11" y="74.12" b="Y"/>
<point x="150.01" y="81.44" b="A"/>
<point x="151.07" y="89.13" b="N"/>
<point x="151.45" y="96.47" b="A"/>
<point x="150.77" y="104.02" b="U"/>
<point x="149.71" y="111.47" b="Y"/>
<point x="147.25" y="118.75" b="G"/>
<point x="144.66" y="125.77" b="C"/>
<point x="141.35" y="132.46" b="A"/>
<point x="137.15" y="138.75" b="A"/>
<point x="132.10" y="144.55" b="U"/>
<point x="126.46" y="149.82" b="G"/>
<point x="120.72" y="154.48" b="C"/>
<point x="114.32" y="158.50" b="U"/>
<point x="107.53" y="161.81" b="C"/>
<point x="100.42" y="164.40" b="U"/>
<point x="92.87" y="166.22" b="G"/>
<point x="85.80" y="167.26" b="A"/>
<point x="85.39" y="174.82" b="G"/>
<point x="85.60" y="182.38" b="C"/>
<point x="85.75" y="190.15" b="N"/>
<point x="85.80" y="197.50" b="A"/>
<point x="85.60" y="205.06" b="C"/>
</structure>