<structure>
<point x="19.45" y="145.66" b="R"/>
<point x="27.02" y="145.66" b="U"/>
<point x="34.37" y="145.66" b="G"/>
<point x="42.34" y="145.66" b="Y"/>
<point x="49.84" y="145.87" b="N"/>
<point x="57.41" y="145.87" b="N"/>
<point x="64.97" y="145.87" b="N"/>
<point x="72.53" y="145.87" b="N"/>
<point x="80.09" y="145.87" b="N"/>
<point x="87.50" y="145.66" b="R"/>
<point x="95.26" y="145.66" b="A"/>
<point x="102.77" y="145.87" b="N"/>
<point x="110.33" y="145.87" b="N"/>
<point x="117.89" y="145.87" b="N"/>
<point x="125.50" y="145.66" b="Y"/>
<point x="133.00" y="145.87" b="N"/>
<point x="140.41" y="145.66" b="R"/>
<point x="148.12" y="145.87" b="N"/>
<point x="153.32" y="140.31" b="R"/>
<point x="153.47" y="132.96" b="N"/>
<point x="153.53" y="125.19" b="Y"/>
<point x="153.47" y="117.84" b="N"/>
<point x="153.53" y="110.07" b="Y"/>
<point x="153.11" y="102.51" b="G"/>
<point x="153.32" y="94.95" b="C"/>
<point x="153.53" y="87.39" b="Y"/>
<point x="146.27" y="85.30" b="N"/>
<point x="139.81" y="81.37" b="N"/>
<point x="134.44" y="76.05" b="N"/>
<point x="130.53" y="69.41" b="Y"/>
<point x="128.11" y="62.43" b="N"/>
<point x="127.56" y="54.69" b="A"/>
<point x="128.67" y="47.43" b="N"/>
<point x="131.60" y="40.23" b="A"/>
<point x="135.98" y="34.31" b="N"/>
<point x="141.58" y="29.19" b="C"/>
<point x="148.52" y="25.75" b="A"/>
<point x="155.66" y="23.98" b="U"/>
<point x="163.43" y="23.98" b="Y"/>
<point x="170.78" y="25.75" b="A"/>
<point x="177.45" y="29.40" b="N"/>
<point x="183.25" y="34.11" b="A"/>
<point x="187.69" y="40.23" b="A"/>
<point x="190.51" y="47.43" b="N"/>
<point x="191.68" y="54.90" b="N"/>
<point x="191.12" y="62.22" b="A"/>
<point x="188.71" y="69.61" b="N"/>
<point x="184.79" y="75.84" b="Y"/>
<point x="179.43" y="81.17" b="A"/>
<point x="172.76" y="85.09" b="C"/>
<point x="165.71" y="87.60" b="N"/>
<point x="165.35" y="94.95" b="G"/>
<point x="165.56" y="102.51" b="C"/>
<point x="165.56" y="110.07" b="R"/>
<point x="165.71" y="117.84" b="N"/>
<point x="165.56" y="125.19" b="R"/>
<point x="165.71" y="132.96" b="N"/>
<point x="165.77" y="140.31" b="Y"/>
<point x="170.91" y="145.66" b="C"/>
<point x="178.67" y="145.66" b="A"/>
<point x="186.03" y="145.66" b="C"/>
<point x="193.59" y="145.66" b="R"/>
<point x="201.35" y="145.66" b="A"/>
<point x="208.71" y="145.66" b="U"/>
<point x="216.27" y="145.66" b="U"/>
<point x="223.83" y="145.66" b="U"/>
<point x="231.39" y="145.66" b="C"/>
<point x="238.95" y="145.66" b="C"/>
<point x="246.51" y="145.66" b="C"/>
<point x="254.07" y="145.66" b="U"/>
<point x="259.20" y="140.31" b="G"/>
<point x="259.20" y="132.75" b="G"/>
<point x="259.41" y="125.19" b="U"/>
<point x="252.66" y="128.97" b="G"/>
<point x="246.32" y="125.19" b="U"/>
<point x="246.32" y="117.63" b="U"/>
<point x="252.66" y="113.85" b="G"/>
<point x="259.20" y="117.63" b="G"/>
<point x="259.41" y="110.07" b="C"/>
<point x="259.20" y="102.51" b="G"/>
<point x="259.41" y="94.95" b="C"/>
<point x="254.73" y="89.19" b="A"/>
<point x="254.12" y="81.64" b="R"/>
<point x="258.37" y="75.38" b="U"/>
<point x="265.74" y="72.97" b="A"/>
<point x="272.70" y="75.38" b="U"/>
<point x="276.94" y="81.64" b="U"/>
<point x="276.54" y="89.19" b="C"/>
<point x="271.44" y="94.95" b="G"/>
<point x="271.65" y="102.51" b="C"/>
<point x="271.44" y="110.07" b="G"/>
<point x="271.65" y="117.63" b="C"/>
<point x="271.86" y="125.19" b="A"/>
<point x="271.65" y="132.75" b="C"/>
<point x="271.65" y="140.31" b="C"/>
<point x="277.00" y="145.66" b="C"/>
<point x="284.56" y="145.66" b="C"/>
<point x="291.91" y="145.66" b="G"/>
<point x="299.47" y="145.66" b="G"/>
<point x="307.44" y="145.66" b="Y"/>
<point x="314.80" y="145.66" b="C"/>
<point x="322.36" y="145.66" b="U"/>
<point x="330.12" y="145.66" b="A"/>
<point x="337.63" y="145.87" b="N"/>
<point x="345.19" y="145.87" b="N"/>
<point x="352.80" y="145.66" b="Y"/>
</structure>