<structure>
<point x="37.17" y="248.92" b="G"/>
<point x="37.17" y="241.36" b="G"/>
<point x="34.49" y="234.46" b="Y"/>
<point x="37.59" y="227.57" b="Y"/>
<point x="37.38" y="220.01" b="U"/>
<point x="37.53" y="212.66" b="N"/>
<point x="37.38" y="204.89" b="R"/>
<point x="37.38" y="197.33" b="R"/>
<point x="37.53" y="189.97" b="N"/>
<point x="37.17" y="182.21" b="G"/>
<point x="37.59" y="174.65" b="A"/>
<point x="30.79" y="177.95" b="Y"/>
<point x="22.82" y="178.30" b="G"/>
<point x="16.15" y="175.66" b="A"/>
<point x="10.48" y="170.44" b="R"/>
<point x="7.71" y="163.49" b="Y"/>
<point x="7.50" y="155.93" b="U"/>
<point x="10.48" y="148.98" b="R"/>
<point x="15.74" y="143.76" b="G"/>
<point x="23.23" y="141.12" b="A"/>
<point x="30.58" y="141.48" b="R"/>
<point x="37.17" y="144.78" b="G"/>
<point x="37.59" y="137.22" b="A"/>
<point x="34.49" y="130.32" b="A"/>
<point x="37.17" y="123.42" b="G"/>
<point x="37.38" y="115.86" b="U"/>
<point x="37.59" y="108.31" b="Y"/>
<point x="37.59" y="100.75" b="A"/>
<point x="37.38" y="93.18" b="U"/>
<point x="37.59" y="85.62" b="Y"/>
<point x="37.17" y="78.06" b="G"/>
<point x="37.38" y="70.50" b="U"/>
<point x="37.59" y="62.94" b="Y"/>
<point x="30.53" y="59.34" b="G"/>
<point x="26.10" y="53.53" b="A"/>
<point x="23.32" y="46.35" b="G"/>
<point x="24.19" y="38.80" b="A"/>
<point x="27.40" y="31.96" b="A"/>
<point x="32.90" y="26.77" b="A"/>
<point x="39.93" y="23.98" b="A"/>
<point x="47.28" y="23.98" b="C"/>
<point x="54.10" y="26.77" b="G"/>
<point x="60.02" y="31.96" b="A"/>
<point x="63.22" y="38.80" b="A"/>
<point x="63.68" y="46.35" b="A"/>
<point x="61.11" y="53.53" b="C"/>
<point x="56.47" y="59.34" b="A"/>
<point x="49.41" y="62.94" b="G"/>
<point x="49.83" y="70.50" b="A"/>
<point x="49.62" y="78.06" b="C"/>
<point x="49.62" y="85.62" b="R"/>
<point x="49.83" y="93.18" b="Y"/>
<point x="49.62" y="100.75" b="U"/>
<point x="49.62" y="108.31" b="R"/>
<point x="49.41" y="115.86" b="G"/>
<point x="49.62" y="123.42" b="C"/>
<point x="52.72" y="130.32" b="U"/>
<point x="49.62" y="137.22" b="U"/>
<point x="49.62" y="144.78" b="C"/>
<point x="55.90" y="149.41" b="N"/>
<point x="59.19" y="155.93" b="R"/>
<point x="59.19" y="163.49" b="U"/>
<point x="55.96" y="170.22" b="Y"/>
<point x="49.77" y="174.86" b="N"/>
<point x="49.62" y="182.21" b="C"/>
<point x="49.77" y="189.97" b="N"/>
<point x="49.62" y="197.33" b="U"/>
<point x="49.62" y="204.89" b="C"/>
<point x="49.77" y="212.66" b="N"/>
<point x="49.41" y="220.01" b="G"/>
<point x="49.41" y="227.57" b="G"/>
<point x="52.72" y="234.46" b="R"/>
<point x="49.83" y="241.36" b="Y"/>
<point x="49.62" y="248.92" b="C"/>
<point x="55.12" y="254.47" b="N"/>
<point x="62.73" y="254.26" b="A"/>
<point x="70.29" y="254.26" b="A"/>
<point x="77.85" y="254.26" b="A"/>
<point x="85.41" y="254.26" b="Y"/>
<point x="92.97" y="254.26" b="A"/>
<point x="100.53" y="254.26" b="Y"/>
<point x="108.09" y="254.26" b="A"/>
<point x="115.45" y="254.26" b="C"/>
<point x="123.21" y="254.26" b="Y"/>
<point x="130.57" y="254.26" b="C"/>
<point x="138.33" y="254.26" b="A"/>
</structure>