<structure>
<point x="19.60" y="322.24" b="N"/>
<point x="27.02" y="322.04" b="R"/>
<point x="34.73" y="322.24" b="N"/>
<point x="42.28" y="322.24" b="N"/>
<point x="49.90" y="322.04" b="A"/>
<point x="57.46" y="322.04" b="A"/>
<point x="65.02" y="322.04" b="A"/>
<point x="72.53" y="322.24" b="N"/>
<point x="80.14" y="322.04" b="A"/>
<point x="87.50" y="322.04" b="C"/>
<point x="95.26" y="322.04" b="A"/>
<point x="102.61" y="322.04" b="U"/>
<point x="110.33" y="322.24" b="N"/>
<point x="117.73" y="322.04" b="R"/>
<point x="125.50" y="322.04" b="Y"/>
<point x="133.00" y="322.24" b="N"/>
<point x="140.56" y="322.24" b="N"/>
<point x="145.97" y="316.69" b="A"/>
<point x="145.55" y="309.13" b="G"/>
<point x="145.91" y="301.78" b="N"/>
<point x="145.55" y="294.01" b="G"/>
<point x="138.30" y="295.24" b="U"/>
<point x="130.89" y="295.43" b="N"/>
<point x="123.29" y="293.97" b="R"/>
<point x="116.29" y="291.71" b="N"/>
<point x="109.50" y="287.90" b="U"/>
<point x="103.53" y="283.25" b="U"/>
<point x="98.42" y="277.68" b="U"/>
<point x="94.29" y="271.35" b="C"/>
<point x="91.25" y="264.43" b="U"/>
<point x="89.55" y="257.31" b="N"/>
<point x="88.93" y="249.77" b="N"/>
<point x="89.40" y="242.03" b="C"/>
<point x="91.46" y="234.70" b="A"/>
<point x="94.49" y="227.78" b="A"/>
<point x="98.57" y="221.65" b="N"/>
<point x="103.74" y="215.88" b="A"/>
<point x="109.50" y="211.23" b="R"/>
<point x="116.14" y="207.62" b="C"/>
<point x="123.29" y="205.16" b="U"/>
<point x="130.95" y="203.90" b="A"/>
<point x="138.51" y="203.89" b="A"/>
<point x="145.76" y="205.12" b="C"/>
<point x="145.97" y="197.56" b="A"/>
<point x="145.97" y="190.00" b="A"/>
<point x="145.76" y="182.44" b="U"/>
<point x="145.76" y="174.88" b="U"/>
<point x="145.55" y="167.32" b="G"/>
<point x="145.76" y="159.76" b="U"/>
<point x="145.76" y="152.20" b="U"/>
<point x="138.89" y="149.05" b="R"/>
<point x="133.38" y="143.87" b="U"/>
<point x="129.83" y="137.19" b="U"/>
<point x="128.60" y="129.74" b="R"/>
<point x="129.98" y="122.48" b="N"/>
<point x="133.38" y="115.60" b="U"/>
<point x="138.68" y="110.42" b="G"/>
<point x="145.97" y="107.28" b="Y"/>
<point x="145.76" y="99.72" b="C"/>
<point x="138.46" y="97.77" b="U"/>
<point x="131.89" y="94.42" b="A"/>
<point x="125.70" y="89.79" b="R"/>
<point x="120.90" y="84.29" b="N"/>
<point x="117.17" y="77.71" b="N"/>
<point x="114.82" y="70.53" b="N"/>
<point x="113.78" y="62.81" b="U"/>
<point x="114.59" y="55.27" b="Y"/>
<point x="116.62" y="48.22" b="N"/>
<point x="120.10" y="41.50" b="N"/>
<point x="124.83" y="35.61" b="N"/>
<point x="130.69" y="30.56" b="A"/>
<point x="136.92" y="26.95" b="G"/>
<point x="144.15" y="24.73" b="G"/>
<point x="151.88" y="23.98" b="R"/>
<point x="159.40" y="24.73" b="U"/>
<point x="166.84" y="26.95" b="A"/>
<point x="173.43" y="30.76" b="N"/>
<point x="179.08" y="35.40" b="U"/>
<point x="183.81" y="41.30" b="U"/>
<point x="187.29" y="48.01" b="U"/>
<point x="189.38" y="55.27" b="U"/>
<point x="190.14" y="63.02" b="N"/>
<point x="189.25" y="70.53" b="N"/>
<point x="186.95" y="77.50" b="A"/>
<point x="183.22" y="84.08" b="A"/>
<point x="178.21" y="90.00" b="N"/>
<point x="172.08" y="94.42" b="R"/>
<point x="165.31" y="97.77" b="R"/>
<point x="157.79" y="99.72" b="G"/>
<point x="158.00" y="107.28" b="R"/>
<point x="165.02" y="110.63" b="N"/>
<point x="170.53" y="115.81" b="N"/>
<point x="174.08" y="122.48" b="N"/>
<point x="175.16" y="129.74" b="U"/>
<point x="174.14" y="137.19" b="A"/>
<point x="170.59" y="143.87" b="A"/>
<point x="165.08" y="149.05" b="A"/>
<point x="158.00" y="152.20" b="R"/>
<point x="158.21" y="159.76" b="A"/>
<point x="164.70" y="163.74" b="N"/>
<point x="158.00" y="167.32" b="C"/>
<point x="158.00" y="174.88" b="R"/>
<point x="158.21" y="182.44" b="A"/>
<point x="158.00" y="190.00" b="U"/>
<point x="158.00" y="197.56" b="U"/>
<point x="157.79" y="205.12" b="G"/>
<point x="165.17" y="206.78" b="G"/>
<point x="172.37" y="209.65" b="R"/>
<point x="178.57" y="213.66" b="G"/>
<point x="184.22" y="218.68" b="G"/>
<point x="189.36" y="224.58" b="A"/>
<point x="192.81" y="231.20" b="U"/>
<point x="195.11" y="238.33" b="G"/>
<point x="196.79" y="245.78" b="A"/>
<point x="196.59" y="253.34" b="R"/>
<point x="195.52" y="260.80" b="A"/>
<point x="192.97" y="268.14" b="N"/>
<point x="189.15" y="274.54" b="R"/>
<point x="184.43" y="280.44" b="U"/>
<point x="178.57" y="285.47" b="G"/>
<point x="172.37" y="289.48" b="R"/>
<point x="165.38" y="292.35" b="R"/>
<point x="158.00" y="294.01" b="C"/>
<point x="158.00" y="301.57" b="R"/>
<point x="158.00" y="309.13" b="C"/>
<point x="158.00" y="316.69" b="U"/>
<point x="163.50" y="322.24" b="N"/>
<point x="171.11" y="322.04" b="A"/>
<point x="178.67" y="322.04" b="A"/>
<point x="185.82" y="322.04" b="G"/>
<point x="193.59" y="322.04" b="C"/>
<point x="201.35" y="322.04" b="A"/>
</structure>