<structure>
<point x="29.88" y="162.18" b="U"/>
<point x="29.67" y="154.62" b="G"/>
<point x="29.88" y="147.06" b="C"/>
<point x="29.88" y="139.50" b="C"/>
<point x="30.09" y="131.94" b="A"/>
<point x="29.88" y="124.38" b="U"/>
<point x="26.78" y="117.48" b="C"/>
<point x="29.67" y="110.58" b="G"/>
<point x="29.88" y="103.03" b="U"/>
<point x="29.88" y="95.46" b="C"/>
<point x="29.67" y="87.90" b="G"/>
<point x="29.88" y="80.34" b="U"/>
<point x="22.78" y="77.76" b="C"/>
<point x="16.40" y="73.39" b="G"/>
<point x="12.00" y="67.56" b="A"/>
<point x="8.69" y="60.67" b="U"/>
<point x="7.50" y="53.20" b="C"/>
<point x="8.32" y="45.69" b="U"/>
<point x="11.08" y="38.65" b="C"/>
<point x="15.59" y="32.59" b="U"/>
<point x="21.75" y="27.92" b="A"/>
<point x="28.51" y="24.99" b="U"/>
<point x="36.00" y="23.98" b="C"/>
<point x="43.70" y="24.99" b="A"/>
<point x="50.67" y="27.92" b="A"/>
<point x="56.41" y="32.59" b="C"/>
<point x="60.93" y="38.65" b="U"/>
<point x="63.90" y="45.69" b="A"/>
<point x="64.71" y="53.20" b="Y"/>
<point x="63.32" y="60.67" b="C"/>
<point x="60.21" y="67.56" b="C"/>
<point x="55.61" y="73.39" b="Y"/>
<point x="49.23" y="77.76" b="U"/>
<point x="41.91" y="80.34" b="G"/>
<point x="42.12" y="87.90" b="C"/>
<point x="41.91" y="95.46" b="G"/>
<point x="42.33" y="103.03" b="A"/>
<point x="42.12" y="110.58" b="C"/>
<point x="45.22" y="117.48" b="U"/>
<point x="42.33" y="124.38" b="A"/>
<point x="42.12" y="131.94" b="U"/>
<point x="41.91" y="139.50" b="G"/>
<point x="41.91" y="147.06" b="G"/>
<point x="42.12" y="154.62" b="C"/>
<point x="42.33" y="162.18" b="A"/>
</structure>