<structure>
<point x="19.60" y="148.55" b="N"/>
<point x="27.16" y="148.55" b="N"/>
<point x="34.73" y="148.55" b="N"/>
<point x="42.28" y="148.55" b="N"/>
<point x="49.84" y="148.55" b="N"/>
<point x="57.41" y="148.55" b="N"/>
<point x="64.97" y="148.55" b="N"/>
<point x="72.53" y="148.55" b="N"/>
<point x="80.09" y="148.55" b="N"/>
<point x="87.65" y="148.55" b="N"/>
<point x="95.20" y="148.55" b="N"/>
<point x="102.77" y="148.55" b="N"/>
<point x="110.33" y="148.55" b="N"/>
<point x="117.89" y="148.55" b="N"/>
<point x="125.45" y="148.55" b="N"/>
<point x="133.00" y="148.55" b="N"/>
<point x="140.56" y="148.55" b="N"/>
<point x="148.12" y="148.55" b="N"/>
<point x="155.69" y="148.55" b="N"/>
<point x="163.25" y="148.55" b="N"/>
<point x="170.80" y="148.55" b="N"/>
<point x="178.36" y="148.55" b="N"/>
<point x="185.92" y="148.55" b="N"/>
<point x="191.27" y="143.20" b="N"/>
<point x="191.27" y="135.64" b="N"/>
<point x="191.27" y="128.08" b="N"/>
<point x="184.63" y="124.48" b="N"/>
<point x="179.84" y="118.46" b="Y"/>
<point x="177.42" y="111.49" b="N"/>
<point x="177.88" y="103.94" b="N"/>
<point x="181.08" y="97.10" b="N"/>
<point x="186.58" y="91.91" b="N"/>
<point x="193.61" y="89.12" b="N"/>
<point x="201.17" y="89.12" b="N"/>
<point x="208.20" y="91.91" b="N"/>
<point x="213.70" y="97.10" b="N"/>
<point x="216.91" y="103.94" b="N"/>
<point x="217.36" y="111.49" b="N"/>
<point x="215.00" y="118.67" b="N"/>
<point x="210.15" y="124.48" b="N"/>
<point x="203.51" y="128.08" b="N"/>
<point x="203.51" y="135.64" b="N"/>
<point x="203.36" y="143.00" b="R"/>
<point x="208.71" y="148.34" b="R"/>
<point x="214.05" y="143.00" b="R"/>
<point x="214.26" y="135.44" b="Y"/>
<point x="214.26" y="127.88" b="Y"/>
<point x="214.26" y="120.32" b="Y"/>
<point x="214.05" y="112.76" b="R"/>
<point x="214.05" y="105.20" b="C"/>
<point x="214.05" y="97.64" b="R"/>
<point x="214.05" y="90.08" b="U"/>
<point x="214.05" y="82.52" b="C"/>
<point x="214.26" y="74.96" b="A"/>
<point x="209.40" y="80.75" b="A"/>
<point x="201.75" y="82.06" b="C"/>
<point x="195.41" y="78.28" b="A"/>
<point x="192.82" y="71.18" b="Y"/>
<point x="195.35" y="64.28" b="N"/>
<point x="201.75" y="60.29" b="C"/>
<point x="209.19" y="61.61" b="U"/>
<point x="214.05" y="67.40" b="U"/>
<point x="213.84" y="59.84" b="G"/>
<point x="214.05" y="52.28" b="R"/>
<point x="214.20" y="44.92" b="N"/>
<point x="214.26" y="37.16" b="Y"/>
<point x="212.03" y="30.12" b="N"/>
<point x="216.54" y="24.06" b="N"/>
<point x="224.10" y="24.06" b="N"/>
<point x="228.61" y="30.12" b="N"/>
<point x="226.29" y="37.16" b="R"/>
<point x="226.44" y="44.92" b="N"/>
<point x="226.50" y="52.28" b="Y"/>
<point x="226.29" y="59.84" b="C"/>
<point x="226.50" y="67.40" b="A"/>
<point x="226.29" y="74.96" b="U"/>
<point x="226.08" y="82.52" b="G"/>
<point x="226.08" y="90.08" b="G"/>
<point x="226.50" y="97.64" b="Y"/>
<point x="226.08" y="105.20" b="G"/>
<point x="226.50" y="112.76" b="Y"/>
<point x="226.29" y="120.32" b="R"/>
<point x="226.29" y="127.88" b="R"/>
<point x="226.29" y="135.44" b="R"/>
<point x="226.50" y="143.00" b="Y"/>
<point x="236.98" y="153.69" b="R"/>
<point x="244.33" y="153.69" b="G"/>
<point x="252.31" y="153.69" b="Y"/>
<point x="259.81" y="153.90" b="N"/>
<point x="267.37" y="153.90" b="N"/>
<point x="274.93" y="153.90" b="N"/>
<point x="282.49" y="153.90" b="N"/>
<point x="283.27" y="146.38" b="N"/>
<point x="284.64" y="138.94" b="N"/>
<point x="286.60" y="131.64" b="N"/>
<point x="289.12" y="124.51" b="N"/>
<point x="292.19" y="117.61" b="N"/>
<point x="295.81" y="110.96" b="N"/>
<point x="299.93" y="104.63" b="N"/>
<point x="304.54" y="98.63" b="N"/>
<point x="309.61" y="93.02" b="N"/>
<point x="315.10" y="87.83" b="N"/>
<point x="320.99" y="83.09" b="N"/>
<point x="327.23" y="78.82" b="N"/>
<point x="333.79" y="75.06" b="N"/>
<point x="340.62" y="71.83" b="N"/>
<point x="347.69" y="69.15" b="N"/>
<point x="354.95" y="67.04" b="N"/>
<point x="362.35" y="65.50" b="N"/>
<point x="369.85" y="64.55" b="N"/>
<point x="377.40" y="64.19" b="N"/>
<point x="384.96" y="64.44" b="N"/>
<point x="392.47" y="65.27" b="N"/>
<point x="399.90" y="66.70" b="N"/>
<point x="407.19" y="68.71" b="N"/>
<point x="414.29" y="71.28" b="N"/>
<point x="421.18" y="74.41" b="N"/>
<point x="427.79" y="78.07" b="N"/>
<point x="434.10" y="82.24" b="N"/>
<point x="440.05" y="86.89" b="N"/>
<point x="445.63" y="92.00" b="N"/>
<point x="450.78" y="97.54" b="N"/>
<point x="455.48" y="103.46" b="N"/>
<point x="459.69" y="109.73" b="N"/>
<point x="463.40" y="116.32" b="N"/>
<point x="466.58" y="123.18" b="N"/>
<point x="469.21" y="130.27" b="N"/>
<point x="471.27" y="137.54" b="N"/>
<point x="472.75" y="144.95" b="N"/>
<point x="473.65" y="152.46" b="N"/>
<point x="473.95" y="160.02" b="N"/>
<point x="473.65" y="167.57" b="N"/>
<point x="472.75" y="175.08" b="N"/>
<point x="471.27" y="182.49" b="N"/>
<point x="469.21" y="189.76" b="N"/>
<point x="466.58" y="196.85" b="N"/>
<point x="463.40" y="203.71" b="N"/>
<point x="459.69" y="210.30" b="N"/>
<point x="455.48" y="216.57" b="N"/>
<point x="450.78" y="222.49" b="N"/>
<point x="445.63" y="228.03" b="N"/>
<point x="440.05" y="233.14" b="N"/>
<point x="434.10" y="237.79" b="N"/>
<point x="427.79" y="241.96" b="N"/>
<point x="421.18" y="245.62" b="N"/>
<point x="414.29" y="248.75" b="N"/>
<point x="407.19" y="251.33" b="N"/>
<point x="399.90" y="253.33" b="N"/>
<point x="392.47" y="254.76" b="N"/>
<point x="384.96" y="255.59" b="N"/>
<point x="377.40" y="255.84" b="N"/>
<point x="369.85" y="255.48" b="N"/>
<point x="362.35" y="254.53" b="N"/>
<point x="354.95" y="253.00" b="N"/>
<point x="347.69" y="250.88" b="N"/>
<point x="340.62" y="248.20" b="N"/>
<point x="333.79" y="244.97" b="N"/>
<point x="327.23" y="241.21" b="N"/>
<point x="320.99" y="236.94" b="N"/>
<point x="315.10" y="232.20" b="N"/>
<point x="309.61" y="227.01" b="N"/>
<point x="304.54" y="221.40" b="N"/>
<point x="299.93" y="215.41" b="N"/>
<point x="295.81" y="209.07" b="N"/>
<point x="292.19" y="202.43" b="N"/>
<point x="289.12" y="195.52" b="N"/>
<point x="286.60" y="188.39" b="N"/>
<point x="284.64" y="181.09" b="N"/>
<point x="283.27" y="173.66" b="N"/>
<point x="282.49" y="166.14" b="N"/>
<point x="274.93" y="166.14" b="N"/>
<point x="267.37" y="166.14" b="N"/>
<point x="259.81" y="166.14" b="N"/>
<point x="252.25" y="166.14" b="N"/>
<point x="244.69" y="166.14" b="N"/>
<point x="237.13" y="166.14" b="N"/>
</structure>