<structure>
<point x="71.88" y="187.64" b="N"/>
<point x="71.88" y="180.08" b="N"/>
<point x="71.88" y="172.52" b="N"/>
<point x="71.73" y="164.75" b="R"/>
<point x="64.39" y="163.90" b="N"/>
<point x="57.12" y="161.84" b="A"/>
<point x="49.83" y="159.21" b="U"/>
<point x="42.85" y="155.84" b="G"/>
<point x="36.90" y="151.77" b="A"/>
<point x="30.79" y="147.04" b="U"/>
<point x="25.23" y="141.70" b="G"/>
<point x="20.89" y="135.82" b="A"/>
<point x="16.79" y="129.47" b="A"/>
<point x="13.19" y="122.72" b="C"/>
<point x="10.54" y="115.64" b="U"/>
<point x="8.87" y="108.31" b="Y"/>
<point x="7.78" y="100.83" b="A"/>
<point x="7.50" y="93.28" b="Y"/>
<point x="7.82" y="85.74" b="U"/>
<point x="8.95" y="78.29" b="G"/>
<point x="11.49" y="71.04" b="A"/>
<point x="14.17" y="64.05" b="C"/>
<point x="17.78" y="57.41" b="R"/>
<point x="21.88" y="51.20" b="G"/>
<point x="27.04" y="45.48" b="R"/>
<point x="32.57" y="40.33" b="C"/>
<point x="38.62" y="35.79" b="R"/>
<point x="45.27" y="32.14" b="N"/>
<point x="52.20" y="28.79" b="A"/>
<point x="59.17" y="26.40" b="C"/>
<point x="66.76" y="24.79" b="A"/>
<point x="73.86" y="23.98" b="G"/>
<point x="81.84" y="23.98" b="A"/>
<point x="89.15" y="24.79" b="R"/>
<point x="96.74" y="26.40" b="A"/>
<point x="103.71" y="28.79" b="C"/>
<point x="110.73" y="32.14" b="N"/>
<point x="117.23" y="36.00" b="N"/>
<point x="123.13" y="40.33" b="U"/>
<point x="128.45" y="45.48" b="G"/>
<point x="133.61" y="51.20" b="U"/>
<point x="137.71" y="57.41" b="G"/>
<point x="141.53" y="64.05" b="C"/>
<point x="144.42" y="71.04" b="U"/>
<point x="146.33" y="78.29" b="G"/>
<point x="148.08" y="85.74" b="A"/>
<point x="148.41" y="93.28" b="U"/>
<point x="148.13" y="100.83" b="U"/>
<point x="146.83" y="108.31" b="G"/>
<point x="145.16" y="115.64" b="U"/>
<point x="142.51" y="122.72" b="C"/>
<point x="139.32" y="129.47" b="A"/>
<point x="135.17" y="136.03" b="N"/>
<point x="130.05" y="141.70" b="G"/>
<point x="124.91" y="147.04" b="U"/>
<point x="119.01" y="151.77" b="U"/>
<point x="112.64" y="155.84" b="C"/>
<point x="105.88" y="159.21" b="U"/>
<point x="98.58" y="161.84" b="G"/>
<point x="91.66" y="163.69" b="A"/>
<point x="84.18" y="164.75" b="Y"/>
<point x="84.12" y="172.52" b="N"/>
<point x="83.97" y="179.87" b="U"/>
<point x="84.12" y="187.64" b="N"/>
</structure>