<structure>
<point x="19.45" y="23.98" b="U"/>
<point x="27.02" y="23.98" b="R"/>
<point x="34.73" y="24.19" b="N"/>
<point x="42.28" y="24.19" b="N"/>
<point x="49.90" y="23.98" b="A"/>
<point x="57.26" y="23.98" b="U"/>
<point x="64.61" y="23.98" b="G"/>
<point x="72.58" y="23.98" b="A"/>
<point x="79.94" y="23.98" b="U"/>
<point x="87.28" y="23.98" b="G"/>
<point x="95.26" y="23.98" b="A"/>
<point x="102.61" y="23.98" b="U"/>
<point x="110.38" y="23.98" b="Y"/>
<point x="117.94" y="23.98" b="A"/>
<point x="125.45" y="24.19" b="N"/>
<point x="133.00" y="24.19" b="N"/>
<point x="140.62" y="23.98" b="Y"/>
<point x="148.12" y="24.19" b="N"/>
<point x="155.69" y="24.19" b="N"/>
<point x="163.25" y="24.19" b="N"/>
<point x="170.86" y="23.98" b="Y"/>
<point x="178.42" y="23.98" b="A"/>
<point x="185.92" y="24.19" b="N"/>
<point x="193.48" y="24.19" b="N"/>
<point x="201.04" y="24.19" b="N"/>
<point x="208.66" y="23.98" b="Y"/>
<point x="216.22" y="23.98" b="A"/>
<point x="223.78" y="23.98" b="A"/>
<point x="231.13" y="23.98" b="U"/>
<point x="238.90" y="23.98" b="A"/>
<point x="246.46" y="23.98" b="A"/>
<point x="253.81" y="23.98" b="C"/>
<point x="261.38" y="23.98" b="U"/>
<point x="268.94" y="23.98" b="U"/>
<point x="276.50" y="23.98" b="U"/>
<point x="284.06" y="23.98" b="C"/>
<point x="291.40" y="23.98" b="G"/>
<point x="299.18" y="23.98" b="U"/>
<point x="306.74" y="23.98" b="U"/>
<point x="314.30" y="23.98" b="C"/>
<point x="321.86" y="23.98" b="U"/>
<point x="329.62" y="23.98" b="A"/>
<point x="336.98" y="23.98" b="C"/>
<point x="344.74" y="23.98" b="Y"/>
<point x="351.88" y="23.98" b="G"/>
<point x="359.86" y="23.98" b="A"/>
<point x="367.37" y="24.19" b="N"/>
<point x="374.77" y="23.98" b="U"/>
<point x="382.49" y="24.19" b="N"/>
<point x="390.05" y="24.19" b="N"/>
<point x="397.61" y="24.19" b="N"/>
<point x="405.22" y="23.98" b="A"/>
<point x="412.57" y="23.98" b="U"/>
<point x="420.13" y="23.98" b="C"/>
<point x="427.90" y="23.98" b="A"/>
<point x="435.46" y="23.98" b="A"/>
<point x="443.02" y="23.98" b="A"/>
<point x="450.38" y="23.98" b="C"/>
<point x="457.73" y="23.98" b="G"/>
<point x="465.70" y="23.98" b="A"/>
<point x="473.06" y="23.98" b="U"/>
<point x="480.76" y="24.19" b="N"/>
<point x="488.32" y="24.19" b="N"/>
<point x="495.74" y="23.98" b="U"/>
<point x="503.08" y="23.98" b="G"/>
<point x="510.86" y="23.98" b="U"/>
<point x="518.41" y="23.98" b="R"/>
<point x="525.76" y="23.98" b="G"/>
<point x="533.74" y="23.98" b="A"/>
<point x="541.10" y="23.98" b="R"/>
<point x="548.86" y="23.98" b="A"/>
<point x="556.42" y="23.98" b="A"/>
<point x="563.77" y="23.98" b="C"/>
<point x="571.34" y="23.98" b="U"/>
<point x="578.89" y="23.98" b="U"/>
<point x="586.46" y="23.98" b="U"/>
<point x="594.16" y="24.19" b="N"/>
<point x="601.58" y="23.98" b="U"/>
<point x="609.28" y="24.19" b="N"/>
<point x="616.85" y="24.19" b="N"/>
<point x="624.40" y="24.19" b="N"/>
<point x="631.82" y="23.98" b="C"/>
<point x="639.38" y="23.98" b="U"/>
<point x="646.73" y="23.98" b="G"/>
<point x="654.70" y="23.98" b="A"/>
<point x="662.26" y="23.98" b="Y"/>
<point x="669.82" y="23.98" b="Y"/>
</structure>