<structure>
<point x="76.27" y="369.53" b="R"/>
<point x="76.42" y="362.18" b="N"/>
<point x="76.42" y="354.62" b="N"/>
<point x="73.38" y="347.51" b="A"/>
<point x="76.06" y="340.62" b="G"/>
<point x="76.42" y="333.27" b="N"/>
<point x="76.42" y="325.71" b="N"/>
<point x="76.42" y="318.15" b="N"/>
<point x="76.27" y="310.38" b="R"/>
<point x="76.42" y="303.03" b="N"/>
<point x="76.42" y="295.47" b="N"/>
<point x="76.42" y="287.91" b="N"/>
<point x="76.42" y="280.35" b="N"/>
<point x="76.48" y="272.58" b="Y"/>
<point x="76.42" y="265.23" b="N"/>
<point x="76.27" y="257.46" b="R"/>
<point x="76.48" y="249.90" b="Y"/>
<point x="69.07" y="248.41" b="Y"/>
<point x="61.91" y="246.02" b="N"/>
<point x="55.28" y="242.39" b="N"/>
<point x="49.13" y="237.59" b="C"/>
<point x="43.44" y="242.57" b="R"/>
<point x="37.90" y="247.76" b="N"/>
<point x="32.22" y="252.74" b="N"/>
<point x="26.53" y="257.72" b="N"/>
<point x="23.69" y="264.73" b="N"/>
<point x="16.65" y="267.47" b="N"/>
<point x="9.82" y="264.23" b="N"/>
<point x="7.50" y="257.03" b="N"/>
<point x="11.14" y="250.41" b="N"/>
<point x="18.46" y="248.52" b="N"/>
<point x="24.15" y="243.53" b="N"/>
<point x="29.84" y="238.55" b="N"/>
<point x="35.58" y="233.37" b="Y"/>
<point x="40.85" y="228.38" b="G"/>
<point x="37.51" y="221.83" b="A"/>
<point x="34.36" y="214.78" b="G"/>
<point x="32.72" y="207.40" b="G"/>
<point x="32.64" y="199.85" b="A"/>
<point x="33.28" y="192.32" b="A"/>
<point x="35.05" y="184.97" b="A"/>
<point x="37.85" y="178.18" b="N"/>
<point x="41.59" y="171.48" b="U"/>
<point x="46.40" y="165.66" b="C"/>
<point x="52.04" y="160.62" b="C"/>
<point x="58.53" y="156.71" b="N"/>
<point x="65.26" y="153.38" b="C"/>
<point x="72.75" y="151.33" b="Y"/>
<point x="80.04" y="150.40" b="C"/>
<point x="80.77" y="143.07" b="N"/>
<point x="81.19" y="135.32" b="C"/>
<point x="81.76" y="127.79" b="C"/>
<point x="77.02" y="133.76" b="N"/>
<point x="69.67" y="135.54" b="N"/>
<point x="62.68" y="132.67" b="N"/>
<point x="58.71" y="126.23" b="N"/>
<point x="59.28" y="118.70" b="N"/>
<point x="64.02" y="112.73" b="R"/>
<point x="71.52" y="111.15" b="N"/>
<point x="78.36" y="113.81" b="R"/>
<point x="82.48" y="120.46" b="N"/>
<point x="83.05" y="112.92" b="N"/>
<point x="83.63" y="105.38" b="N"/>
<point x="84.20" y="97.84" b="N"/>
<point x="84.62" y="90.10" b="R"/>
<point x="79.84" y="84.57" b="N"/>
<point x="72.36" y="83.79" b="Y"/>
<point x="64.77" y="83.42" b="N"/>
<point x="57.23" y="82.85" b="N"/>
<point x="49.69" y="82.28" b="N"/>
<point x="42.16" y="83.69" b="R"/>
<point x="36.60" y="78.94" b="N"/>
<point x="37.02" y="71.19" b="R"/>
<point x="43.62" y="67.15" b="A"/>
<point x="50.62" y="70.08" b="N"/>
<point x="58.15" y="70.65" b="N"/>
<point x="65.69" y="71.22" b="N"/>
<point x="73.08" y="71.58" b="R"/>
<point x="80.77" y="72.36" b="N"/>
<point x="86.50" y="67.44" b="N"/>
<point x="87.08" y="59.90" b="N"/>
<point x="87.65" y="52.36" b="N"/>
<point x="88.22" y="44.82" b="N"/>
<point x="88.79" y="37.28" b="N"/>
<point x="86.81" y="29.69" b="G"/>
<point x="92.19" y="23.98" b="A"/>
<point x="99.31" y="24.56" b="G"/>
<point x="103.77" y="30.95" b="A"/>
<point x="101.00" y="38.21" b="N"/>
<point x="100.43" y="45.75" b="N"/>
<point x="99.85" y="53.29" b="N"/>
<point x="99.28" y="60.82" b="N"/>
<point x="98.71" y="68.36" b="N"/>
<point x="103.28" y="73.89" b="G"/>
<point x="110.81" y="74.46" b="G"/>
<point x="111.89" y="66.95" b="C"/>
<point x="118.90" y="63.98" b="N"/>
<point x="125.20" y="68.16" b="N"/>
<point x="124.98" y="75.51" b="Y"/>
<point x="132.10" y="76.08" b="G"/>
<point x="139.85" y="76.65" b="R"/>
<point x="147.54" y="77.43" b="N"/>
<point x="146.70" y="69.69" b="R"/>
<point x="148.19" y="62.28" b="C"/>
<point x="151.94" y="55.60" b="A"/>
<point x="156.83" y="50.22" b="G"/>
<point x="163.87" y="46.57" b="A"/>
<point x="171.25" y="44.96" b="A"/>
<point x="178.79" y="45.54" b="A"/>
<point x="185.65" y="48.24" b="C"/>
<point x="191.43" y="52.84" b="G"/>
<point x="196.28" y="58.97" b="A"/>
<point x="198.72" y="66.31" b="N"/>
<point x="199.13" y="73.66" b="A"/>
<point x="197.11" y="80.99" b="C"/>
<point x="204.80" y="81.77" b="N"/>
<point x="212.33" y="82.35" b="N"/>
<point x="219.93" y="82.71" b="Y"/>
<point x="227.47" y="83.28" b="Y"/>
<point x="234.95" y="84.06" b="N"/>
<point x="242.49" y="84.63" b="N"/>
<point x="250.03" y="85.20" b="N"/>
<point x="257.56" y="85.78" b="N"/>
<point x="265.10" y="86.35" b="N"/>
<point x="272.64" y="86.92" b="N"/>
<point x="272.51" y="79.15" b="R"/>
<point x="275.13" y="72.21" b="N"/>
<point x="279.82" y="66.04" b="A"/>
<point x="286.14" y="61.88" b="Y"/>
<point x="293.25" y="59.99" b="R"/>
<point x="301.00" y="60.56" b="A"/>
<point x="307.95" y="63.54" b="Y"/>
<point x="313.15" y="68.60" b="G"/>
<point x="317.25" y="75.20" b="A"/>
<point x="318.55" y="82.84" b="N"/>
<point x="317.43" y="90.32" b="N"/>
<point x="324.97" y="90.89" b="N"/>
<point x="321.70" y="84.08" b="N"/>
<point x="325.96" y="77.83" b="N"/>
<point x="333.50" y="78.41" b="N"/>
<point x="336.62" y="85.01" b="R"/>
<point x="332.51" y="91.46" b="N"/>
<point x="340.05" y="92.04" b="N"/>
<point x="347.59" y="92.61" b="N"/>
<point x="355.12" y="93.18" b="N"/>
<point x="362.66" y="93.75" b="N"/>
<point x="370.05" y="92.13" b="N"/>
<point x="375.75" y="97.09" b="N"/>
<point x="375.03" y="104.42" b="R"/>
<point x="368.85" y="108.46" b="A"/>
<point x="361.74" y="105.96" b="N"/>
<point x="354.20" y="105.38" b="N"/>
<point x="346.66" y="104.81" b="N"/>
<point x="339.12" y="104.24" b="N"/>
<point x="331.58" y="103.67" b="N"/>
<point x="324.05" y="103.10" b="N"/>
<point x="316.51" y="102.52" b="N"/>
<point x="312.85" y="109.14" b="N"/>
<point x="306.91" y="114.03" b="G"/>
<point x="300.40" y="117.07" b="A"/>
<point x="292.81" y="117.94" b="N"/>
<point x="285.32" y="115.94" b="R"/>
<point x="279.08" y="112.10" b="N"/>
<point x="274.33" y="106.22" b="N"/>
<point x="271.71" y="99.13" b="N"/>
<point x="264.18" y="98.55" b="N"/>
<point x="256.64" y="97.98" b="N"/>
<point x="249.10" y="97.41" b="N"/>
<point x="241.56" y="96.84" b="N"/>
<point x="233.87" y="96.06" b="R"/>
<point x="226.34" y="95.49" b="R"/>
<point x="218.80" y="94.91" b="R"/>
<point x="218.38" y="102.66" b="N"/>
<point x="210.84" y="102.09" b="N"/>
<point x="211.41" y="94.55" b="N"/>
<point x="203.87" y="93.98" b="N"/>
<point x="195.97" y="93.20" b="G"/>
<point x="192.80" y="99.96" b="R"/>
<point x="187.59" y="105.44" b="U"/>
<point x="180.80" y="109.17" b="G"/>
<point x="173.63" y="110.81" b="R"/>
<point x="166.30" y="110.24" b="A"/>
<point x="159.26" y="107.50" b="A"/>
<point x="153.11" y="102.82" b="C"/>
<point x="148.58" y="96.62" b="G"/>
<point x="146.46" y="89.43" b="R"/>
<point x="139.13" y="88.85" b="Y"/>
<point x="131.54" y="88.49" b="N"/>
<point x="123.85" y="87.71" b="R"/>
<point x="116.89" y="90.49" b="N"/>
<point x="110.10" y="86.67" b="C"/>
<point x="102.56" y="86.10" b="C"/>
<point x="97.03" y="91.02" b="Y"/>
<point x="96.40" y="98.77" b="N"/>
<point x="95.83" y="106.31" b="N"/>
<point x="95.26" y="113.84" b="N"/>
<point x="94.69" y="121.38" b="N"/>
<point x="93.75" y="128.71" b="G"/>
<point x="93.18" y="136.25" b="G"/>
<point x="92.97" y="144.00" b="N"/>
<point x="92.04" y="151.33" b="G"/>
<point x="99.53" y="153.38" b="C"/>
<point x="106.62" y="156.50" b="A"/>
<point x="112.95" y="160.62" b="A"/>
<point x="118.18" y="165.66" b="G"/>
<point x="124.64" y="161.12" b="Y"/>
<point x="130.63" y="156.79" b="N"/>
<point x="136.68" y="152.25" b="N"/>
<point x="135.92" y="144.73" b="N"/>
<point x="138.07" y="137.32" b="R"/>
<point x="143.22" y="131.86" b="N"/>
<point x="150.06" y="128.65" b="N"/>
<point x="157.62" y="128.45" b="N"/>
<point x="164.48" y="131.07" b="R"/>
<point x="170.68" y="126.75" b="N"/>
<point x="176.72" y="122.21" b="N"/>
<point x="182.77" y="117.67" b="N"/>
<point x="188.82" y="113.14" b="N"/>
<point x="187.15" y="105.76" b="N"/>
<point x="187.88" y="98.24" b="N"/>
<point x="190.95" y="91.33" b="N"/>
<point x="195.88" y="85.52" b="R"/>
<point x="202.47" y="81.81" b="R"/>
<point x="210.04" y="80.57" b="N"/>
<point x="217.54" y="81.53" b="N"/>
<point x="224.35" y="84.79" b="N"/>
<point x="229.80" y="90.04" b="N"/>
<point x="233.31" y="96.73" b="N"/>
<point x="234.54" y="104.19" b="N"/>
<point x="233.36" y="111.66" b="N"/>
<point x="229.90" y="118.38" b="N"/>
<point x="224.49" y="123.66" b="N"/>
<point x="217.70" y="126.98" b="N"/>
<point x="210.20" y="127.99" b="N"/>
<point x="202.62" y="126.38" b="R"/>
<point x="196.16" y="122.93" b="N"/>
<point x="190.12" y="127.46" b="N"/>
<point x="184.07" y="132.00" b="N"/>
<point x="178.02" y="136.54" b="N"/>
<point x="172.03" y="140.87" b="Y"/>
<point x="172.74" y="148.59" b="N"/>
<point x="170.43" y="155.79" b="N"/>
<point x="165.44" y="161.47" b="N"/>
<point x="158.59" y="164.68" b="N"/>
<point x="151.03" y="164.88" b="N"/>
<point x="144.02" y="162.04" b="N"/>
<point x="137.98" y="166.58" b="N"/>
<point x="131.78" y="170.91" b="R"/>
<point x="125.94" y="175.45" b="Y"/>
<point x="128.78" y="182.27" b="G"/>
<point x="131.18" y="189.51" b="C"/>
<point x="132.40" y="197.20" b="N"/>
<point x="132.33" y="204.76" b="N"/>
<point x="131.18" y="212.01" b="A"/>
<point x="128.44" y="219.21" b="G"/>
<point x="125.47" y="225.97" b="Y"/>
<point x="121.11" y="232.14" b="Y"/>
<point x="115.45" y="237.59" b="G"/>
<point x="109.86" y="242.18" b="A"/>
<point x="103.23" y="245.82" b="A"/>
<point x="95.93" y="248.41" b="U"/>
<point x="88.30" y="249.90" b="G"/>
<point x="88.51" y="257.46" b="C"/>
<point x="88.66" y="265.23" b="N"/>
<point x="88.51" y="272.58" b="R"/>
<point x="88.72" y="280.14" b="Y"/>
<point x="88.66" y="287.91" b="N"/>
<point x="90.89" y="280.68" b="N"/>
<point x="95.15" y="274.44" b="N"/>
<point x="100.91" y="269.51" b="R"/>
<point x="108.10" y="266.96" b="N"/>
<point x="115.69" y="266.19" b="A"/>
<point x="122.86" y="267.87" b="C"/>
<point x="129.61" y="271.65" b="A"/>
<point x="134.34" y="277.19" b="G"/>
<point x="138.03" y="284.00" b="A"/>
<point x="139.16" y="291.48" b="A"/>
<point x="137.83" y="298.95" b="R"/>
<point x="134.34" y="305.77" b="G"/>
<point x="129.56" y="311.52" b="N"/>
<point x="122.65" y="315.09" b="G"/>
<point x="115.28" y="316.77" b="G"/>
<point x="108.10" y="316.41" b="N"/>
<point x="100.91" y="313.44" b="U"/>
<point x="95.00" y="308.73" b="U"/>
<point x="90.95" y="302.48" b="A"/>
<point x="88.66" y="295.47" b="N"/>
<point x="88.66" y="303.03" b="N"/>
<point x="95.21" y="306.81" b="N"/>
<point x="88.72" y="310.38" b="Y"/>
<point x="88.66" y="318.15" b="N"/>
<point x="88.66" y="325.71" b="N"/>
<point x="88.66" y="333.27" b="N"/>
<point x="88.51" y="340.62" b="C"/>
<point x="91.76" y="347.72" b="N"/>
<point x="88.66" y="354.62" b="N"/>
<point x="88.66" y="362.18" b="N"/>
<point x="88.72" y="369.53" b="Y"/>
</structure>