<structure>
<point x="19.60" y="164.92" b="N"/>
<point x="27.02" y="164.72" b="R"/>
<point x="34.78" y="164.72" b="A"/>
<point x="42.28" y="164.92" b="N"/>
<point x="49.84" y="164.92" b="N"/>
<point x="57.41" y="164.92" b="N"/>
<point x="64.97" y="164.92" b="N"/>
<point x="72.53" y="164.92" b="N"/>
<point x="77.87" y="159.58" b="N"/>
<point x="77.87" y="152.02" b="N"/>
<point x="77.93" y="144.25" b="Y"/>
<point x="77.87" y="136.90" b="N"/>
<point x="73.61" y="130.65" b="N"/>
<point x="74.54" y="123.15" b="N"/>
<point x="80.06" y="117.94" b="R"/>
<point x="87.77" y="118.15" b="N"/>
<point x="93.29" y="122.94" b="U"/>
<point x="94.22" y="130.45" b="U"/>
<point x="90.11" y="136.90" b="N"/>
<point x="90.11" y="144.46" b="N"/>
<point x="90.11" y="152.02" b="N"/>
<point x="89.75" y="159.37" b="G"/>
<point x="95.46" y="164.92" b="N"/>
<point x="102.87" y="164.72" b="U"/>
<point x="110.58" y="164.92" b="N"/>
<point x="118.14" y="164.92" b="N"/>
<point x="123.33" y="159.37" b="U"/>
<point x="123.48" y="152.02" b="N"/>
<point x="123.54" y="144.25" b="A"/>
<point x="123.48" y="136.90" b="N"/>
<point x="121.31" y="129.66" b="N"/>
<point x="125.67" y="123.38" b="U"/>
<point x="133.38" y="123.59" b="N"/>
<point x="137.95" y="129.45" b="A"/>
<point x="135.72" y="136.90" b="N"/>
<point x="135.57" y="144.25" b="U"/>
<point x="135.78" y="151.81" b="Y"/>
<point x="135.78" y="159.37" b="A"/>
<point x="141.12" y="164.72" b="A"/>
<point x="148.48" y="164.72" b="U"/>
<point x="155.83" y="164.72" b="G"/>
<point x="163.60" y="164.72" b="C"/>
<point x="169.15" y="159.37" b="Y"/>
<point x="168.94" y="151.81" b="R"/>
<point x="169.15" y="144.25" b="A"/>
<point x="168.94" y="136.69" b="C"/>
<point x="168.94" y="129.13" b="C"/>
<point x="168.94" y="121.57" b="U"/>
<point x="168.94" y="114.01" b="C"/>
<point x="168.94" y="106.45" b="C"/>
<point x="169.15" y="98.89" b="A"/>
<point x="168.94" y="91.33" b="C"/>
<point x="168.58" y="83.78" b="U"/>
<point x="174.85" y="79.89" b="G"/>
<point x="181.34" y="83.78" b="G"/>
<point x="180.97" y="91.33" b="G"/>
<point x="181.18" y="98.89" b="U"/>
<point x="180.97" y="106.45" b="G"/>
<point x="180.97" y="114.01" b="G"/>
<point x="187.73" y="110.23" b="R"/>
<point x="194.28" y="114.01" b="U"/>
<point x="194.28" y="121.57" b="U"/>
<point x="187.94" y="125.35" b="A"/>
<point x="181.39" y="121.57" b="A"/>
<point x="180.97" y="129.13" b="G"/>
<point x="180.97" y="136.69" b="G"/>
<point x="181.18" y="144.25" b="U"/>
<point x="181.39" y="151.81" b="Y"/>
<point x="181.18" y="159.37" b="R"/>
<point x="186.74" y="164.72" b="A"/>
<point x="191.66" y="159.37" b="G"/>
<point x="191.66" y="151.81" b="G"/>
<point x="191.88" y="144.25" b="U"/>
<point x="192.08" y="136.69" b="A"/>
<point x="191.88" y="129.13" b="U"/>
<point x="191.88" y="121.57" b="R"/>
<point x="191.88" y="114.01" b="R"/>
<point x="192.08" y="106.45" b="A"/>
<point x="191.88" y="98.89" b="R"/>
<point x="191.88" y="91.33" b="U"/>
<point x="191.88" y="83.77" b="C"/>
<point x="191.88" y="76.21" b="C"/>
<point x="191.88" y="68.65" b="U"/>
<point x="192.08" y="61.09" b="A"/>
<point x="191.88" y="53.53" b="U"/>
<point x="191.88" y="45.97" b="U"/>
<point x="186.99" y="40.20" b="C"/>
<point x="186.38" y="32.65" b="G"/>
<point x="190.83" y="26.40" b="C"/>
<point x="198.00" y="23.98" b="U"/>
<point x="205.16" y="26.40" b="C"/>
<point x="209.41" y="32.65" b="C"/>
<point x="209.00" y="40.20" b="U"/>
<point x="203.91" y="45.97" b="G"/>
<point x="204.32" y="53.53" b="A"/>
<point x="204.12" y="61.09" b="U"/>
<point x="204.32" y="68.65" b="A"/>
<point x="203.91" y="76.21" b="G"/>
<point x="203.91" y="83.77" b="G"/>
<point x="210.87" y="79.99" b="A"/>
<point x="217.21" y="83.77" b="R"/>
<point x="217.36" y="91.54" b="N"/>
<point x="210.66" y="95.11" b="R"/>
<point x="204.32" y="91.33" b="A"/>
<point x="204.32" y="98.89" b="Y"/>
<point x="204.12" y="106.45" b="U"/>
<point x="204.32" y="114.01" b="Y"/>
<point x="204.32" y="121.57" b="Y"/>
<point x="204.32" y="129.13" b="A"/>
<point x="204.12" y="136.69" b="U"/>
<point x="204.32" y="144.25" b="A"/>
<point x="204.12" y="151.81" b="U"/>
<point x="204.12" y="159.37" b="U"/>
<point x="209.25" y="164.72" b="G"/>
<point x="217.02" y="164.72" b="C"/>
<point x="222.37" y="159.37" b="U"/>
<point x="222.37" y="151.81" b="U"/>
<point x="222.57" y="144.25" b="A"/>
<point x="222.37" y="136.69" b="U"/>
<point x="222.57" y="129.13" b="A"/>
<point x="222.37" y="121.57" b="U"/>
<point x="222.57" y="114.01" b="A"/>
<point x="222.57" y="106.45" b="Y"/>
<point x="222.16" y="98.89" b="G"/>
<point x="222.37" y="91.33" b="U"/>
<point x="222.16" y="83.77" b="G"/>
<point x="222.37" y="76.21" b="C"/>
<point x="220.19" y="68.97" b="U"/>
<point x="224.86" y="63.11" b="N"/>
<point x="232.27" y="62.90" b="R"/>
<point x="236.99" y="68.97" b="Y"/>
<point x="234.40" y="76.21" b="G"/>
<point x="234.61" y="83.77" b="C"/>
<point x="234.81" y="91.33" b="A"/>
<point x="234.61" y="98.89" b="C"/>
<point x="234.61" y="106.45" b="R"/>
<point x="234.61" y="114.01" b="U"/>
<point x="234.81" y="121.57" b="A"/>
<point x="234.61" y="129.13" b="U"/>
<point x="234.81" y="136.69" b="A"/>
<point x="234.61" y="144.25" b="U"/>
<point x="234.81" y="151.81" b="A"/>
<point x="234.81" y="159.37" b="A"/>
<point x="240.16" y="164.72" b="A"/>
<point x="247.51" y="164.72" b="U"/>
<point x="254.86" y="164.72" b="G"/>
<point x="262.63" y="164.72" b="C"/>
<point x="267.98" y="159.37" b="U"/>
<point x="267.98" y="151.81" b="C"/>
<point x="268.18" y="144.25" b="A"/>
<point x="267.98" y="136.69" b="U"/>
<point x="267.77" y="129.13" b="G"/>
<point x="267.98" y="121.57" b="C"/>
<point x="268.18" y="114.01" b="A"/>
<point x="266.01" y="106.77" b="A"/>
<point x="270.52" y="100.70" b="A"/>
<point x="278.08" y="100.70" b="A"/>
<point x="282.60" y="106.77" b="Y"/>
<point x="280.22" y="114.01" b="U"/>
<point x="280.01" y="121.57" b="G"/>
<point x="280.22" y="129.13" b="C"/>
<point x="280.42" y="136.69" b="A"/>
<point x="280.22" y="144.25" b="U"/>
<point x="280.01" y="151.81" b="G"/>
<point x="280.42" y="159.37" b="A"/>
<point x="285.77" y="164.72" b="A"/>
<point x="293.12" y="164.72" b="U"/>
<point x="300.47" y="164.72" b="G"/>
<point x="308.24" y="164.72" b="C"/>
<point x="313.59" y="159.37" b="C"/>
<point x="313.59" y="151.81" b="C"/>
<point x="313.59" y="144.25" b="C"/>
<point x="313.22" y="136.70" b="U"/>
<point x="319.92" y="132.81" b="A"/>
<point x="326.40" y="136.70" b="A"/>
<point x="325.62" y="144.25" b="G"/>
<point x="325.62" y="151.81" b="G"/>
<point x="325.62" y="159.37" b="G"/>
<point x="331.38" y="164.72" b="A"/>
<point x="338.88" y="164.92" b="N"/>
<point x="346.08" y="164.72" b="G"/>
<point x="353.86" y="164.72" b="C"/>
</structure>