<structure>
<point x="19.60" y="186.35" b="N"/>
<point x="27.02" y="186.14" b="C"/>
<point x="34.73" y="186.35" b="N"/>
<point x="42.34" y="186.14" b="Y"/>
<point x="49.84" y="186.35" b="N"/>
<point x="57.41" y="186.35" b="N"/>
<point x="65.02" y="186.14" b="Y"/>
<point x="72.53" y="186.35" b="N"/>
<point x="77.93" y="180.80" b="A"/>
<point x="77.87" y="173.44" b="N"/>
<point x="77.93" y="165.68" b="Y"/>
<point x="77.93" y="158.12" b="Y"/>
<point x="70.31" y="158.32" b="N"/>
<point x="70.31" y="150.76" b="N"/>
<point x="77.72" y="150.56" b="R"/>
<point x="77.87" y="143.20" b="N"/>
<point x="71.38" y="146.78" b="Y"/>
<point x="64.78" y="143.20" b="N"/>
<point x="64.63" y="135.44" b="R"/>
<point x="71.32" y="131.86" b="N"/>
<point x="77.87" y="135.64" b="N"/>
<point x="77.87" y="128.08" b="N"/>
<point x="77.72" y="120.32" b="R"/>
<point x="77.87" y="112.96" b="N"/>
<point x="77.87" y="105.40" b="N"/>
<point x="77.87" y="97.84" b="N"/>
<point x="71.32" y="94.06" b="N"/>
<point x="77.87" y="90.28" b="N"/>
<point x="77.72" y="82.52" b="U"/>
<point x="77.87" y="75.16" b="N"/>
<point x="77.87" y="67.60" b="N"/>
<point x="77.87" y="60.04" b="N"/>
<point x="77.87" y="52.48" b="N"/>
<point x="77.87" y="44.92" b="N"/>
<point x="77.87" y="37.36" b="N"/>
<point x="75.70" y="30.12" b="N"/>
<point x="80.21" y="24.06" b="N"/>
<point x="87.77" y="24.06" b="N"/>
<point x="92.28" y="30.12" b="N"/>
<point x="90.11" y="37.36" b="N"/>
<point x="90.11" y="44.92" b="N"/>
<point x="90.11" y="52.48" b="N"/>
<point x="90.11" y="60.04" b="N"/>
<point x="90.11" y="67.60" b="N"/>
<point x="89.96" y="74.96" b="R"/>
<point x="90.11" y="82.72" b="N"/>
<point x="90.11" y="90.28" b="N"/>
<point x="90.11" y="97.84" b="N"/>
<point x="90.11" y="105.40" b="N"/>
<point x="89.96" y="112.76" b="R"/>
<point x="90.17" y="120.32" b="Y"/>
<point x="90.17" y="127.88" b="Y"/>
<point x="90.17" y="135.44" b="Y"/>
<point x="90.17" y="143.00" b="Y"/>
<point x="89.96" y="150.56" b="U"/>
<point x="89.96" y="158.12" b="R"/>
<point x="89.96" y="165.68" b="R"/>
<point x="90.17" y="173.24" b="Y"/>
<point x="89.96" y="180.80" b="U"/>
<point x="95.31" y="186.14" b="U"/>
<point x="102.87" y="186.14" b="R"/>
<point x="110.43" y="186.14" b="R"/>
<point x="118.14" y="186.35" b="N"/>
<point x="125.70" y="186.35" b="N"/>
<point x="133.26" y="186.35" b="N"/>
<point x="140.67" y="186.14" b="U"/>
<point x="148.23" y="186.14" b="R"/>
<point x="155.79" y="186.14" b="U"/>
<point x="163.14" y="186.14" b="G"/>
<point x="171.11" y="186.14" b="A"/>
<point x="178.47" y="186.14" b="U"/>
<point x="185.82" y="186.14" b="G"/>
<point x="193.59" y="186.14" b="U"/>
<point x="201.15" y="186.14" b="U"/>
<point x="208.50" y="186.14" b="G"/>
<point x="216.27" y="186.14" b="U"/>
<point x="223.62" y="186.14" b="G"/>
<point x="231.39" y="186.14" b="U"/>
<point x="238.95" y="186.14" b="U"/>
<point x="246.51" y="186.14" b="U"/>
<point x="253.86" y="186.14" b="G"/>
<point x="261.63" y="186.14" b="C"/>
<point x="269.39" y="186.14" b="A"/>
<point x="276.90" y="186.35" b="N"/>
<point x="284.46" y="186.35" b="N"/>
<point x="289.65" y="180.80" b="U"/>
<point x="289.80" y="173.44" b="N"/>
<point x="289.44" y="165.68" b="G"/>
<point x="289.65" y="158.12" b="U"/>
<point x="289.86" y="150.56" b="Y"/>
<point x="289.65" y="143.00" b="U"/>
<point x="289.65" y="135.44" b="R"/>
<point x="289.44" y="127.88" b="G"/>
<point x="287.63" y="120.84" b="N"/>
<point x="292.14" y="114.78" b="N"/>
<point x="299.70" y="114.78" b="N"/>
<point x="304.21" y="120.84" b="N"/>
<point x="301.89" y="127.88" b="C"/>
<point x="302.10" y="135.44" b="Y"/>
<point x="301.89" y="143.00" b="R"/>
<point x="301.89" y="150.56" b="R"/>
<point x="302.10" y="158.12" b="A"/>
<point x="302.10" y="165.68" b="Y"/>
<point x="302.04" y="173.44" b="N"/>
<point x="302.04" y="181.00" b="N"/>
<point x="307.39" y="186.35" b="N"/>
<point x="312.58" y="180.80" b="R"/>
<point x="312.37" y="173.24" b="G"/>
<point x="312.58" y="165.68" b="U"/>
<point x="312.79" y="158.12" b="A"/>
<point x="312.58" y="150.56" b="R"/>
<point x="312.79" y="143.00" b="Y"/>
<point x="309.33" y="136.45" b="N"/>
<point x="311.91" y="129.35" b="N"/>
<point x="318.85" y="126.35" b="N"/>
<point x="325.80" y="129.35" b="N"/>
<point x="328.23" y="136.25" b="R"/>
<point x="324.97" y="143.20" b="N"/>
<point x="325.03" y="150.56" b="Y"/>
<point x="324.82" y="158.12" b="U"/>
<point x="325.03" y="165.68" b="A"/>
<point x="324.82" y="173.24" b="C"/>
<point x="324.82" y="180.80" b="U"/>
<point x="330.38" y="186.14" b="Y"/>
<point x="337.88" y="186.35" b="N"/>
<point x="345.29" y="186.14" b="U"/>
<point x="352.85" y="186.14" b="U"/>
<point x="360.41" y="186.14" b="U"/>
<point x="368.12" y="186.35" b="N"/>
<point x="375.68" y="186.35" b="N"/>
<point x="383.30" y="186.14" b="A"/>
<point x="390.65" y="186.14" b="C"/>
<point x="398.21" y="186.14" b="U"/>
<point x="405.77" y="186.14" b="U"/>
<point x="413.33" y="186.14" b="C"/>
<point x="420.89" y="186.14" b="C"/>
<point x="428.45" y="186.14" b="U"/>
<point x="435.80" y="186.14" b="G"/>
<point x="443.57" y="186.14" b="U"/>
<point x="449.12" y="180.80" b="A"/>
<point x="449.12" y="173.24" b="Y"/>
<point x="449.12" y="165.68" b="A"/>
<point x="448.92" y="158.12" b="U"/>
<point x="448.92" y="150.56" b="U"/>
<point x="441.74" y="148.16" b="U"/>
<point x="435.52" y="144.31" b="N"/>
<point x="430.37" y="138.62" b="Y"/>
<point x="426.60" y="132.24" b="N"/>
<point x="424.60" y="124.95" b="N"/>
<point x="424.43" y="117.39" b="N"/>
<point x="426.09" y="110.02" b="N"/>
<point x="429.56" y="103.06" b="Y"/>
<point x="434.44" y="97.55" b="N"/>
<point x="440.63" y="93.20" b="N"/>
<point x="447.68" y="90.48" b="N"/>
<point x="455.19" y="89.55" b="N"/>
<point x="462.69" y="90.48" b="N"/>
<point x="469.74" y="93.20" b="N"/>
<point x="475.93" y="97.55" b="N"/>
<point x="480.87" y="103.27" b="N"/>
<point x="484.28" y="110.02" b="N"/>
<point x="485.94" y="117.39" b="N"/>
<point x="485.77" y="124.95" b="N"/>
<point x="483.77" y="132.24" b="N"/>
<point x="479.90" y="138.62" b="R"/>
<point x="474.70" y="144.10" b="U"/>
<point x="468.33" y="148.16" b="U"/>
<point x="461.31" y="150.76" b="N"/>
<point x="461.15" y="158.12" b="R"/>
<point x="461.15" y="165.68" b="U"/>
<point x="461.31" y="173.44" b="N"/>
<point x="461.31" y="181.00" b="N"/>
<point x="466.65" y="186.35" b="N"/>
<point x="472.00" y="181.00" b="N"/>
<point x="471.85" y="173.24" b="R"/>
<point x="471.85" y="165.68" b="C"/>
<point x="472.05" y="158.12" b="A"/>
<point x="471.85" y="150.56" b="C"/>
<point x="471.85" y="143.00" b="C"/>
<point x="471.64" y="135.44" b="G"/>
<point x="471.85" y="127.88" b="C"/>
<point x="466.64" y="122.75" b="N"/>
<point x="465.16" y="115.33" b="N"/>
<point x="468.05" y="108.34" b="N"/>
<point x="474.34" y="104.14" b="N"/>
<point x="481.90" y="104.14" b="N"/>
<point x="488.18" y="108.34" b="N"/>
<point x="491.07" y="115.33" b="N"/>
<point x="489.59" y="122.75" b="N"/>
<point x="483.88" y="127.88" b="G"/>
<point x="484.09" y="135.44" b="C"/>
<point x="483.88" y="143.00" b="G"/>
<point x="483.88" y="150.56" b="G"/>
<point x="484.09" y="158.12" b="U"/>
<point x="483.88" y="165.68" b="G"/>
<point x="484.29" y="173.24" b="Y"/>
<point x="484.09" y="180.80" b="U"/>
<point x="489.43" y="186.14" b="U"/>
<point x="496.99" y="186.14" b="U"/>
<point x="504.55" y="186.14" b="U"/>
<point x="512.11" y="186.14" b="U"/>
<point x="519.67" y="186.14" b="U"/>
<point x="527.38" y="186.35" b="N"/>
<point x="534.94" y="186.35" b="N"/>
</structure>