<structure>
<point x="17.24" y="194.91" b="U"/>
<point x="17.39" y="187.56" b="N"/>
<point x="17.24" y="179.79" b="C"/>
<point x="17.24" y="172.23" b="C"/>
<point x="17.03" y="164.67" b="G"/>
<point x="17.03" y="157.11" b="G"/>
<point x="17.24" y="149.55" b="C"/>
<point x="17.24" y="141.99" b="U"/>
<point x="12.50" y="136.43" b="N"/>
<point x="11.95" y="128.68" b="U"/>
<point x="16.20" y="122.42" b="C"/>
<point x="23.36" y="120.01" b="C"/>
<point x="30.73" y="122.42" b="A"/>
<point x="34.92" y="128.88" b="N"/>
<point x="34.52" y="136.43" b="N"/>
<point x="29.69" y="141.99" b="A"/>
<point x="29.27" y="149.55" b="G"/>
<point x="29.48" y="157.11" b="C"/>
<point x="29.48" y="164.67" b="C"/>
<point x="29.27" y="172.23" b="G"/>
<point x="29.27" y="179.79" b="G"/>
<point x="29.48" y="187.35" b="R"/>
<point x="29.48" y="194.91" b="R"/>
<point x="34.83" y="200.26" b="U"/>
<point x="42.54" y="200.47" b="N"/>
<point x="50.15" y="200.26" b="A"/>
<point x="57.51" y="200.26" b="C"/>
<point x="65.07" y="200.26" b="U"/>
<point x="72.42" y="200.26" b="G"/>
<point x="80.39" y="200.26" b="A"/>
<point x="87.95" y="200.26" b="A"/>
<point x="95.10" y="200.26" b="G"/>
<point x="103.07" y="200.26" b="A"/>
<point x="108.00" y="194.91" b="G"/>
<point x="108.00" y="187.35" b="G"/>
<point x="108.21" y="179.79" b="C"/>
<point x="108.42" y="172.23" b="A"/>
<point x="102.51" y="167.27" b="C"/>
<point x="100.36" y="160.09" b="A"/>
<point x="101.83" y="152.72" b="C"/>
<point x="107.05" y="147.25" b="C"/>
<point x="114.33" y="145.23" b="U"/>
<point x="121.62" y="147.25" b="U"/>
<point x="126.84" y="152.72" b="C"/>
<point x="128.72" y="160.09" b="A"/>
<point x="126.16" y="167.27" b="U"/>
<point x="120.45" y="172.23" b="U"/>
<point x="120.24" y="179.79" b="G"/>
<point x="120.45" y="187.35" b="C"/>
<point x="120.45" y="194.91" b="C"/>
<point x="125.95" y="200.47" b="N"/>
<point x="133.15" y="200.26" b="G"/>
<point x="141.07" y="200.47" b="N"/>
<point x="148.68" y="200.26" b="A"/>
<point x="155.83" y="200.26" b="G"/>
<point x="163.60" y="200.26" b="U"/>
<point x="168.73" y="194.91" b="G"/>
<point x="168.94" y="187.35" b="C"/>
<point x="168.73" y="179.79" b="G"/>
<point x="161.27" y="178.57" b="G"/>
<point x="154.38" y="176.65" b="N"/>
<point x="147.50" y="173.44" b="Y"/>
<point x="140.57" y="169.60" b="G"/>
<point x="134.94" y="165.20" b="N"/>
<point x="129.20" y="159.68" b="G"/>
<point x="124.73" y="153.74" b="R"/>
<point x="120.81" y="147.27" b="U"/>
<point x="117.73" y="140.37" b="U"/>
<point x="115.52" y="133.14" b="C"/>
<point x="114.42" y="125.69" b="Y"/>
<point x="113.83" y="118.14" b="C"/>
<point x="114.59" y="110.61" b="Y"/>
<point x="115.87" y="103.19" b="C"/>
<point x="118.40" y="96.22" b="N"/>
<point x="121.70" y="89.19" b="A"/>
<point x="125.71" y="83.02" b="N"/>
<point x="130.38" y="76.99" b="U"/>
<point x="135.88" y="71.80" b="C"/>
<point x="142.13" y="67.54" b="N"/>
<point x="148.78" y="63.65" b="A"/>
<point x="155.73" y="61.01" b="N"/>
<point x="163.03" y="59.06" b="N"/>
<point x="162.28" y="51.53" b="N"/>
<point x="156.11" y="47.17" b="N"/>
<point x="153.10" y="40.05" b="A"/>
<point x="153.82" y="32.54" b="R"/>
<point x="158.47" y="26.58" b="R"/>
<point x="165.67" y="24.06" b="N"/>
<point x="172.97" y="25.13" b="R"/>
<point x="178.71" y="30.05" b="R"/>
<point x="181.26" y="37.42" b="N"/>
<point x="179.49" y="44.60" b="R"/>
<point x="174.46" y="50.31" b="N"/>
<point x="175.21" y="57.83" b="N"/>
<point x="182.61" y="58.09" b="R"/>
<point x="190.25" y="59.48" b="A"/>
<point x="197.45" y="61.78" b="A"/>
<point x="204.26" y="65.16" b="N"/>
<point x="210.32" y="68.94" b="G"/>
<point x="216.62" y="73.69" b="Y"/>
<point x="221.81" y="79.34" b="N"/>
<point x="226.35" y="85.38" b="N"/>
<point x="232.90" y="81.67" b="R"/>
<point x="239.75" y="78.37" b="N"/>
<point x="246.50" y="74.65" b="Y"/>
<point x="253.14" y="71.35" b="N"/>
<point x="257.54" y="65.21" b="N"/>
<point x="265.03" y="64.19" b="N"/>
<point x="270.55" y="68.75" b="G"/>
<point x="271.53" y="76.29" b="Y"/>
<point x="266.38" y="82.08" b="N"/>
<point x="258.46" y="81.99" b="G"/>
<point x="251.97" y="85.49" b="R"/>
<point x="245.42" y="89.21" b="N"/>
<point x="238.78" y="92.51" b="Y"/>
<point x="232.03" y="96.22" b="N"/>
<point x="234.26" y="103.19" b="U"/>
<point x="235.89" y="110.81" b="N"/>
<point x="236.30" y="118.14" b="R"/>
<point x="236.12" y="125.69" b="Y"/>
<point x="234.76" y="133.35" b="N"/>
<point x="232.60" y="140.37" b="Y"/>
<point x="229.52" y="147.27" b="Y"/>
<point x="225.40" y="153.74" b="R"/>
<point x="220.92" y="159.68" b="Y"/>
<point x="215.49" y="165.20" b="N"/>
<point x="209.56" y="169.60" b="Y"/>
<point x="202.84" y="173.44" b="U"/>
<point x="196.10" y="176.44" b="Y"/>
<point x="188.79" y="178.78" b="N"/>
<point x="181.18" y="179.79" b="C"/>
<point x="180.97" y="187.35" b="G"/>
<point x="181.18" y="194.91" b="C"/>
<point x="186.68" y="200.47" b="N"/>
<point x="194.24" y="200.47" b="N"/>
<point x="201.65" y="200.26" b="C"/>
<point x="209.21" y="200.26" b="R"/>
<point x="216.77" y="200.26" b="R"/>
<point x="224.48" y="200.47" b="N"/>
<point x="232.04" y="200.47" b="N"/>
<point x="239.45" y="200.26" b="R"/>
<point x="247.01" y="200.26" b="U"/>
<point x="254.57" y="200.26" b="R"/>
<point x="262.34" y="200.26" b="Y"/>
<point x="269.84" y="200.47" b="N"/>
<point x="277.40" y="200.47" b="N"/>
<point x="284.96" y="200.47" b="N"/>
<point x="292.58" y="200.26" b="Y"/>
<point x="299.93" y="200.26" b="R"/>
<point x="307.49" y="200.26" b="U"/>
<point x="315.26" y="200.26" b="Y"/>
<point x="322.76" y="200.47" b="N"/>
<point x="330.32" y="200.47" b="N"/>
</structure>