<structure>
<point x="116.84" y="203.32" b="A"/>
<point x="116.43" y="195.76" b="G"/>
<point x="116.64" y="188.20" b="C"/>
<point x="116.64" y="180.64" b="C"/>
<point x="110.38" y="184.86" b="N"/>
<point x="103.42" y="187.95" b="R"/>
<point x="96.30" y="190.48" b="U"/>
<point x="88.73" y="192.22" b="G"/>
<point x="81.65" y="193.15" b="A"/>
<point x="73.88" y="193.25" b="U"/>
<point x="66.15" y="192.53" b="G"/>
<point x="59.16" y="190.99" b="A"/>
<point x="51.92" y="188.86" b="N"/>
<point x="45.08" y="185.54" b="Y"/>
<point x="38.57" y="181.71" b="Y"/>
<point x="32.46" y="177.39" b="N"/>
<point x="26.99" y="172.02" b="Y"/>
<point x="21.85" y="166.29" b="U"/>
<point x="17.73" y="160.26" b="N"/>
<point x="14.21" y="153.39" b="Y"/>
<point x="11.34" y="146.58" b="N"/>
<point x="9.30" y="139.30" b="N"/>
<point x="7.91" y="131.63" b="U"/>
<point x="7.50" y="124.08" b="U"/>
<point x="7.91" y="116.54" b="U"/>
<point x="9.15" y="109.08" b="C"/>
<point x="11.19" y="101.80" b="U"/>
<point x="13.80" y="94.78" b="G"/>
<point x="17.78" y="88.12" b="A"/>
<point x="21.85" y="81.88" b="C"/>
<point x="26.99" y="76.15" b="A"/>
<point x="32.31" y="70.99" b="C"/>
<point x="38.36" y="66.47" b="C"/>
<point x="44.87" y="62.63" b="U"/>
<point x="51.77" y="59.52" b="C"/>
<point x="58.75" y="57.18" b="G"/>
<point x="66.36" y="55.64" b="U"/>
<point x="74.09" y="54.92" b="A"/>
<point x="81.44" y="55.03" b="U"/>
<point x="88.73" y="55.95" b="G"/>
<point x="96.51" y="57.69" b="A"/>
<point x="103.42" y="60.22" b="R"/>
<point x="110.44" y="63.52" b="A"/>
<point x="116.64" y="67.53" b="R"/>
<point x="116.64" y="59.97" b="C"/>
<point x="116.64" y="52.41" b="U"/>
<point x="116.43" y="44.85" b="G"/>
<point x="116.64" y="37.29" b="C"/>
<point x="114.46" y="30.05" b="R"/>
<point x="119.18" y="23.98" b="Y"/>
<point x="126.69" y="24.19" b="N"/>
<point x="131.25" y="30.05" b="Y"/>
<point x="128.67" y="37.29" b="G"/>
<point x="128.88" y="44.85" b="C"/>
<point x="129.08" y="52.41" b="A"/>
<point x="128.67" y="59.97" b="G"/>
<point x="129.08" y="67.53" b="Y"/>
<point x="136.32" y="68.84" b="C"/>
<point x="143.53" y="71.13" b="U"/>
<point x="150.16" y="74.35" b="G"/>
<point x="156.92" y="78.45" b="A"/>
<point x="162.47" y="83.36" b="U"/>
<point x="167.52" y="88.98" b="U"/>
<point x="171.99" y="95.23" b="A"/>
<point x="175.38" y="101.99" b="Y"/>
<point x="177.79" y="109.34" b="N"/>
<point x="179.29" y="116.75" b="N"/>
<point x="179.85" y="124.08" b="Y"/>
<point x="179.14" y="131.63" b="R"/>
<point x="177.64" y="139.04" b="C"/>
<point x="175.32" y="146.39" b="N"/>
<point x="171.78" y="152.94" b="R"/>
<point x="167.52" y="159.19" b="R"/>
<point x="162.62" y="165.02" b="N"/>
<point x="156.72" y="169.72" b="C"/>
<point x="150.37" y="173.82" b="U"/>
<point x="143.32" y="177.04" b="G"/>
<point x="136.53" y="179.33" b="A"/>
<point x="128.67" y="180.64" b="G"/>
<point x="128.67" y="188.20" b="G"/>
<point x="128.88" y="195.76" b="C"/>
<point x="128.88" y="203.32" b="U"/>
<point x="134.43" y="208.66" b="Y"/>
</structure>