<structure>
<point x="70.15" y="207.67" b="R"/>
<point x="75.28" y="202.32" b="G"/>
<point x="75.49" y="194.76" b="C"/>
<point x="75.70" y="187.20" b="A"/>
<point x="75.49" y="179.64" b="C"/>
<point x="75.70" y="172.08" b="A"/>
<point x="68.20" y="171.07" b="A"/>
<point x="60.65" y="169.31" b="R"/>
<point x="53.51" y="166.81" b="U"/>
<point x="46.46" y="163.59" b="G"/>
<point x="40.40" y="159.69" b="A"/>
<point x="34.15" y="155.16" b="U"/>
<point x="28.38" y="150.03" b="G"/>
<point x="23.79" y="144.36" b="A"/>
<point x="19.33" y="138.43" b="N"/>
<point x="15.64" y="131.66" b="Y"/>
<point x="12.36" y="124.74" b="R"/>
<point x="10.02" y="117.56" b="R"/>
<point x="8.62" y="110.17" b="Y"/>
<point x="7.78" y="102.66" b="A"/>
<point x="7.50" y="95.10" b="R"/>
<point x="8.40" y="87.57" b="A"/>
<point x="9.45" y="80.15" b="G"/>
<point x="11.65" y="72.92" b="G"/>
<point x="14.58" y="65.95" b="G"/>
<point x="18.63" y="59.32" b="A"/>
<point x="22.70" y="53.09" b="C"/>
<point x="27.60" y="47.32" b="U"/>
<point x="33.05" y="42.09" b="U"/>
<point x="39.22" y="37.44" b="A"/>
<point x="45.62" y="33.42" b="A"/>
<point x="52.19" y="30.07" b="U"/>
<point x="59.48" y="27.43" b="A"/>
<point x="66.59" y="25.52" b="C"/>
<point x="74.06" y="24.37" b="U"/>
<point x="81.40" y="23.98" b="G"/>
<point x="89.37" y="24.37" b="A"/>
<point x="96.63" y="25.52" b="R"/>
<point x="103.95" y="27.43" b="R"/>
<point x="111.03" y="30.07" b="C"/>
<point x="118.02" y="33.42" b="Y"/>
<point x="124.21" y="37.44" b="U"/>
<point x="129.96" y="42.09" b="G"/>
<point x="135.83" y="47.32" b="A"/>
<point x="140.52" y="53.09" b="U"/>
<point x="144.59" y="59.32" b="G"/>
<point x="148.43" y="65.95" b="U"/>
<point x="151.51" y="73.13" b="N"/>
<point x="153.77" y="80.15" b="A"/>
<point x="155.23" y="87.57" b="Y"/>
<point x="155.93" y="95.10" b="A"/>
<point x="155.85" y="102.66" b="Y"/>
<point x="154.81" y="110.17" b="U"/>
<point x="153.35" y="117.77" b="N"/>
<point x="151.01" y="124.95" b="N"/>
<point x="147.94" y="131.86" b="N"/>
<point x="144.04" y="138.22" b="R"/>
<point x="139.64" y="144.36" b="U"/>
<point x="134.63" y="150.03" b="R"/>
<point x="129.08" y="155.16" b="U"/>
<point x="123.18" y="159.90" b="N"/>
<point x="116.55" y="163.59" b="C"/>
<point x="109.71" y="166.81" b="U"/>
<point x="102.36" y="169.31" b="G"/>
<point x="95.43" y="171.07" b="A"/>
<point x="87.73" y="172.08" b="U"/>
<point x="87.52" y="179.64" b="G"/>
<point x="87.73" y="187.20" b="U"/>
<point x="87.52" y="194.76" b="G"/>
<point x="87.73" y="202.32" b="C"/>
</structure>