<structure>
<point x="19.25" y="97.64" b="G"/>
<point x="27.16" y="97.85" b="N"/>
<point x="34.78" y="97.64" b="A"/>
<point x="42.34" y="97.64" b="A"/>
<point x="49.48" y="97.64" b="G"/>
<point x="57.46" y="97.64" b="A"/>
<point x="64.81" y="97.64" b="C"/>
<point x="72.17" y="97.64" b="G"/>
<point x="79.94" y="97.64" b="C"/>
<point x="87.28" y="97.64" b="G"/>
<point x="95.06" y="97.64" b="C"/>
<point x="102.82" y="97.64" b="A"/>
<point x="110.33" y="97.85" b="N"/>
<point x="117.73" y="97.64" b="U"/>
<point x="125.30" y="97.64" b="U"/>
<point x="132.65" y="97.64" b="G"/>
<point x="140.41" y="97.64" b="U"/>
<point x="147.97" y="97.64" b="U"/>
<point x="155.74" y="97.64" b="A"/>
<point x="163.09" y="97.64" b="U"/>
<point x="170.80" y="97.85" b="N"/>
<point x="178.36" y="97.85" b="N"/>
<point x="185.92" y="97.85" b="N"/>
<point x="191.12" y="92.29" b="C"/>
<point x="191.33" y="84.73" b="A"/>
<point x="191.12" y="77.17" b="U"/>
<point x="191.12" y="69.61" b="C"/>
<point x="188.02" y="62.72" b="C"/>
<point x="191.12" y="55.82" b="C"/>
<point x="191.12" y="48.26" b="U"/>
<point x="191.12" y="40.70" b="R"/>
<point x="187.87" y="34.16" b="N"/>
<point x="190.51" y="26.85" b="Y"/>
<point x="197.39" y="24.06" b="N"/>
<point x="204.39" y="26.85" b="Y"/>
<point x="206.91" y="34.16" b="N"/>
<point x="203.57" y="40.70" b="Y"/>
<point x="203.57" y="48.26" b="A"/>
<point x="203.51" y="56.03" b="N"/>
<point x="206.67" y="62.72" b="A"/>
<point x="203.15" y="69.61" b="G"/>
<point x="203.57" y="77.17" b="A"/>
<point x="203.36" y="84.73" b="U"/>
<point x="203.51" y="92.50" b="N"/>
<point x="208.71" y="97.64" b="U"/>
<point x="216.27" y="97.64" b="U"/>
<point x="223.98" y="97.85" b="N"/>
<point x="231.54" y="97.85" b="N"/>
<point x="239.10" y="97.85" b="N"/>
<point x="246.51" y="97.64" b="U"/>
<point x="254.07" y="97.64" b="U"/>
<point x="261.63" y="97.64" b="U"/>
<point x="266.76" y="92.29" b="G"/>
<point x="266.76" y="84.73" b="G"/>
<point x="266.97" y="77.17" b="C"/>
<point x="266.97" y="69.61" b="C"/>
<point x="267.18" y="62.05" b="A"/>
<point x="266.97" y="54.49" b="C"/>
<point x="267.12" y="47.14" b="N"/>
<point x="263.72" y="40.39" b="N"/>
<point x="266.30" y="33.28" b="N"/>
<point x="273.24" y="30.29" b="N"/>
<point x="280.18" y="33.28" b="N"/>
<point x="282.76" y="40.39" b="N"/>
<point x="279.36" y="47.14" b="N"/>
<point x="279.00" y="54.49" b="G"/>
<point x="279.21" y="62.05" b="U"/>
<point x="279.00" y="69.61" b="G"/>
<point x="279.00" y="77.17" b="G"/>
<point x="279.21" y="84.73" b="C"/>
<point x="279.21" y="92.29" b="C"/>
<point x="284.56" y="97.64" b="U"/>
<point x="292.12" y="97.64" b="U"/>
<point x="299.68" y="97.64" b="U"/>
<point x="307.24" y="97.64" b="U"/>
</structure>