<structure>
<point x="82.99" y="263.20" b="N"/>
<point x="90.55" y="263.20" b="N"/>
<point x="98.11" y="263.20" b="N"/>
<point x="103.31" y="257.65" b="R"/>
<point x="103.46" y="250.30" b="N"/>
<point x="103.46" y="242.74" b="N"/>
<point x="103.52" y="234.97" b="Y"/>
<point x="103.46" y="227.62" b="N"/>
<point x="95.93" y="226.88" b="N"/>
<point x="88.33" y="225.38" b="R"/>
<point x="81.00" y="223.54" b="U"/>
<point x="73.62" y="221.17" b="G"/>
<point x="67.05" y="218.26" b="A"/>
<point x="60.10" y="214.85" b="U"/>
<point x="53.42" y="210.94" b="G"/>
<point x="47.67" y="206.57" b="A"/>
<point x="41.84" y="201.75" b="Y"/>
<point x="36.34" y="196.72" b="N"/>
<point x="31.29" y="191.09" b="N"/>
<point x="26.67" y="185.10" b="N"/>
<point x="22.51" y="178.79" b="N"/>
<point x="18.83" y="172.19" b="N"/>
<point x="15.66" y="165.33" b="N"/>
<point x="12.63" y="158.04" b="G"/>
<point x="10.71" y="150.79" b="C"/>
<point x="9.34" y="143.40" b="A"/>
<point x="8.10" y="135.91" b="U"/>
<point x="7.83" y="128.36" b="A"/>
<point x="7.50" y="120.80" b="G"/>
<point x="8.36" y="113.27" b="U"/>
<point x="9.56" y="105.81" b="U"/>
<point x="11.32" y="98.45" b="C"/>
<point x="13.82" y="91.25" b="A"/>
<point x="16.44" y="84.24" b="R"/>
<point x="19.92" y="77.66" b="N"/>
<point x="23.60" y="70.94" b="U"/>
<point x="27.70" y="64.72" b="G"/>
<point x="32.86" y="58.84" b="A"/>
<point x="37.98" y="53.54" b="N"/>
<point x="43.61" y="48.22" b="Y"/>
<point x="49.49" y="43.74" b="N"/>
<point x="55.75" y="39.51" b="N"/>
<point x="62.31" y="35.75" b="N"/>
<point x="69.14" y="32.50" b="N"/>
<point x="76.18" y="29.75" b="N"/>
<point x="83.41" y="27.54" b="N"/>
<point x="90.63" y="25.66" b="R"/>
<point x="98.11" y="24.55" b="U"/>
<point x="105.65" y="23.98" b="R"/>
<point x="113.42" y="23.98" b="A"/>
<point x="120.90" y="24.75" b="N"/>
<point x="128.01" y="25.66" b="G"/>
<point x="135.80" y="27.33" b="A"/>
<point x="143.03" y="29.55" b="Y"/>
<point x="150.02" y="32.50" b="N"/>
<point x="156.90" y="35.55" b="A"/>
<point x="163.41" y="39.51" b="N"/>
<point x="169.67" y="43.74" b="N"/>
<point x="175.60" y="48.43" b="N"/>
<point x="181.17" y="53.54" b="N"/>
<point x="186.35" y="59.05" b="N"/>
<point x="191.10" y="64.93" b="N"/>
<point x="195.46" y="70.94" b="Y"/>
<point x="199.29" y="77.45" b="A"/>
<point x="202.57" y="84.45" b="N"/>
<point x="205.45" y="91.25" b="Y"/>
<point x="207.69" y="98.66" b="N"/>
<point x="209.44" y="106.02" b="N"/>
<point x="210.65" y="113.48" b="N"/>
<point x="211.30" y="121.01" b="N"/>
<point x="211.38" y="128.57" b="N"/>
<point x="210.55" y="135.91" b="G"/>
<point x="209.73" y="143.40" b="U"/>
<point x="208.14" y="150.79" b="C"/>
<point x="206.01" y="158.04" b="U"/>
<point x="203.35" y="165.12" b="U"/>
<point x="200.17" y="171.98" b="U"/>
<point x="196.49" y="178.58" b="C"/>
<point x="192.12" y="184.90" b="G"/>
<point x="187.72" y="190.88" b="C"/>
<point x="182.67" y="196.51" b="U"/>
<point x="177.22" y="201.75" b="C"/>
<point x="171.40" y="206.57" b="C"/>
<point x="165.23" y="210.94" b="U"/>
<point x="158.96" y="214.85" b="A"/>
<point x="152.01" y="218.26" b="U"/>
<point x="145.03" y="221.17" b="C"/>
<point x="137.85" y="223.54" b="U"/>
<point x="130.31" y="225.38" b="G"/>
<point x="123.28" y="226.67" b="A"/>
<point x="115.70" y="227.62" b="N"/>
<point x="115.70" y="235.18" b="N"/>
<point x="115.70" y="242.74" b="N"/>
<point x="115.70" y="250.30" b="N"/>
<point x="115.75" y="257.65" b="Y"/>
<point x="121.04" y="263.20" b="N"/>
<point x="128.60" y="263.20" b="N"/>
<point x="136.16" y="263.20" b="N"/>
</structure>