<structure>
<point x="19.45" y="149.55" b="C"/>
<point x="27.02" y="149.55" b="U"/>
<point x="34.73" y="149.76" b="N"/>
<point x="42.28" y="149.76" b="N"/>
<point x="49.84" y="149.76" b="N"/>
<point x="57.41" y="149.76" b="N"/>
<point x="64.81" y="149.55" b="C"/>
<point x="70.37" y="144.21" b="A"/>
<point x="69.95" y="136.65" b="G"/>
<point x="69.95" y="129.09" b="G"/>
<point x="69.95" y="121.53" b="G"/>
<point x="70.31" y="114.17" b="N"/>
<point x="70.31" y="106.61" b="N"/>
<point x="70.16" y="98.85" b="C"/>
<point x="65.61" y="93.14" b="N"/>
<point x="65.61" y="85.58" b="N"/>
<point x="70.31" y="79.66" b="N"/>
<point x="70.31" y="72.10" b="N"/>
<point x="67.21" y="65.20" b="N"/>
<point x="70.31" y="58.31" b="N"/>
<point x="70.31" y="50.75" b="N"/>
<point x="70.31" y="43.19" b="N"/>
<point x="70.31" y="35.63" b="N"/>
<point x="70.00" y="27.87" b="A"/>
<point x="76.07" y="23.98" b="G"/>
<point x="82.56" y="27.87" b="G"/>
<point x="82.55" y="35.63" b="N"/>
<point x="82.55" y="43.19" b="N"/>
<point x="82.55" y="50.75" b="N"/>
<point x="82.55" y="58.31" b="N"/>
<point x="89.44" y="61.42" b="N"/>
<point x="89.44" y="68.98" b="N"/>
<point x="82.55" y="72.10" b="N"/>
<point x="82.40" y="79.45" b="C"/>
<point x="87.11" y="85.37" b="C"/>
<point x="87.11" y="92.93" b="U"/>
<point x="82.19" y="98.85" b="G"/>
<point x="82.61" y="106.41" b="A"/>
<point x="82.19" y="113.97" b="G"/>
<point x="82.40" y="121.53" b="C"/>
<point x="82.40" y="129.09" b="C"/>
<point x="82.40" y="136.65" b="C"/>
<point x="82.40" y="144.21" b="U"/>
<point x="92.88" y="154.90" b="G"/>
<point x="100.65" y="154.90" b="C"/>
<point x="108.21" y="154.90" b="R"/>
<point x="115.98" y="154.90" b="Y"/>
<point x="123.33" y="154.90" b="C"/>
<point x="131.10" y="154.90" b="Y"/>
<point x="138.24" y="154.90" b="G"/>
<point x="134.98" y="148.47" b="N"/>
<point x="134.53" y="140.71" b="C"/>
<point x="137.62" y="133.81" b="C"/>
<point x="143.45" y="128.99" b="C"/>
<point x="151.01" y="127.27" b="A"/>
<point x="158.17" y="128.99" b="C"/>
<point x="163.79" y="133.81" b="G"/>
<point x="167.29" y="140.71" b="A"/>
<point x="166.78" y="148.26" b="C"/>
<point x="163.16" y="154.90" b="C"/>
<point x="170.51" y="154.90" b="G"/>
<point x="178.28" y="154.90" b="U"/>
<point x="185.84" y="154.90" b="C"/>
<point x="193.40" y="154.90" b="C"/>
<point x="201.17" y="154.90" b="A"/>
<point x="205.72" y="149.20" b="G"/>
<point x="213.34" y="146.88" b="Y"/>
<point x="216.11" y="139.94" b="C"/>
<point x="219.10" y="132.99" b="C"/>
<point x="222.08" y="126.04" b="C"/>
<point x="225.27" y="119.10" b="Y"/>
<point x="219.82" y="114.01" b="N"/>
<point x="219.50" y="106.24" b="G"/>
<point x="225.37" y="101.01" b="A"/>
<point x="232.72" y="101.28" b="C"/>
<point x="235.49" y="94.33" b="G"/>
<point x="238.47" y="87.38" b="G"/>
<point x="241.46" y="80.44" b="G"/>
<point x="244.44" y="73.49" b="G"/>
<point x="247.63" y="66.54" b="C"/>
<point x="247.38" y="59.00" b="A"/>
<point x="252.35" y="53.49" b="C"/>
<point x="259.91" y="53.47" b="C"/>
<point x="265.31" y="58.97" b="Y"/>
<point x="264.82" y="66.72" b="N"/>
<point x="258.88" y="71.37" b="R"/>
<point x="255.90" y="78.32" b="U"/>
<point x="252.91" y="85.27" b="C"/>
<point x="249.93" y="92.21" b="C"/>
<point x="246.95" y="99.16" b="U"/>
<point x="243.75" y="106.11" b="G"/>
<point x="246.16" y="113.40" b="A"/>
<point x="243.12" y="120.55" b="N"/>
<point x="236.10" y="123.93" b="G"/>
<point x="233.12" y="130.87" b="G"/>
<point x="230.13" y="137.82" b="G"/>
<point x="227.15" y="144.76" b="G"/>
<point x="224.52" y="151.92" b="N"/>
<point x="227.65" y="158.53" b="U"/>
<point x="234.93" y="160.55" b="C"/>
<point x="242.42" y="162.57" b="Y"/>
<point x="249.29" y="164.59" b="G"/>
<point x="256.46" y="161.63" b="C"/>
<point x="263.89" y="163.86" b="N"/>
<point x="268.19" y="169.77" b="U"/>
<point x="275.48" y="171.79" b="U"/>
<point x="282.55" y="173.81" b="G"/>
<point x="290.05" y="175.83" b="R"/>
<point x="297.54" y="177.85" b="Y"/>
<point x="304.62" y="179.87" b="C"/>
<point x="311.90" y="181.89" b="C"/>
<point x="319.19" y="183.91" b="C"/>
<point x="326.47" y="185.93" b="C"/>
<point x="332.98" y="181.75" b="A"/>
<point x="340.33" y="181.41" b="C"/>
<point x="346.99" y="184.99" b="C"/>
<point x="350.65" y="191.48" b="G"/>
<point x="351.06" y="199.04" b="A"/>
<point x="346.97" y="205.52" b="R"/>
<point x="340.09" y="209.09" b="G"/>
<point x="332.75" y="208.73" b="C"/>
<point x="326.66" y="204.55" b="A"/>
<point x="322.99" y="197.72" b="G"/>
<point x="315.71" y="195.70" b="G"/>
<point x="308.42" y="193.68" b="G"/>
<point x="301.14" y="191.66" b="G"/>
<point x="294.27" y="189.64" b="A"/>
<point x="286.77" y="187.62" b="U"/>
<point x="279.49" y="185.60" b="C"/>
<point x="274.10" y="190.90" b="U"/>
<point x="272.00" y="183.58" b="G"/>
<point x="265.13" y="181.56" b="A"/>
<point x="265.36" y="189.11" b="C"/>
<point x="261.25" y="195.46" b="C"/>
<point x="254.18" y="198.14" b="R"/>
<point x="247.10" y="196.12" b="A"/>
<point x="242.22" y="190.18" b="C"/>
<point x="242.17" y="182.62" b="Y"/>
<point x="246.44" y="176.38" b="Y"/>
<point x="238.74" y="174.36" b="G"/>
<point x="231.45" y="172.34" b="G"/>
<point x="224.58" y="170.32" b="A"/>
<point x="217.85" y="174.48" b="G"/>
<point x="217.04" y="181.97" b="C"/>
<point x="216.23" y="189.46" b="Y"/>
<point x="210.60" y="194.73" b="C"/>
<point x="203.90" y="187.81" b="R"/>
<point x="204.71" y="180.32" b="G"/>
<point x="205.93" y="172.83" b="C"/>
<point x="200.96" y="167.14" b="U"/>
<point x="193.19" y="167.14" b="G"/>
<point x="185.63" y="167.14" b="G"/>
<point x="178.49" y="167.14" b="A"/>
<point x="170.72" y="167.14" b="U"/>
<point x="162.95" y="167.14" b="G"/>
<point x="158.08" y="172.73" b="U"/>
<point x="150.81" y="174.81" b="U"/>
<point x="143.74" y="172.73" b="A"/>
<point x="138.45" y="167.14" b="C"/>
<point x="131.10" y="167.14" b="A"/>
<point x="123.12" y="167.14" b="G"/>
<point x="115.56" y="167.14" b="G"/>
<point x="108.21" y="167.14" b="C"/>
<point x="100.44" y="167.14" b="G"/>
<point x="93.09" y="167.14" b="U"/>
<point x="87.54" y="172.48" b="G"/>
<point x="87.75" y="180.04" b="C"/>
<point x="87.95" y="187.60" b="A"/>
<point x="87.95" y="195.16" b="A"/>
<point x="87.95" y="202.72" b="A"/>
</structure>