<structure>
<point x="17.03" y="135.57" b="G"/>
<point x="17.24" y="128.01" b="C"/>
<point x="17.24" y="120.45" b="U"/>
<point x="12.54" y="114.53" b="U"/>
<point x="12.54" y="106.97" b="U"/>
<point x="17.24" y="101.06" b="C"/>
<point x="17.24" y="93.50" b="U"/>
<point x="17.24" y="85.94" b="C"/>
<point x="17.24" y="78.38" b="C"/>
<point x="17.24" y="70.82" b="C"/>
<point x="17.45" y="63.26" b="A"/>
<point x="17.03" y="55.70" b="G"/>
<point x="12.35" y="49.93" b="R"/>
<point x="11.95" y="42.38" b="U"/>
<point x="16.35" y="36.33" b="N"/>
<point x="23.51" y="33.92" b="N"/>
<point x="30.68" y="36.33" b="N"/>
<point x="34.56" y="42.38" b="G"/>
<point x="34.37" y="49.93" b="R"/>
<point x="29.48" y="55.70" b="C"/>
<point x="29.48" y="63.26" b="U"/>
<point x="29.27" y="70.82" b="G"/>
<point x="29.27" y="78.38" b="G"/>
<point x="29.27" y="85.94" b="G"/>
<point x="29.63" y="93.71" b="N"/>
<point x="29.27" y="101.06" b="G"/>
<point x="36.68" y="104.00" b="N"/>
<point x="39.62" y="110.96" b="N"/>
<point x="36.68" y="117.93" b="N"/>
<point x="29.69" y="120.45" b="A"/>
<point x="29.27" y="128.01" b="G"/>
<point x="29.48" y="135.57" b="C"/>
<point x="34.98" y="141.12" b="N"/>
<point x="40.17" y="135.57" b="R"/>
<point x="40.17" y="128.01" b="R"/>
<point x="40.17" y="120.45" b="C"/>
<point x="39.96" y="112.89" b="G"/>
<point x="40.38" y="105.33" b="Y"/>
<point x="40.17" y="97.77" b="C"/>
<point x="40.32" y="90.42" b="N"/>
<point x="40.32" y="82.86" b="N"/>
<point x="40.17" y="75.09" b="R"/>
<point x="40.38" y="67.53" b="Y"/>
<point x="40.32" y="60.18" b="N"/>
<point x="40.17" y="52.41" b="R"/>
<point x="39.96" y="44.85" b="G"/>
<point x="40.17" y="37.29" b="U"/>
<point x="38.00" y="30.05" b="U"/>
<point x="42.51" y="23.98" b="R"/>
<point x="50.07" y="23.98" b="C"/>
<point x="54.79" y="30.05" b="Y"/>
<point x="52.20" y="37.29" b="G"/>
<point x="52.41" y="44.85" b="C"/>
<point x="52.62" y="52.41" b="Y"/>
<point x="52.56" y="60.18" b="N"/>
<point x="52.41" y="67.53" b="R"/>
<point x="52.62" y="75.09" b="Y"/>
<point x="52.56" y="82.86" b="N"/>
<point x="52.56" y="90.42" b="N"/>
<point x="52.20" y="97.77" b="G"/>
<point x="52.20" y="105.33" b="G"/>
<point x="52.41" y="112.89" b="C"/>
<point x="52.20" y="120.45" b="G"/>
<point x="52.62" y="128.01" b="Y"/>
<point x="52.41" y="135.57" b="U"/>
<point x="57.76" y="140.92" b="C"/>
<point x="65.47" y="141.12" b="N"/>
<point x="73.03" y="141.12" b="N"/>
<point x="80.59" y="141.12" b="N"/>
<point x="88.00" y="140.92" b="U"/>
<point x="95.56" y="140.92" b="U"/>
<point x="103.12" y="140.92" b="U"/>
<point x="110.68" y="140.92" b="U"/>
<point x="118.24" y="140.92" b="U"/>
<point x="126.00" y="140.92" b="Y"/>
<point x="133.36" y="140.92" b="R"/>
<point x="141.07" y="141.12" b="N"/>
<point x="148.63" y="141.12" b="N"/>
<point x="156.04" y="140.92" b="U"/>
</structure>