<structure>
<point x="19.60" y="204.64" b="N"/>
<point x="27.02" y="204.43" b="R"/>
<point x="34.58" y="204.43" b="U"/>
<point x="42.13" y="204.43" b="U"/>
<point x="49.84" y="204.64" b="N"/>
<point x="57.46" y="204.43" b="Y"/>
<point x="65.02" y="204.43" b="Y"/>
<point x="72.53" y="204.64" b="N"/>
<point x="77.72" y="199.08" b="R"/>
<point x="77.72" y="191.52" b="C"/>
<point x="77.51" y="183.96" b="G"/>
<point x="77.72" y="176.40" b="U"/>
<point x="74.83" y="169.51" b="A"/>
<point x="77.51" y="162.61" b="G"/>
<point x="77.51" y="155.05" b="G"/>
<point x="77.51" y="147.49" b="G"/>
<point x="77.72" y="139.93" b="U"/>
<point x="77.93" y="132.37" b="A"/>
<point x="71.17" y="128.59" b="C"/>
<point x="77.93" y="124.81" b="A"/>
<point x="77.51" y="117.25" b="G"/>
<point x="77.93" y="109.69" b="A"/>
<point x="77.51" y="102.13" b="G"/>
<point x="77.51" y="94.57" b="G"/>
<point x="77.72" y="87.01" b="U"/>
<point x="74.77" y="80.32" b="N"/>
<point x="77.93" y="73.22" b="A"/>
<point x="77.93" y="65.66" b="A"/>
<point x="77.51" y="58.10" b="G"/>
<point x="77.93" y="50.54" b="A"/>
<point x="77.72" y="42.98" b="U"/>
<point x="77.51" y="35.42" b="G"/>
<point x="77.36" y="27.87" b="U"/>
<point x="83.84" y="23.98" b="U"/>
<point x="90.33" y="27.87" b="C"/>
<point x="89.96" y="35.42" b="U"/>
<point x="90.17" y="42.98" b="A"/>
<point x="89.96" y="50.54" b="U"/>
<point x="89.96" y="58.10" b="C"/>
<point x="89.96" y="65.66" b="U"/>
<point x="89.96" y="73.22" b="U"/>
<point x="97.34" y="71.60" b="U"/>
<point x="103.24" y="76.34" b="C"/>
<point x="103.44" y="83.90" b="A"/>
<point x="97.13" y="88.63" b="G"/>
<point x="90.17" y="87.01" b="A"/>
<point x="89.96" y="94.57" b="C"/>
<point x="89.96" y="102.13" b="C"/>
<point x="89.96" y="109.69" b="U"/>
<point x="89.96" y="117.25" b="U"/>
<point x="89.96" y="124.81" b="U"/>
<point x="89.96" y="132.37" b="U"/>
<point x="89.96" y="139.93" b="R"/>
<point x="90.17" y="147.49" b="Y"/>
<point x="90.17" y="155.05" b="Y"/>
<point x="89.96" y="162.61" b="U"/>
<point x="93.06" y="169.51" b="C"/>
<point x="90.17" y="176.40" b="A"/>
<point x="89.96" y="183.96" b="C"/>
<point x="89.75" y="191.52" b="G"/>
<point x="89.96" y="199.08" b="U"/>
<point x="95.46" y="204.64" b="N"/>
<point x="103.07" y="204.43" b="A"/>
<point x="110.43" y="204.43" b="U"/>
<point x="118.14" y="204.64" b="N"/>
<point x="125.34" y="204.43" b="G"/>
<point x="133.26" y="204.64" b="N"/>
<point x="140.87" y="204.43" b="A"/>
<point x="148.38" y="204.64" b="N"/>
<point x="155.94" y="204.64" b="N"/>
<point x="163.50" y="204.64" b="N"/>
<point x="168.48" y="199.08" b="G"/>
<point x="168.84" y="191.73" b="N"/>
<point x="168.69" y="183.96" b="C"/>
<point x="168.84" y="176.61" b="N"/>
<point x="168.69" y="168.84" b="R"/>
<point x="168.90" y="161.28" b="A"/>
<point x="173.51" y="155.55" b="N"/>
<point x="180.93" y="161.28" b="U"/>
<point x="181.14" y="168.84" b="Y"/>
<point x="181.08" y="176.61" b="N"/>
<point x="180.72" y="183.96" b="G"/>
<point x="181.08" y="191.73" b="N"/>
<point x="180.93" y="199.08" b="C"/>
<point x="191.41" y="209.77" b="G"/>
<point x="199.18" y="209.77" b="C"/>
<point x="206.74" y="209.77" b="C"/>
<point x="214.30" y="209.77" b="C"/>
<point x="221.86" y="209.77" b="C"/>
<point x="229.63" y="209.77" b="A"/>
<point x="236.77" y="209.77" b="G"/>
<point x="244.75" y="209.77" b="Y"/>
<point x="252.25" y="209.98" b="N"/>
<point x="259.87" y="209.77" b="A"/>
<point x="267.06" y="207.81" b="N"/>
<point x="272.97" y="212.11" b="U"/>
<point x="273.12" y="219.88" b="N"/>
<point x="267.06" y="224.39" b="N"/>
<point x="259.66" y="222.01" b="U"/>
<point x="252.25" y="222.22" b="N"/>
<point x="244.54" y="222.01" b="R"/>
<point x="236.98" y="222.01" b="C"/>
<point x="229.42" y="222.01" b="U"/>
<point x="221.65" y="222.01" b="G"/>
<point x="214.09" y="222.01" b="G"/>
<point x="206.53" y="222.01" b="G"/>
<point x="198.97" y="222.01" b="G"/>
<point x="191.62" y="222.01" b="C"/>
<point x="186.43" y="227.57" b="N"/>
<point x="186.28" y="234.92" b="U"/>
<point x="186.28" y="242.48" b="U"/>
<point x="186.28" y="250.04" b="U"/>
<point x="186.28" y="257.60" b="U"/>
<point x="186.28" y="265.16" b="U"/>
<point x="186.28" y="272.72" b="U"/>
<point x="186.43" y="280.49" b="N"/>
</structure>