<structure>
<point x="19.66" y="228.61" b="Y"/>
<point x="24.80" y="223.27" b="U"/>
<point x="24.59" y="215.71" b="G"/>
<point x="24.80" y="208.15" b="C"/>
<point x="25.01" y="200.59" b="A"/>
<point x="24.80" y="193.03" b="U"/>
<point x="24.95" y="185.67" b="N"/>
<point x="24.80" y="177.91" b="C"/>
<point x="20.30" y="171.99" b="A"/>
<point x="20.30" y="164.43" b="Y"/>
<point x="24.80" y="158.51" b="U"/>
<point x="24.59" y="150.95" b="G"/>
<point x="18.46" y="147.17" b="A"/>
<point x="25.01" y="143.39" b="Y"/>
<point x="25.01" y="135.83" b="A"/>
<point x="24.59" y="128.27" b="G"/>
<point x="24.95" y="120.92" b="N"/>
<point x="24.80" y="113.15" b="C"/>
<point x="24.80" y="105.59" b="C"/>
<point x="20.09" y="99.68" b="U"/>
<point x="20.30" y="92.12" b="Y"/>
<point x="24.59" y="86.20" b="G"/>
<point x="25.01" y="78.64" b="A"/>
<point x="24.95" y="71.29" b="N"/>
<point x="24.80" y="63.52" b="C"/>
<point x="25.01" y="55.96" b="A"/>
<point x="24.59" y="48.40" b="G"/>
<point x="24.80" y="40.84" b="U"/>
<point x="21.40" y="34.09" b="U"/>
<point x="23.98" y="26.98" b="U"/>
<point x="30.71" y="23.98" b="G"/>
<point x="38.07" y="26.98" b="Y"/>
<point x="40.59" y="34.29" b="N"/>
<point x="36.83" y="40.84" b="G"/>
<point x="37.04" y="48.40" b="U"/>
<point x="37.04" y="55.96" b="U"/>
<point x="36.83" y="63.52" b="G"/>
<point x="37.04" y="71.08" b="U"/>
<point x="37.04" y="78.64" b="U"/>
<point x="37.04" y="86.20" b="C"/>
<point x="44.59" y="86.62" b="U"/>
<point x="49.78" y="92.12" b="U"/>
<point x="49.99" y="99.68" b="Y"/>
<point x="44.59" y="105.17" b="U"/>
<point x="36.83" y="105.59" b="G"/>
<point x="36.83" y="113.15" b="G"/>
<point x="37.04" y="120.71" b="U"/>
<point x="37.25" y="128.27" b="Y"/>
<point x="37.04" y="135.83" b="U"/>
<point x="36.83" y="143.39" b="G"/>
<point x="37.25" y="150.95" b="Y"/>
<point x="37.25" y="158.51" b="A"/>
<point x="44.09" y="161.25" b="C"/>
<point x="47.03" y="168.21" b="U"/>
<point x="44.30" y="175.17" b="A"/>
<point x="36.83" y="177.91" b="G"/>
<point x="36.83" y="185.47" b="G"/>
<point x="37.25" y="193.03" b="A"/>
<point x="37.04" y="200.59" b="U"/>
<point x="36.83" y="208.15" b="G"/>
<point x="37.04" y="215.71" b="C"/>
<point x="37.25" y="223.27" b="A"/>
<point x="42.59" y="228.61" b="A"/>
<point x="50.15" y="228.61" b="A"/>
<point x="57.71" y="228.61" b="A"/>
<point x="64.86" y="228.61" b="G"/>
<point x="72.63" y="228.61" b="R"/>
<point x="80.39" y="228.61" b="A"/>
<point x="87.95" y="228.61" b="A"/>
<point x="95.51" y="228.61" b="A"/>
<point x="103.02" y="228.82" b="N"/>
<point x="110.58" y="228.82" b="N"/>
<point x="115.77" y="223.27" b="U"/>
<point x="115.77" y="215.71" b="C"/>
<point x="115.77" y="208.15" b="C"/>
<point x="115.77" y="200.59" b="C"/>
<point x="115.77" y="193.03" b="U"/>
<point x="115.56" y="185.47" b="G"/>
<point x="111.22" y="179.76" b="N"/>
<point x="110.86" y="171.99" b="G"/>
<point x="115.98" y="166.07" b="Y"/>
<point x="111.22" y="160.36" b="N"/>
<point x="111.07" y="152.60" b="U"/>
<point x="115.98" y="146.68" b="Y"/>
<point x="115.77" y="139.12" b="C"/>
<point x="115.77" y="131.56" b="U"/>
<point x="115.56" y="124.00" b="G"/>
<point x="112.88" y="117.10" b="Y"/>
<point x="115.77" y="110.21" b="C"/>
<point x="115.77" y="102.65" b="U"/>
<point x="115.56" y="95.09" b="G"/>
<point x="115.98" y="87.53" b="Y"/>
<point x="115.77" y="79.97" b="C"/>
<point x="112.37" y="73.22" b="U"/>
<point x="115.16" y="66.11" b="Y"/>
<point x="121.89" y="63.11" b="U"/>
<point x="128.62" y="66.11" b="G"/>
<point x="131.41" y="73.22" b="U"/>
<point x="127.80" y="79.97" b="G"/>
<point x="127.80" y="87.53" b="G"/>
<point x="128.01" y="95.09" b="C"/>
<point x="128.16" y="102.86" b="N"/>
<point x="127.80" y="110.21" b="G"/>
<point x="135.11" y="113.32" b="Y"/>
<point x="135.11" y="120.88" b="Y"/>
<point x="128.22" y="124.00" b="Y"/>
<point x="128.22" y="131.56" b="A"/>
<point x="127.80" y="139.12" b="G"/>
<point x="128.22" y="146.68" b="A"/>
<point x="132.72" y="152.60" b="U"/>
<point x="132.72" y="160.16" b="U"/>
<point x="127.80" y="166.07" b="G"/>
<point x="135.27" y="168.81" b="A"/>
<point x="138.21" y="175.77" b="A"/>
<point x="135.06" y="182.73" b="U"/>
<point x="128.01" y="185.47" b="U"/>
<point x="128.01" y="193.03" b="R"/>
<point x="127.80" y="200.59" b="G"/>
<point x="127.80" y="208.15" b="G"/>
<point x="128.01" y="215.71" b="R"/>
<point x="128.16" y="223.47" b="N"/>
<point x="133.36" y="228.61" b="R"/>
<point x="140.92" y="228.61" b="U"/>
<point x="148.68" y="228.61" b="A"/>
<point x="156.04" y="228.61" b="C"/>
<point x="163.80" y="228.61" b="A"/>
<point x="171.16" y="228.61" b="U"/>
<point x="178.72" y="228.61" b="C"/>
<point x="186.28" y="228.61" b="U"/>
</structure>