<structure>
<point x="83.29" y="256.10" b="A"/>
<point x="90.80" y="256.31" b="N"/>
<point x="95.99" y="250.75" b="U"/>
<point x="95.78" y="243.19" b="G"/>
<point x="95.99" y="235.63" b="U"/>
<point x="95.78" y="228.07" b="G"/>
<point x="95.99" y="220.51" b="C"/>
<point x="95.99" y="212.95" b="C"/>
<point x="88.48" y="212.16" b="U"/>
<point x="81.25" y="210.78" b="A"/>
<point x="73.75" y="208.80" b="U"/>
<point x="66.42" y="206.25" b="G"/>
<point x="59.95" y="203.13" b="A"/>
<point x="53.12" y="199.48" b="U"/>
<point x="46.61" y="195.31" b="G"/>
<point x="41.07" y="190.65" b="A"/>
<point x="35.51" y="185.53" b="A"/>
<point x="30.32" y="180.19" b="N"/>
<point x="25.49" y="174.04" b="U"/>
<point x="21.09" y="167.75" b="G"/>
<point x="17.63" y="161.14" b="U"/>
<point x="14.50" y="154.26" b="U"/>
<point x="12.08" y="147.36" b="N"/>
<point x="10.08" y="140.07" b="N"/>
<point x="8.67" y="132.64" b="N"/>
<point x="7.91" y="124.92" b="A"/>
<point x="7.50" y="117.36" b="C"/>
<point x="7.90" y="109.81" b="C"/>
<point x="8.89" y="102.32" b="U"/>
<point x="10.27" y="94.93" b="G"/>
<point x="12.66" y="87.69" b="U"/>
<point x="15.20" y="80.64" b="G"/>
<point x="18.71" y="73.84" b="U"/>
<point x="22.55" y="67.33" b="C"/>
<point x="27.09" y="61.14" b="A"/>
<point x="31.50" y="55.31" b="G"/>
<point x="36.77" y="49.90" b="G"/>
<point x="42.87" y="44.91" b="A"/>
<point x="48.73" y="40.40" b="U"/>
<point x="55.14" y="36.39" b="U"/>
<point x="61.85" y="32.90" b="U"/>
<point x="68.60" y="29.96" b="G"/>
<point x="76.20" y="27.59" b="A"/>
<point x="83.54" y="25.79" b="A"/>
<point x="90.80" y="24.59" b="C"/>
<point x="98.48" y="24.19" b="N"/>
<point x="106.10" y="23.98" b="A"/>
<point x="113.43" y="24.59" b="C"/>
<point x="120.89" y="25.79" b="U"/>
<point x="128.03" y="27.59" b="G"/>
<point x="135.20" y="29.96" b="G"/>
<point x="142.17" y="32.90" b="G"/>
<point x="149.09" y="36.39" b="C"/>
<point x="155.70" y="40.40" b="A"/>
<point x="161.56" y="44.91" b="U"/>
<point x="167.04" y="49.90" b="G"/>
<point x="172.52" y="55.31" b="U"/>
<point x="177.55" y="61.14" b="A"/>
<point x="181.89" y="67.33" b="A"/>
<point x="185.72" y="73.84" b="A"/>
<point x="188.82" y="80.64" b="U"/>
<point x="191.57" y="87.69" b="C"/>
<point x="193.74" y="94.93" b="U"/>
<point x="195.34" y="102.32" b="C"/>
<point x="196.54" y="109.81" b="A"/>
<point x="196.88" y="117.57" b="N"/>
<point x="196.52" y="124.92" b="U"/>
<point x="195.91" y="132.43" b="A"/>
<point x="194.09" y="139.86" b="G"/>
<point x="192.09" y="147.15" b="G"/>
<point x="189.73" y="154.26" b="U"/>
<point x="186.60" y="161.14" b="U"/>
<point x="182.93" y="167.75" b="U"/>
<point x="178.74" y="174.04" b="U"/>
<point x="174.06" y="179.98" b="U"/>
<point x="168.93" y="185.53" b="U"/>
<point x="163.51" y="190.86" b="N"/>
<point x="157.56" y="195.52" b="N"/>
<point x="151.26" y="199.69" b="N"/>
<point x="144.64" y="203.34" b="N"/>
<point x="137.60" y="206.25" b="C"/>
<point x="130.48" y="208.80" b="U"/>
<point x="122.97" y="210.78" b="G"/>
<point x="115.96" y="212.16" b="A"/>
<point x="108.02" y="212.95" b="G"/>
<point x="108.02" y="220.51" b="G"/>
<point x="108.23" y="228.07" b="C"/>
<point x="108.44" y="235.63" b="A"/>
<point x="108.23" y="243.19" b="U"/>
<point x="108.23" y="250.75" b="R"/>
<point x="113.58" y="256.10" b="U"/>
<point x="121.14" y="256.10" b="U"/>
</structure>