<structure>
<point x="93.71" y="246.14" b="N"/>
<point x="93.56" y="238.38" b="R"/>
<point x="93.35" y="230.81" b="G"/>
<point x="93.77" y="223.25" b="Y"/>
<point x="93.77" y="215.69" b="Y"/>
<point x="93.77" y="208.13" b="A"/>
<point x="86.19" y="207.53" b="N"/>
<point x="78.77" y="206.11" b="N"/>
<point x="71.33" y="203.88" b="U"/>
<point x="64.03" y="201.26" b="G"/>
<point x="57.54" y="198.28" b="N"/>
<point x="50.97" y="194.54" b="N"/>
<point x="44.36" y="190.06" b="G"/>
<point x="38.85" y="185.51" b="N"/>
<point x="33.39" y="180.28" b="N"/>
<point x="28.38" y="174.62" b="N"/>
<point x="23.84" y="168.58" b="N"/>
<point x="19.67" y="161.97" b="U"/>
<point x="16.39" y="155.26" b="A"/>
<point x="13.26" y="148.29" b="U"/>
<point x="10.91" y="141.10" b="C"/>
<point x="9.37" y="133.75" b="A"/>
<point x="8.02" y="126.27" b="C"/>
<point x="7.50" y="118.73" b="C"/>
<point x="7.80" y="111.17" b="A"/>
<point x="8.31" y="103.65" b="C"/>
<point x="9.64" y="96.20" b="C"/>
<point x="11.57" y="88.90" b="C"/>
<point x="14.31" y="81.77" b="A"/>
<point x="17.20" y="74.88" b="U"/>
<point x="20.86" y="68.26" b="C"/>
<point x="25.04" y="61.96" b="U"/>
<point x="29.52" y="56.03" b="G"/>
<point x="35.09" y="50.50" b="A"/>
<point x="40.69" y="45.42" b="A"/>
<point x="46.26" y="40.81" b="G"/>
<point x="52.82" y="36.70" b="C"/>
<point x="59.69" y="33.13" b="A"/>
<point x="66.21" y="30.12" b="G"/>
<point x="73.72" y="27.89" b="N"/>
<point x="80.91" y="25.84" b="C"/>
<point x="88.36" y="24.60" b="U"/>
<point x="95.69" y="23.98" b="G"/>
<point x="103.67" y="23.98" b="A"/>
<point x="111.20" y="24.60" b="A"/>
<point x="118.45" y="25.84" b="U"/>
<point x="125.57" y="27.68" b="G"/>
<point x="132.94" y="30.12" b="U"/>
<point x="139.88" y="33.13" b="C"/>
<point x="146.74" y="36.70" b="A"/>
<point x="152.68" y="40.81" b="G"/>
<point x="158.88" y="45.42" b="U"/>
<point x="164.47" y="50.50" b="C"/>
<point x="169.63" y="56.03" b="U"/>
<point x="174.10" y="61.96" b="G"/>
<point x="178.50" y="68.26" b="C"/>
<point x="182.36" y="74.88" b="A"/>
<point x="185.26" y="81.77" b="U"/>
<point x="187.57" y="88.90" b="G"/>
<point x="189.72" y="96.20" b="U"/>
<point x="190.84" y="103.65" b="G"/>
<point x="191.76" y="111.17" b="C"/>
<point x="192.06" y="118.73" b="A"/>
<point x="191.12" y="126.27" b="G"/>
<point x="190.40" y="133.75" b="A"/>
<point x="188.65" y="141.10" b="A"/>
<point x="186.31" y="148.29" b="A"/>
<point x="183.18" y="155.26" b="U"/>
<point x="179.48" y="161.97" b="G"/>
<point x="175.67" y="168.37" b="U"/>
<point x="170.92" y="174.42" b="G"/>
<point x="166.32" y="180.07" b="A"/>
<point x="160.65" y="185.30" b="U"/>
<point x="154.93" y="190.27" b="N"/>
<point x="148.69" y="194.54" b="N"/>
<point x="141.97" y="198.07" b="U"/>
<point x="135.12" y="201.26" b="C"/>
<point x="128.02" y="203.88" b="U"/>
<point x="120.53" y="205.90" b="G"/>
<point x="113.52" y="207.32" b="A"/>
<point x="105.80" y="208.13" b="U"/>
<point x="105.59" y="215.69" b="G"/>
<point x="105.59" y="223.25" b="G"/>
<point x="105.80" y="230.81" b="C"/>
<point x="105.80" y="238.38" b="U"/>
<point x="106.00" y="245.94" b="A"/>
</structure>