<structure>
<point x="86.16" y="216.36" b="U"/>
<point x="85.95" y="208.80" b="G"/>
<point x="86.16" y="201.24" b="C"/>
<point x="86.31" y="193.89" b="N"/>
<point x="78.66" y="192.80" b="R"/>
<point x="71.25" y="191.26" b="R"/>
<point x="64.02" y="189.06" b="U"/>
<point x="56.80" y="186.23" b="G"/>
<point x="50.48" y="182.79" b="A"/>
<point x="43.88" y="178.77" b="U"/>
<point x="37.65" y="174.19" b="G"/>
<point x="32.42" y="169.30" b="N"/>
<point x="27.16" y="163.53" b="R"/>
<point x="22.77" y="157.52" b="A"/>
<point x="18.67" y="151.34" b="N"/>
<point x="15.21" y="144.62" b="N"/>
<point x="12.21" y="137.41" b="R"/>
<point x="10.14" y="130.39" b="N"/>
<point x="8.58" y="123.00" b="N"/>
<point x="7.53" y="115.28" b="U"/>
<point x="7.50" y="107.73" b="A"/>
<point x="7.73" y="100.18" b="U"/>
<point x="8.84" y="92.70" b="U"/>
<point x="10.61" y="85.35" b="U"/>
<point x="12.82" y="78.19" b="G"/>
<point x="16.07" y="71.27" b="C"/>
<point x="19.72" y="64.64" b="U"/>
<point x="24.08" y="58.58" b="N"/>
<point x="28.84" y="52.71" b="N"/>
<point x="33.96" y="47.07" b="U"/>
<point x="39.68" y="42.13" b="C"/>
<point x="46.03" y="37.72" b="Y"/>
<point x="52.48" y="34.08" b="N"/>
<point x="59.16" y="30.62" b="R"/>
<point x="66.45" y="27.99" b="A"/>
<point x="73.68" y="26.20" b="N"/>
<point x="80.76" y="24.66" b="G"/>
<point x="88.50" y="23.98" b="R"/>
<point x="96.21" y="24.19" b="N"/>
<point x="103.59" y="24.66" b="R"/>
<point x="111.19" y="26.20" b="N"/>
<point x="118.48" y="28.20" b="N"/>
<point x="125.20" y="30.62" b="G"/>
<point x="132.24" y="33.88" b="R"/>
<point x="138.75" y="37.72" b="U"/>
<point x="144.68" y="42.13" b="G"/>
<point x="150.82" y="47.07" b="A"/>
<point x="156.08" y="52.50" b="Y"/>
<point x="160.63" y="58.37" b="R"/>
<point x="165.00" y="64.85" b="N"/>
<point x="168.50" y="71.27" b="U"/>
<point x="171.75" y="78.19" b="Y"/>
<point x="174.16" y="85.35" b="Y"/>
<point x="175.88" y="92.91" b="N"/>
<point x="176.98" y="100.39" b="N"/>
<point x="177.48" y="107.73" b="A"/>
<point x="177.25" y="115.28" b="Y"/>
<point x="176.14" y="122.79" b="C"/>
<point x="174.78" y="130.19" b="A"/>
<point x="172.36" y="137.41" b="C"/>
<point x="169.51" y="144.42" b="C"/>
<point x="166.25" y="151.14" b="A"/>
<point x="162.21" y="157.52" b="A"/>
<point x="157.19" y="163.53" b="G"/>
<point x="152.50" y="169.10" b="A"/>
<point x="146.71" y="174.19" b="U"/>
<point x="140.69" y="178.77" b="C"/>
<point x="134.44" y="183.00" b="N"/>
<point x="127.56" y="186.23" b="C"/>
<point x="120.55" y="189.06" b="U"/>
<point x="113.10" y="191.26" b="G"/>
<point x="106.12" y="192.80" b="A"/>
<point x="98.55" y="193.89" b="N"/>
<point x="98.19" y="201.24" b="G"/>
<point x="98.40" y="208.80" b="C"/>
<point x="98.61" y="216.36" b="A"/>
</structure>