<structure>
<point x="26.22" y="110.57" b="Y"/>
<point x="26.01" y="103.01" b="C"/>
<point x="26.22" y="95.45" b="A"/>
<point x="26.22" y="87.89" b="Y"/>
<point x="25.80" y="80.33" b="G"/>
<point x="25.80" y="72.77" b="G"/>
<point x="19.25" y="69.82" b="Y"/>
<point x="13.08" y="64.92" b="G"/>
<point x="9.06" y="58.52" b="G"/>
<point x="7.55" y="51.21" b="Y"/>
<point x="7.50" y="43.66" b="G"/>
<point x="10.11" y="36.56" b="G"/>
<point x="14.94" y="30.58" b="C"/>
<point x="21.14" y="26.25" b="U"/>
<point x="28.14" y="23.98" b="G"/>
<point x="35.70" y="23.98" b="G"/>
<point x="42.91" y="26.25" b="G"/>
<point x="49.11" y="30.58" b="G"/>
<point x="54.09" y="36.77" b="N"/>
<point x="56.55" y="43.66" b="C"/>
<point x="57.12" y="51.21" b="A"/>
<point x="54.78" y="58.52" b="G"/>
<point x="50.97" y="64.92" b="C"/>
<point x="45.21" y="69.82" b="C"/>
<point x="38.46" y="72.77" b="Y"/>
<point x="38.25" y="80.33" b="C"/>
<point x="38.46" y="87.89" b="A"/>
<point x="38.25" y="95.45" b="U"/>
<point x="38.04" y="103.01" b="G"/>
<point x="38.04" y="110.57" b="G"/>
<point x="43.80" y="115.92" b="Y"/>
<point x="50.95" y="115.92" b="G"/>
<point x="58.51" y="115.92" b="G"/>
<point x="66.48" y="115.92" b="Y"/>
<point x="73.63" y="115.92" b="G"/>
<point x="81.19" y="115.92" b="G"/>
<point x="88.96" y="115.92" b="C"/>
<point x="96.52" y="115.92" b="U"/>
<point x="103.87" y="115.92" b="G"/>
<point x="111.43" y="115.92" b="G"/>
</structure>