<structure>
<point x="19.66" y="210.72" b="Y"/>
<point x="26.80" y="210.72" b="G"/>
<point x="34.58" y="210.72" b="R"/>
<point x="42.13" y="210.72" b="C"/>
<point x="49.70" y="210.72" b="C"/>
<point x="57.41" y="210.93" b="N"/>
<point x="64.97" y="210.93" b="N"/>
<point x="72.17" y="210.72" b="G"/>
<point x="79.94" y="210.72" b="U"/>
<point x="87.50" y="210.72" b="U"/>
<point x="92.84" y="205.37" b="C"/>
<point x="93.05" y="197.81" b="A"/>
<point x="93.05" y="190.25" b="A"/>
<point x="92.63" y="182.69" b="G"/>
<point x="92.84" y="175.13" b="U"/>
<point x="93.05" y="167.57" b="A"/>
<point x="93.05" y="160.01" b="A"/>
<point x="92.84" y="152.45" b="U"/>
<point x="92.84" y="144.89" b="C"/>
<point x="89.74" y="138.00" b="C"/>
<point x="93.05" y="131.10" b="A"/>
<point x="92.63" y="123.54" b="G"/>
<point x="92.63" y="115.98" b="G"/>
<point x="93.05" y="108.42" b="A"/>
<point x="92.84" y="100.86" b="U"/>
<point x="93.05" y="93.30" b="A"/>
<point x="92.63" y="85.74" b="G"/>
<point x="92.63" y="78.18" b="G"/>
<point x="92.84" y="70.62" b="C"/>
<point x="85.94" y="67.53" b="U"/>
<point x="80.15" y="62.43" b="G"/>
<point x="76.67" y="55.83" b="U"/>
<point x="75.04" y="48.41" b="G"/>
<point x="76.38" y="41.12" b="N"/>
<point x="79.68" y="34.31" b="N"/>
<point x="84.94" y="28.89" b="N"/>
<point x="91.65" y="25.40" b="N"/>
<point x="98.96" y="23.98" b="U"/>
<point x="106.57" y="25.40" b="N"/>
<point x="113.34" y="28.68" b="Y"/>
<point x="118.40" y="34.11" b="C"/>
<point x="121.84" y="41.12" b="N"/>
<point x="122.82" y="48.61" b="N"/>
<point x="121.40" y="56.04" b="N"/>
<point x="117.71" y="62.64" b="N"/>
<point x="112.13" y="67.74" b="N"/>
<point x="104.87" y="70.62" b="G"/>
<point x="105.08" y="78.18" b="C"/>
<point x="105.08" y="85.74" b="C"/>
<point x="105.08" y="93.30" b="U"/>
<point x="105.29" y="100.86" b="A"/>
<point x="105.08" y="108.42" b="U"/>
<point x="105.23" y="116.19" b="N"/>
<point x="105.08" y="123.54" b="C"/>
<point x="105.08" y="131.10" b="U"/>
<point x="108.18" y="138.00" b="U"/>
<point x="104.87" y="144.89" b="G"/>
<point x="105.08" y="152.45" b="R"/>
<point x="105.08" y="160.01" b="U"/>
<point x="105.08" y="167.57" b="U"/>
<point x="105.29" y="175.13" b="A"/>
<point x="105.08" y="182.69" b="C"/>
<point x="105.08" y="190.25" b="U"/>
<point x="105.08" y="197.81" b="U"/>
<point x="104.87" y="205.37" b="G"/>
<point x="110.43" y="210.72" b="C"/>
<point x="118.14" y="210.93" b="N"/>
<point x="125.55" y="210.72" b="C"/>
<point x="133.26" y="210.93" b="N"/>
<point x="140.46" y="210.72" b="G"/>
<point x="148.02" y="210.72" b="G"/>
<point x="155.79" y="210.72" b="R"/>
<point x="163.35" y="210.72" b="R"/>
<point x="171.06" y="210.93" b="N"/>
</structure>