<structure>
<point x="100.43" y="267.95" b="G"/>
<point x="100.79" y="260.60" b="N"/>
<point x="100.64" y="252.83" b="U"/>
<point x="100.64" y="245.27" b="U"/>
<point x="100.43" y="237.71" b="G"/>
<point x="100.43" y="230.15" b="G"/>
<point x="100.64" y="222.59" b="C"/>
<point x="93.27" y="222.05" b="N"/>
<point x="85.67" y="220.52" b="R"/>
<point x="78.50" y="218.84" b="N"/>
<point x="70.98" y="216.20" b="G"/>
<point x="64.45" y="213.23" b="A"/>
<point x="57.54" y="209.74" b="U"/>
<point x="50.90" y="205.75" b="G"/>
<point x="45.22" y="201.28" b="A"/>
<point x="39.27" y="196.37" b="U"/>
<point x="33.92" y="191.03" b="R"/>
<point x="29.14" y="185.51" b="N"/>
<point x="24.71" y="179.21" b="A"/>
<point x="20.65" y="173.01" b="N"/>
<point x="17.14" y="166.31" b="N"/>
<point x="14.15" y="159.37" b="N"/>
<point x="11.55" y="152.01" b="U"/>
<point x="9.80" y="144.90" b="N"/>
<point x="8.45" y="137.46" b="N"/>
<point x="7.53" y="129.73" b="C"/>
<point x="7.54" y="122.17" b="A"/>
<point x="7.50" y="114.62" b="G"/>
<point x="8.66" y="107.12" b="C"/>
<point x="10.18" y="99.72" b="U"/>
<point x="12.25" y="92.45" b="U"/>
<point x="14.87" y="85.36" b="R"/>
<point x="18.17" y="78.69" b="N"/>
<point x="21.84" y="72.08" b="N"/>
<point x="26.05" y="65.56" b="A"/>
<point x="30.67" y="59.58" b="Y"/>
<point x="35.32" y="53.96" b="G"/>
<point x="41.01" y="48.75" b="C"/>
<point x="46.87" y="43.97" b="C"/>
<point x="53.28" y="39.65" b="A"/>
<point x="59.38" y="35.82" b="G"/>
<point x="66.37" y="32.48" b="U"/>
<point x="73.39" y="29.68" b="U"/>
<point x="80.60" y="27.41" b="C"/>
<point x="87.97" y="25.70" b="U"/>
<point x="95.23" y="24.56" b="G"/>
<point x="102.98" y="23.98" b="C"/>
<point x="110.54" y="23.98" b="U"/>
<point x="118.08" y="24.56" b="U"/>
<point x="125.55" y="25.70" b="C"/>
<point x="133.06" y="27.62" b="N"/>
<point x="139.92" y="29.68" b="G"/>
<point x="147.35" y="32.48" b="A"/>
<point x="154.08" y="36.02" b="N"/>
<point x="160.65" y="39.65" b="A"/>
<point x="166.86" y="43.97" b="A"/>
<point x="172.51" y="48.75" b="U"/>
<point x="178.14" y="54.17" b="N"/>
<point x="183.05" y="59.58" b="C"/>
<point x="187.83" y="65.77" b="N"/>
<point x="191.83" y="71.87" b="U"/>
<point x="195.29" y="78.48" b="G"/>
<point x="198.85" y="85.36" b="A"/>
<point x="201.48" y="92.45" b="Y"/>
<point x="203.49" y="99.92" b="N"/>
<point x="204.65" y="107.12" b="G"/>
<point x="206.01" y="114.62" b="A"/>
<point x="206.34" y="122.38" b="N"/>
<point x="206.19" y="129.73" b="A"/>
<point x="205.42" y="137.25" b="A"/>
<point x="204.08" y="144.69" b="A"/>
<point x="201.76" y="152.01" b="G"/>
<point x="199.52" y="159.16" b="C"/>
<point x="196.53" y="166.10" b="U"/>
<point x="192.81" y="172.80" b="G"/>
<point x="189.22" y="179.21" b="A"/>
<point x="184.53" y="185.30" b="U"/>
<point x="179.75" y="191.24" b="N"/>
<point x="174.45" y="196.37" b="Y"/>
<point x="168.66" y="201.49" b="N"/>
<point x="162.55" y="205.96" b="N"/>
<point x="156.19" y="209.74" b="A"/>
<point x="149.28" y="213.23" b="U"/>
<point x="142.32" y="216.20" b="C"/>
<point x="135.37" y="218.63" b="Y"/>
<point x="127.64" y="220.52" b="G"/>
<point x="120.61" y="221.84" b="A"/>
<point x="112.67" y="222.59" b="G"/>
<point x="112.88" y="230.15" b="C"/>
<point x="113.09" y="237.71" b="Y"/>
<point x="113.03" y="245.48" b="N"/>
<point x="113.03" y="253.04" b="N"/>
<point x="113.03" y="260.60" b="N"/>
<point x="113.09" y="267.95" b="Y"/>
</structure>