<structure>
<point x="19.60" y="258.46" b="N"/>
<point x="27.02" y="258.25" b="C"/>
<point x="34.78" y="258.25" b="Y"/>
<point x="42.28" y="258.46" b="N"/>
<point x="47.63" y="253.12" b="N"/>
<point x="47.27" y="245.35" b="G"/>
<point x="47.48" y="237.79" b="C"/>
<point x="41.89" y="232.70" b="U"/>
<point x="40.02" y="225.43" b="Y"/>
<point x="41.89" y="218.16" b="U"/>
<point x="47.69" y="213.08" b="A"/>
<point x="47.27" y="205.52" b="G"/>
<point x="47.48" y="197.96" b="C"/>
<point x="47.69" y="190.40" b="A"/>
<point x="47.27" y="182.84" b="G"/>
<point x="47.48" y="175.28" b="C"/>
<point x="47.69" y="167.72" b="A"/>
<point x="47.48" y="160.16" b="C"/>
<point x="41.68" y="155.07" b="G"/>
<point x="39.81" y="147.80" b="U"/>
<point x="42.09" y="140.53" b="A"/>
<point x="47.69" y="135.45" b="A"/>
<point x="47.69" y="127.89" b="A"/>
<point x="47.48" y="120.33" b="U"/>
<point x="47.69" y="112.77" b="A"/>
<point x="47.48" y="105.21" b="U"/>
<point x="47.48" y="97.65" b="U"/>
<point x="47.27" y="90.09" b="G"/>
<point x="47.27" y="82.53" b="G"/>
<point x="40.55" y="80.04" b="Y"/>
<point x="33.85" y="75.84" b="G"/>
<point x="29.04" y="70.18" b="U"/>
<point x="25.77" y="63.65" b="N"/>
<point x="24.00" y="56.05" b="R"/>
<point x="24.46" y="48.71" b="N"/>
<point x="26.50" y="41.27" b="R"/>
<point x="30.46" y="34.82" b="R"/>
<point x="36.06" y="29.79" b="N"/>
<point x="42.51" y="25.89" b="R"/>
<point x="50.03" y="23.98" b="Y"/>
<point x="57.53" y="24.19" b="N"/>
<point x="64.85" y="26.10" b="N"/>
<point x="71.29" y="29.59" b="R"/>
<point x="76.89" y="35.03" b="N"/>
<point x="80.70" y="41.27" b="R"/>
<point x="83.10" y="48.50" b="Y"/>
<point x="83.35" y="56.26" b="N"/>
<point x="81.73" y="63.65" b="N"/>
<point x="78.31" y="70.39" b="N"/>
<point x="73.14" y="75.84" b="C"/>
<point x="67.01" y="80.25" b="N"/>
<point x="59.72" y="82.53" b="C"/>
<point x="59.72" y="90.09" b="C"/>
<point x="59.93" y="97.65" b="A"/>
<point x="59.72" y="105.21" b="R"/>
<point x="59.72" y="112.77" b="U"/>
<point x="59.93" y="120.33" b="A"/>
<point x="59.72" y="127.89" b="U"/>
<point x="59.72" y="135.45" b="U"/>
<point x="66.88" y="137.88" b="R"/>
<point x="71.28" y="144.02" b="R"/>
<point x="71.28" y="151.58" b="C"/>
<point x="66.88" y="157.73" b="U"/>
<point x="59.51" y="160.16" b="G"/>
<point x="59.72" y="167.72" b="U"/>
<point x="59.51" y="175.28" b="G"/>
<point x="59.72" y="182.84" b="C"/>
<point x="59.72" y="190.40" b="U"/>
<point x="59.51" y="197.96" b="G"/>
<point x="59.72" y="205.52" b="C"/>
<point x="59.72" y="213.08" b="U"/>
<point x="65.47" y="218.37" b="N"/>
<point x="67.54" y="225.64" b="N"/>
<point x="65.52" y="232.70" b="A"/>
<point x="59.51" y="237.79" b="G"/>
<point x="59.72" y="245.35" b="U"/>
<point x="59.87" y="253.12" b="N"/>
<point x="65.27" y="258.25" b="A"/>
<point x="72.42" y="258.25" b="G"/>
<point x="79.98" y="258.25" b="G"/>
<point x="87.95" y="258.25" b="Y"/>
</structure>