<structure>
<point x="42.56" y="222.25" b="N"/>
<point x="50.12" y="222.25" b="N"/>
<point x="57.53" y="222.04" b="C"/>
<point x="65.24" y="222.25" b="N"/>
<point x="72.65" y="222.04" b="R"/>
<point x="80.21" y="222.04" b="R"/>
<point x="87.97" y="222.04" b="A"/>
<point x="95.48" y="222.25" b="N"/>
<point x="102.68" y="222.04" b="G"/>
<point x="110.60" y="222.25" b="N"/>
<point x="117.80" y="222.04" b="G"/>
<point x="125.72" y="222.25" b="N"/>
<point x="133.28" y="222.25" b="N"/>
<point x="140.84" y="222.25" b="N"/>
<point x="148.25" y="222.04" b="R"/>
<point x="155.60" y="222.04" b="G"/>
<point x="163.52" y="222.25" b="N"/>
<point x="170.93" y="222.04" b="R"/>
<point x="178.28" y="222.04" b="G"/>
<point x="186.05" y="222.04" b="R"/>
<point x="193.76" y="222.25" b="N"/>
<point x="201.17" y="222.04" b="R"/>
<point x="206.66" y="216.91" b="N"/>
<point x="206.30" y="209.14" b="G"/>
<point x="206.30" y="201.58" b="G"/>
<point x="199.01" y="200.68" b="R"/>
<point x="191.40" y="199.09" b="G"/>
<point x="184.55" y="197.05" b="N"/>
<point x="177.56" y="194.16" b="N"/>
<point x="170.87" y="190.64" b="N"/>
<point x="164.53" y="186.52" b="N"/>
<point x="158.59" y="181.84" b="N"/>
<point x="153.10" y="176.64" b="N"/>
<point x="148.11" y="170.97" b="N"/>
<point x="143.66" y="164.86" b="N"/>
<point x="139.63" y="158.16" b="R"/>
<point x="136.51" y="151.55" b="N"/>
<point x="133.93" y="144.26" b="A"/>
<point x="131.94" y="136.97" b="A"/>
<point x="130.43" y="129.52" b="C"/>
<point x="122.88" y="129.93" b="U"/>
<point x="115.48" y="130.55" b="N"/>
<point x="107.94" y="130.96" b="N"/>
<point x="100.39" y="131.37" b="N"/>
<point x="99.04" y="138.62" b="U"/>
<point x="96.86" y="145.80" b="Y"/>
<point x="93.28" y="152.69" b="N"/>
<point x="88.57" y="158.52" b="R"/>
<point x="83.25" y="163.94" b="N"/>
<point x="77.00" y="168.20" b="N"/>
<point x="70.20" y="171.18" b="Y"/>
<point x="62.92" y="173.22" b="Y"/>
<point x="55.35" y="174.26" b="N"/>
<point x="47.65" y="173.66" b="R"/>
<point x="40.27" y="172.05" b="R"/>
<point x="33.39" y="169.47" b="N"/>
<point x="26.76" y="165.37" b="R"/>
<point x="20.99" y="160.48" b="R"/>
<point x="16.24" y="154.93" b="N"/>
<point x="12.34" y="148.46" b="N"/>
<point x="9.18" y="141.22" b="G"/>
<point x="7.97" y="133.84" b="Y"/>
<point x="7.50" y="126.50" b="N"/>
<point x="8.17" y="118.78" b="R"/>
<point x="9.98" y="111.49" b="G"/>
<point x="13.37" y="104.63" b="C"/>
<point x="17.77" y="98.59" b="N"/>
<point x="22.82" y="92.90" b="R"/>
<point x="28.84" y="88.33" b="R"/>
<point x="35.32" y="84.79" b="G"/>
<point x="42.90" y="82.39" b="Y"/>
<point x="49.95" y="81.18" b="G"/>
<point x="57.87" y="81.40" b="N"/>
<point x="65.17" y="82.43" b="R"/>
<point x="72.33" y="84.86" b="R"/>
<point x="78.79" y="88.41" b="G"/>
<point x="85.16" y="93.21" b="N"/>
<point x="90.35" y="98.71" b="N"/>
<point x="94.63" y="104.78" b="Y"/>
<point x="97.72" y="111.86" b="N"/>
<point x="99.72" y="119.15" b="N"/>
<point x="107.12" y="118.53" b="R"/>
<point x="114.82" y="118.33" b="N"/>
<point x="122.22" y="117.71" b="R"/>
<point x="129.56" y="117.30" b="G"/>
<point x="130.26" y="109.75" b="R"/>
<point x="131.59" y="102.49" b="N"/>
<point x="133.44" y="95.16" b="N"/>
<point x="135.60" y="87.83" b="G"/>
<point x="139.11" y="81.16" b="N"/>
<point x="142.88" y="74.61" b="N"/>
<point x="147.22" y="68.42" b="N"/>
<point x="152.12" y="62.66" b="N"/>
<point x="157.51" y="57.37" b="N"/>
<point x="163.37" y="52.59" b="N"/>
<point x="169.64" y="48.36" b="N"/>
<point x="176.27" y="44.73" b="N"/>
<point x="183.20" y="41.71" b="N"/>
<point x="190.23" y="39.13" b="C"/>
<point x="197.74" y="37.63" b="N"/>
<point x="205.23" y="36.59" b="N"/>
<point x="212.63" y="36.04" b="R"/>
<point x="220.19" y="36.39" b="R"/>
<point x="227.82" y="37.63" b="N"/>
<point x="235.19" y="39.33" b="N"/>
<point x="242.37" y="41.71" b="N"/>
<point x="249.30" y="44.73" b="N"/>
<point x="255.93" y="48.36" b="N"/>
<point x="262.19" y="52.59" b="N"/>
<point x="268.05" y="57.37" b="N"/>
<point x="273.45" y="62.66" b="N"/>
<point x="279.35" y="57.93" b="N"/>
<point x="284.89" y="53.00" b="G"/>
<point x="283.55" y="45.60" b="C"/>
<point x="284.83" y="38.33" b="N"/>
<point x="288.34" y="31.51" b="C"/>
<point x="294.08" y="26.59" b="C"/>
<point x="301.18" y="23.98" b="C"/>
<point x="308.89" y="24.23" b="N"/>
<point x="316.02" y="26.69" b="Y"/>
<point x="321.66" y="31.86" b="N"/>
<point x="324.91" y="38.30" b="G"/>
<point x="326.33" y="45.99" b="N"/>
<point x="324.57" y="53.17" b="C"/>
<point x="320.69" y="59.53" b="Y"/>
<point x="314.64" y="64.06" b="A"/>
<point x="307.39" y="66.20" b="Y"/>
<point x="299.64" y="65.67" b="C"/>
<point x="292.75" y="62.55" b="C"/>
<point x="287.00" y="67.48" b="N"/>
<point x="281.11" y="72.21" b="N"/>
<point x="285.10" y="78.63" b="N"/>
<point x="288.49" y="85.39" b="N"/>
<point x="291.10" y="92.22" b="R"/>
<point x="293.35" y="99.69" b="N"/>
<point x="294.79" y="107.11" b="N"/>
<point x="295.39" y="114.43" b="C"/>
<point x="295.67" y="121.98" b="Y"/>
<point x="294.99" y="129.73" b="N"/>
<point x="293.32" y="136.97" b="G"/>
<point x="291.55" y="144.26" b="C"/>
<point x="289.06" y="151.55" b="N"/>
<point x="285.64" y="158.16" b="C"/>
<point x="281.91" y="164.86" b="N"/>
<point x="277.10" y="170.76" b="G"/>
<point x="272.46" y="176.64" b="N"/>
<point x="266.97" y="181.84" b="N"/>
<point x="260.88" y="186.31" b="U"/>
<point x="254.69" y="190.64" b="N"/>
<point x="248.00" y="194.16" b="N"/>
<point x="241.08" y="196.85" b="Y"/>
<point x="233.65" y="199.09" b="C"/>
<point x="226.41" y="200.89" b="N"/>
<point x="218.75" y="201.58" b="C"/>
<point x="218.75" y="209.14" b="C"/>
<point x="218.90" y="216.91" b="N"/>
<point x="224.25" y="222.25" b="N"/>
<point x="231.81" y="222.25" b="N"/>
<point x="239.22" y="222.04" b="U"/>
<point x="246.99" y="222.04" b="Y"/>
<point x="254.34" y="222.04" b="C"/>
<point x="262.05" y="222.25" b="N"/>
<point x="269.61" y="222.25" b="N"/>
<point x="277.17" y="222.25" b="N"/>
<point x="284.73" y="222.25" b="N"/>
<point x="292.29" y="222.25" b="N"/>
<point x="299.85" y="222.25" b="N"/>
<point x="307.05" y="222.04" b="G"/>
<point x="314.82" y="222.04" b="U"/>
<point x="322.38" y="222.04" b="C"/>
<point x="330.09" y="222.25" b="N"/>
<point x="337.65" y="222.25" b="N"/>
<point x="345.26" y="222.04" b="Y"/>
<point x="352.77" y="222.25" b="N"/>
<point x="359.97" y="222.04" b="G"/>
<point x="367.53" y="222.04" b="G"/>
<point x="375.50" y="222.04" b="A"/>
<point x="382.65" y="222.04" b="G"/>
<point x="390.42" y="222.04" b="U"/>
<point x="397.77" y="222.04" b="G"/>
<point x="405.54" y="222.04" b="U"/>
<point x="410.88" y="216.70" b="U"/>
<point x="410.68" y="209.14" b="G"/>
<point x="410.68" y="201.58" b="G"/>
<point x="411.09" y="194.02" b="A"/>
<point x="403.65" y="191.23" b="G"/>
<point x="397.90" y="186.57" b="R"/>
<point x="393.52" y="180.42" b="U"/>
<point x="391.26" y="173.27" b="Y"/>
<point x="383.29" y="172.93" b="G"/>
<point x="375.74" y="172.59" b="G"/>
<point x="368.39" y="172.25" b="C"/>
<point x="361.52" y="175.24" b="N"/>
<point x="354.62" y="171.62" b="C"/>
<point x="347.27" y="171.28" b="Y"/>
<point x="339.66" y="171.15" b="N"/>
<point x="331.75" y="170.60" b="G"/>
<point x="324.41" y="170.26" b="C"/>
<point x="316.86" y="169.92" b="C"/>
<point x="315.24" y="177.31" b="C"/>
<point x="312.69" y="184.42" b="C"/>
<point x="309.24" y="191.15" b="C"/>
<point x="304.74" y="197.37" b="G"/>
<point x="299.89" y="202.99" b="C"/>
<point x="294.14" y="207.91" b="C"/>
<point x="288.02" y="212.04" b="Y"/>
<point x="281.00" y="215.32" b="U"/>
<point x="273.82" y="217.69" b="C"/>
<point x="266.40" y="219.11" b="C"/>
<point x="258.64" y="219.57" b="G"/>
<point x="251.31" y="219.04" b="C"/>
<point x="243.90" y="217.54" b="R"/>
<point x="236.74" y="215.10" b="C"/>
<point x="230.11" y="211.96" b="N"/>
<point x="223.68" y="207.56" b="C"/>
<point x="218.48" y="213.05" b="C"/>
<point x="215.08" y="219.81" b="C"/>
<point x="207.63" y="221.11" b="C"/>
<point x="202.35" y="215.91" b="A"/>
<point x="203.18" y="208.61" b="N"/>
<point x="209.38" y="204.64" b="G"/>
<point x="214.57" y="199.15" b="G"/>
<point x="210.25" y="193.10" b="R"/>
<point x="206.74" y="186.51" b="A"/>
<point x="203.91" y="179.50" b="A"/>
<point x="201.59" y="172.19" b="G"/>
<point x="200.65" y="164.69" b="G"/>
<point x="201.11" y="157.13" b="A"/>
<point x="202.12" y="149.63" b="A"/>
<point x="203.68" y="142.34" b="G"/>
<point x="206.79" y="135.36" b="C"/>
<point x="210.77" y="128.81" b="A"/>
<point x="204.75" y="123.98" b="C"/>
<point x="198.93" y="119.15" b="C"/>
<point x="192.89" y="114.60" b="C"/>
<point x="194.04" y="107.13" b="C"/>
<point x="201.18" y="104.62" b="C"/>
<point x="206.54" y="109.73" b="G"/>
<point x="212.36" y="114.56" b="G"/>
<point x="218.38" y="119.39" b="U"/>
<point x="224.33" y="114.47" b="A"/>
<point x="230.46" y="110.34" b="U"/>
<point x="237.27" y="107.06" b="U"/>
<point x="244.65" y="104.69" b="A"/>
<point x="252.08" y="103.27" b="A"/>
<point x="259.62" y="102.81" b="A"/>
<point x="267.17" y="103.34" b="A"/>
<point x="274.52" y="105.04" b="N"/>
<point x="281.32" y="107.28" b="G"/>
<point x="288.51" y="110.62" b="A"/>
<point x="294.60" y="114.82" b="R"/>
<point x="300.29" y="119.79" b="C"/>
<point x="305.45" y="125.66" b="N"/>
<point x="309.32" y="131.72" b="G"/>
<point x="312.91" y="138.48" b="R"/>
<point x="319.94" y="136.28" b="G"/>
<point x="327.38" y="134.09" b="C"/>
<point x="334.41" y="131.90" b="G"/>
<point x="335.53" y="124.42" b="G"/>
<point x="339.48" y="117.74" b="A"/>
<point x="345.03" y="112.60" b="A"/>
<point x="351.96" y="109.59" b="A"/>
<point x="359.08" y="109.04" b="G"/>
<point x="366.80" y="111.01" b="A"/>
<point x="373.03" y="115.29" b="A"/>
<point x="377.08" y="121.39" b="G"/>
<point x="379.48" y="128.63" b="C"/>
<point x="379.37" y="136.18" b="Y"/>
<point x="376.36" y="143.20" b="C"/>
<point x="371.39" y="148.90" b="U"/>
<point x="364.81" y="152.63" b="C"/>
<point x="357.58" y="153.98" b="A"/>
<point x="349.70" y="152.79" b="G"/>
<point x="343.26" y="149.20" b="U"/>
<point x="338.17" y="143.61" b="C"/>
<point x="330.73" y="145.80" b="G"/>
<point x="323.70" y="148.00" b="C"/>
<point x="316.67" y="150.19" b="Y"/>
<point x="317.20" y="157.69" b="G"/>
<point x="324.75" y="158.03" b="G"/>
<point x="332.51" y="158.38" b="C"/>
<point x="340.21" y="158.92" b="N"/>
<point x="347.41" y="159.06" b="G"/>
<point x="354.96" y="159.40" b="G"/>
<point x="351.03" y="153.38" b="N"/>
<point x="351.31" y="145.62" b="A"/>
<point x="355.56" y="139.67" b="G"/>
<point x="362.84" y="137.64" b="G"/>
<point x="370.12" y="140.31" b="C"/>
<point x="374.02" y="146.66" b="G"/>
<point x="373.99" y="154.21" b="A"/>
<point x="368.74" y="160.02" b="G"/>
<point x="376.50" y="160.36" b="C"/>
<point x="384.26" y="160.70" b="Y"/>
<point x="391.39" y="161.04" b="G"/>
<point x="394.91" y="154.15" b="A"/>
<point x="399.63" y="148.41" b="U"/>
<point x="405.76" y="144.30" b="G"/>
<point x="404.50" y="136.89" b="C"/>
<point x="402.81" y="129.76" b="N"/>
<point x="408.05" y="124.48" b="G"/>
<point x="415.59" y="127.02" b="A"/>
<point x="416.29" y="134.50" b="G"/>
<point x="417.98" y="141.91" b="C"/>
<point x="425.42" y="143.27" b="U"/>
<point x="431.95" y="146.67" b="G"/>
<point x="437.67" y="151.85" b="C"/>
<point x="441.64" y="158.59" b="N"/>
<point x="443.30" y="165.72" b="C"/>
<point x="442.96" y="173.27" b="C"/>
<point x="440.49" y="180.42" b="R"/>
<point x="436.31" y="186.57" b="Y"/>
<point x="429.94" y="191.23" b="G"/>
<point x="423.12" y="194.02" b="U"/>
<point x="423.12" y="201.58" b="C"/>
<point x="423.12" y="209.14" b="C"/>
<point x="423.33" y="216.70" b="A"/>
<point x="428.47" y="222.04" b="C"/>
<point x="436.03" y="222.04" b="C"/>
<point x="443.80" y="222.04" b="A"/>
<point x="451.15" y="222.04" b="U"/>
<point x="458.50" y="222.04" b="G"/>
</structure>