<structure>
<point x="119.88" y="337.70" b="G"/>
<point x="127.65" y="337.70" b="C"/>
<point x="135.41" y="337.70" b="A"/>
<point x="140.34" y="332.35" b="G"/>
<point x="140.55" y="324.79" b="C"/>
<point x="140.76" y="317.23" b="Y"/>
<point x="140.34" y="309.67" b="G"/>
<point x="140.34" y="302.11" b="G"/>
<point x="133.22" y="301.58" b="A"/>
<point x="125.72" y="300.63" b="Y"/>
<point x="118.07" y="299.28" b="R"/>
<point x="110.93" y="297.52" b="A"/>
<point x="103.47" y="295.37" b="U"/>
<point x="96.14" y="292.83" b="G"/>
<point x="89.59" y="289.90" b="A"/>
<point x="82.37" y="286.61" b="G"/>
<point x="75.76" y="282.94" b="G"/>
<point x="69.56" y="278.93" b="U"/>
<point x="63.39" y="274.56" b="C"/>
<point x="57.66" y="269.88" b="A"/>
<point x="51.99" y="264.87" b="A"/>
<point x="46.19" y="259.57" b="G"/>
<point x="41.10" y="253.98" b="G"/>
<point x="36.53" y="248.12" b="U"/>
<point x="31.87" y="242.01" b="G"/>
<point x="28.17" y="235.67" b="A"/>
<point x="24.19" y="229.12" b="R"/>
<point x="20.79" y="222.37" b="C"/>
<point x="17.55" y="215.44" b="G"/>
<point x="15.10" y="208.36" b="U"/>
<point x="12.63" y="201.15" b="G"/>
<point x="11.18" y="193.82" b="A"/>
<point x="9.51" y="186.41" b="C"/>
<point x="8.23" y="178.92" b="G"/>
<point x="7.58" y="171.39" b="G"/>
<point x="7.54" y="163.84" b="U"/>
<point x="7.50" y="156.28" b="G"/>
<point x="8.29" y="148.74" b="C"/>
<point x="9.06" y="141.24" b="G"/>
<point x="10.66" y="133.81" b="C"/>
<point x="12.46" y="126.47" b="C"/>
<point x="14.43" y="119.23" b="G"/>
<point x="17.01" y="112.13" b="G"/>
<point x="20.18" y="105.17" b="U"/>
<point x="23.52" y="98.39" b="C"/>
<point x="27.01" y="91.79" b="G"/>
<point x="31.47" y="85.41" b="A"/>
<point x="35.66" y="79.25" b="C"/>
<point x="40.17" y="73.35" b="G"/>
<point x="45.20" y="67.71" b="G"/>
<point x="50.74" y="62.35" b="C"/>
<point x="56.15" y="57.28" b="G"/>
<point x="62.24" y="52.54" b="C"/>
<point x="68.37" y="48.11" b="U"/>
<point x="74.52" y="44.03" b="G"/>
<point x="81.31" y="40.30" b="C"/>
<point x="88.07" y="36.93" b="U"/>
<point x="94.80" y="33.93" b="G"/>
<point x="101.90" y="31.32" b="G"/>
<point x="109.12" y="29.09" b="G"/>
<point x="116.67" y="27.26" b="C"/>
<point x="123.88" y="25.83" b="G"/>
<point x="131.37" y="24.81" b="G"/>
<point x="139.12" y="24.19" b="C"/>
<point x="146.88" y="23.98" b="A"/>
<point x="154.23" y="24.19" b="C"/>
<point x="161.77" y="24.81" b="C"/>
<point x="169.05" y="25.83" b="G"/>
<point x="176.68" y="27.26" b="R"/>
<point x="184.22" y="29.09" b="Y"/>
<point x="191.03" y="31.32" b="G"/>
<point x="198.33" y="33.93" b="C"/>
<point x="205.27" y="36.93" b="R"/>
<point x="211.83" y="40.30" b="G"/>
<point x="218.62" y="44.03" b="U"/>
<point x="224.77" y="48.11" b="G"/>
<point x="231.11" y="52.54" b="C"/>
<point x="236.99" y="57.28" b="R"/>
<point x="242.81" y="62.35" b="A"/>
<point x="247.73" y="67.71" b="G"/>
<point x="252.97" y="73.35" b="R"/>
<point x="257.90" y="79.25" b="A"/>
<point x="261.87" y="85.41" b="G"/>
<point x="265.92" y="91.79" b="G"/>
<point x="270.04" y="98.39" b="Y"/>
<point x="272.95" y="105.17" b="G"/>
<point x="275.92" y="112.13" b="G"/>
<point x="278.70" y="119.23" b="R"/>
<point x="280.89" y="126.47" b="C"/>
<point x="282.68" y="133.81" b="C"/>
<point x="284.07" y="141.24" b="U"/>
<point x="285.06" y="148.74" b="C"/>
<point x="285.84" y="156.28" b="A"/>
<point x="285.59" y="163.84" b="G"/>
<point x="285.56" y="171.39" b="R"/>
<point x="284.90" y="178.92" b="U"/>
<point x="283.63" y="186.41" b="G"/>
<point x="282.16" y="193.82" b="G"/>
<point x="280.51" y="201.15" b="U"/>
<point x="278.24" y="208.36" b="C"/>
<point x="275.38" y="215.44" b="G"/>
<point x="272.76" y="222.37" b="A"/>
<point x="269.15" y="229.12" b="C"/>
<point x="265.18" y="235.67" b="G"/>
<point x="261.06" y="242.01" b="G"/>
<point x="256.61" y="248.12" b="G"/>
<point x="251.83" y="253.98" b="G"/>
<point x="246.95" y="259.57" b="U"/>
<point x="241.35" y="264.87" b="G"/>
<point x="236.10" y="269.88" b="A"/>
<point x="229.96" y="274.56" b="U"/>
<point x="223.57" y="278.93" b="G"/>
<point x="217.38" y="282.94" b="U"/>
<point x="210.56" y="286.61" b="G"/>
<point x="203.75" y="289.90" b="G"/>
<point x="196.99" y="292.83" b="U"/>
<point x="189.87" y="295.37" b="U"/>
<point x="182.63" y="297.52" b="C"/>
<point x="175.27" y="299.28" b="C"/>
<point x="167.62" y="300.63" b="G"/>
<point x="160.54" y="301.58" b="A"/>
<point x="152.79" y="302.11" b="C"/>
<point x="152.79" y="309.67" b="C"/>
<point x="152.58" y="317.23" b="G"/>
<point x="152.58" y="324.79" b="G"/>
<point x="152.79" y="332.35" b="C"/>
<point x="157.93" y="337.70" b="G"/>
<point x="165.49" y="337.70" b="G"/>
<point x="173.26" y="337.70" b="C"/>
</structure>