<structure>
<point x="19.45" y="221.32" b="U"/>
<point x="27.02" y="221.32" b="C"/>
<point x="32.36" y="215.97" b="U"/>
<point x="32.57" y="208.41" b="A"/>
<point x="32.57" y="200.85" b="A"/>
<point x="32.36" y="193.29" b="C"/>
<point x="32.15" y="185.74" b="G"/>
<point x="32.15" y="178.18" b="G"/>
<point x="32.15" y="170.62" b="G"/>
<point x="29.47" y="163.72" b="A"/>
<point x="32.57" y="156.82" b="A"/>
<point x="32.15" y="149.26" b="G"/>
<point x="32.36" y="141.70" b="U"/>
<point x="32.15" y="134.14" b="G"/>
<point x="32.36" y="126.58" b="U"/>
<point x="32.15" y="119.02" b="G"/>
<point x="25.81" y="115.24" b="U"/>
<point x="32.57" y="111.46" b="A"/>
<point x="32.57" y="103.90" b="A"/>
<point x="32.15" y="96.34" b="G"/>
<point x="32.36" y="88.78" b="C"/>
<point x="32.57" y="81.22" b="A"/>
<point x="32.36" y="73.66" b="C"/>
<point x="25.38" y="76.00" b="A"/>
<point x="20.73" y="69.88" b="C"/>
<point x="25.38" y="63.77" b="A"/>
<point x="32.36" y="66.10" b="C"/>
<point x="32.15" y="58.54" b="G"/>
<point x="32.36" y="50.98" b="U"/>
<point x="26.86" y="46.03" b="A"/>
<point x="24.51" y="38.84" b="A"/>
<point x="25.97" y="31.47" b="U"/>
<point x="31.19" y="26.00" b="U"/>
<point x="38.48" y="23.98" b="U"/>
<point x="45.56" y="26.00" b="G"/>
<point x="50.99" y="31.47" b="C"/>
<point x="52.86" y="38.84" b="A"/>
<point x="50.51" y="46.03" b="A"/>
<point x="44.39" y="50.98" b="G"/>
<point x="44.60" y="58.54" b="C"/>
<point x="44.39" y="66.10" b="G"/>
<point x="44.39" y="73.66" b="G"/>
<point x="44.60" y="81.22" b="U"/>
<point x="44.39" y="88.78" b="G"/>
<point x="44.60" y="96.34" b="C"/>
<point x="44.60" y="103.90" b="U"/>
<point x="44.60" y="111.46" b="U"/>
<point x="44.60" y="119.02" b="C"/>
<point x="44.81" y="126.58" b="A"/>
<point x="44.60" y="134.14" b="C"/>
<point x="44.39" y="141.70" b="G"/>
<point x="44.60" y="149.26" b="C"/>
<point x="44.60" y="156.82" b="U"/>
<point x="47.70" y="163.72" b="C"/>
<point x="44.60" y="170.62" b="U"/>
<point x="44.60" y="178.18" b="U"/>
<point x="44.60" y="185.74" b="C"/>
<point x="44.39" y="193.29" b="G"/>
<point x="44.60" y="200.85" b="U"/>
<point x="44.60" y="208.41" b="U"/>
<point x="44.81" y="215.97" b="A"/>
<point x="50.15" y="221.32" b="A"/>
<point x="57.71" y="221.32" b="A"/>
<point x="65.27" y="221.32" b="A"/>
<point x="72.63" y="221.32" b="U"/>
</structure>