<structure>
<point x="29.39" y="217.46" b="N"/>
<point x="29.39" y="209.90" b="N"/>
<point x="29.39" y="202.34" b="N"/>
<point x="29.39" y="194.78" b="N"/>
<point x="29.39" y="187.22" b="N"/>
<point x="22.30" y="184.60" b="N"/>
<point x="16.17" y="180.17" b="N"/>
<point x="11.44" y="174.27" b="N"/>
<point x="8.46" y="167.33" b="N"/>
<point x="7.50" y="159.63" b="A"/>
<point x="8.31" y="152.14" b="U"/>
<point x="11.08" y="145.19" b="G"/>
<point x="16.23" y="139.29" b="A"/>
<point x="22.30" y="135.07" b="N"/>
<point x="29.03" y="132.24" b="G"/>
<point x="29.24" y="124.68" b="R"/>
<point x="29.39" y="117.32" b="N"/>
<point x="29.39" y="109.76" b="N"/>
<point x="29.39" y="102.20" b="N"/>
<point x="29.39" y="94.64" b="N"/>
<point x="29.39" y="87.08" b="N"/>
<point x="29.39" y="79.52" b="N"/>
<point x="29.45" y="71.76" b="Y"/>
<point x="29.39" y="64.40" b="N"/>
<point x="22.43" y="67.35" b="N"/>
<point x="15.49" y="64.28" b="A"/>
<point x="12.58" y="57.30" b="A"/>
<point x="15.49" y="50.32" b="A"/>
<point x="22.43" y="47.67" b="N"/>
<point x="29.39" y="50.61" b="N"/>
<point x="29.39" y="43.05" b="N"/>
<point x="29.39" y="35.49" b="N"/>
<point x="29.02" y="27.94" b="N"/>
<point x="35.51" y="24.06" b="N"/>
<point x="41.99" y="27.94" b="N"/>
<point x="41.63" y="35.49" b="N"/>
<point x="41.63" y="43.05" b="N"/>
<point x="41.63" y="50.61" b="N"/>
<point x="44.73" y="57.51" b="N"/>
<point x="41.48" y="64.20" b="R"/>
<point x="41.48" y="71.76" b="R"/>
<point x="41.63" y="79.52" b="N"/>
<point x="41.63" y="87.08" b="N"/>
<point x="41.63" y="94.64" b="N"/>
<point x="41.63" y="102.20" b="N"/>
<point x="41.63" y="109.76" b="N"/>
<point x="41.63" y="117.32" b="N"/>
<point x="41.69" y="124.68" b="Y"/>
<point x="41.69" y="132.24" b="Y"/>
<point x="48.72" y="135.07" b="N"/>
<point x="54.49" y="139.29" b="G"/>
<point x="59.63" y="145.19" b="A"/>
<point x="62.56" y="152.34" b="N"/>
<point x="63.57" y="159.83" b="N"/>
<point x="62.56" y="167.33" b="N"/>
<point x="59.63" y="174.06" b="Y"/>
<point x="54.85" y="180.17" b="N"/>
<point x="48.72" y="184.60" b="N"/>
<point x="41.63" y="187.22" b="N"/>
<point x="41.63" y="194.78" b="N"/>
<point x="41.63" y="202.34" b="N"/>
<point x="41.63" y="209.90" b="N"/>
<point x="41.63" y="217.46" b="N"/>
</structure>