<structure>
<point x="55.52" y="250.66" b="G"/>
<point x="55.52" y="243.09" b="G"/>
<point x="55.93" y="235.53" b="A"/>
<point x="55.73" y="227.97" b="U"/>
<point x="55.73" y="220.41" b="C"/>
<point x="48.08" y="219.05" b="G"/>
<point x="41.33" y="216.66" b="A"/>
<point x="34.34" y="213.31" b="U"/>
<point x="27.89" y="209.05" b="G"/>
<point x="22.71" y="203.96" b="A"/>
<point x="17.67" y="198.15" b="U"/>
<point x="13.47" y="191.73" b="G"/>
<point x="10.83" y="184.82" b="A"/>
<point x="8.55" y="177.55" b="C"/>
<point x="7.50" y="170.06" b="U"/>
<point x="7.71" y="162.50" b="Y"/>
<point x="8.55" y="155.01" b="C"/>
<point x="10.83" y="147.74" b="Y"/>
<point x="13.83" y="141.04" b="N"/>
<point x="17.82" y="134.61" b="N"/>
<point x="22.71" y="128.60" b="A"/>
<point x="28.25" y="123.72" b="N"/>
<point x="34.34" y="119.25" b="R"/>
<point x="41.27" y="116.11" b="N"/>
<point x="48.29" y="113.51" b="R"/>
<point x="55.73" y="112.14" b="C"/>
<point x="55.93" y="104.58" b="A"/>
<point x="55.73" y="97.03" b="U"/>
<point x="55.73" y="89.47" b="U"/>
<point x="55.73" y="81.91" b="C"/>
<point x="52.63" y="75.01" b="C"/>
<point x="55.73" y="68.11" b="U"/>
<point x="55.73" y="60.55" b="U"/>
<point x="55.52" y="52.99" b="G"/>
<point x="49.54" y="48.37" b="G"/>
<point x="46.90" y="41.46" b="A"/>
<point x="47.50" y="33.92" b="A"/>
<point x="51.63" y="27.59" b="A"/>
<point x="58.22" y="24.19" b="N"/>
<point x="65.63" y="23.98" b="C"/>
<point x="72.27" y="27.59" b="U"/>
<point x="76.19" y="33.92" b="G"/>
<point x="77.21" y="41.46" b="A"/>
<point x="74.16" y="48.37" b="A"/>
<point x="67.97" y="52.99" b="C"/>
<point x="68.17" y="60.55" b="A"/>
<point x="68.17" y="68.11" b="A"/>
<point x="75.73" y="68.41" b="A"/>
<point x="79.42" y="75.01" b="A"/>
<point x="75.52" y="81.61" b="U"/>
<point x="67.76" y="81.91" b="G"/>
<point x="68.17" y="89.47" b="A"/>
<point x="67.76" y="97.03" b="G"/>
<point x="67.97" y="104.58" b="U"/>
<point x="67.76" y="112.14" b="G"/>
<point x="75.09" y="109.10" b="A"/>
<point x="82.13" y="106.93" b="R"/>
<point x="89.79" y="105.67" b="A"/>
<point x="97.34" y="105.35" b="A"/>
<point x="104.82" y="106.17" b="N"/>
<point x="112.07" y="107.50" b="U"/>
<point x="119.22" y="109.95" b="C"/>
<point x="126.17" y="113.47" b="N"/>
<point x="132.50" y="117.60" b="N"/>
<point x="138.13" y="122.27" b="U"/>
<point x="143.25" y="127.83" b="R"/>
<point x="147.65" y="133.98" b="C"/>
<point x="151.25" y="140.63" b="C"/>
<point x="153.79" y="147.67" b="G"/>
<point x="155.86" y="155.00" b="U"/>
<point x="156.79" y="162.50" b="C"/>
<point x="156.94" y="170.27" b="N"/>
<point x="156.06" y="177.56" b="Y"/>
<point x="154.21" y="184.89" b="Y"/>
<point x="151.25" y="191.93" b="C"/>
<point x="147.65" y="198.58" b="U"/>
<point x="143.25" y="204.73" b="C"/>
<point x="138.13" y="210.29" b="R"/>
<point x="132.35" y="215.17" b="U"/>
<point x="126.23" y="219.30" b="Y"/>
<point x="119.22" y="222.61" b="R"/>
<point x="112.22" y="225.27" b="N"/>
<point x="104.88" y="226.60" b="A"/>
<point x="97.14" y="227.22" b="C"/>
<point x="89.58" y="226.89" b="U"/>
<point x="81.92" y="225.63" b="G"/>
<point x="75.09" y="223.47" b="A"/>
<point x="67.76" y="220.41" b="G"/>
<point x="67.76" y="227.97" b="G"/>
<point x="67.97" y="235.53" b="U"/>
<point x="67.97" y="243.09" b="C"/>
<point x="67.97" y="250.66" b="C"/>
</structure>