<structure>
<point x="19.66" y="194.89" b="A"/>
<point x="27.22" y="194.89" b="A"/>
<point x="32.15" y="189.55" b="G"/>
<point x="32.36" y="181.99" b="C"/>
<point x="32.36" y="174.43" b="C"/>
<point x="32.57" y="166.87" b="A"/>
<point x="32.15" y="159.31" b="G"/>
<point x="25.57" y="156.44" b="Y"/>
<point x="19.66" y="151.87" b="N"/>
<point x="15.50" y="145.39" b="A"/>
<point x="13.24" y="138.36" b="N"/>
<point x="13.24" y="130.80" b="N"/>
<point x="15.44" y="123.57" b="N"/>
<point x="19.66" y="117.29" b="N"/>
<point x="25.36" y="112.31" b="R"/>
<point x="32.36" y="109.44" b="U"/>
<point x="32.36" y="101.88" b="C"/>
<point x="32.36" y="94.32" b="U"/>
<point x="32.15" y="86.76" b="G"/>
<point x="32.36" y="79.20" b="C"/>
<point x="25.40" y="76.26" b="U"/>
<point x="19.64" y="71.36" b="U"/>
<point x="15.82" y="64.96" b="A"/>
<point x="13.85" y="57.85" b="N"/>
<point x="14.06" y="50.09" b="C"/>
<point x="16.67" y="43.00" b="U"/>
<point x="21.44" y="37.22" b="N"/>
<point x="27.49" y="32.69" b="R"/>
<point x="34.70" y="30.42" b="R"/>
<point x="42.47" y="30.42" b="Y"/>
<point x="49.47" y="32.69" b="R"/>
<point x="55.67" y="37.01" b="U"/>
<point x="60.44" y="43.21" b="N"/>
<point x="63.05" y="50.30" b="N"/>
<point x="63.26" y="57.65" b="U"/>
<point x="61.34" y="64.96" b="U"/>
<point x="57.53" y="71.36" b="Y"/>
<point x="51.56" y="76.26" b="U"/>
<point x="44.39" y="79.20" b="G"/>
<point x="44.60" y="86.76" b="C"/>
<point x="44.81" y="94.32" b="A"/>
<point x="44.39" y="101.88" b="G"/>
<point x="44.81" y="109.44" b="A"/>
<point x="51.92" y="107.54" b="R"/>
<point x="59.68" y="107.74" b="A"/>
<point x="66.68" y="110.03" b="U"/>
<point x="73.12" y="114.43" b="N"/>
<point x="77.85" y="119.99" b="U"/>
<point x="81.09" y="127.10" b="N"/>
<point x="82.15" y="134.58" b="N"/>
<point x="81.09" y="142.07" b="N"/>
<point x="78.06" y="148.76" b="A"/>
<point x="73.18" y="154.53" b="A"/>
<point x="66.89" y="158.72" b="A"/>
<point x="59.62" y="161.22" b="N"/>
<point x="51.92" y="161.21" b="R"/>
<point x="44.60" y="159.31" b="C"/>
<point x="44.60" y="166.87" b="U"/>
<point x="44.39" y="174.43" b="G"/>
<point x="44.39" y="181.99" b="G"/>
<point x="44.60" y="189.55" b="C"/>
<point x="50.15" y="194.89" b="A"/>
<point x="57.71" y="194.89" b="A"/>
<point x="65.07" y="194.89" b="U"/>
<point x="72.83" y="194.89" b="A"/>
<point x="79.98" y="194.89" b="G"/>
<point x="87.75" y="194.89" b="U"/>
<point x="95.51" y="194.89" b="A"/>
<point x="103.07" y="194.89" b="A"/>
<point x="110.58" y="195.10" b="N"/>
<point x="115.56" y="189.55" b="G"/>
<point x="115.77" y="181.99" b="C"/>
<point x="115.77" y="174.43" b="C"/>
<point x="115.98" y="166.87" b="A"/>
<point x="108.78" y="164.00" b="U"/>
<point x="102.71" y="159.22" b="G"/>
<point x="98.85" y="153.16" b="N"/>
<point x="96.50" y="145.72" b="U"/>
<point x="96.71" y="138.16" b="A"/>
<point x="98.70" y="130.92" b="C"/>
<point x="102.71" y="124.65" b="G"/>
<point x="108.98" y="119.87" b="A"/>
<point x="115.56" y="117.00" b="G"/>
<point x="115.77" y="109.44" b="C"/>
<point x="115.77" y="101.88" b="C"/>
<point x="115.77" y="94.32" b="U"/>
<point x="115.77" y="86.76" b="U"/>
<point x="115.77" y="79.20" b="R"/>
<point x="115.98" y="71.64" b="A"/>
<point x="112.67" y="64.75" b="R"/>
<point x="115.56" y="57.85" b="G"/>
<point x="115.98" y="50.29" b="A"/>
<point x="115.77" y="42.73" b="C"/>
<point x="111.51" y="36.49" b="R"/>
<point x="112.59" y="29.20" b="N"/>
<point x="118.11" y="23.98" b="U"/>
<point x="125.46" y="23.98" b="G"/>
<point x="131.34" y="28.99" b="R"/>
<point x="132.28" y="36.49" b="R"/>
<point x="127.80" y="42.73" b="G"/>
<point x="128.01" y="50.29" b="U"/>
<point x="128.01" y="57.85" b="C"/>
<point x="131.26" y="64.96" b="N"/>
<point x="128.01" y="71.64" b="U"/>
<point x="128.01" y="79.20" b="U"/>
<point x="128.22" y="86.76" b="A"/>
<point x="128.22" y="94.32" b="A"/>
<point x="127.80" y="101.88" b="G"/>
<point x="127.80" y="109.44" b="G"/>
<point x="128.01" y="117.00" b="U"/>
<point x="135.42" y="118.53" b="C"/>
<point x="142.03" y="122.19" b="C"/>
<point x="147.24" y="127.67" b="C"/>
<point x="150.56" y="134.46" b="U"/>
<point x="151.71" y="141.94" b="R"/>
<point x="150.77" y="149.41" b="A"/>
<point x="147.44" y="156.19" b="A"/>
<point x="142.23" y="161.68" b="A"/>
<point x="135.42" y="165.34" b="R"/>
<point x="128.01" y="166.87" b="U"/>
<point x="127.80" y="174.43" b="G"/>
<point x="127.80" y="181.99" b="G"/>
<point x="128.01" y="189.55" b="C"/>
<point x="133.36" y="194.89" b="U"/>
<point x="141.12" y="194.89" b="A"/>
<point x="148.68" y="194.89" b="Y"/>
<point x="156.24" y="194.89" b="A"/>
<point x="163.75" y="195.10" b="N"/>
<point x="171.36" y="194.89" b="Y"/>
<point x="178.87" y="195.10" b="N"/>
</structure>