<structure>
<point x="20.99" y="300.88" b="G"/>
<point x="21.35" y="293.52" b="N"/>
<point x="14.44" y="289.54" b="G"/>
<point x="21.35" y="285.96" b="N"/>
<point x="21.35" y="278.40" b="N"/>
<point x="21.20" y="270.64" b="U"/>
<point x="21.20" y="263.08" b="R"/>
<point x="17.89" y="256.18" b="G"/>
<point x="21.20" y="249.29" b="U"/>
<point x="21.20" y="241.73" b="U"/>
<point x="21.40" y="234.17" b="Y"/>
<point x="21.35" y="226.81" b="N"/>
<point x="21.20" y="219.05" b="U"/>
<point x="18.25" y="212.36" b="N"/>
<point x="20.99" y="205.26" b="G"/>
<point x="20.99" y="197.70" b="G"/>
<point x="21.20" y="190.14" b="C"/>
<point x="21.40" y="182.58" b="A"/>
<point x="20.99" y="175.02" b="G"/>
<point x="21.20" y="167.46" b="U"/>
<point x="20.99" y="159.90" b="G"/>
<point x="21.20" y="152.34" b="U"/>
<point x="18.25" y="145.65" b="N"/>
<point x="21.35" y="138.75" b="N"/>
<point x="21.20" y="130.99" b="U"/>
<point x="21.35" y="123.63" b="N"/>
<point x="21.20" y="115.86" b="R"/>
<point x="21.35" y="108.51" b="N"/>
<point x="14.80" y="104.73" b="N"/>
<point x="21.20" y="100.75" b="U"/>
<point x="20.99" y="93.18" b="G"/>
<point x="21.20" y="85.62" b="R"/>
<point x="21.20" y="78.06" b="U"/>
<point x="21.20" y="70.50" b="U"/>
<point x="20.99" y="62.94" b="G"/>
<point x="14.56" y="59.34" b="U"/>
<point x="9.71" y="53.53" b="U"/>
<point x="7.50" y="46.56" b="N"/>
<point x="8.01" y="38.80" b="Y"/>
<point x="11.01" y="31.96" b="R"/>
<point x="16.72" y="26.77" b="Y"/>
<point x="23.74" y="23.98" b="A"/>
<point x="31.25" y="24.19" b="N"/>
<point x="38.13" y="26.77" b="U"/>
<point x="43.63" y="31.96" b="R"/>
<point x="46.98" y="39.01" b="N"/>
<point x="47.44" y="46.56" b="N"/>
<point x="45.07" y="53.74" b="N"/>
<point x="40.29" y="59.34" b="A"/>
<point x="33.44" y="62.94" b="C"/>
<point x="33.64" y="70.50" b="A"/>
<point x="33.64" y="78.06" b="A"/>
<point x="33.44" y="85.62" b="U"/>
<point x="33.44" y="93.18" b="C"/>
<point x="33.64" y="100.75" b="A"/>
<point x="33.59" y="108.51" b="N"/>
<point x="33.64" y="115.86" b="Y"/>
<point x="33.64" y="123.42" b="A"/>
<point x="33.64" y="130.99" b="A"/>
<point x="33.59" y="138.75" b="N"/>
<point x="36.74" y="145.44" b="Y"/>
<point x="33.64" y="152.34" b="A"/>
<point x="33.64" y="159.90" b="Y"/>
<point x="33.64" y="167.46" b="A"/>
<point x="33.44" y="175.02" b="C"/>
<point x="33.44" y="182.58" b="U"/>
<point x="33.23" y="190.14" b="G"/>
<point x="33.44" y="197.70" b="C"/>
<point x="33.44" y="205.26" b="C"/>
<point x="36.54" y="212.15" b="R"/>
<point x="33.59" y="219.25" b="N"/>
<point x="33.59" y="226.81" b="N"/>
<point x="33.44" y="234.17" b="R"/>
<point x="33.64" y="241.73" b="A"/>
<point x="33.64" y="249.29" b="A"/>
<point x="36.74" y="256.18" b="A"/>
<point x="33.64" y="263.08" b="Y"/>
<point x="33.44" y="270.64" b="R"/>
<point x="33.59" y="278.40" b="N"/>
<point x="33.59" y="285.96" b="N"/>
<point x="33.59" y="293.52" b="N"/>
<point x="33.64" y="300.88" b="Y"/>
<point x="38.99" y="306.22" b="A"/>
<point x="46.34" y="306.22" b="C"/>
</structure>