<structure>
<point x="19.66" y="151.89" b="Y"/>
<point x="24.80" y="146.54" b="U"/>
<point x="24.80" y="138.98" b="R"/>
<point x="24.95" y="131.63" b="N"/>
<point x="24.59" y="123.86" b="G"/>
<point x="24.80" y="116.30" b="C"/>
<point x="24.80" y="108.74" b="C"/>
<point x="24.80" y="101.18" b="U"/>
<point x="25.01" y="93.62" b="A"/>
<point x="24.80" y="86.06" b="C"/>
<point x="24.80" y="78.50" b="U"/>
<point x="24.80" y="70.94" b="C"/>
<point x="24.80" y="63.38" b="C"/>
<point x="24.80" y="55.82" b="U"/>
<point x="25.01" y="48.26" b="A"/>
<point x="24.80" y="40.70" b="C"/>
<point x="21.40" y="33.95" b="U"/>
<point x="24.19" y="26.85" b="Y"/>
<point x="31.07" y="24.06" b="N"/>
<point x="37.86" y="26.85" b="C"/>
<point x="40.59" y="34.16" b="N"/>
<point x="36.83" y="40.70" b="G"/>
<point x="37.04" y="48.26" b="U"/>
<point x="37.25" y="55.82" b="A"/>
<point x="36.83" y="63.38" b="G"/>
<point x="36.83" y="70.94" b="G"/>
<point x="36.83" y="78.50" b="G"/>
<point x="36.83" y="86.06" b="G"/>
<point x="37.04" y="93.62" b="U"/>
<point x="37.25" y="101.18" b="A"/>
<point x="36.83" y="108.74" b="G"/>
<point x="36.83" y="116.30" b="G"/>
<point x="37.04" y="123.86" b="C"/>
<point x="37.25" y="131.42" b="A"/>
<point x="37.04" y="138.98" b="U"/>
<point x="37.04" y="146.54" b="C"/>
<point x="42.39" y="151.89" b="U"/>
</structure>