<structure>
<point x="19.60" y="206.71" b="N"/>
<point x="27.02" y="206.50" b="U"/>
<point x="32.36" y="201.16" b="U"/>
<point x="32.15" y="193.60" b="G"/>
<point x="32.57" y="186.04" b="A"/>
<point x="32.15" y="178.48" b="G"/>
<point x="32.15" y="170.92" b="G"/>
<point x="32.36" y="163.36" b="U"/>
<point x="26.77" y="158.27" b="C"/>
<point x="24.69" y="151.00" b="U"/>
<point x="26.97" y="143.73" b="A"/>
<point x="32.36" y="138.65" b="U"/>
<point x="32.36" y="131.09" b="C"/>
<point x="32.36" y="123.53" b="C"/>
<point x="32.36" y="115.97" b="C"/>
<point x="32.15" y="108.41" b="G"/>
<point x="32.57" y="100.85" b="A"/>
<point x="32.36" y="93.29" b="U"/>
<point x="32.15" y="85.73" b="G"/>
<point x="32.15" y="78.17" b="G"/>
<point x="32.15" y="70.61" b="G"/>
<point x="32.36" y="63.05" b="R"/>
<point x="32.36" y="55.49" b="C"/>
<point x="32.57" y="47.93" b="Y"/>
<point x="27.01" y="42.59" b="U"/>
<point x="25.53" y="35.17" b="U"/>
<point x="28.62" y="28.19" b="Y"/>
<point x="34.91" y="23.98" b="Y"/>
<point x="42.47" y="23.98" b="Y"/>
<point x="48.70" y="28.39" b="N"/>
<point x="51.58" y="35.38" b="N"/>
<point x="50.10" y="42.79" b="N"/>
<point x="44.60" y="47.93" b="R"/>
<point x="44.39" y="55.49" b="G"/>
<point x="44.75" y="63.25" b="N"/>
<point x="44.60" y="70.61" b="C"/>
<point x="44.81" y="78.17" b="Y"/>
<point x="52.31" y="78.37" b="N"/>
<point x="52.31" y="85.93" b="N"/>
<point x="44.81" y="85.73" b="Y"/>
<point x="44.60" y="93.29" b="R"/>
<point x="44.60" y="100.85" b="U"/>
<point x="44.60" y="108.41" b="C"/>
<point x="44.39" y="115.97" b="G"/>
<point x="52.16" y="115.97" b="U"/>
<point x="52.16" y="123.53" b="U"/>
<point x="44.39" y="123.53" b="G"/>
<point x="44.39" y="131.09" b="G"/>
<point x="44.81" y="138.65" b="A"/>
<point x="50.40" y="143.73" b="A"/>
<point x="52.47" y="151.00" b="A"/>
<point x="50.40" y="158.27" b="Y"/>
<point x="44.39" y="163.36" b="G"/>
<point x="44.60" y="170.92" b="C"/>
<point x="44.60" y="178.48" b="C"/>
<point x="44.60" y="186.04" b="U"/>
<point x="44.60" y="193.60" b="C"/>
<point x="44.81" y="201.16" b="A"/>
<point x="50.15" y="206.50" b="Y"/>
<point x="57.71" y="206.50" b="A"/>
<point x="64.86" y="206.50" b="G"/>
<point x="72.83" y="206.50" b="A"/>
<point x="80.19" y="206.50" b="R"/>
<point x="87.90" y="206.71" b="N"/>
<point x="95.51" y="206.50" b="A"/>
<point x="103.07" y="206.50" b="A"/>
<point x="110.58" y="206.71" b="N"/>
<point x="118.14" y="206.71" b="N"/>
<point x="125.70" y="206.71" b="N"/>
<point x="133.11" y="206.50" b="U"/>
<point x="140.46" y="206.50" b="G"/>
<point x="148.23" y="206.50" b="U"/>
<point x="155.79" y="206.50" b="R"/>
<point x="163.14" y="206.50" b="G"/>
<point x="170.91" y="206.50" b="U"/>
<point x="178.47" y="206.50" b="U"/>
<point x="186.03" y="206.50" b="U"/>
<point x="193.79" y="206.50" b="Y"/>
<point x="200.94" y="206.50" b="G"/>
<point x="206.49" y="201.16" b="C"/>
<point x="206.49" y="193.60" b="U"/>
<point x="206.49" y="186.04" b="U"/>
<point x="206.49" y="178.48" b="U"/>
<point x="200.15" y="174.70" b="A"/>
<point x="206.49" y="170.92" b="C"/>
<point x="206.70" y="163.36" b="Y"/>
<point x="206.49" y="155.80" b="C"/>
<point x="206.70" y="148.24" b="A"/>
<point x="206.70" y="140.68" b="Y"/>
<point x="206.49" y="133.12" b="R"/>
<point x="206.28" y="125.56" b="G"/>
<point x="206.49" y="118.00" b="R"/>
<point x="203.39" y="111.10" b="R"/>
<point x="206.49" y="104.20" b="C"/>
<point x="206.49" y="96.64" b="U"/>
<point x="206.49" y="89.08" b="R"/>
<point x="203.30" y="82.33" b="Y"/>
<point x="205.88" y="75.23" b="Y"/>
<point x="212.76" y="72.44" b="N"/>
<point x="219.55" y="75.23" b="R"/>
<point x="222.13" y="82.33" b="U"/>
<point x="218.73" y="89.08" b="U"/>
<point x="218.94" y="96.64" b="A"/>
<point x="218.52" y="104.20" b="G"/>
<point x="221.83" y="111.10" b="R"/>
<point x="218.73" y="118.00" b="U"/>
<point x="218.73" y="125.56" b="C"/>
<point x="218.73" y="133.12" b="U"/>
<point x="218.52" y="140.68" b="G"/>
<point x="218.73" y="148.24" b="U"/>
<point x="218.52" y="155.80" b="G"/>
<point x="218.73" y="163.36" b="R"/>
<point x="218.52" y="170.92" b="G"/>
<point x="218.94" y="178.48" b="A"/>
<point x="218.94" y="186.04" b="A"/>
<point x="218.73" y="193.60" b="R"/>
<point x="218.73" y="201.16" b="R"/>
<point x="224.28" y="206.50" b="A"/>
<point x="231.84" y="206.50" b="A"/>
<point x="239.20" y="206.50" b="C"/>
<point x="246.76" y="206.50" b="U"/>
<point x="254.32" y="206.50" b="R"/>
<point x="261.88" y="206.50" b="C"/>
<point x="269.64" y="206.50" b="A"/>
<point x="277.00" y="206.50" b="R"/>
<point x="284.35" y="206.50" b="G"/>
<point x="292.32" y="206.50" b="A"/>
<point x="299.68" y="206.50" b="C"/>
<point x="307.44" y="206.50" b="A"/>
<point x="314.80" y="206.50" b="R"/>
<point x="322.51" y="206.71" b="N"/>
<point x="329.92" y="206.50" b="U"/>
</structure>