<structure>
<point x="85.99" y="231.55" b="N"/>
<point x="90.97" y="226.00" b="G"/>
<point x="90.97" y="218.44" b="G"/>
<point x="91.18" y="210.88" b="C"/>
<point x="91.18" y="203.32" b="C"/>
<point x="83.46" y="202.48" b="G"/>
<point x="76.46" y="201.02" b="A"/>
<point x="68.98" y="198.94" b="U"/>
<point x="61.70" y="196.26" b="G"/>
<point x="55.30" y="192.99" b="A"/>
<point x="48.58" y="189.16" b="U"/>
<point x="42.20" y="184.80" b="G"/>
<point x="36.62" y="179.93" b="C"/>
<point x="31.42" y="174.80" b="N"/>
<point x="26.59" y="168.82" b="A"/>
<point x="22.21" y="162.66" b="A"/>
<point x="18.15" y="156.15" b="C"/>
<point x="14.86" y="149.35" b="C"/>
<point x="12.36" y="142.29" b="A"/>
<point x="10.06" y="135.03" b="U"/>
<point x="8.36" y="127.61" b="G"/>
<point x="7.72" y="120.10" b="C"/>
<point x="7.50" y="112.54" b="U"/>
<point x="7.92" y="105.00" b="C"/>
<point x="8.97" y="97.51" b="C"/>
<point x="10.64" y="90.14" b="U"/>
<point x="13.14" y="82.93" b="A"/>
<point x="16.03" y="75.94" b="Y"/>
<point x="19.08" y="69.23" b="G"/>
<point x="23.09" y="62.82" b="G"/>
<point x="27.85" y="56.78" b="U"/>
<point x="32.88" y="51.14" b="C"/>
<point x="38.37" y="45.94" b="U"/>
<point x="44.43" y="41.43" b="N"/>
<point x="50.57" y="37.02" b="R"/>
<point x="57.33" y="33.57" b="N"/>
<point x="64.08" y="30.28" b="C"/>
<point x="71.37" y="27.98" b="N"/>
<point x="78.69" y="26.10" b="N"/>
<point x="85.78" y="24.62" b="G"/>
<point x="93.67" y="24.19" b="N"/>
<point x="100.87" y="23.98" b="G"/>
<point x="108.77" y="24.83" b="N"/>
<point x="116.22" y="26.10" b="N"/>
<point x="123.18" y="27.78" b="G"/>
<point x="130.73" y="30.28" b="A"/>
<point x="137.21" y="33.37" b="G"/>
<point x="143.83" y="37.02" b="G"/>
<point x="150.53" y="41.23" b="A"/>
<point x="156.23" y="45.94" b="U"/>
<point x="161.72" y="51.14" b="U"/>
<point x="166.96" y="56.78" b="Y"/>
<point x="171.51" y="62.82" b="Y"/>
<point x="175.32" y="69.23" b="C"/>
<point x="178.93" y="76.15" b="N"/>
<point x="181.88" y="82.93" b="A"/>
<point x="184.17" y="90.14" b="A"/>
<point x="185.64" y="97.51" b="R"/>
<point x="186.84" y="105.20" b="N"/>
<point x="187.31" y="112.54" b="A"/>
<point x="186.88" y="120.10" b="U"/>
<point x="186.03" y="127.61" b="R"/>
<point x="184.55" y="135.03" b="U"/>
<point x="182.45" y="142.29" b="U"/>
<point x="179.74" y="149.35" b="U"/>
<point x="176.45" y="156.15" b="C"/>
<point x="172.60" y="162.66" b="C"/>
<point x="168.22" y="168.82" b="C"/>
<point x="163.54" y="174.59" b="A"/>
<point x="158.19" y="179.93" b="A"/>
<point x="151.99" y="184.80" b="G"/>
<point x="146.23" y="189.16" b="A"/>
<point x="139.30" y="192.99" b="G"/>
<point x="132.69" y="196.26" b="C"/>
<point x="125.62" y="198.94" b="U"/>
<point x="118.14" y="201.02" b="G"/>
<point x="111.14" y="202.48" b="A"/>
<point x="103.21" y="203.32" b="G"/>
<point x="103.21" y="210.88" b="G"/>
<point x="103.42" y="218.44" b="C"/>
<point x="103.42" y="226.00" b="C"/>
<point x="108.92" y="231.55" b="N"/>
</structure>