<structure>
<point x="105.62" y="255.11" b="N"/>
<point x="105.47" y="247.35" b="C"/>
<point x="105.47" y="239.79" b="U"/>
<point x="105.47" y="232.23" b="R"/>
<point x="98.09" y="231.72" b="N"/>
<point x="90.49" y="230.25" b="R"/>
<point x="83.14" y="228.45" b="U"/>
<point x="75.74" y="226.12" b="G"/>
<point x="69.15" y="223.28" b="A"/>
<point x="62.16" y="219.94" b="U"/>
<point x="55.43" y="216.12" b="G"/>
<point x="49.56" y="212.04" b="N"/>
<point x="43.51" y="207.11" b="U"/>
<point x="38.18" y="201.97" b="A"/>
<point x="32.96" y="196.65" b="N"/>
<point x="28.07" y="190.55" b="C"/>
<point x="23.92" y="184.54" b="N"/>
<point x="20.08" y="178.03" b="N"/>
<point x="16.72" y="171.25" b="N"/>
<point x="13.87" y="164.26" b="N"/>
<point x="11.37" y="156.86" b="U"/>
<point x="9.56" y="149.52" b="R"/>
<point x="8.43" y="142.28" b="N"/>
<point x="7.69" y="134.75" b="N"/>
<point x="7.50" y="127.20" b="N"/>
<point x="7.86" y="119.65" b="N"/>
<point x="8.76" y="112.14" b="N"/>
<point x="10.21" y="104.72" b="N"/>
<point x="12.19" y="97.42" b="N"/>
<point x="14.75" y="90.08" b="A"/>
<point x="17.71" y="83.36" b="N"/>
<point x="21.07" y="76.45" b="U"/>
<point x="25.21" y="70.24" b="N"/>
<point x="29.65" y="64.12" b="N"/>
<point x="34.52" y="58.34" b="N"/>
<point x="39.65" y="52.72" b="U"/>
<point x="45.51" y="47.70" b="A"/>
<point x="51.46" y="43.32" b="N"/>
<point x="57.78" y="39.17" b="N"/>
<point x="64.39" y="35.50" b="N"/>
<point x="71.24" y="32.31" b="N"/>
<point x="78.31" y="29.63" b="N"/>
<point x="85.41" y="27.26" b="U"/>
<point x="92.94" y="25.83" b="N"/>
<point x="100.27" y="24.53" b="C"/>
<point x="107.96" y="24.19" b="N"/>
<point x="115.37" y="23.98" b="U"/>
<point x="123.06" y="24.74" b="N"/>
<point x="130.18" y="25.63" b="G"/>
<point x="137.92" y="27.47" b="N"/>
<point x="145.16" y="29.63" b="N"/>
<point x="152.23" y="32.31" b="N"/>
<point x="159.09" y="35.50" b="N"/>
<point x="165.75" y="38.97" b="Y"/>
<point x="172.07" y="43.11" b="A"/>
<point x="178.02" y="47.91" b="N"/>
<point x="183.68" y="52.93" b="N"/>
<point x="189.01" y="58.13" b="Y"/>
<point x="193.68" y="63.91" b="R"/>
<point x="198.33" y="70.03" b="A"/>
<point x="202.25" y="76.66" b="N"/>
<point x="205.76" y="83.36" b="N"/>
<point x="208.78" y="90.29" b="N"/>
<point x="211.28" y="97.42" b="N"/>
<point x="213.26" y="104.72" b="N"/>
<point x="214.56" y="111.93" b="U"/>
<point x="215.62" y="119.65" b="N"/>
<point x="215.98" y="127.20" b="N"/>
<point x="215.64" y="134.55" b="U"/>
<point x="215.05" y="142.28" b="N"/>
<point x="213.41" y="149.52" b="G"/>
<point x="211.80" y="156.86" b="U"/>
<point x="209.46" y="164.05" b="U"/>
<point x="206.60" y="171.05" b="U"/>
<point x="203.24" y="177.82" b="C"/>
<point x="199.61" y="184.33" b="A"/>
<point x="195.31" y="190.55" b="A"/>
<point x="190.15" y="196.44" b="G"/>
<point x="185.41" y="201.97" b="A"/>
<point x="179.66" y="207.11" b="C"/>
<point x="173.55" y="211.84" b="G"/>
<point x="167.32" y="216.12" b="G"/>
<point x="160.80" y="219.94" b="G"/>
<point x="154.44" y="223.28" b="A"/>
<point x="147.22" y="226.12" b="C"/>
<point x="140.03" y="228.45" b="U"/>
<point x="132.48" y="230.25" b="G"/>
<point x="125.44" y="231.51" b="A"/>
<point x="117.71" y="232.23" b="U"/>
<point x="117.71" y="239.79" b="R"/>
<point x="117.86" y="247.55" b="N"/>
<point x="117.86" y="255.11" b="N"/>
<point x="123.20" y="260.46" b="N"/>
<point x="130.76" y="260.46" b="N"/>
<point x="138.32" y="260.46" b="N"/>
</structure>