<structure>
<point x="116.30" y="453.22" b="N"/>
<point x="116.30" y="445.66" b="N"/>
<point x="116.15" y="437.90" b="R"/>
<point x="115.94" y="430.34" b="G"/>
<point x="116.30" y="422.98" b="N"/>
<point x="116.30" y="415.42" b="N"/>
<point x="116.15" y="407.66" b="R"/>
<point x="116.15" y="400.10" b="R"/>
<point x="116.30" y="392.74" b="N"/>
<point x="116.36" y="384.98" b="Y"/>
<point x="116.15" y="377.42" b="R"/>
<point x="115.94" y="369.86" b="G"/>
<point x="116.15" y="362.30" b="R"/>
<point x="116.36" y="354.74" b="Y"/>
<point x="116.15" y="347.18" b="R"/>
<point x="116.15" y="339.62" b="R"/>
<point x="116.36" y="332.06" b="Y"/>
<point x="116.15" y="324.50" b="C"/>
<point x="108.50" y="323.15" b="G"/>
<point x="101.52" y="320.81" b="C"/>
<point x="98.09" y="327.68" b="N"/>
<point x="94.51" y="334.33" b="N"/>
<point x="90.93" y="340.99" b="N"/>
<point x="87.35" y="347.65" b="N"/>
<point x="83.77" y="354.31" b="N"/>
<point x="80.19" y="360.97" b="N"/>
<point x="76.61" y="367.62" b="N"/>
<point x="73.02" y="374.28" b="N"/>
<point x="73.82" y="381.80" b="N"/>
<point x="69.44" y="387.96" b="N"/>
<point x="62.08" y="389.69" b="N"/>
<point x="55.42" y="386.10" b="N"/>
<point x="52.80" y="379.01" b="N"/>
<point x="55.53" y="371.96" b="N"/>
<point x="62.24" y="368.48" b="N"/>
<point x="65.83" y="361.83" b="N"/>
<point x="69.41" y="355.17" b="N"/>
<point x="72.99" y="348.51" b="N"/>
<point x="76.57" y="341.85" b="N"/>
<point x="80.15" y="335.19" b="N"/>
<point x="83.73" y="328.54" b="N"/>
<point x="87.31" y="321.88" b="N"/>
<point x="90.53" y="315.01" b="G"/>
<point x="85.03" y="310.31" b="A"/>
<point x="79.40" y="304.84" b="G"/>
<point x="74.97" y="298.71" b="G"/>
<point x="71.82" y="292.04" b="A"/>
<point x="69.21" y="284.95" b="A"/>
<point x="67.58" y="277.57" b="A"/>
<point x="66.55" y="270.03" b="G"/>
<point x="67.18" y="262.49" b="U"/>
<point x="68.61" y="255.06" b="C"/>
<point x="71.05" y="247.91" b="C"/>
<point x="74.22" y="241.15" b="G"/>
<point x="78.49" y="234.91" b="G"/>
<point x="83.78" y="229.31" b="R"/>
<point x="89.57" y="224.45" b="C"/>
<point x="85.82" y="217.89" b="U"/>
<point x="82.28" y="211.32" b="Y"/>
<point x="78.32" y="204.76" b="C"/>
<point x="77.70" y="212.27" b="A"/>
<point x="72.62" y="217.87" b="Y"/>
<point x="65.01" y="219.41" b="R"/>
<point x="58.12" y="216.31" b="R"/>
<point x="54.37" y="209.74" b="R"/>
<point x="55.19" y="202.23" b="R"/>
<point x="60.27" y="196.63" b="C"/>
<point x="67.88" y="195.09" b="A"/>
<point x="74.57" y="198.19" b="R"/>
<point x="70.61" y="191.63" b="G"/>
<point x="67.06" y="185.07" b="R"/>
<point x="63.31" y="178.50" b="U"/>
<point x="59.35" y="171.94" b="G"/>
<point x="52.27" y="169.95" b="C"/>
<point x="45.91" y="173.71" b="Y"/>
<point x="39.14" y="177.46" b="R"/>
<point x="32.37" y="181.21" b="G"/>
<point x="26.16" y="185.17" b="N"/>
<point x="21.84" y="191.26" b="U"/>
<point x="14.60" y="192.55" b="A"/>
<point x="8.55" y="188.01" b="A"/>
<point x="7.50" y="180.50" b="C"/>
<point x="12.39" y="174.73" b="R"/>
<point x="20.09" y="174.54" b="N"/>
<point x="26.50" y="170.58" b="C"/>
<point x="33.27" y="166.83" b="Y"/>
<point x="39.63" y="163.08" b="R"/>
<point x="45.98" y="159.33" b="G"/>
<point x="48.33" y="152.24" b="N"/>
<point x="44.58" y="145.68" b="N"/>
<point x="40.68" y="138.91" b="R"/>
<point x="36.92" y="132.34" b="R"/>
<point x="33.32" y="125.99" b="N"/>
<point x="27.48" y="120.57" b="G"/>
<point x="28.81" y="113.07" b="Y"/>
<point x="35.16" y="109.31" b="R"/>
<point x="42.30" y="112.34" b="A"/>
<point x="43.95" y="119.91" b="N"/>
<point x="47.76" y="126.27" b="Y"/>
<point x="51.51" y="132.83" b="Y"/>
<point x="55.20" y="139.60" b="N"/>
<point x="62.61" y="139.43" b="R"/>
<point x="58.96" y="146.17" b="N"/>
<point x="65.89" y="147.95" b="G"/>
<point x="72.45" y="144.20" b="G"/>
<point x="67.27" y="139.11" b="A"/>
<point x="70.32" y="132.43" b="N"/>
<point x="77.89" y="133.04" b="A"/>
<point x="79.02" y="140.44" b="G"/>
<point x="85.79" y="136.69" b="U"/>
<point x="92.14" y="132.94" b="G"/>
<point x="98.92" y="129.19" b="C"/>
<point x="105.63" y="125.64" b="N"/>
<point x="103.76" y="118.13" b="A"/>
<point x="103.11" y="110.58" b="C"/>
<point x="104.39" y="103.09" b="A"/>
<point x="106.50" y="95.97" b="G"/>
<point x="110.80" y="89.49" b="A"/>
<point x="115.69" y="83.90" b="R"/>
<point x="122.00" y="79.44" b="A"/>
<point x="128.66" y="76.28" b="R"/>
<point x="136.17" y="74.74" b="N"/>
<point x="143.78" y="74.29" b="A"/>
<point x="151.18" y="75.75" b="N"/>
<point x="158.30" y="78.25" b="A"/>
<point x="164.47" y="82.30" b="C"/>
<point x="170.04" y="77.18" b="C"/>
<point x="175.39" y="72.07" b="G"/>
<point x="181.17" y="66.95" b="C"/>
<point x="186.73" y="61.83" b="C"/>
<point x="192.45" y="56.92" b="N"/>
<point x="198.01" y="51.81" b="N"/>
<point x="203.58" y="46.69" b="N"/>
<point x="209.14" y="41.57" b="N"/>
<point x="214.71" y="36.46" b="N"/>
<point x="220.28" y="31.34" b="N"/>
<point x="224.14" y="24.84" b="N"/>
<point x="231.66" y="24.06" b="N"/>
<point x="236.77" y="29.62" b="N"/>
<point x="235.36" y="37.05" b="N"/>
<point x="228.56" y="40.35" b="N"/>
<point x="223.00" y="45.47" b="N"/>
<point x="217.43" y="50.58" b="N"/>
<point x="211.86" y="55.70" b="N"/>
<point x="206.30" y="60.82" b="N"/>
<point x="200.73" y="65.94" b="N"/>
<point x="194.81" y="70.84" b="G"/>
<point x="189.24" y="75.96" b="G"/>
<point x="183.89" y="81.08" b="U"/>
<point x="189.21" y="86.64" b="A"/>
<point x="183.65" y="91.76" b="A"/>
<point x="178.11" y="86.19" b="G"/>
<point x="172.55" y="91.31" b="G"/>
<point x="176.05" y="98.01" b="G"/>
<point x="178.37" y="105.27" b="U"/>
<point x="178.78" y="112.81" b="G"/>
<point x="178.31" y="120.31" b="A"/>
<point x="175.96" y="127.50" b="A"/>
<point x="172.24" y="134.08" b="A"/>
<point x="167.22" y="139.99" b="N"/>
<point x="160.87" y="144.39" b="G"/>
<point x="163.77" y="151.37" b="G"/>
<point x="166.89" y="158.35" b="U"/>
<point x="169.58" y="165.33" b="G"/>
<point x="172.85" y="172.52" b="N"/>
<point x="175.39" y="179.29" b="G"/>
<point x="182.12" y="182.74" b="G"/>
<point x="185.60" y="189.56" b="U"/>
<point x="184.29" y="196.96" b="A"/>
<point x="178.60" y="201.94" b="A"/>
<point x="170.65" y="202.47" b="G"/>
<point x="164.74" y="198.32" b="A"/>
<point x="161.79" y="191.20" b="G"/>
<point x="164.30" y="184.00" b="C"/>
<point x="161.55" y="177.22" b="N"/>
<point x="158.49" y="170.04" b="C"/>
<point x="155.79" y="163.06" b="A"/>
<point x="152.68" y="156.08" b="C"/>
<point x="149.78" y="149.10" b="C"/>
<point x="142.07" y="150.10" b="G"/>
<point x="141.52" y="157.59" b="Y"/>
<point x="140.34" y="165.09" b="R"/>
<point x="139.52" y="172.80" b="N"/>
<point x="138.54" y="180.29" b="N"/>
<point x="137.57" y="187.79" b="N"/>
<point x="136.60" y="195.29" b="N"/>
<point x="135.62" y="202.78" b="N"/>
<point x="134.50" y="210.07" b="R"/>
<point x="135.51" y="217.53" b="G"/>
<point x="130.67" y="222.97" b="Y"/>
<point x="122.97" y="221.99" b="R"/>
<point x="119.48" y="215.40" b="A"/>
<point x="122.57" y="208.50" b="Y"/>
<point x="123.48" y="201.21" b="N"/>
<point x="124.46" y="193.71" b="N"/>
<point x="125.43" y="186.21" b="N"/>
<point x="126.40" y="178.72" b="N"/>
<point x="127.38" y="171.22" b="N"/>
<point x="128.41" y="163.51" b="Y"/>
<point x="129.17" y="156.02" b="R"/>
<point x="122.96" y="151.43" b="G"/>
<point x="130.15" y="148.52" b="C"/>
<point x="123.31" y="145.85" b="N"/>
<point x="117.03" y="141.64" b="N"/>
<point x="111.34" y="136.06" b="G"/>
<point x="104.78" y="139.81" b="G"/>
<point x="98.63" y="143.57" b="Y"/>
<point x="102.39" y="150.13" b="A"/>
<point x="95.82" y="153.88" b="A"/>
<point x="92.07" y="147.32" b="A"/>
<point x="85.30" y="151.07" b="C"/>
<point x="78.74" y="154.82" b="C"/>
<point x="72.17" y="158.57" b="C"/>
<point x="70.19" y="165.87" b="C"/>
<point x="74.14" y="172.43" b="A"/>
<point x="77.90" y="178.99" b="Y"/>
<point x="81.65" y="185.56" b="Y"/>
<point x="85.34" y="192.33" b="N"/>
<point x="88.74" y="198.68" b="G"/>
<point x="92.49" y="205.25" b="G"/>
<point x="96.66" y="211.81" b="A"/>
<point x="99.99" y="218.38" b="G"/>
<point x="107.33" y="215.85" b="C"/>
<point x="114.94" y="214.31" b="A"/>
<point x="122.48" y="213.80" b="A"/>
<point x="129.60" y="214.31" b="G"/>
<point x="131.66" y="206.98" b="R"/>
<point x="133.51" y="199.65" b="C"/>
<point x="135.35" y="192.32" b="C"/>
<point x="128.76" y="188.63" b="R"/>
<point x="124.54" y="182.50" b="A"/>
<point x="122.92" y="175.07" b="R"/>
<point x="124.97" y="167.74" b="Y"/>
<point x="129.74" y="161.87" b="A"/>
<point x="136.33" y="158.56" b="R"/>
<point x="143.68" y="158.44" b="G"/>
<point x="145.88" y="151.31" b="N"/>
<point x="147.58" y="143.78" b="R"/>
<point x="149.58" y="136.65" b="N"/>
<point x="151.42" y="129.32" b="N"/>
<point x="153.27" y="121.99" b="N"/>
<point x="145.80" y="123.15" b="N"/>
<point x="139.71" y="118.66" b="N"/>
<point x="138.60" y="111.18" b="N"/>
<point x="143.12" y="105.12" b="N"/>
<point x="150.61" y="104.06" b="N"/>
<point x="156.64" y="108.62" b="N"/>
<point x="158.33" y="101.08" b="R"/>
<point x="160.33" y="93.95" b="N"/>
<point x="162.18" y="86.62" b="N"/>
<point x="164.08" y="79.08" b="Y"/>
<point x="162.37" y="71.91" b="N"/>
<point x="166.61" y="65.65" b="N"/>
<point x="174.13" y="64.24" b="Y"/>
<point x="180.13" y="68.84" b="Y"/>
<point x="180.90" y="76.36" b="Y"/>
<point x="175.74" y="82.07" b="R"/>
<point x="174.05" y="89.61" b="N"/>
<point x="172.20" y="96.94" b="N"/>
<point x="170.35" y="104.28" b="N"/>
<point x="168.51" y="111.61" b="N"/>
<point x="169.83" y="119.05" b="N"/>
<point x="165.14" y="124.98" b="N"/>
<point x="163.29" y="132.31" b="N"/>
<point x="161.45" y="139.64" b="N"/>
<point x="159.66" y="146.76" b="Y"/>
<point x="157.75" y="154.30" b="N"/>
<point x="155.76" y="161.43" b="C"/>
<point x="160.87" y="166.79" b="G"/>
<point x="163.61" y="173.84" b="G"/>
<point x="163.30" y="181.40" b="G"/>
<point x="160.20" y="188.19" b="U"/>
<point x="154.45" y="193.11" b="R"/>
<point x="147.01" y="195.31" b="G"/>
<point x="145.17" y="202.64" b="G"/>
<point x="143.74" y="209.97" b="Y"/>
<point x="141.89" y="217.30" b="Y"/>
<point x="148.36" y="220.42" b="G"/>
<point x="154.97" y="224.45" b="C"/>
<point x="160.76" y="229.31" b="U"/>
<point x="165.99" y="235.11" b="N"/>
<point x="169.90" y="241.15" b="G"/>
<point x="173.70" y="247.91" b="A"/>
<point x="175.72" y="255.06" b="G"/>
<point x="183.55" y="254.15" b="N"/>
<point x="191.09" y="252.82" b="Y"/>
<point x="198.51" y="251.90" b="N"/>
<point x="205.98" y="250.78" b="N"/>
<point x="213.46" y="249.65" b="N"/>
<point x="220.93" y="248.53" b="N"/>
<point x="228.26" y="247.20" b="R"/>
<point x="234.89" y="243.97" b="G"/>
<point x="241.97" y="247.53" b="Y"/>
<point x="242.89" y="255.01" b="R"/>
<point x="237.77" y="260.37" b="A"/>
<point x="230.28" y="259.30" b="Y"/>
<point x="222.75" y="260.63" b="N"/>
<point x="215.28" y="261.76" b="N"/>
<point x="207.80" y="262.88" b="N"/>
<point x="200.32" y="264.00" b="N"/>
<point x="192.85" y="265.13" b="N"/>
<point x="185.37" y="266.25" b="N"/>
<point x="177.75" y="267.17" b="C"/>
<point x="177.53" y="274.72" b="C"/>
<point x="176.48" y="282.18" b="Y"/>
<point x="174.24" y="289.40" b="A"/>
<point x="170.61" y="296.24" b="G"/>
<point x="166.92" y="302.59" b="A"/>
<point x="161.93" y="308.53" b="N"/>
<point x="156.12" y="313.32" b="R"/>
<point x="149.82" y="317.51" b="R"/>
<point x="143.22" y="320.81" b="A"/>
<point x="135.83" y="323.15" b="U"/>
<point x="128.18" y="324.50" b="G"/>
<point x="128.39" y="332.06" b="R"/>
<point x="128.60" y="339.62" b="Y"/>
<point x="128.60" y="347.18" b="Y"/>
<point x="128.39" y="354.74" b="R"/>
<point x="128.60" y="362.30" b="Y"/>
<point x="128.39" y="369.86" b="C"/>
<point x="129.97" y="362.64" b="N"/>
<point x="132.78" y="355.62" b="N"/>
<point x="136.87" y="349.26" b="N"/>
<point x="142.09" y="343.79" b="N"/>
<point x="148.24" y="339.40" b="N"/>
<point x="155.12" y="336.26" b="N"/>
<point x="162.47" y="334.48" b="N"/>
<point x="170.02" y="334.12" b="N"/>
<point x="177.50" y="335.20" b="N"/>
<point x="184.65" y="337.67" b="N"/>
<point x="191.19" y="341.45" b="N"/>
<point x="196.91" y="346.40" b="N"/>
<point x="201.58" y="352.34" b="N"/>
<point x="205.04" y="359.06" b="N"/>
<point x="207.17" y="366.32" b="N"/>
<point x="207.89" y="373.84" b="N"/>
<point x="207.23" y="381.16" b="A"/>
<point x="204.90" y="388.42" b="C"/>
<point x="201.64" y="395.13" b="A"/>
<point x="196.55" y="401.08" b="G"/>
<point x="191.25" y="406.03" b="A"/>
<point x="184.70" y="409.81" b="A"/>
<point x="177.56" y="412.28" b="Y"/>
<point x="169.87" y="413.36" b="C"/>
<point x="162.32" y="413.00" b="C"/>
<point x="154.76" y="411.21" b="G"/>
<point x="147.88" y="408.07" b="G"/>
<point x="141.94" y="403.69" b="C"/>
<point x="136.72" y="398.22" b="U"/>
<point x="132.63" y="391.86" b="U"/>
<point x="130.03" y="384.84" b="A"/>
<point x="128.60" y="377.42" b="Y"/>
<point x="135.09" y="381.40" b="N"/>
<point x="128.18" y="384.98" b="G"/>
<point x="128.54" y="392.74" b="N"/>
<point x="128.60" y="400.10" b="Y"/>
<point x="128.60" y="407.66" b="Y"/>
<point x="128.54" y="415.42" b="N"/>
<point x="128.54" y="422.98" b="N"/>
<point x="128.39" y="430.34" b="C"/>
<point x="128.39" y="437.90" b="U"/>
<point x="128.54" y="445.66" b="N"/>
<point x="128.54" y="453.22" b="N"/>
<point x="133.89" y="458.57" b="N"/>
<point x="141.45" y="458.57" b="N"/>
<point x="149.01" y="458.57" b="N"/>
<point x="156.57" y="458.57" b="N"/>
</structure>