<structure>
<point x="21.37" y="216.64" b="N"/>
<point x="26.71" y="211.29" b="N"/>
<point x="26.71" y="203.73" b="N"/>
<point x="26.71" y="196.17" b="N"/>
<point x="26.71" y="188.61" b="N"/>
<point x="26.71" y="181.05" b="N"/>
<point x="26.71" y="173.49" b="N"/>
<point x="19.72" y="170.63" b="N"/>
<point x="13.86" y="165.85" b="N"/>
<point x="9.70" y="159.37" b="A"/>
<point x="7.50" y="152.14" b="A"/>
<point x="7.50" y="144.58" b="A"/>
<point x="9.29" y="137.34" b="G"/>
<point x="13.71" y="131.07" b="C"/>
<point x="19.57" y="126.29" b="R"/>
<point x="26.56" y="123.42" b="C"/>
<point x="26.56" y="115.86" b="U"/>
<point x="26.56" y="108.31" b="C"/>
<point x="26.77" y="100.75" b="A"/>
<point x="26.56" y="93.18" b="R"/>
<point x="26.77" y="85.62" b="Y"/>
<point x="26.35" y="78.06" b="G"/>
<point x="26.56" y="70.50" b="R"/>
<point x="26.35" y="62.94" b="G"/>
<point x="19.92" y="59.34" b="C"/>
<point x="15.08" y="53.53" b="C"/>
<point x="12.72" y="46.35" b="U"/>
<point x="13.32" y="39.01" b="N"/>
<point x="16.37" y="31.96" b="U"/>
<point x="22.03" y="26.98" b="N"/>
<point x="28.69" y="23.98" b="G"/>
<point x="36.46" y="23.98" b="C"/>
<point x="43.49" y="26.77" b="U"/>
<point x="49.00" y="31.96" b="R"/>
<point x="52.20" y="38.80" b="R"/>
<point x="52.65" y="46.35" b="U"/>
<point x="50.08" y="53.53" b="G"/>
<point x="45.65" y="59.34" b="A"/>
<point x="38.80" y="62.94" b="C"/>
<point x="38.80" y="70.50" b="C"/>
<point x="39.01" y="78.06" b="Y"/>
<point x="39.01" y="85.62" b="A"/>
<point x="39.01" y="93.18" b="Y"/>
<point x="38.80" y="100.75" b="U"/>
<point x="38.59" y="108.31" b="G"/>
<point x="39.01" y="115.86" b="A"/>
<point x="38.59" y="123.42" b="G"/>
<point x="45.80" y="126.29" b="C"/>
<point x="51.87" y="131.07" b="Y"/>
<point x="55.66" y="137.34" b="G"/>
<point x="58.08" y="144.58" b="U"/>
<point x="58.08" y="152.14" b="C"/>
<point x="56.08" y="159.37" b="A"/>
<point x="51.87" y="165.65" b="A"/>
<point x="45.59" y="170.42" b="G"/>
<point x="39.01" y="173.29" b="A"/>
<point x="39.01" y="180.85" b="A"/>
<point x="38.80" y="188.41" b="R"/>
<point x="38.59" y="195.97" b="G"/>
<point x="38.59" y="203.53" b="G"/>
<point x="38.59" y="211.09" b="G"/>
<point x="44.30" y="216.64" b="N"/>
<point x="51.92" y="216.43" b="A"/>
<point x="59.06" y="216.43" b="G"/>
<point x="67.04" y="216.43" b="A"/>
<point x="74.18" y="216.43" b="G"/>
<point x="82.10" y="216.64" b="N"/>
<point x="89.30" y="216.43" b="G"/>
<point x="97.28" y="216.43" b="A"/>
<point x="104.84" y="216.43" b="A"/>
<point x="112.40" y="216.43" b="A"/>
<point x="119.96" y="216.43" b="A"/>
<point x="127.31" y="216.43" b="C"/>
<point x="135.08" y="216.43" b="A"/>
<point x="142.64" y="216.43" b="Y"/>
<point x="149.99" y="216.43" b="C"/>
<point x="157.55" y="216.43" b="R"/>
<point x="165.11" y="216.43" b="C"/>
<point x="172.67" y="216.43" b="U"/>
<point x="180.23" y="216.43" b="U"/>
<point x="188.00" y="216.43" b="Y"/>
<point x="195.56" y="216.43" b="Y"/>
<point x="202.70" y="216.43" b="G"/>
<point x="210.26" y="216.43" b="G"/>
<point x="217.82" y="216.43" b="G"/>
<point x="225.59" y="216.43" b="U"/>
<point x="230.73" y="211.09" b="G"/>
<point x="231.14" y="203.53" b="A"/>
<point x="231.14" y="195.97" b="A"/>
<point x="230.73" y="188.41" b="G"/>
<point x="230.94" y="180.85" b="U"/>
<point x="226.02" y="174.93" b="G"/>
<point x="226.02" y="167.37" b="G"/>
<point x="230.94" y="161.45" b="C"/>
<point x="231.14" y="153.89" b="A"/>
<point x="231.14" y="146.33" b="A"/>
<point x="230.94" y="138.77" b="C"/>
<point x="226.05" y="133.00" b="R"/>
<point x="225.65" y="125.45" b="U"/>
<point x="229.89" y="119.20" b="R"/>
<point x="237.21" y="117.00" b="N"/>
<point x="244.37" y="119.41" b="N"/>
<point x="248.62" y="125.66" b="N"/>
<point x="248.21" y="133.21" b="N"/>
<point x="242.97" y="138.77" b="G"/>
<point x="243.18" y="146.33" b="U"/>
<point x="243.18" y="153.89" b="U"/>
<point x="242.97" y="161.45" b="G"/>
<point x="250.72" y="161.88" b="U"/>
<point x="255.92" y="167.37" b="U"/>
<point x="255.92" y="174.93" b="U"/>
<point x="250.87" y="180.63" b="N"/>
<point x="243.18" y="180.85" b="R"/>
<point x="243.18" y="188.41" b="C"/>
<point x="243.18" y="195.97" b="U"/>
<point x="243.18" y="203.53" b="U"/>
<point x="243.18" y="211.09" b="C"/>
<point x="248.73" y="216.43" b="A"/>
<point x="256.29" y="216.43" b="A"/>
<point x="263.64" y="216.43" b="U"/>
<point x="271.20" y="216.43" b="C"/>
<point x="278.91" y="216.64" b="N"/>
<point x="286.11" y="216.43" b="G"/>
<point x="293.88" y="216.43" b="U"/>
<point x="301.23" y="216.43" b="G"/>
<point x="309.15" y="216.64" b="N"/>
<point x="316.56" y="216.43" b="U"/>
<point x="323.91" y="216.43" b="G"/>
<point x="331.68" y="216.43" b="U"/>
<point x="339.03" y="216.43" b="G"/>
<point x="347.01" y="216.43" b="A"/>
<point x="354.36" y="216.43" b="C"/>
<point x="362.13" y="216.43" b="A"/>
<point x="369.69" y="216.43" b="A"/>
<point x="376.83" y="216.43" b="G"/>
<point x="384.60" y="216.43" b="R"/>
</structure>