<structure>
<point x="19.60" y="68.94" b="N"/>
<point x="27.16" y="68.94" b="N"/>
<point x="34.73" y="68.94" b="N"/>
<point x="42.28" y="68.94" b="N"/>
<point x="49.90" y="68.73" b="A"/>
<point x="57.26" y="68.73" b="U"/>
<point x="64.61" y="68.73" b="G"/>
<point x="72.58" y="68.73" b="A"/>
<point x="79.94" y="68.73" b="U"/>
<point x="87.28" y="68.73" b="G"/>
<point x="95.26" y="68.73" b="A"/>
<point x="102.77" y="68.94" b="N"/>
<point x="110.38" y="68.73" b="A"/>
<point x="117.94" y="68.73" b="A"/>
<point x="125.45" y="68.94" b="N"/>
<point x="132.85" y="68.73" b="R"/>
<point x="140.56" y="68.94" b="N"/>
<point x="147.76" y="68.73" b="G"/>
<point x="155.74" y="68.73" b="Y"/>
<point x="163.09" y="68.73" b="C"/>
<point x="170.80" y="68.94" b="N"/>
<point x="178.36" y="68.94" b="N"/>
<point x="185.92" y="68.94" b="N"/>
<point x="193.54" y="68.73" b="A"/>
<point x="200.69" y="68.73" b="G"/>
<point x="208.60" y="68.94" b="N"/>
<point x="216.16" y="68.94" b="N"/>
<point x="223.72" y="68.94" b="N"/>
<point x="231.13" y="68.73" b="C"/>
<point x="238.90" y="68.73" b="A"/>
<point x="246.46" y="68.73" b="A"/>
<point x="253.81" y="68.73" b="U"/>
<point x="261.52" y="68.94" b="N"/>
<point x="269.14" y="68.73" b="Y"/>
<point x="276.50" y="68.73" b="U"/>
<point x="284.26" y="68.73" b="A"/>
<point x="291.62" y="68.73" b="U"/>
<point x="299.38" y="68.73" b="A"/>
<point x="306.94" y="68.73" b="A"/>
<point x="314.50" y="68.73" b="A"/>
<point x="321.86" y="68.73" b="C"/>
<point x="329.42" y="68.73" b="C"/>
<point x="336.98" y="68.73" b="C"/>
<point x="344.74" y="68.73" b="A"/>
<point x="351.88" y="68.73" b="G"/>
<point x="359.65" y="68.73" b="C"/>
<point x="367.21" y="68.73" b="U"/>
<point x="374.77" y="68.73" b="C"/>
<point x="382.33" y="68.73" b="U"/>
<point x="389.89" y="68.73" b="U"/>
<point x="397.45" y="68.73" b="C"/>
<point x="404.81" y="68.73" b="G"/>
<point x="412.78" y="68.73" b="A"/>
<point x="420.28" y="68.94" b="N"/>
<point x="425.48" y="63.38" b="U"/>
<point x="425.48" y="55.82" b="C"/>
<point x="425.48" y="48.26" b="R"/>
<point x="425.48" y="40.70" b="U"/>
<point x="422.08" y="33.95" b="U"/>
<point x="424.81" y="27.05" b="N"/>
<point x="431.75" y="24.06" b="N"/>
<point x="438.69" y="27.05" b="N"/>
<point x="441.27" y="34.16" b="N"/>
<point x="437.72" y="40.70" b="R"/>
<point x="437.72" y="48.26" b="U"/>
<point x="437.51" y="55.82" b="G"/>
<point x="437.93" y="63.38" b="A"/>
<point x="442.86" y="68.73" b="G"/>
<point x="450.83" y="68.73" b="A"/>
<point x="458.34" y="68.94" b="N"/>
<point x="465.75" y="68.73" b="R"/>
<point x="473.51" y="68.73" b="A"/>
<point x="480.87" y="68.73" b="R"/>
<point x="488.63" y="68.73" b="A"/>
<point x="496.14" y="68.94" b="N"/>
<point x="503.70" y="68.94" b="N"/>
<point x="511.31" y="68.73" b="Y"/>
<point x="518.82" y="68.94" b="N"/>
<point x="526.43" y="68.73" b="Y"/>
<point x="533.79" y="68.73" b="R"/>
<point x="541.35" y="68.73" b="U"/>
<point x="549.06" y="68.94" b="N"/>
<point x="556.47" y="68.73" b="C"/>
<point x="564.03" y="68.73" b="U"/>
<point x="571.38" y="68.73" b="G"/>
<point x="579.35" y="68.73" b="A"/>
<point x="586.86" y="68.94" b="N"/>
<point x="594.42" y="68.94" b="N"/>
</structure>