<structure>
<point x="77.22" y="207.00" b="U"/>
<point x="82.35" y="201.66" b="G"/>
<point x="82.71" y="194.30" b="N"/>
<point x="82.77" y="186.53" b="A"/>
<point x="75.06" y="185.62" b="R"/>
<point x="67.67" y="184.01" b="R"/>
<point x="60.47" y="181.72" b="U"/>
<point x="53.29" y="178.77" b="G"/>
<point x="47.05" y="175.19" b="A"/>
<point x="40.55" y="171.01" b="U"/>
<point x="34.46" y="166.26" b="G"/>
<point x="29.46" y="160.98" b="A"/>
<point x="24.35" y="155.23" b="R"/>
<point x="20.15" y="149.25" b="N"/>
<point x="16.39" y="142.69" b="N"/>
<point x="13.26" y="135.81" b="N"/>
<point x="10.84" y="128.46" b="Y"/>
<point x="9.03" y="121.12" b="Y"/>
<point x="7.71" y="113.64" b="U"/>
<point x="7.50" y="106.09" b="Y"/>
<point x="7.73" y="98.75" b="N"/>
<point x="8.71" y="91.25" b="N"/>
<point x="10.24" y="83.67" b="C"/>
<point x="12.59" y="76.49" b="C"/>
<point x="15.60" y="69.55" b="U"/>
<point x="19.03" y="62.92" b="G"/>
<point x="23.68" y="56.66" b="A"/>
<point x="28.28" y="50.82" b="C"/>
<point x="33.81" y="45.46" b="Y"/>
<point x="39.60" y="40.60" b="Y"/>
<point x="45.83" y="36.31" b="Y"/>
<point x="52.36" y="32.82" b="N"/>
<point x="59.27" y="29.75" b="N"/>
<point x="66.44" y="27.33" b="N"/>
<point x="73.64" y="25.39" b="R"/>
<point x="81.28" y="24.54" b="N"/>
<point x="88.68" y="23.98" b="R"/>
<point x="96.38" y="24.54" b="N"/>
<point x="103.51" y="25.39" b="G"/>
<point x="110.87" y="27.13" b="G"/>
<point x="118.24" y="29.54" b="R"/>
<point x="124.94" y="32.61" b="G"/>
<point x="131.53" y="36.31" b="G"/>
<point x="138.11" y="40.81" b="N"/>
<point x="143.76" y="45.46" b="R"/>
<point x="149.23" y="51.03" b="N"/>
<point x="154.04" y="56.87" b="N"/>
<point x="158.33" y="62.92" b="A"/>
<point x="161.97" y="69.55" b="A"/>
<point x="164.98" y="76.49" b="A"/>
<point x="167.12" y="83.67" b="R"/>
<point x="168.80" y="91.04" b="C"/>
<point x="169.78" y="98.54" b="U"/>
<point x="169.86" y="106.09" b="G"/>
<point x="169.86" y="113.64" b="A"/>
<point x="168.53" y="121.12" b="U"/>
<point x="166.73" y="128.46" b="U"/>
<point x="164.25" y="135.60" b="U"/>
<point x="161.33" y="142.48" b="A"/>
<point x="157.57" y="149.04" b="A"/>
<point x="153.02" y="155.23" b="U"/>
<point x="147.90" y="160.98" b="G"/>
<point x="142.90" y="166.26" b="A"/>
<point x="136.60" y="171.01" b="G"/>
<point x="130.52" y="175.19" b="C"/>
<point x="123.86" y="178.77" b="C"/>
<point x="116.90" y="181.72" b="U"/>
<point x="109.48" y="184.01" b="G"/>
<point x="102.51" y="185.62" b="A"/>
<point x="94.80" y="186.53" b="U"/>
<point x="94.95" y="194.30" b="N"/>
<point x="94.80" y="201.66" b="C"/>
</structure>