<structure>
<point x="19.66" y="246.87" b="Y"/>
<point x="27.16" y="247.08" b="N"/>
<point x="32.36" y="241.52" b="C"/>
<point x="32.51" y="234.17" b="N"/>
<point x="32.36" y="226.40" b="R"/>
<point x="32.36" y="218.84" b="U"/>
<point x="32.36" y="211.28" b="U"/>
<point x="32.57" y="203.72" b="A"/>
<point x="32.15" y="196.16" b="G"/>
<point x="32.36" y="188.60" b="U"/>
<point x="32.36" y="181.04" b="U"/>
<point x="32.36" y="173.48" b="U"/>
<point x="32.36" y="165.92" b="U"/>
<point x="32.15" y="158.36" b="G"/>
<point x="32.36" y="150.80" b="C"/>
<point x="32.57" y="143.24" b="A"/>
<point x="26.92" y="138.37" b="N"/>
<point x="24.69" y="130.89" b="R"/>
<point x="26.92" y="123.82" b="N"/>
<point x="32.36" y="118.53" b="U"/>
<point x="32.36" y="110.97" b="U"/>
<point x="32.15" y="103.41" b="G"/>
<point x="32.36" y="95.85" b="C"/>
<point x="32.57" y="88.29" b="A"/>
<point x="25.38" y="90.63" b="Y"/>
<point x="20.73" y="84.51" b="U"/>
<point x="25.32" y="78.60" b="N"/>
<point x="32.36" y="80.73" b="C"/>
<point x="32.57" y="73.17" b="A"/>
<point x="32.36" y="65.61" b="R"/>
<point x="25.77" y="62.40" b="N"/>
<point x="20.64" y="56.85" b="N"/>
<point x="17.77" y="49.85" b="N"/>
<point x="17.53" y="42.29" b="N"/>
<point x="19.78" y="34.92" b="R"/>
<point x="24.68" y="29.25" b="N"/>
<point x="31.04" y="25.19" b="R"/>
<point x="38.63" y="24.06" b="N"/>
<point x="46.07" y="25.40" b="N"/>
<point x="52.63" y="29.04" b="A"/>
<point x="57.39" y="34.92" b="Y"/>
<point x="59.58" y="42.09" b="R"/>
<point x="59.49" y="49.85" b="N"/>
<point x="56.47" y="56.64" b="R"/>
<point x="51.13" y="62.19" b="G"/>
<point x="44.81" y="65.61" b="Y"/>
<point x="44.60" y="73.17" b="U"/>
<point x="44.39" y="80.73" b="G"/>
<point x="44.60" y="88.29" b="U"/>
<point x="44.39" y="95.85" b="G"/>
<point x="44.60" y="103.41" b="C"/>
<point x="44.81" y="110.97" b="A"/>
<point x="44.81" y="118.53" b="A"/>
<point x="52.35" y="119.00" b="A"/>
<point x="58.09" y="123.67" b="U"/>
<point x="60.34" y="130.89" b="C"/>
<point x="58.30" y="138.10" b="Y"/>
<point x="52.35" y="142.77" b="A"/>
<point x="44.60" y="143.24" b="U"/>
<point x="44.39" y="150.80" b="G"/>
<point x="44.60" y="158.36" b="C"/>
<point x="44.81" y="165.92" b="A"/>
<point x="44.81" y="173.48" b="A"/>
<point x="44.81" y="181.04" b="A"/>
<point x="44.81" y="188.60" b="A"/>
<point x="44.60" y="196.16" b="C"/>
<point x="44.60" y="203.72" b="U"/>
<point x="44.39" y="211.28" b="G"/>
<point x="44.81" y="218.84" b="A"/>
<point x="44.81" y="226.40" b="Y"/>
<point x="44.75" y="234.17" b="N"/>
<point x="44.39" y="241.52" b="G"/>
<point x="49.95" y="246.87" b="U"/>
<point x="57.30" y="246.87" b="G"/>
<point x="65.07" y="246.87" b="R"/>
<point x="72.83" y="246.87" b="Y"/>
</structure>