<structure>
<point x="17.45" y="249.86" b="Y"/>
<point x="17.24" y="242.30" b="C"/>
<point x="17.24" y="234.74" b="C"/>
<point x="17.45" y="227.18" b="A"/>
<point x="17.03" y="219.62" b="G"/>
<point x="17.45" y="212.06" b="Y"/>
<point x="17.24" y="204.50" b="R"/>
<point x="17.03" y="196.94" b="G"/>
<point x="17.24" y="189.38" b="U"/>
<point x="10.69" y="185.60" b="U"/>
<point x="17.03" y="181.82" b="G"/>
<point x="17.24" y="174.26" b="U"/>
<point x="12.54" y="168.34" b="C"/>
<point x="12.74" y="160.78" b="A"/>
<point x="17.03" y="154.87" b="G"/>
<point x="17.24" y="147.31" b="C"/>
<point x="17.24" y="139.75" b="U"/>
<point x="17.24" y="132.19" b="R"/>
<point x="17.24" y="124.63" b="U"/>
<point x="17.24" y="117.07" b="C"/>
<point x="17.24" y="109.51" b="C"/>
<point x="17.45" y="101.95" b="A"/>
<point x="17.03" y="94.39" b="G"/>
<point x="17.03" y="86.83" b="G"/>
<point x="17.24" y="79.27" b="C"/>
<point x="11.74" y="74.31" b="Y"/>
<point x="9.33" y="67.33" b="N"/>
<point x="10.85" y="59.75" b="R"/>
<point x="16.28" y="54.28" b="Y"/>
<point x="23.36" y="52.27" b="R"/>
<point x="30.85" y="54.28" b="Y"/>
<point x="36.02" y="59.96" b="N"/>
<point x="37.54" y="67.12" b="R"/>
<point x="35.19" y="74.31" b="U"/>
<point x="29.27" y="79.27" b="G"/>
<point x="29.48" y="86.83" b="C"/>
<point x="29.48" y="94.39" b="C"/>
<point x="29.48" y="101.95" b="U"/>
<point x="29.27" y="109.51" b="G"/>
<point x="36.18" y="113.49" b="N"/>
<point x="29.27" y="117.07" b="G"/>
<point x="29.69" y="124.63" b="A"/>
<point x="29.48" y="132.19" b="U"/>
<point x="29.27" y="139.75" b="G"/>
<point x="29.27" y="147.31" b="G"/>
<point x="29.48" y="154.87" b="U"/>
<point x="36.32" y="157.60" b="G"/>
<point x="39.47" y="164.56" b="U"/>
<point x="36.53" y="171.53" b="U"/>
<point x="29.69" y="174.26" b="A"/>
<point x="29.48" y="181.82" b="C"/>
<point x="29.69" y="189.38" b="A"/>
<point x="29.48" y="196.94" b="C"/>
<point x="29.48" y="204.50" b="U"/>
<point x="29.27" y="212.06" b="G"/>
<point x="29.69" y="219.62" b="Y"/>
<point x="29.48" y="227.18" b="U"/>
<point x="29.27" y="234.74" b="G"/>
<point x="29.27" y="242.30" b="G"/>
<point x="29.48" y="249.86" b="R"/>
<point x="35.03" y="255.21" b="A"/>
<point x="42.18" y="255.21" b="G"/>
<point x="50.15" y="255.21" b="A"/>
<point x="57.30" y="255.21" b="G"/>
<point x="65.27" y="255.21" b="Y"/>
<point x="72.83" y="255.21" b="A"/>
<point x="80.39" y="255.21" b="A"/>
<point x="85.53" y="249.86" b="R"/>
<point x="85.53" y="242.30" b="C"/>
<point x="85.53" y="234.74" b="R"/>
<point x="85.53" y="227.18" b="C"/>
<point x="85.53" y="219.62" b="U"/>
<point x="85.32" y="212.06" b="G"/>
<point x="85.74" y="204.50" b="Y"/>
<point x="85.53" y="196.94" b="C"/>
<point x="85.74" y="189.38" b="Y"/>
<point x="78.78" y="192.33" b="Y"/>
<point x="71.72" y="189.67" b="N"/>
<point x="68.67" y="182.49" b="R"/>
<point x="71.72" y="175.71" b="N"/>
<point x="78.78" y="172.64" b="Y"/>
<point x="85.53" y="175.59" b="R"/>
<point x="85.53" y="168.03" b="R"/>
<point x="85.32" y="160.47" b="G"/>
<point x="85.32" y="152.91" b="G"/>
<point x="85.53" y="145.35" b="U"/>
<point x="85.74" y="137.79" b="Y"/>
<point x="85.53" y="130.23" b="U"/>
<point x="85.32" y="122.67" b="G"/>
<point x="85.53" y="115.11" b="R"/>
<point x="85.53" y="107.55" b="C"/>
<point x="85.74" y="99.99" b="Y"/>
<point x="82.64" y="93.09" b="Y"/>
<point x="85.53" y="86.20" b="C"/>
<point x="85.68" y="78.85" b="N"/>
<point x="85.53" y="71.08" b="R"/>
<point x="79.14" y="67.51" b="N"/>
<point x="85.53" y="63.52" b="C"/>
<point x="85.53" y="55.96" b="R"/>
<point x="85.53" y="48.40" b="C"/>
<point x="85.53" y="40.84" b="U"/>
<point x="81.92" y="34.09" b="G"/>
<point x="84.71" y="26.98" b="U"/>
<point x="91.65" y="23.98" b="U"/>
<point x="98.59" y="26.98" b="U"/>
<point x="101.17" y="34.09" b="U"/>
<point x="97.77" y="40.84" b="R"/>
<point x="97.56" y="48.40" b="G"/>
<point x="97.77" y="55.96" b="U"/>
<point x="97.56" y="63.52" b="G"/>
<point x="97.92" y="71.29" b="N"/>
<point x="97.98" y="78.64" b="Y"/>
<point x="97.56" y="86.20" b="G"/>
<point x="101.02" y="93.30" b="N"/>
<point x="97.92" y="100.20" b="N"/>
<point x="97.77" y="107.55" b="R"/>
<point x="97.98" y="115.11" b="Y"/>
<point x="97.92" y="122.88" b="N"/>
<point x="97.77" y="130.23" b="R"/>
<point x="97.77" y="137.79" b="R"/>
<point x="105.48" y="138.00" b="N"/>
<point x="105.33" y="145.35" b="U"/>
<point x="97.77" y="145.35" b="R"/>
<point x="97.77" y="152.91" b="C"/>
<point x="97.98" y="160.47" b="Y"/>
<point x="97.98" y="168.03" b="Y"/>
<point x="97.98" y="175.59" b="Y"/>
<point x="101.02" y="182.69" b="N"/>
<point x="97.77" y="189.38" b="R"/>
<point x="97.56" y="196.94" b="G"/>
<point x="97.77" y="204.50" b="R"/>
<point x="97.77" y="212.06" b="C"/>
<point x="97.98" y="219.62" b="A"/>
<point x="97.56" y="227.18" b="G"/>
<point x="97.98" y="234.74" b="Y"/>
<point x="97.56" y="242.30" b="G"/>
<point x="97.98" y="249.86" b="Y"/>
<point x="103.12" y="255.21" b="U"/>
<point x="108.46" y="249.86" b="U"/>
<point x="108.46" y="242.30" b="U"/>
<point x="108.25" y="234.74" b="G"/>
<point x="108.46" y="227.18" b="C"/>
<point x="108.67" y="219.62" b="A"/>
<point x="108.67" y="212.06" b="Y"/>
<point x="108.46" y="204.50" b="C"/>
<point x="108.67" y="196.94" b="Y"/>
<point x="100.92" y="196.48" b="C"/>
<point x="94.28" y="193.28" b="Y"/>
<point x="88.68" y="187.77" b="G"/>
<point x="86.31" y="180.74" b="A"/>
<point x="85.89" y="173.18" b="G"/>
<point x="89.10" y="166.16" b="A"/>
<point x="93.86" y="160.65" b="G"/>
<point x="100.92" y="157.44" b="U"/>
<point x="108.25" y="156.99" b="G"/>
<point x="108.25" y="149.43" b="G"/>
<point x="108.67" y="141.87" b="A"/>
<point x="105.51" y="135.18" b="N"/>
<point x="108.46" y="128.08" b="U"/>
<point x="108.46" y="120.52" b="R"/>
<point x="108.67" y="112.96" b="A"/>
<point x="108.46" y="105.40" b="C"/>
<point x="108.46" y="97.84" b="U"/>
<point x="108.46" y="90.28" b="C"/>
<point x="108.46" y="82.72" b="C"/>
<point x="104.20" y="76.47" b="U"/>
<point x="105.29" y="69.18" b="N"/>
<point x="110.95" y="64.18" b="N"/>
<point x="118.36" y="63.97" b="U"/>
<point x="123.82" y="68.97" b="G"/>
<point x="124.97" y="76.47" b="U"/>
<point x="120.49" y="82.72" b="G"/>
<point x="120.49" y="90.28" b="G"/>
<point x="120.91" y="97.84" b="A"/>
<point x="120.49" y="105.40" b="G"/>
<point x="120.70" y="112.96" b="U"/>
<point x="120.70" y="120.52" b="U"/>
<point x="120.70" y="128.08" b="R"/>
<point x="123.59" y="134.97" b="G"/>
<point x="120.70" y="141.87" b="U"/>
<point x="120.70" y="149.43" b="C"/>
<point x="120.70" y="156.99" b="C"/>
<point x="127.41" y="160.47" b="U"/>
<point x="132.65" y="166.12" b="A"/>
<point x="134.92" y="173.18" b="G"/>
<point x="135.13" y="180.74" b="U"/>
<point x="132.44" y="187.81" b="C"/>
<point x="127.41" y="193.45" b="U"/>
<point x="120.49" y="196.94" b="G"/>
<point x="120.49" y="204.50" b="G"/>
<point x="120.49" y="212.06" b="G"/>
<point x="120.70" y="219.62" b="U"/>
<point x="120.49" y="227.18" b="G"/>
<point x="120.70" y="234.74" b="C"/>
<point x="120.91" y="242.30" b="A"/>
<point x="120.91" y="249.86" b="A"/>
<point x="126.26" y="255.21" b="A"/>
<point x="133.61" y="255.21" b="C"/>
<point x="141.38" y="255.21" b="A"/>
<point x="148.88" y="255.41" b="N"/>
<point x="156.50" y="255.21" b="Y"/>
</structure>