<structure>
<point x="19.60" y="142.87" b="N"/>
<point x="27.02" y="142.66" b="C"/>
<point x="34.78" y="142.66" b="A"/>
<point x="42.34" y="142.66" b="Y"/>
<point x="49.70" y="142.66" b="C"/>
<point x="57.46" y="142.66" b="A"/>
<point x="65.02" y="142.66" b="Y"/>
<point x="70.16" y="137.32" b="C"/>
<point x="70.37" y="129.76" b="A"/>
<point x="70.37" y="122.20" b="Y"/>
<point x="70.16" y="114.64" b="C"/>
<point x="70.37" y="107.08" b="A"/>
<point x="70.16" y="99.52" b="U"/>
<point x="70.16" y="91.96" b="C"/>
<point x="63.48" y="88.84" b="A"/>
<point x="63.48" y="81.28" b="Y"/>
<point x="70.31" y="78.37" b="N"/>
<point x="70.16" y="70.61" b="C"/>
<point x="70.16" y="63.05" b="U"/>
<point x="69.95" y="55.49" b="G"/>
<point x="70.31" y="48.13" b="N"/>
<point x="64.96" y="42.79" b="N"/>
<point x="63.33" y="35.17" b="U"/>
<point x="66.42" y="28.19" b="A"/>
<point x="72.50" y="23.98" b="R"/>
<point x="80.06" y="23.98" b="U"/>
<point x="86.35" y="28.19" b="C"/>
<point x="89.23" y="35.17" b="U"/>
<point x="87.75" y="42.59" b="U"/>
<point x="82.40" y="47.93" b="U"/>
<point x="82.40" y="55.49" b="C"/>
<point x="82.40" y="63.05" b="R"/>
<point x="82.19" y="70.61" b="G"/>
<point x="82.19" y="78.17" b="G"/>
<point x="85.65" y="85.27" b="N"/>
<point x="82.19" y="91.96" b="G"/>
<point x="82.55" y="99.72" b="N"/>
<point x="82.40" y="107.08" b="U"/>
<point x="82.55" y="114.84" b="N"/>
<point x="90.11" y="114.84" b="N"/>
<point x="90.11" y="122.40" b="N"/>
<point x="82.40" y="122.20" b="R"/>
<point x="82.40" y="129.76" b="U"/>
<point x="82.40" y="137.32" b="R"/>
<point x="93.09" y="148.01" b="C"/>
<point x="100.86" y="148.01" b="Y"/>
<point x="108.00" y="148.01" b="G"/>
<point x="115.56" y="148.01" b="G"/>
<point x="123.33" y="148.01" b="R"/>
<point x="131.10" y="148.01" b="A"/>
<point x="138.24" y="148.01" b="G"/>
<point x="146.01" y="148.01" b="R"/>
<point x="151.56" y="142.66" b="Y"/>
<point x="158.91" y="141.38" b="N"/>
<point x="165.90" y="144.27" b="N"/>
<point x="170.10" y="150.56" b="N"/>
<point x="170.10" y="158.12" b="N"/>
<point x="165.90" y="164.40" b="N"/>
<point x="158.91" y="167.29" b="N"/>
<point x="151.50" y="165.81" b="N"/>
<point x="146.22" y="160.25" b="Y"/>
<point x="138.66" y="160.25" b="Y"/>
<point x="130.89" y="160.25" b="U"/>
<point x="123.54" y="160.25" b="Y"/>
<point x="115.77" y="160.25" b="C"/>
<point x="108.21" y="160.25" b="C"/>
<point x="100.65" y="160.25" b="R"/>
<point x="93.09" y="160.25" b="R"/>
<point x="87.90" y="165.80" b="N"/>
<point x="87.90" y="173.36" b="N"/>
<point x="87.90" y="180.92" b="N"/>
<point x="87.90" y="188.48" b="N"/>
<point x="87.90" y="196.04" b="N"/>
<point x="87.90" y="203.60" b="N"/>
<point x="87.90" y="211.16" b="N"/>
<point x="87.75" y="218.51" b="R"/>
<point x="87.90" y="226.28" b="N"/>
<point x="87.90" y="233.84" b="N"/>
<point x="87.75" y="241.19" b="R"/>
<point x="87.95" y="248.75" b="A"/>
<point x="87.90" y="256.52" b="N"/>
<point x="87.90" y="264.08" b="N"/>
<point x="87.90" y="271.64" b="N"/>
<point x="87.90" y="279.20" b="N"/>
<point x="87.90" y="286.76" b="N"/>
<point x="87.90" y="294.32" b="N"/>
<point x="93.24" y="299.67" b="N"/>
<point x="100.80" y="299.67" b="N"/>
<point x="108.36" y="299.67" b="N"/>
<point x="115.92" y="299.67" b="N"/>
<point x="123.54" y="299.46" b="A"/>
<point x="130.89" y="299.46" b="R"/>
<point x="138.45" y="299.46" b="C"/>
<point x="146.01" y="299.46" b="C"/>
<point x="153.57" y="299.46" b="C"/>
<point x="161.13" y="299.46" b="U"/>
<point x="168.69" y="299.46" b="C"/>
<point x="176.04" y="299.46" b="G"/>
<point x="183.60" y="299.46" b="G"/>
<point x="191.37" y="299.46" b="R"/>
<point x="199.14" y="299.46" b="A"/>
<point x="206.28" y="299.46" b="G"/>
<point x="213.39" y="296.27" b="N"/>
<point x="220.50" y="298.85" b="N"/>
<point x="223.55" y="305.58" b="Y"/>
<point x="220.35" y="312.52" b="R"/>
<point x="213.39" y="315.31" b="N"/>
<point x="206.49" y="311.70" b="C"/>
<point x="198.93" y="311.70" b="U"/>
<point x="191.58" y="311.70" b="Y"/>
<point x="184.02" y="311.70" b="Y"/>
<point x="176.25" y="311.70" b="C"/>
<point x="168.48" y="311.70" b="G"/>
<point x="161.13" y="311.70" b="R"/>
<point x="153.36" y="311.70" b="G"/>
<point x="145.80" y="311.70" b="G"/>
<point x="138.24" y="311.70" b="G"/>
<point x="131.10" y="311.70" b="Y"/>
<point x="123.33" y="311.70" b="U"/>
<point x="115.77" y="311.70" b="U"/>
<point x="108.21" y="311.70" b="U"/>
<point x="100.65" y="311.70" b="U"/>
<point x="93.24" y="311.91" b="N"/>
<point x="87.90" y="317.25" b="N"/>
<point x="87.90" y="324.81" b="N"/>
<point x="87.95" y="332.17" b="Y"/>
</structure>