<structure>
<point x="34.10" y="211.23" b="U"/>
<point x="39.24" y="205.89" b="G"/>
<point x="39.45" y="198.33" b="C"/>
<point x="39.65" y="190.77" b="A"/>
<point x="39.24" y="183.21" b="G"/>
<point x="32.10" y="182.82" b="Y"/>
<point x="24.89" y="180.56" b="Y"/>
<point x="18.27" y="176.56" b="R"/>
<point x="13.21" y="171.28" b="N"/>
<point x="9.18" y="164.47" b="G"/>
<point x="7.50" y="157.15" b="U"/>
<point x="7.50" y="149.59" b="C"/>
<point x="9.60" y="142.27" b="A"/>
<point x="13.27" y="135.66" b="A"/>
<point x="18.48" y="130.18" b="A"/>
<point x="24.69" y="126.18" b="U"/>
<point x="31.90" y="123.91" b="U"/>
<point x="39.45" y="123.53" b="C"/>
<point x="39.65" y="115.97" b="A"/>
<point x="39.24" y="108.41" b="G"/>
<point x="39.45" y="100.85" b="U"/>
<point x="39.45" y="93.29" b="R"/>
<point x="39.45" y="85.73" b="C"/>
<point x="39.45" y="78.17" b="C"/>
<point x="39.45" y="70.61" b="U"/>
<point x="39.24" y="63.05" b="G"/>
<point x="39.65" y="55.49" b="Y"/>
<point x="39.45" y="47.93" b="C"/>
<point x="34.10" y="42.59" b="C"/>
<point x="32.61" y="35.17" b="U"/>
<point x="35.50" y="28.19" b="R"/>
<point x="41.99" y="23.98" b="Y"/>
<point x="49.55" y="23.98" b="Y"/>
<point x="55.78" y="28.39" b="N"/>
<point x="58.73" y="35.17" b="A"/>
<point x="57.04" y="42.59" b="U"/>
<point x="51.48" y="47.93" b="G"/>
<point x="51.48" y="55.49" b="G"/>
<point x="51.89" y="63.05" b="Y"/>
<point x="51.69" y="70.61" b="R"/>
<point x="51.48" y="78.17" b="G"/>
<point x="51.48" y="85.73" b="G"/>
<point x="51.84" y="93.49" b="N"/>
<point x="51.89" y="100.85" b="A"/>
<point x="51.69" y="108.41" b="C"/>
<point x="51.69" y="115.97" b="U"/>
<point x="51.48" y="123.53" b="G"/>
<point x="58.64" y="125.95" b="G"/>
<point x="65.19" y="130.07" b="C"/>
<point x="70.32" y="135.62" b="C"/>
<point x="73.93" y="142.26" b="C"/>
<point x="76.00" y="149.59" b="A"/>
<point x="75.58" y="157.15" b="G"/>
<point x="74.14" y="164.47" b="A"/>
<point x="70.47" y="171.33" b="N"/>
<point x="64.98" y="176.67" b="G"/>
<point x="58.64" y="180.78" b="G"/>
<point x="51.69" y="183.21" b="C"/>
<point x="51.69" y="190.77" b="U"/>
<point x="51.48" y="198.33" b="G"/>
<point x="51.69" y="205.89" b="C"/>
<point x="57.03" y="211.23" b="C"/>
<point x="64.80" y="211.23" b="A"/>
<point x="72.15" y="211.23" b="C"/>
<point x="79.92" y="211.23" b="A"/>
<point x="87.06" y="211.23" b="G"/>
<point x="95.04" y="211.23" b="A"/>
<point x="102.60" y="211.23" b="A"/>
<point x="110.16" y="211.23" b="A"/>
<point x="117.51" y="211.23" b="C"/>
<point x="125.22" y="211.44" b="N"/>
<point x="132.63" y="211.23" b="C"/>
<point x="140.34" y="211.44" b="N"/>
<point x="145.54" y="205.89" b="R"/>
<point x="145.75" y="198.33" b="Y"/>
<point x="145.54" y="190.77" b="R"/>
<point x="145.54" y="183.21" b="R"/>
<point x="145.54" y="175.65" b="C"/>
<point x="145.54" y="168.09" b="U"/>
<point x="138.83" y="164.60" b="C"/>
<point x="134.01" y="158.96" b="A"/>
<point x="131.11" y="151.89" b="U"/>
<point x="130.90" y="144.33" b="G"/>
<point x="133.59" y="137.27" b="G"/>
<point x="138.62" y="131.62" b="G"/>
<point x="145.54" y="128.14" b="C"/>
<point x="145.54" y="120.58" b="C"/>
<point x="145.54" y="113.02" b="C"/>
<point x="145.69" y="105.66" b="N"/>
<point x="145.33" y="97.90" b="G"/>
<point x="138.79" y="95.01" b="N"/>
<point x="133.06" y="89.70" b="U"/>
<point x="129.37" y="83.10" b="C"/>
<point x="128.16" y="75.68" b="Y"/>
<point x="129.14" y="68.18" b="Y"/>
<point x="132.38" y="61.59" b="N"/>
<point x="137.49" y="55.95" b="U"/>
<point x="144.20" y="52.46" b="R"/>
<point x="151.66" y="51.26" b="U"/>
<point x="159.12" y="52.46" b="C"/>
<point x="165.83" y="55.95" b="C"/>
<point x="171.30" y="61.38" b="Y"/>
<point x="174.39" y="68.18" b="R"/>
<point x="175.16" y="75.68" b="G"/>
<point x="173.74" y="83.10" b="G"/>
<point x="170.41" y="89.91" b="N"/>
<point x="164.89" y="94.81" b="Y"/>
<point x="157.78" y="97.90" b="C"/>
<point x="157.93" y="105.66" b="N"/>
<point x="157.57" y="113.02" b="G"/>
<point x="157.57" y="120.58" b="G"/>
<point x="157.57" y="128.14" b="G"/>
<point x="165.53" y="128.59" b="A"/>
<point x="172.17" y="131.80" b="U"/>
<point x="177.56" y="137.30" b="A"/>
<point x="180.35" y="144.33" b="A"/>
<point x="180.14" y="151.89" b="R"/>
<point x="177.35" y="158.92" b="U"/>
<point x="172.17" y="164.42" b="U"/>
<point x="165.33" y="167.63" b="U"/>
<point x="157.57" y="168.09" b="G"/>
<point x="157.57" y="175.65" b="G"/>
<point x="157.99" y="183.21" b="Y"/>
<point x="157.78" y="190.77" b="U"/>
<point x="157.78" y="198.33" b="R"/>
<point x="157.78" y="205.89" b="C"/>
<point x="163.33" y="211.23" b="A"/>
<point x="170.47" y="211.23" b="G"/>
<point x="178.45" y="211.23" b="A"/>
<point x="185.81" y="211.23" b="C"/>
<point x="193.57" y="211.23" b="A"/>
<point x="201.13" y="211.23" b="Y"/>
<point x="208.69" y="211.23" b="Y"/>
<point x="216.25" y="211.23" b="A"/>
</structure>