<structure>
<point x="19.66" y="175.83" b="A"/>
<point x="26.80" y="175.83" b="G"/>
<point x="34.58" y="175.83" b="U"/>
<point x="42.34" y="175.83" b="A"/>
<point x="49.48" y="175.83" b="G"/>
<point x="57.05" y="175.83" b="G"/>
<point x="65.02" y="175.83" b="A"/>
<point x="72.38" y="175.83" b="C"/>
<point x="79.94" y="175.83" b="U"/>
<point x="87.70" y="175.83" b="A"/>
<point x="94.84" y="175.83" b="G"/>
<point x="102.61" y="175.83" b="C"/>
<point x="110.38" y="175.83" b="A"/>
<point x="117.94" y="175.83" b="A"/>
<point x="125.50" y="175.83" b="A"/>
<point x="133.00" y="176.03" b="N"/>
<point x="140.56" y="176.03" b="N"/>
<point x="148.12" y="176.03" b="N"/>
<point x="155.53" y="175.83" b="R"/>
<point x="162.88" y="175.83" b="G"/>
<point x="170.44" y="175.83" b="G"/>
<point x="178.00" y="175.83" b="G"/>
<point x="183.56" y="170.48" b="R"/>
<point x="183.71" y="163.13" b="N"/>
<point x="183.56" y="155.36" b="U"/>
<point x="183.77" y="147.80" b="A"/>
<point x="183.35" y="140.24" b="G"/>
<point x="183.56" y="132.68" b="C"/>
<point x="183.71" y="125.33" b="N"/>
<point x="180.61" y="118.43" b="N"/>
<point x="183.71" y="111.54" b="N"/>
<point x="183.56" y="103.77" b="R"/>
<point x="183.35" y="96.21" b="G"/>
<point x="183.56" y="88.65" b="U"/>
<point x="183.35" y="81.09" b="G"/>
<point x="183.35" y="73.53" b="G"/>
<point x="176.79" y="70.62" b="Y"/>
<point x="171.00" y="75.93" b="G"/>
<point x="168.69" y="82.99" b="A"/>
<point x="161.19" y="85.63" b="G"/>
<point x="156.24" y="90.95" b="Y"/>
<point x="150.65" y="96.26" b="U"/>
<point x="145.28" y="101.58" b="C"/>
<point x="140.05" y="107.10" b="N"/>
<point x="134.74" y="112.21" b="Y"/>
<point x="137.31" y="119.24" b="U"/>
<point x="137.64" y="126.78" b="G"/>
<point x="135.88" y="134.13" b="G"/>
<point x="142.16" y="138.63" b="R"/>
<point x="148.24" y="143.14" b="U"/>
<point x="154.10" y="147.64" b="G"/>
<point x="160.18" y="152.14" b="G"/>
<point x="166.66" y="156.64" b="Y"/>
<point x="172.74" y="161.14" b="Y"/>
<point x="178.76" y="165.85" b="N"/>
<point x="185.78" y="162.70" b="A"/>
<point x="193.34" y="162.73" b="A"/>
<point x="200.07" y="165.73" b="R"/>
<point x="206.38" y="161.27" b="Y"/>
<point x="212.29" y="156.82" b="C"/>
<point x="218.40" y="152.37" b="C"/>
<point x="224.50" y="147.91" b="U"/>
<point x="230.40" y="143.46" b="G"/>
<point x="235.39" y="137.44" b="A"/>
<point x="242.53" y="137.51" b="G"/>
<point x="247.20" y="143.62" b="U"/>
<point x="245.16" y="150.84" b="A"/>
<point x="237.82" y="153.35" b="C"/>
<point x="231.92" y="157.80" b="A"/>
<point x="225.40" y="162.25" b="G"/>
<point x="219.29" y="166.71" b="G"/>
<point x="213.39" y="171.16" b="R"/>
<point x="207.49" y="175.62" b="Y"/>
<point x="208.22" y="183.14" b="A"/>
<point x="205.52" y="190.35" b="G"/>
<point x="200.80" y="196.08" b="U"/>
<point x="203.22" y="203.24" b="C"/>
<point x="205.44" y="210.40" b="G"/>
<point x="208.08" y="217.56" b="U"/>
<point x="210.51" y="224.71" b="C"/>
<point x="217.65" y="227.73" b="A"/>
<point x="221.74" y="233.95" b="R"/>
<point x="222.11" y="241.50" b="U"/>
<point x="218.44" y="248.12" b="R"/>
<point x="220.66" y="255.27" b="G"/>
<point x="226.02" y="260.81" b="U"/>
<point x="225.30" y="268.33" b="U"/>
<point x="227.73" y="275.49" b="C"/>
<point x="230.16" y="282.65" b="R"/>
<point x="232.79" y="289.81" b="A"/>
<point x="237.74" y="295.35" b="C"/>
<point x="237.01" y="302.87" b="R"/>
<point x="239.44" y="310.03" b="C"/>
<point x="242.02" y="317.40" b="N"/>
<point x="249.17" y="319.85" b="N"/>
<point x="254.29" y="325.42" b="N"/>
<point x="256.13" y="332.75" b="N"/>
<point x="254.26" y="340.08" b="N"/>
<point x="249.12" y="345.62" b="N"/>
<point x="241.81" y="347.84" b="R"/>
<point x="234.36" y="346.57" b="R"/>
<point x="228.57" y="342.10" b="N"/>
<point x="225.57" y="335.16" b="N"/>
<point x="226.25" y="327.63" b="N"/>
<point x="230.43" y="321.33" b="N"/>
<point x="227.64" y="313.96" b="G"/>
<point x="225.63" y="306.80" b="Y"/>
<point x="220.27" y="301.27" b="C"/>
<point x="220.99" y="293.74" b="U"/>
<point x="218.77" y="286.58" b="Y"/>
<point x="215.93" y="279.43" b="G"/>
<point x="213.92" y="272.26" b="A"/>
<point x="207.03" y="276.17" b="G"/>
<point x="200.34" y="273.58" b="A"/>
<point x="197.71" y="266.42" b="U"/>
<point x="201.56" y="260.04" b="G"/>
<point x="209.28" y="259.20" b="C"/>
<point x="207.06" y="252.05" b="Y"/>
<point x="199.76" y="254.03" b="A"/>
<point x="192.63" y="251.51" b="Y"/>
<point x="187.77" y="245.40" b="G"/>
<point x="187.79" y="237.84" b="U"/>
<point x="191.71" y="231.51" b="G"/>
<point x="198.71" y="228.65" b="G"/>
<point x="196.69" y="221.49" b="A"/>
<point x="194.06" y="214.33" b="C"/>
<point x="191.42" y="207.17" b="G"/>
<point x="189.41" y="200.01" b="A"/>
<point x="181.59" y="198.46" b="G"/>
<point x="176.50" y="204.05" b="G"/>
<point x="171.41" y="209.64" b="G"/>
<point x="166.53" y="215.23" b="C"/>
<point x="160.17" y="218.97" b="A"/>
<point x="154.37" y="213.88" b="U"/>
<point x="157.27" y="206.99" b="G"/>
<point x="162.57" y="201.40" b="C"/>
<point x="167.66" y="195.81" b="C"/>
<point x="172.75" y="190.22" b="C"/>
<point x="170.73" y="183.00" b="A"/>
<point x="171.47" y="175.68" b="N"/>
<point x="165.25" y="170.97" b="R"/>
<point x="159.17" y="166.47" b="R"/>
<point x="153.10" y="161.97" b="C"/>
<point x="146.37" y="164.98" b="A"/>
<point x="147.02" y="157.47" b="C"/>
<point x="141.16" y="152.97" b="A"/>
<point x="135.08" y="148.47" b="Y"/>
<point x="128.80" y="143.97" b="C"/>
<point x="122.28" y="147.79" b="U"/>
<point x="114.91" y="149.47" b="U"/>
<point x="107.58" y="148.85" b="A"/>
<point x="100.58" y="145.99" b="A"/>
<point x="95.00" y="151.31" b="C"/>
<point x="89.63" y="156.62" b="C"/>
<point x="84.46" y="161.94" b="Y"/>
<point x="79.03" y="167.46" b="N"/>
<point x="73.65" y="172.78" b="N"/>
<point x="68.13" y="177.89" b="R"/>
<point x="62.75" y="183.21" b="C"/>
<point x="57.17" y="188.52" b="G"/>
<point x="51.79" y="193.84" b="G"/>
<point x="46.68" y="199.41" b="G"/>
<point x="39.36" y="197.53" b="G"/>
<point x="37.56" y="190.19" b="G"/>
<point x="43.40" y="185.13" b="U"/>
<point x="48.77" y="179.82" b="C"/>
<point x="53.94" y="174.50" b="G"/>
<point x="59.73" y="169.19" b="Y"/>
<point x="65.05" y="164.08" b="N"/>
<point x="70.42" y="158.76" b="N"/>
<point x="75.65" y="153.24" b="R"/>
<point x="80.81" y="147.92" b="G"/>
<point x="86.19" y="142.60" b="G"/>
<point x="91.77" y="137.29" b="U"/>
<point x="88.78" y="130.26" b="G"/>
<point x="88.65" y="122.72" b="A"/>
<point x="90.42" y="115.37" b="A"/>
<point x="94.31" y="108.89" b="A"/>
<point x="99.92" y="104.09" b="N"/>
<point x="97.39" y="96.71" b="C"/>
<point x="95.01" y="89.54" b="R"/>
<point x="92.78" y="82.57" b="N"/>
<point x="90.39" y="75.39" b="N"/>
<point x="86.05" y="69.21" b="N"/>
<point x="88.48" y="61.82" b="Y"/>
<point x="95.65" y="59.44" b="A"/>
<point x="101.79" y="63.98" b="N"/>
<point x="102.01" y="71.54" b="N"/>
<point x="104.39" y="78.71" b="N"/>
<point x="106.83" y="85.68" b="Y"/>
<point x="108.80" y="92.85" b="G"/>
<point x="111.60" y="100.03" b="Y"/>
<point x="118.92" y="100.65" b="U"/>
<point x="125.92" y="103.51" b="R"/>
<point x="131.45" y="98.40" b="N"/>
<point x="136.46" y="92.88" b="G"/>
<point x="142.05" y="87.56" b="R"/>
<point x="147.42" y="82.24" b="R"/>
<point x="152.80" y="76.93" b="U"/>
<point x="155.73" y="69.88" b="A"/>
<point x="162.60" y="67.23" b="C"/>
<point x="168.18" y="61.91" b="A"/>
<point x="164.93" y="54.91" b="G"/>
<point x="164.51" y="47.37" b="C"/>
<point x="157.31" y="45.05" b="C"/>
<point x="150.12" y="42.73" b="U"/>
<point x="142.35" y="42.58" b="G"/>
<point x="138.38" y="36.43" b="A"/>
<point x="140.49" y="29.23" b="U"/>
<point x="147.85" y="26.80" b="A"/>
<point x="153.66" y="31.08" b="G"/>
<point x="160.86" y="33.40" b="G"/>
<point x="168.05" y="35.72" b="G"/>
<point x="173.18" y="29.98" b="U"/>
<point x="179.36" y="25.94" b="G"/>
<point x="187.08" y="23.98" b="Y"/>
<point x="194.43" y="24.28" b="U"/>
<point x="201.34" y="26.80" b="G"/>
<point x="207.62" y="31.32" b="C"/>
<point x="212.27" y="37.43" b="A"/>
<point x="214.30" y="44.58" b="G"/>
<point x="214.93" y="52.14" b="A"/>
<point x="212.47" y="59.42" b="G"/>
<point x="208.58" y="65.77" b="R"/>
<point x="202.78" y="70.62" b="C"/>
<point x="195.80" y="73.53" b="C"/>
<point x="195.80" y="81.09" b="C"/>
<point x="196.01" y="88.65" b="A"/>
<point x="195.80" y="96.21" b="C"/>
<point x="195.80" y="103.77" b="U"/>
<point x="195.80" y="111.33" b="R"/>
<point x="203.50" y="111.84" b="N"/>
<point x="207.25" y="118.22" b="Y"/>
<point x="203.50" y="125.03" b="N"/>
<point x="195.95" y="125.33" b="N"/>
<point x="195.59" y="132.68" b="G"/>
<point x="195.80" y="140.24" b="C"/>
<point x="195.80" y="147.80" b="U"/>
<point x="196.01" y="155.36" b="A"/>
<point x="195.95" y="163.13" b="N"/>
<point x="195.80" y="170.48" b="U"/>
<point x="201.30" y="176.03" b="N"/>
<point x="208.86" y="176.03" b="N"/>
<point x="216.27" y="175.83" b="R"/>
<point x="224.03" y="175.83" b="A"/>
<point x="231.59" y="175.83" b="A"/>
<point x="239.15" y="175.83" b="A"/>
<point x="246.71" y="175.83" b="A"/>
<point x="254.22" y="176.03" b="N"/>
<point x="261.63" y="175.83" b="C"/>
<point x="269.19" y="175.83" b="U"/>
<point x="276.75" y="175.83" b="C"/>
<point x="284.31" y="175.83" b="U"/>
<point x="291.66" y="175.83" b="G"/>
<point x="299.43" y="175.83" b="C"/>
<point x="306.99" y="175.83" b="U"/>
<point x="314.34" y="175.83" b="G"/>
<point x="322.11" y="175.83" b="U"/>
<point x="329.87" y="175.83" b="A"/>
<point x="335.01" y="170.48" b="C"/>
<point x="335.22" y="162.92" b="A"/>
<point x="335.01" y="155.36" b="U"/>
<point x="334.80" y="147.80" b="G"/>
<point x="334.44" y="140.25" b="G"/>
<point x="341.13" y="136.36" b="C"/>
<point x="347.82" y="140.25" b="A"/>
<point x="347.25" y="147.80" b="C"/>
<point x="347.46" y="155.36" b="A"/>
<point x="347.25" y="162.92" b="U"/>
<point x="347.04" y="170.48" b="G"/>
<point x="352.39" y="175.83" b="G"/>
<point x="360.36" y="175.83" b="A"/>
<point x="367.51" y="175.83" b="G"/>
<point x="375.28" y="175.83" b="U"/>
<point x="382.84" y="175.83" b="U"/>
</structure>