<structure>
<point x="19.60" y="300.92" b="N"/>
<point x="27.16" y="300.92" b="N"/>
<point x="32.15" y="295.37" b="G"/>
<point x="32.15" y="287.81" b="G"/>
<point x="32.51" y="280.45" b="N"/>
<point x="32.51" y="272.89" b="N"/>
<point x="29.47" y="265.79" b="Y"/>
<point x="32.57" y="258.89" b="Y"/>
<point x="32.36" y="251.33" b="R"/>
<point x="32.57" y="243.77" b="Y"/>
<point x="32.36" y="236.21" b="C"/>
<point x="32.36" y="228.65" b="R"/>
<point x="32.51" y="221.30" b="N"/>
<point x="27.80" y="215.39" b="N"/>
<point x="27.66" y="207.62" b="U"/>
<point x="32.15" y="201.70" b="G"/>
<point x="32.36" y="194.14" b="U"/>
<point x="32.57" y="186.58" b="A"/>
<point x="32.57" y="179.02" b="A"/>
<point x="32.36" y="171.46" b="C"/>
<point x="32.57" y="163.90" b="A"/>
<point x="32.15" y="156.34" b="G"/>
<point x="32.36" y="148.78" b="C"/>
<point x="32.57" y="141.22" b="A"/>
<point x="29.47" y="134.32" b="A"/>
<point x="32.36" y="127.43" b="C"/>
<point x="32.36" y="119.87" b="U"/>
<point x="32.36" y="112.31" b="C"/>
<point x="32.36" y="104.75" b="C"/>
<point x="32.57" y="97.19" b="A"/>
<point x="25.47" y="94.07" b="U"/>
<point x="25.26" y="86.51" b="G"/>
<point x="32.36" y="83.40" b="U"/>
<point x="32.15" y="75.84" b="G"/>
<point x="32.15" y="68.28" b="G"/>
<point x="32.57" y="60.72" b="A"/>
<point x="25.99" y="57.11" b="N"/>
<point x="21.48" y="51.04" b="N"/>
<point x="19.70" y="43.69" b="N"/>
<point x="20.94" y="36.23" b="N"/>
<point x="24.99" y="29.85" b="N"/>
<point x="31.22" y="25.57" b="N"/>
<point x="38.63" y="24.06" b="N"/>
<point x="46.04" y="25.57" b="N"/>
<point x="52.12" y="29.64" b="C"/>
<point x="56.32" y="36.23" b="N"/>
<point x="57.56" y="43.69" b="N"/>
<point x="55.78" y="51.04" b="N"/>
<point x="51.12" y="56.90" b="U"/>
<point x="44.60" y="60.72" b="U"/>
<point x="44.60" y="68.28" b="C"/>
<point x="44.60" y="75.84" b="C"/>
<point x="44.81" y="83.40" b="A"/>
<point x="47.49" y="90.29" b="G"/>
<point x="44.60" y="97.19" b="U"/>
<point x="44.39" y="104.75" b="G"/>
<point x="44.39" y="112.31" b="G"/>
<point x="44.81" y="119.87" b="A"/>
<point x="44.39" y="127.43" b="G"/>
<point x="47.85" y="134.53" b="N"/>
<point x="44.60" y="141.22" b="U"/>
<point x="44.39" y="148.78" b="G"/>
<point x="44.60" y="156.34" b="C"/>
<point x="44.60" y="163.90" b="U"/>
<point x="44.39" y="171.46" b="G"/>
<point x="44.60" y="179.02" b="U"/>
<point x="44.60" y="186.58" b="U"/>
<point x="44.81" y="194.14" b="A"/>
<point x="44.81" y="201.70" b="Y"/>
<point x="49.51" y="207.62" b="Y"/>
<point x="49.31" y="215.18" b="U"/>
<point x="44.75" y="221.30" b="N"/>
<point x="44.81" y="228.65" b="Y"/>
<point x="44.39" y="236.21" b="G"/>
<point x="44.60" y="243.77" b="R"/>
<point x="44.81" y="251.33" b="Y"/>
<point x="44.39" y="258.89" b="G"/>
<point x="51.49" y="262.01" b="R"/>
<point x="51.64" y="269.78" b="N"/>
<point x="44.75" y="272.89" b="N"/>
<point x="44.75" y="280.45" b="N"/>
<point x="44.60" y="287.81" b="C"/>
<point x="44.81" y="295.37" b="Y"/>
<point x="49.95" y="300.71" b="R"/>
<point x="57.66" y="300.92" b="N"/>
</structure>