<structure>
<point x="19.66" y="530.47" b="A"/>
<point x="27.16" y="530.68" b="N"/>
<point x="34.37" y="530.47" b="G"/>
<point x="42.13" y="530.47" b="C"/>
<point x="49.90" y="530.47" b="A"/>
<point x="54.83" y="525.13" b="G"/>
<point x="54.83" y="517.57" b="G"/>
<point x="54.68" y="510.01" b="U"/>
<point x="61.37" y="506.13" b="Y"/>
<point x="67.80" y="510.22" b="N"/>
<point x="67.28" y="517.57" b="C"/>
<point x="67.49" y="525.13" b="Y"/>
<point x="72.83" y="530.47" b="Y"/>
<point x="80.34" y="530.68" b="N"/>
<point x="87.75" y="530.47" b="R"/>
<point x="95.51" y="530.47" b="A"/>
<point x="102.87" y="530.47" b="C"/>
<point x="110.63" y="530.47" b="Y"/>
<point x="117.78" y="530.47" b="G"/>
<point x="125.75" y="530.47" b="A"/>
<point x="133.11" y="530.47" b="C"/>
<point x="140.87" y="530.47" b="A"/>
<point x="148.23" y="530.47" b="C"/>
<point x="155.99" y="530.47" b="A"/>
<point x="163.55" y="530.47" b="A"/>
<point x="171.06" y="530.68" b="N"/>
<point x="178.67" y="530.47" b="Y"/>
<point x="186.03" y="530.47" b="C"/>
<point x="191.16" y="525.13" b="G"/>
<point x="191.37" y="517.57" b="U"/>
<point x="191.16" y="510.01" b="G"/>
<point x="191.37" y="502.45" b="C"/>
<point x="191.58" y="494.89" b="A"/>
<point x="191.37" y="487.33" b="R"/>
<point x="184.70" y="484.18" b="Y"/>
<point x="179.14" y="479.20" b="N"/>
<point x="175.65" y="472.32" b="Y"/>
<point x="174.00" y="464.87" b="G"/>
<point x="175.65" y="457.41" b="A"/>
<point x="179.20" y="450.73" b="A"/>
<point x="184.50" y="445.55" b="R"/>
<point x="191.37" y="442.40" b="C"/>
<point x="191.58" y="434.85" b="Y"/>
<point x="191.58" y="427.29" b="Y"/>
<point x="191.37" y="419.73" b="C"/>
<point x="188.06" y="412.83" b="G"/>
<point x="191.37" y="405.93" b="C"/>
<point x="191.37" y="398.37" b="C"/>
<point x="191.37" y="390.81" b="U"/>
<point x="191.16" y="383.25" b="G"/>
<point x="191.16" y="375.69" b="G"/>
<point x="187.97" y="368.94" b="U"/>
<point x="190.55" y="361.84" b="C"/>
<point x="197.49" y="358.84" b="U"/>
<point x="204.43" y="361.84" b="U"/>
<point x="207.01" y="368.94" b="U"/>
<point x="203.61" y="375.69" b="C"/>
<point x="203.61" y="383.25" b="C"/>
<point x="203.61" y="390.81" b="R"/>
<point x="203.40" y="398.37" b="G"/>
<point x="203.40" y="405.93" b="G"/>
<point x="210.10" y="402.05" b="U"/>
<point x="217.56" y="403.28" b="C"/>
<point x="222.45" y="409.05" b="U"/>
<point x="222.45" y="416.61" b="R"/>
<point x="217.35" y="422.38" b="G"/>
<point x="210.31" y="423.61" b="A"/>
<point x="203.40" y="419.73" b="G"/>
<point x="203.61" y="427.29" b="R"/>
<point x="203.40" y="434.85" b="G"/>
<point x="203.61" y="442.40" b="R"/>
<point x="210.69" y="445.55" b="Y"/>
<point x="215.99" y="450.73" b="R"/>
<point x="219.75" y="457.41" b="A"/>
<point x="220.98" y="464.87" b="Y"/>
<point x="219.69" y="472.53" b="N"/>
<point x="216.20" y="479.00" b="Y"/>
<point x="210.69" y="484.18" b="Y"/>
<point x="203.82" y="487.33" b="Y"/>
<point x="203.61" y="494.89" b="U"/>
<point x="203.40" y="502.45" b="G"/>
<point x="203.61" y="510.01" b="U"/>
<point x="203.82" y="517.57" b="A"/>
<point x="203.61" y="525.13" b="C"/>
<point x="208.96" y="530.47" b="U"/>
<point x="214.09" y="525.13" b="G"/>
<point x="214.30" y="517.57" b="U"/>
<point x="214.09" y="510.01" b="G"/>
<point x="214.51" y="502.45" b="Y"/>
<point x="214.51" y="494.89" b="Y"/>
<point x="214.30" y="487.33" b="U"/>
<point x="214.30" y="479.77" b="R"/>
<point x="214.30" y="472.21" b="R"/>
<point x="209.60" y="466.29" b="C"/>
<point x="209.60" y="458.73" b="U"/>
<point x="214.30" y="452.81" b="C"/>
<point x="214.30" y="445.25" b="C"/>
<point x="214.51" y="437.69" b="A"/>
<point x="208.71" y="432.61" b="C"/>
<point x="206.64" y="425.34" b="R"/>
<point x="208.86" y="418.27" b="N"/>
<point x="214.30" y="412.98" b="U"/>
<point x="214.30" y="405.42" b="C"/>
<point x="214.09" y="397.86" b="G"/>
<point x="214.30" y="390.30" b="R"/>
<point x="214.51" y="382.74" b="Y"/>
<point x="211.20" y="375.85" b="C"/>
<point x="214.51" y="368.95" b="Y"/>
<point x="214.51" y="361.39" b="A"/>
<point x="214.30" y="353.83" b="C"/>
<point x="214.51" y="346.27" b="Y"/>
<point x="208.17" y="341.85" b="R"/>
<point x="204.52" y="335.12" b="G"/>
<point x="204.73" y="327.56" b="C"/>
<point x="207.96" y="320.82" b="G"/>
<point x="214.30" y="316.40" b="R"/>
<point x="214.09" y="308.84" b="G"/>
<point x="214.51" y="301.28" b="Y"/>
<point x="214.30" y="293.72" b="R"/>
<point x="207.80" y="290.23" b="Y"/>
<point x="202.57" y="284.59" b="U"/>
<point x="200.08" y="277.52" b="A"/>
<point x="199.67" y="269.96" b="G"/>
<point x="202.57" y="262.90" b="U"/>
<point x="207.80" y="257.25" b="A"/>
<point x="214.30" y="253.77" b="R"/>
<point x="214.30" y="246.21" b="C"/>
<point x="214.51" y="238.65" b="A"/>
<point x="214.30" y="231.09" b="R"/>
<point x="208.38" y="226.66" b="Y"/>
<point x="204.88" y="220.14" b="N"/>
<point x="204.88" y="212.58" b="N"/>
<point x="208.38" y="205.64" b="Y"/>
<point x="214.45" y="201.42" b="N"/>
<point x="214.45" y="193.86" b="N"/>
<point x="214.51" y="186.10" b="Y"/>
<point x="214.09" y="178.54" b="G"/>
<point x="214.51" y="170.98" b="Y"/>
<point x="214.30" y="163.42" b="U"/>
<point x="208.12" y="159.07" b="U"/>
<point x="204.52" y="152.43" b="C"/>
<point x="196.80" y="151.55" b="G"/>
<point x="189.46" y="151.04" b="U"/>
<point x="186.56" y="144.15" b="A"/>
<point x="190.75" y="138.16" b="G"/>
<point x="198.42" y="139.40" b="C"/>
<point x="205.72" y="140.27" b="G"/>
<point x="210.75" y="134.62" b="G"/>
<point x="218.18" y="131.81" b="A"/>
<point x="225.30" y="132.44" b="G"/>
<point x="230.35" y="126.63" b="C"/>
<point x="235.18" y="120.82" b="R"/>
<point x="240.02" y="115.01" b="U"/>
<point x="244.86" y="109.20" b="R"/>
<point x="249.84" y="103.59" b="N"/>
<point x="254.68" y="97.78" b="N"/>
<point x="259.37" y="91.77" b="R"/>
<point x="264.00" y="85.95" b="G"/>
<point x="262.59" y="78.57" b="C"/>
<point x="255.76" y="75.32" b="C"/>
<point x="248.73" y="72.07" b="G"/>
<point x="242.32" y="68.81" b="Y"/>
<point x="235.08" y="65.56" b="G"/>
<point x="228.25" y="62.31" b="G"/>
<point x="221.43" y="59.05" b="G"/>
<point x="223.38" y="66.46" b="A"/>
<point x="220.22" y="73.33" b="A"/>
<point x="213.41" y="77.00" b="C"/>
<point x="206.11" y="76.03" b="Y"/>
<point x="200.44" y="70.82" b="C"/>
<point x="199.12" y="63.37" b="C"/>
<point x="202.68" y="56.59" b="Y"/>
<point x="209.19" y="53.12" b="C"/>
<point x="202.37" y="49.87" b="C"/>
<point x="195.75" y="46.62" b="Y"/>
<point x="188.72" y="43.36" b="U"/>
<point x="181.68" y="40.11" b="G"/>
<point x="174.21" y="38.96" b="G"/>
<point x="170.89" y="32.27" b="U"/>
<point x="174.34" y="25.45" b="A"/>
<point x="181.76" y="23.98" b="A"/>
<point x="187.16" y="29.06" b="C"/>
<point x="194.19" y="32.31" b="A"/>
<point x="200.81" y="35.57" b="R"/>
<point x="207.42" y="38.82" b="G"/>
<point x="214.25" y="42.07" b="G"/>
<point x="222.22" y="42.24" b="A"/>
<point x="226.91" y="48.01" b="C"/>
<point x="233.73" y="51.26" b="C"/>
<point x="240.55" y="54.51" b="C"/>
<point x="247.38" y="57.76" b="R"/>
<point x="254.20" y="61.02" b="C"/>
<point x="260.82" y="64.27" b="G"/>
<point x="267.64" y="67.52" b="G"/>
<point x="274.40" y="64.13" b="G"/>
<point x="275.87" y="56.71" b="G"/>
<point x="277.54" y="49.30" b="C"/>
<point x="275.52" y="42.01" b="C"/>
<point x="279.43" y="35.54" b="R"/>
<point x="287.02" y="33.95" b="A"/>
<point x="293.25" y="38.24" b="A"/>
<point x="294.40" y="45.71" b="A"/>
<point x="289.34" y="51.67" b="G"/>
<point x="288.08" y="59.09" b="C"/>
<point x="286.62" y="66.50" b="C"/>
<point x="291.78" y="72.21" b="A"/>
<point x="293.19" y="79.60" b="C"/>
<point x="290.87" y="86.86" b="G"/>
<point x="295.72" y="92.98" b="Y"/>
<point x="300.16" y="99.10" b="Y"/>
<point x="304.59" y="105.22" b="Y"/>
<point x="310.60" y="109.81" b="Y"/>
<point x="310.45" y="117.58" b="N"/>
<point x="304.33" y="122.01" b="N"/>
<point x="297.17" y="119.54" b="Y"/>
<point x="294.48" y="112.40" b="R"/>
<point x="289.83" y="106.28" b="G"/>
<point x="285.81" y="100.16" b="A"/>
<point x="281.17" y="94.04" b="C"/>
<point x="273.61" y="93.79" b="C"/>
<point x="268.98" y="99.60" b="Y"/>
<point x="264.09" y="105.61" b="N"/>
<point x="259.25" y="111.42" b="N"/>
<point x="254.47" y="117.03" b="Y"/>
<point x="249.63" y="122.84" b="A"/>
<point x="244.80" y="128.65" b="Y"/>
<point x="239.54" y="134.46" b="G"/>
<point x="234.92" y="140.27" b="U"/>
<point x="236.69" y="147.56" b="G"/>
<point x="244.00" y="150.14" b="U"/>
<point x="250.90" y="152.71" b="G"/>
<point x="258.22" y="155.28" b="C"/>
<point x="265.52" y="152.65" b="A"/>
<point x="272.75" y="154.84" b="A"/>
<point x="276.98" y="160.96" b="C"/>
<point x="276.81" y="168.51" b="C"/>
<point x="272.11" y="174.43" b="C"/>
<point x="264.78" y="176.29" b="C"/>
<point x="258.03" y="173.35" b="A"/>
<point x="253.85" y="166.79" b="G"/>
<point x="246.95" y="164.22" b="C"/>
<point x="240.05" y="161.65" b="A"/>
<point x="232.73" y="159.07" b="C"/>
<point x="226.54" y="163.42" b="R"/>
<point x="226.33" y="170.98" b="G"/>
<point x="226.75" y="178.54" b="Y"/>
<point x="226.54" y="186.10" b="R"/>
<point x="226.69" y="193.86" b="N"/>
<point x="226.69" y="201.42" b="N"/>
<point x="232.88" y="205.64" b="Y"/>
<point x="236.12" y="212.37" b="U"/>
<point x="236.32" y="219.93" b="Y"/>
<point x="232.82" y="226.87" b="N"/>
<point x="226.75" y="231.09" b="Y"/>
<point x="226.54" y="238.65" b="U"/>
<point x="226.33" y="246.21" b="G"/>
<point x="226.54" y="253.77" b="U"/>
<point x="233.04" y="257.25" b="G"/>
<point x="238.49" y="262.90" b="A"/>
<point x="241.18" y="269.96" b="A"/>
<point x="241.18" y="277.52" b="A"/>
<point x="238.43" y="284.80" b="N"/>
<point x="233.40" y="290.44" b="N"/>
<point x="226.75" y="293.72" b="Y"/>
<point x="226.75" y="301.28" b="A"/>
<point x="226.54" y="308.84" b="C"/>
<point x="226.75" y="316.40" b="Y"/>
<point x="232.67" y="320.82" b="U"/>
<point x="236.32" y="327.56" b="Y"/>
<point x="236.32" y="335.12" b="A"/>
<point x="232.88" y="341.85" b="A"/>
<point x="226.54" y="346.27" b="R"/>
<point x="226.33" y="353.83" b="G"/>
<point x="226.54" y="361.39" b="U"/>
<point x="226.54" y="368.95" b="R"/>
<point x="233.64" y="372.07" b="A"/>
<point x="233.43" y="379.63" b="C"/>
<point x="226.54" y="382.74" b="R"/>
<point x="226.75" y="390.30" b="Y"/>
<point x="226.54" y="397.86" b="U"/>
<point x="226.33" y="405.42" b="G"/>
<point x="226.54" y="412.98" b="R"/>
<point x="232.29" y="418.27" b="N"/>
<point x="234.42" y="425.34" b="A"/>
<point x="232.14" y="432.61" b="C"/>
<point x="226.54" y="437.69" b="U"/>
<point x="226.33" y="445.25" b="G"/>
<point x="226.33" y="452.81" b="G"/>
<point x="233.59" y="455.55" b="U"/>
<point x="236.74" y="462.51" b="A"/>
<point x="233.59" y="469.47" b="C"/>
<point x="226.75" y="472.21" b="Y"/>
<point x="226.75" y="479.77" b="Y"/>
<point x="226.54" y="487.33" b="R"/>
<point x="226.54" y="494.89" b="R"/>
<point x="226.69" y="502.65" b="N"/>
<point x="226.75" y="510.01" b="Y"/>
<point x="226.75" y="517.57" b="A"/>
<point x="226.54" y="525.13" b="C"/>
<point x="231.89" y="530.47" b="U"/>
<point x="239.24" y="530.47" b="G"/>
<point x="246.80" y="530.47" b="G"/>
<point x="254.78" y="530.47" b="Y"/>
<point x="261.92" y="530.47" b="G"/>
<point x="269.90" y="530.47" b="A"/>
<point x="275.04" y="525.13" b="C"/>
<point x="275.24" y="517.57" b="A"/>
<point x="274.82" y="510.01" b="G"/>
<point x="274.82" y="502.45" b="G"/>
<point x="275.04" y="494.89" b="C"/>
<point x="267.73" y="492.95" b="U"/>
<point x="261.14" y="489.62" b="A"/>
<point x="255.14" y="485.03" b="A"/>
<point x="249.73" y="479.35" b="G"/>
<point x="245.95" y="472.81" b="G"/>
<point x="243.95" y="465.64" b="A"/>
<point x="242.76" y="458.15" b="U"/>
<point x="243.07" y="450.61" b="G"/>
<point x="245.26" y="443.31" b="C"/>
<point x="238.71" y="439.53" b="C"/>
<point x="232.16" y="435.75" b="C"/>
<point x="225.62" y="431.97" b="U"/>
<point x="219.28" y="428.19" b="Y"/>
<point x="212.52" y="424.41" b="C"/>
<point x="206.18" y="420.63" b="A"/>
<point x="199.22" y="416.85" b="G"/>
<point x="192.67" y="413.07" b="G"/>
<point x="186.33" y="409.29" b="U"/>
<point x="182.50" y="415.68" b="A"/>
<point x="174.74" y="415.58" b="C"/>
<point x="170.87" y="409.08" b="C"/>
<point x="174.39" y="402.39" b="C"/>
<point x="168.05" y="398.61" b="Y"/>
<point x="161.44" y="395.04" b="N"/>
<point x="154.96" y="391.05" b="A"/>
<point x="147.99" y="387.27" b="G"/>
<point x="141.42" y="391.01" b="G"/>
<point x="134.12" y="391.88" b="U"/>
<point x="127.08" y="389.75" b="A"/>
<point x="121.23" y="384.95" b="A"/>
<point x="117.53" y="378.25" b="C"/>
<point x="117.14" y="370.71" b="A"/>
<point x="119.48" y="363.75" b="N"/>
<point x="124.13" y="357.88" b="G"/>
<point x="131.32" y="354.83" b="N"/>
<point x="138.51" y="354.30" b="G"/>
<point x="146.00" y="356.96" b="A"/>
<point x="151.27" y="362.18" b="C"/>
<point x="154.48" y="369.11" b="A"/>
<point x="154.32" y="376.67" b="C"/>
<point x="160.87" y="380.45" b="U"/>
<point x="167.62" y="384.23" b="Y"/>
<point x="173.75" y="388.01" b="G"/>
<point x="180.30" y="391.79" b="G"/>
<point x="187.82" y="392.56" b="G"/>
<point x="192.66" y="398.69" b="A"/>
<point x="199.00" y="402.47" b="U"/>
<point x="205.55" y="406.25" b="C"/>
<point x="212.09" y="410.03" b="U"/>
<point x="218.43" y="413.81" b="G"/>
<point x="225.40" y="417.59" b="A"/>
<point x="228.76" y="411.04" b="G"/>
<point x="235.67" y="415.03" b="N"/>
<point x="231.94" y="421.37" b="A"/>
<point x="238.07" y="425.15" b="G"/>
<point x="244.62" y="428.93" b="G"/>
<point x="251.17" y="432.71" b="G"/>
<point x="256.50" y="427.35" b="G"/>
<point x="263.19" y="423.13" b="A"/>
<point x="260.51" y="415.99" b="C"/>
<point x="258.25" y="408.84" b="Y"/>
<point x="255.36" y="401.70" b="G"/>
<point x="252.89" y="394.55" b="G"/>
<point x="250.42" y="387.41" b="G"/>
<point x="248.16" y="380.26" b="R"/>
<point x="245.90" y="373.12" b="Y"/>
<point x="238.53" y="370.70" b="U"/>
<point x="233.38" y="365.17" b="U"/>
<point x="231.49" y="357.85" b="C"/>
<point x="233.32" y="350.51" b="U"/>
<point x="238.57" y="345.14" b="N"/>
<point x="245.57" y="342.46" b="U"/>
<point x="253.23" y="343.70" b="A"/>
<point x="259.20" y="348.34" b="A"/>
<point x="262.24" y="355.26" b="A"/>
<point x="261.40" y="362.79" b="R"/>
<point x="257.26" y="369.12" b="R"/>
<point x="259.94" y="376.26" b="Y"/>
<point x="266.94" y="377.69" b="G"/>
<point x="262.20" y="383.41" b="C"/>
<point x="264.88" y="390.55" b="Y"/>
<point x="267.14" y="397.70" b="C"/>
<point x="269.61" y="404.84" b="R"/>
<point x="271.87" y="411.99" b="G"/>
<point x="274.55" y="419.13" b="U"/>
<point x="282.09" y="418.57" b="U"/>
<point x="289.59" y="419.50" b="U"/>
<point x="296.97" y="421.88" b="A"/>
<point x="303.55" y="425.61" b="A"/>
<point x="309.26" y="430.57" b="A"/>
<point x="313.89" y="436.54" b="A"/>
<point x="317.26" y="443.31" b="A"/>
<point x="318.82" y="450.61" b="G"/>
<point x="319.55" y="458.15" b="C"/>
<point x="318.57" y="465.64" b="U"/>
<point x="316.15" y="472.81" b="U"/>
<point x="312.37" y="479.35" b="C"/>
<point x="307.38" y="485.03" b="U"/>
<point x="301.58" y="489.62" b="A"/>
<point x="294.79" y="492.95" b="Y"/>
<point x="287.06" y="494.89" b="G"/>
<point x="287.27" y="502.45" b="C"/>
<point x="287.27" y="510.01" b="C"/>
<point x="287.27" y="517.57" b="U"/>
<point x="287.06" y="525.13" b="G"/>
<point x="292.83" y="530.47" b="A"/>
<point x="300.39" y="530.47" b="A"/>
<point x="307.95" y="530.47" b="Y"/>
<point x="313.29" y="525.13" b="A"/>
<point x="312.88" y="517.57" b="G"/>
<point x="312.88" y="510.01" b="G"/>
<point x="313.29" y="502.45" b="Y"/>
<point x="312.88" y="494.89" b="G"/>
<point x="306.75" y="491.11" b="A"/>
<point x="313.09" y="487.33" b="C"/>
<point x="313.09" y="479.77" b="C"/>
<point x="312.88" y="472.21" b="G"/>
<point x="312.88" y="464.65" b="G"/>
<point x="312.93" y="457.10" b="A"/>
<point x="319.00" y="453.21" b="G"/>
<point x="325.48" y="457.10" b="G"/>
<point x="325.33" y="464.65" b="C"/>
<point x="325.33" y="472.21" b="C"/>
<point x="325.12" y="479.77" b="G"/>
<point x="325.12" y="487.33" b="G"/>
<point x="325.33" y="494.89" b="C"/>
<point x="325.33" y="502.45" b="R"/>
<point x="325.33" y="510.01" b="C"/>
<point x="325.33" y="517.57" b="C"/>
<point x="325.33" y="525.13" b="U"/>
<point x="330.67" y="530.47" b="U"/>
<point x="338.23" y="530.47" b="U"/>
<point x="346.00" y="530.47" b="Y"/>
<point x="353.35" y="530.47" b="C"/>
<point x="361.06" y="530.68" b="N"/>
<point x="368.47" y="530.47" b="U"/>
<point x="376.03" y="530.47" b="U"/>
<point x="383.74" y="530.68" b="N"/>
<point x="391.36" y="530.47" b="A"/>
<point x="398.92" y="530.47" b="Y"/>
<point x="406.42" y="530.68" b="N"/>
<point x="413.83" y="530.47" b="R"/>
<point x="421.60" y="530.47" b="Y"/>
<point x="429.16" y="530.47" b="Y"/>
<point x="436.72" y="530.47" b="A"/>
<point x="444.28" y="530.47" b="Y"/>
<point x="451.84" y="530.47" b="Y"/>
<point x="459.19" y="530.47" b="R"/>
<point x="466.90" y="530.68" b="N"/>
<point x="474.52" y="530.47" b="Y"/>
<point x="482.08" y="530.47" b="Y"/>
<point x="489.64" y="530.47" b="Y"/>
</structure>