<structure>
<point x="134.84" y="179.38" b="C"/>
<point x="134.84" y="171.82" b="U"/>
<point x="134.84" y="164.26" b="C"/>
<point x="134.84" y="156.70" b="U"/>
<point x="134.63" y="149.14" b="G"/>
<point x="134.63" y="141.58" b="G"/>
<point x="134.84" y="134.02" b="U"/>
<point x="127.67" y="132.34" b="A"/>
<point x="120.49" y="129.44" b="R"/>
<point x="114.10" y="125.40" b="C"/>
<point x="108.74" y="130.73" b="U"/>
<point x="103.59" y="136.06" b="A"/>
<point x="97.81" y="141.40" b="G"/>
<point x="92.87" y="146.73" b="A"/>
<point x="87.10" y="152.06" b="G"/>
<point x="82.15" y="157.39" b="A"/>
<point x="76.59" y="162.73" b="U"/>
<point x="80.36" y="169.28" b="C"/>
<point x="82.77" y="176.45" b="C"/>
<point x="83.71" y="183.95" b="C"/>
<point x="83.15" y="191.49" b="U"/>
<point x="81.12" y="198.77" b="C"/>
<point x="77.89" y="205.50" b="A"/>
<point x="72.79" y="211.43" b="G"/>
<point x="67.43" y="216.32" b="A"/>
<point x="60.60" y="219.97" b="C"/>
<point x="53.39" y="222.24" b="C"/>
<point x="46.08" y="223.04" b="Y"/>
<point x="38.55" y="222.34" b="Y"/>
<point x="31.11" y="220.17" b="U"/>
<point x="24.43" y="216.61" b="U"/>
<point x="18.60" y="211.81" b="U"/>
<point x="14.03" y="205.95" b="A"/>
<point x="10.09" y="199.26" b="G"/>
<point x="8.16" y="192.01" b="U"/>
<point x="7.50" y="184.48" b="C"/>
<point x="8.54" y="176.97" b="A"/>
<point x="10.43" y="169.76" b="G"/>
<point x="14.32" y="163.16" b="U"/>
<point x="19.02" y="157.41" b="G"/>
<point x="25.18" y="152.75" b="U"/>
<point x="31.73" y="149.35" b="G"/>
<point x="39.02" y="147.35" b="G"/>
<point x="46.98" y="146.83" b="A"/>
<point x="54.47" y="147.81" b="A"/>
<point x="61.63" y="150.25" b="A"/>
<point x="68.16" y="154.05" b="A"/>
<point x="73.31" y="148.72" b="U"/>
<point x="78.67" y="143.38" b="C"/>
<point x="84.03" y="138.05" b="U"/>
<point x="89.39" y="132.72" b="C"/>
<point x="94.75" y="127.39" b="U"/>
<point x="100.31" y="122.05" b="A"/>
<point x="105.25" y="116.72" b="G"/>
<point x="101.45" y="110.31" b="C"/>
<point x="98.79" y="103.32" b="A"/>
<point x="96.73" y="95.94" b="G"/>
<point x="96.58" y="88.39" b="U"/>
<point x="97.29" y="80.88" b="G"/>
<point x="99.47" y="73.64" b="G"/>
<point x="103.06" y="66.88" b="C"/>
<point x="107.32" y="60.79" b="G"/>
<point x="112.97" y="55.54" b="C"/>
<point x="109.06" y="49.07" b="C"/>
<point x="105.16" y="42.60" b="C"/>
<point x="98.54" y="38.58" b="G"/>
<point x="97.49" y="31.16" b="A"/>
<point x="101.88" y="25.01" b="A"/>
<point x="109.17" y="23.98" b="C"/>
<point x="115.26" y="28.73" b="A"/>
<point x="115.42" y="36.27" b="G"/>
<point x="119.33" y="42.74" b="G"/>
<point x="123.24" y="49.21" b="G"/>
<point x="130.83" y="46.83" b="A"/>
<point x="138.10" y="45.71" b="C"/>
<point x="145.87" y="45.86" b="Y"/>
<point x="153.29" y="47.30" b="Y"/>
<point x="159.94" y="49.98" b="G"/>
<point x="166.87" y="53.81" b="A"/>
<point x="172.64" y="58.70" b="A"/>
<point x="177.50" y="64.49" b="A"/>
<point x="180.89" y="71.02" b="G"/>
<point x="183.74" y="78.11" b="C"/>
<point x="184.93" y="85.54" b="G"/>
<point x="185.47" y="93.09" b="A"/>
<point x="184.31" y="100.56" b="A"/>
<point x="181.90" y="107.73" b="A"/>
<point x="177.89" y="114.38" b="G"/>
<point x="173.58" y="120.54" b="N"/>
<point x="167.82" y="125.40" b="R"/>
<point x="161.43" y="129.44" b="R"/>
<point x="154.45" y="132.34" b="R"/>
<point x="147.29" y="134.02" b="A"/>
<point x="147.08" y="141.58" b="C"/>
<point x="147.08" y="149.14" b="C"/>
<point x="147.29" y="156.70" b="A"/>
<point x="146.87" y="164.26" b="G"/>
<point x="147.29" y="171.82" b="A"/>
<point x="146.87" y="179.38" b="G"/>
</structure>