<structure>
<point x="19.66" y="203.05" b="Y"/>
<point x="27.16" y="203.25" b="N"/>
<point x="32.15" y="197.70" b="G"/>
<point x="32.36" y="190.14" b="C"/>
<point x="32.57" y="182.58" b="A"/>
<point x="32.57" y="175.02" b="A"/>
<point x="32.15" y="167.46" b="G"/>
<point x="32.36" y="159.90" b="C"/>
<point x="25.57" y="157.04" b="Y"/>
<point x="19.51" y="152.26" b="U"/>
<point x="15.29" y="145.98" b="C"/>
<point x="13.09" y="138.75" b="C"/>
<point x="13.30" y="131.19" b="A"/>
<point x="15.08" y="123.96" b="G"/>
<point x="19.51" y="117.68" b="C"/>
<point x="25.36" y="112.90" b="R"/>
<point x="32.36" y="110.04" b="U"/>
<point x="32.15" y="102.48" b="G"/>
<point x="32.51" y="95.13" b="N"/>
<point x="27.86" y="89.00" b="Y"/>
<point x="27.66" y="81.44" b="U"/>
<point x="32.15" y="75.53" b="G"/>
<point x="32.15" y="67.97" b="G"/>
<point x="32.15" y="60.41" b="G"/>
<point x="32.57" y="52.85" b="Y"/>
<point x="32.36" y="45.29" b="C"/>
<point x="28.10" y="39.04" b="U"/>
<point x="28.82" y="31.54" b="G"/>
<point x="34.85" y="26.74" b="N"/>
<point x="42.41" y="26.74" b="N"/>
<point x="47.72" y="31.54" b="G"/>
<point x="48.86" y="39.04" b="U"/>
<point x="44.39" y="45.29" b="G"/>
<point x="44.60" y="52.85" b="R"/>
<point x="44.60" y="60.41" b="C"/>
<point x="44.81" y="67.97" b="Y"/>
<point x="44.60" y="75.53" b="C"/>
<point x="51.86" y="78.26" b="Y"/>
<point x="54.59" y="85.22" b="R"/>
<point x="51.86" y="92.18" b="Y"/>
<point x="44.75" y="95.13" b="N"/>
<point x="44.60" y="102.48" b="C"/>
<point x="44.81" y="110.04" b="A"/>
<point x="52.15" y="110.46" b="U"/>
<point x="59.23" y="113.11" b="U"/>
<point x="65.19" y="117.76" b="C"/>
<point x="69.50" y="123.97" b="C"/>
<point x="71.75" y="131.19" b="U"/>
<point x="71.75" y="138.75" b="R"/>
<point x="69.70" y="145.97" b="Y"/>
<point x="65.40" y="152.18" b="A"/>
<point x="59.02" y="156.82" b="G"/>
<point x="52.36" y="159.48" b="Y"/>
<point x="44.39" y="159.90" b="G"/>
<point x="44.60" y="167.46" b="C"/>
<point x="44.60" y="175.02" b="U"/>
<point x="44.60" y="182.58" b="U"/>
<point x="44.39" y="190.14" b="G"/>
<point x="44.60" y="197.70" b="C"/>
<point x="50.15" y="203.05" b="Y"/>
<point x="57.71" y="203.05" b="A"/>
<point x="64.86" y="203.05" b="G"/>
<point x="72.83" y="203.05" b="A"/>
<point x="80.34" y="203.25" b="N"/>
<point x="87.95" y="203.05" b="Y"/>
<point x="95.51" y="203.05" b="A"/>
<point x="102.87" y="203.05" b="R"/>
<point x="110.63" y="203.05" b="Y"/>
<point x="118.19" y="203.05" b="Y"/>
<point x="125.70" y="203.25" b="N"/>
<point x="130.89" y="197.70" b="U"/>
<point x="130.68" y="190.14" b="G"/>
<point x="131.10" y="182.58" b="A"/>
<point x="130.89" y="175.02" b="R"/>
<point x="130.89" y="167.46" b="R"/>
<point x="123.67" y="166.05" b="Y"/>
<point x="116.50" y="162.66" b="G"/>
<point x="110.92" y="157.56" b="G"/>
<point x="107.16" y="151.12" b="U"/>
<point x="105.09" y="143.85" b="U"/>
<point x="105.09" y="136.29" b="U"/>
<point x="106.95" y="129.02" b="G"/>
<point x="111.34" y="122.58" b="A"/>
<point x="116.50" y="117.48" b="G"/>
<point x="123.25" y="114.09" b="G"/>
<point x="130.89" y="112.68" b="C"/>
<point x="130.89" y="105.12" b="C"/>
<point x="130.89" y="97.56" b="U"/>
<point x="131.10" y="90.00" b="Y"/>
<point x="130.68" y="82.44" b="G"/>
<point x="130.89" y="74.88" b="C"/>
<point x="128.00" y="67.99" b="Y"/>
<point x="130.89" y="61.09" b="C"/>
<point x="130.89" y="53.53" b="U"/>
<point x="130.68" y="45.97" b="G"/>
<point x="126.21" y="40.20" b="Y"/>
<point x="125.81" y="32.65" b="Y"/>
<point x="129.85" y="26.40" b="C"/>
<point x="137.01" y="23.98" b="C"/>
<point x="144.33" y="26.61" b="N"/>
<point x="148.63" y="32.65" b="Y"/>
<point x="148.17" y="40.41" b="N"/>
<point x="143.13" y="45.97" b="C"/>
<point x="143.34" y="53.53" b="A"/>
<point x="142.92" y="61.09" b="G"/>
<point x="146.23" y="67.99" b="R"/>
<point x="142.92" y="74.88" b="G"/>
<point x="143.13" y="82.44" b="C"/>
<point x="143.13" y="90.00" b="R"/>
<point x="143.13" y="97.56" b="R"/>
<point x="142.92" y="105.12" b="G"/>
<point x="142.92" y="112.68" b="G"/>
<point x="150.22" y="115.31" b="U"/>
<point x="156.35" y="119.73" b="U"/>
<point x="161.28" y="125.63" b="A"/>
<point x="164.06" y="132.58" b="U"/>
<point x="165.28" y="140.07" b="A"/>
<point x="163.85" y="147.56" b="G"/>
<point x="161.28" y="154.51" b="A"/>
<point x="156.56" y="160.41" b="A"/>
<point x="150.43" y="164.83" b="A"/>
<point x="143.34" y="167.46" b="Y"/>
<point x="143.34" y="175.02" b="Y"/>
<point x="143.13" y="182.58" b="U"/>
<point x="143.13" y="190.14" b="C"/>
<point x="143.13" y="197.70" b="R"/>
<point x="148.27" y="203.05" b="G"/>
<point x="156.24" y="203.05" b="A"/>
<point x="163.60" y="203.05" b="C"/>
<point x="171.36" y="203.05" b="A"/>
<point x="178.87" y="203.25" b="N"/>
<point x="186.43" y="203.25" b="N"/>
<point x="194.04" y="203.05" b="Y"/>
</structure>