<structure>
<point x="89.93" y="246.35" b="R"/>
<point x="89.93" y="238.79" b="C"/>
<point x="89.93" y="231.23" b="U"/>
<point x="89.72" y="223.67" b="G"/>
<point x="89.72" y="216.11" b="G"/>
<point x="89.93" y="208.55" b="C"/>
<point x="90.14" y="200.99" b="A"/>
<point x="82.42" y="200.14" b="C"/>
<point x="75.21" y="198.66" b="A"/>
<point x="67.95" y="196.56" b="A"/>
<point x="60.69" y="193.84" b="U"/>
<point x="53.69" y="190.53" b="G"/>
<point x="47.61" y="186.65" b="A"/>
<point x="41.27" y="182.23" b="U"/>
<point x="35.32" y="177.31" b="G"/>
<point x="30.44" y="171.92" b="A"/>
<point x="25.42" y="166.09" b="C"/>
<point x="21.27" y="160.08" b="N"/>
<point x="17.36" y="153.31" b="U"/>
<point x="14.17" y="146.46" b="R"/>
<point x="11.79" y="139.35" b="A"/>
<point x="9.76" y="132.26" b="N"/>
<point x="8.27" y="124.62" b="U"/>
<point x="7.56" y="117.09" b="U"/>
<point x="7.50" y="109.53" b="U"/>
<point x="8.08" y="101.99" b="U"/>
<point x="9.31" y="94.53" b="U"/>
<point x="10.95" y="87.20" b="G"/>
<point x="13.64" y="80.06" b="C"/>
<point x="16.71" y="73.15" b="C"/>
<point x="20.15" y="66.53" b="G"/>
<point x="24.56" y="60.25" b="U"/>
<point x="29.28" y="54.34" b="U"/>
<point x="34.49" y="48.86" b="U"/>
<point x="40.35" y="43.85" b="A"/>
<point x="46.21" y="39.33" b="C"/>
<point x="52.64" y="35.35" b="C"/>
<point x="59.38" y="31.93" b="C"/>
<point x="66.60" y="29.10" b="A"/>
<point x="73.40" y="26.87" b="G"/>
<point x="81.00" y="25.27" b="C"/>
<point x="88.50" y="24.31" b="U"/>
<point x="95.84" y="23.98" b="G"/>
<point x="103.81" y="24.31" b="A"/>
<point x="110.89" y="25.27" b="G"/>
<point x="118.28" y="26.87" b="G"/>
<point x="125.51" y="29.10" b="G"/>
<point x="132.73" y="31.93" b="U"/>
<point x="139.62" y="35.56" b="N"/>
<point x="145.90" y="39.33" b="U"/>
<point x="151.96" y="43.85" b="C"/>
<point x="157.62" y="48.86" b="U"/>
<point x="162.82" y="54.34" b="U"/>
<point x="167.55" y="60.25" b="U"/>
<point x="171.54" y="66.53" b="G"/>
<point x="175.61" y="73.15" b="A"/>
<point x="178.68" y="80.06" b="A"/>
<point x="180.74" y="87.20" b="G"/>
<point x="183.01" y="94.53" b="A"/>
<point x="184.03" y="101.99" b="R"/>
<point x="184.81" y="109.53" b="A"/>
<point x="184.70" y="117.30" b="N"/>
<point x="183.99" y="124.83" b="N"/>
<point x="182.70" y="132.06" b="A"/>
<point x="180.73" y="139.35" b="Y"/>
<point x="178.14" y="146.46" b="Y"/>
<point x="174.75" y="153.31" b="U"/>
<point x="170.99" y="159.87" b="U"/>
<point x="166.90" y="166.09" b="A"/>
<point x="162.08" y="171.92" b="A"/>
<point x="156.37" y="177.31" b="G"/>
<point x="151.04" y="182.23" b="A"/>
<point x="144.70" y="186.65" b="C"/>
<point x="138.21" y="190.53" b="U"/>
<point x="131.21" y="193.84" b="G"/>
<point x="124.57" y="196.56" b="A"/>
<point x="116.89" y="198.66" b="G"/>
<point x="109.89" y="200.14" b="A"/>
<point x="102.17" y="200.99" b="U"/>
<point x="101.96" y="208.55" b="G"/>
<point x="102.17" y="216.11" b="C"/>
<point x="102.17" y="223.67" b="C"/>
<point x="102.38" y="231.23" b="A"/>
<point x="101.96" y="238.79" b="G"/>
<point x="102.38" y="246.35" b="Y"/>
</structure>