<structure>
<point x="123.99" y="298.72" b="N"/>
<point x="123.84" y="290.95" b="R"/>
<point x="123.84" y="283.39" b="U"/>
<point x="123.63" y="275.83" b="G"/>
<point x="123.84" y="268.27" b="C"/>
<point x="116.46" y="267.87" b="N"/>
<point x="109.03" y="266.59" b="A"/>
<point x="101.42" y="265.05" b="U"/>
<point x="93.92" y="263.06" b="G"/>
<point x="87.18" y="260.62" b="A"/>
<point x="79.98" y="257.75" b="U"/>
<point x="72.97" y="254.45" b="G"/>
<point x="66.80" y="250.73" b="A"/>
<point x="60.40" y="246.82" b="N"/>
<point x="54.18" y="242.12" b="R"/>
<point x="48.60" y="237.25" b="Y"/>
<point x="42.92" y="232.03" b="R"/>
<point x="37.98" y="226.49" b="A"/>
<point x="33.14" y="220.85" b="N"/>
<point x="28.72" y="214.72" b="N"/>
<point x="24.69" y="208.32" b="N"/>
<point x="21.06" y="201.69" b="N"/>
<point x="17.85" y="194.84" b="N"/>
<point x="15.12" y="187.61" b="A"/>
<point x="12.72" y="180.63" b="N"/>
<point x="10.83" y="173.31" b="N"/>
<point x="9.39" y="165.89" b="N"/>
<point x="8.06" y="158.18" b="G"/>
<point x="7.75" y="150.64" b="U"/>
<point x="7.50" y="143.08" b="G"/>
<point x="8.13" y="135.53" b="U"/>
<point x="9.17" y="128.23" b="N"/>
<point x="10.52" y="120.79" b="N"/>
<point x="12.18" y="113.24" b="R"/>
<point x="14.59" y="106.24" b="N"/>
<point x="17.34" y="98.97" b="A"/>
<point x="20.06" y="92.09" b="G"/>
<point x="23.82" y="85.41" b="R"/>
<point x="27.56" y="78.97" b="G"/>
<point x="32.32" y="72.78" b="Y"/>
<point x="37.04" y="66.88" b="A"/>
<point x="41.70" y="61.27" b="G"/>
<point x="47.33" y="55.99" b="U"/>
<point x="52.84" y="51.06" b="G"/>
<point x="58.87" y="46.49" b="G"/>
<point x="65.37" y="42.30" b="R"/>
<point x="71.91" y="38.51" b="C"/>
<point x="78.67" y="35.13" b="R"/>
<point x="85.78" y="32.38" b="N"/>
<point x="92.90" y="29.85" b="N"/>
<point x="100.17" y="27.78" b="N"/>
<point x="107.56" y="26.16" b="N"/>
<point x="115.03" y="24.99" b="N"/>
<point x="122.55" y="24.29" b="N"/>
<point x="130.11" y="24.06" b="N"/>
<point x="137.67" y="24.29" b="N"/>
<point x="145.19" y="24.99" b="N"/>
<point x="152.66" y="26.16" b="N"/>
<point x="160.05" y="27.78" b="N"/>
<point x="167.32" y="29.85" b="N"/>
<point x="174.50" y="32.17" b="Y"/>
<point x="181.25" y="35.13" b="U"/>
<point x="188.22" y="38.51" b="Y"/>
<point x="194.34" y="42.30" b="G"/>
<point x="200.85" y="46.49" b="C"/>
<point x="206.87" y="51.06" b="C"/>
<point x="212.39" y="55.99" b="G"/>
<point x="218.01" y="61.27" b="U"/>
<point x="222.87" y="66.88" b="G"/>
<point x="228.01" y="72.78" b="A"/>
<point x="231.94" y="78.97" b="G"/>
<point x="236.10" y="85.41" b="C"/>
<point x="239.86" y="92.09" b="Y"/>
<point x="242.99" y="98.97" b="Y"/>
<point x="245.63" y="106.24" b="N"/>
<point x="247.89" y="113.45" b="N"/>
<point x="249.76" y="120.58" b="Y"/>
<point x="251.05" y="128.23" b="N"/>
<point x="251.94" y="135.74" b="N"/>
<point x="252.36" y="143.29" b="N"/>
<point x="252.32" y="150.85" b="N"/>
<point x="251.81" y="158.39" b="N"/>
<point x="250.88" y="165.68" b="A"/>
<point x="249.45" y="173.10" b="A"/>
<point x="247.55" y="180.42" b="A"/>
<point x="245.00" y="187.61" b="C"/>
<point x="242.01" y="194.64" b="G"/>
<point x="239.22" y="201.48" b="A"/>
<point x="235.38" y="208.11" b="C"/>
<point x="231.35" y="214.51" b="U"/>
<point x="226.93" y="220.64" b="U"/>
<point x="222.15" y="226.49" b="C"/>
<point x="217.00" y="232.03" b="U"/>
<point x="211.53" y="237.25" b="C"/>
<point x="205.75" y="242.12" b="C"/>
<point x="199.67" y="246.62" b="U"/>
<point x="193.33" y="250.73" b="U"/>
<point x="186.74" y="254.45" b="C"/>
<point x="179.94" y="257.75" b="C"/>
<point x="173.16" y="260.62" b="A"/>
<point x="165.79" y="263.06" b="C"/>
<point x="158.50" y="265.05" b="U"/>
<point x="150.89" y="266.59" b="G"/>
<point x="143.82" y="267.66" b="A"/>
<point x="135.87" y="268.27" b="G"/>
<point x="136.08" y="275.83" b="C"/>
<point x="136.29" y="283.39" b="A"/>
<point x="136.29" y="290.95" b="Y"/>
<point x="136.23" y="298.72" b="N"/>
</structure>