<structure>
<point x="104.45" y="228.69" b="N"/>
<point x="104.45" y="221.13" b="N"/>
<point x="104.30" y="213.36" b="C"/>
<point x="104.30" y="205.80" b="U"/>
<point x="104.30" y="198.24" b="U"/>
<point x="104.50" y="190.68" b="A"/>
<point x="104.30" y="183.12" b="U"/>
<point x="104.30" y="175.56" b="C"/>
<point x="97.18" y="173.68" b="N"/>
<point x="90.57" y="169.90" b="A"/>
<point x="84.40" y="165.00" b="G"/>
<point x="80.23" y="158.99" b="A"/>
<point x="76.60" y="152.15" b="G"/>
<point x="75.26" y="144.99" b="N"/>
<point x="74.80" y="137.22" b="G"/>
<point x="67.51" y="135.23" b="G"/>
<point x="60.63" y="133.24" b="Y"/>
<point x="54.05" y="137.30" b="R"/>
<point x="46.28" y="137.39" b="G"/>
<point x="40.23" y="133.47" b="A"/>
<point x="36.38" y="126.74" b="G"/>
<point x="29.08" y="124.75" b="G"/>
<point x="21.79" y="122.76" b="G"/>
<point x="14.80" y="124.27" b="A"/>
<point x="8.62" y="119.91" b="Y"/>
<point x="7.50" y="112.63" b="N"/>
<point x="11.86" y="106.51" b="G"/>
<point x="19.39" y="105.89" b="G"/>
<point x="25.22" y="110.95" b="C"/>
<point x="32.51" y="112.94" b="C"/>
<point x="39.81" y="114.93" b="C"/>
<point x="40.97" y="107.65" b="N"/>
<point x="45.70" y="101.67" b="R"/>
<point x="52.92" y="99.42" b="U"/>
<point x="60.01" y="101.41" b="G"/>
<point x="65.51" y="107.01" b="A"/>
<point x="66.78" y="114.46" b="A"/>
<point x="63.65" y="121.43" b="R"/>
<point x="70.94" y="123.42" b="C"/>
<point x="78.23" y="125.41" b="C"/>
<point x="82.31" y="119.16" b="N"/>
<point x="87.36" y="113.46" b="C"/>
<point x="93.60" y="109.20" b="R"/>
<point x="91.02" y="102.02" b="G"/>
<point x="88.85" y="94.85" b="C"/>
<point x="81.66" y="93.31" b="A"/>
<point x="86.68" y="87.67" b="A"/>
<point x="84.10" y="80.49" b="C"/>
<point x="81.73" y="73.31" b="C"/>
<point x="79.50" y="66.34" b="N"/>
<point x="77.13" y="59.17" b="N"/>
<point x="74.81" y="51.78" b="Y"/>
<point x="67.78" y="49.07" b="N"/>
<point x="63.29" y="42.99" b="N"/>
<point x="62.56" y="35.47" b="N"/>
<point x="65.80" y="28.64" b="N"/>
<point x="72.08" y="24.43" b="N"/>
<point x="79.63" y="24.06" b="N"/>
<point x="86.31" y="27.61" b="N"/>
<point x="90.21" y="34.09" b="N"/>
<point x="90.24" y="41.64" b="N"/>
<point x="86.23" y="47.94" b="R"/>
<point x="88.75" y="55.32" b="N"/>
<point x="91.12" y="62.50" b="N"/>
<point x="98.36" y="59.92" b="A"/>
<point x="100.68" y="67.30" b="N"/>
<point x="93.14" y="69.47" b="G"/>
<point x="95.51" y="76.65" b="G"/>
<point x="98.10" y="83.82" b="U"/>
<point x="100.26" y="91.00" b="G"/>
<point x="102.85" y="98.18" b="C"/>
<point x="105.43" y="105.36" b="Y"/>
<point x="112.98" y="105.05" b="A"/>
<point x="120.43" y="106.36" b="A"/>
<point x="127.38" y="109.41" b="N"/>
<point x="133.47" y="113.46" b="U"/>
<point x="138.67" y="118.95" b="C"/>
<point x="142.60" y="125.41" b="C"/>
<point x="145.22" y="132.77" b="N"/>
<point x="145.97" y="140.06" b="R"/>
<point x="145.26" y="147.59" b="C"/>
<point x="152.46" y="150.55" b="N"/>
<point x="159.35" y="153.10" b="R"/>
<point x="166.54" y="156.06" b="N"/>
<point x="173.23" y="152.55" b="N"/>
<point x="180.78" y="152.98" b="N"/>
<point x="187.04" y="157.22" b="N"/>
<point x="190.23" y="164.07" b="N"/>
<point x="189.45" y="171.59" b="N"/>
<point x="184.92" y="177.64" b="N"/>
<point x="177.93" y="180.51" b="N"/>
<point x="170.45" y="179.38" b="N"/>
<point x="164.62" y="174.58" b="N"/>
<point x="162.08" y="167.46" b="N"/>
<point x="155.09" y="164.50" b="Y"/>
<point x="148.00" y="161.95" b="N"/>
<point x="140.60" y="158.99" b="G"/>
<point x="136.22" y="165.00" b="R"/>
<point x="130.46" y="169.90" b="R"/>
<point x="124.01" y="173.47" b="A"/>
<point x="116.33" y="175.56" b="G"/>
<point x="116.74" y="183.12" b="A"/>
<point x="116.53" y="190.68" b="U"/>
<point x="116.53" y="198.24" b="R"/>
<point x="116.74" y="205.80" b="A"/>
<point x="116.33" y="213.36" b="G"/>
<point x="116.53" y="220.92" b="R"/>
<point x="116.53" y="228.48" b="R"/>
</structure>