<structure>
<point x="26.77" y="165.83" b="G"/>
<point x="27.19" y="158.27" b="A"/>
<point x="26.77" y="150.71" b="G"/>
<point x="26.98" y="143.15" b="C"/>
<point x="19.98" y="140.28" b="R"/>
<point x="14.33" y="135.51" b="A"/>
<point x="9.91" y="129.23" b="U"/>
<point x="7.50" y="122.00" b="G"/>
<point x="7.92" y="114.44" b="A"/>
<point x="9.91" y="107.20" b="U"/>
<point x="13.92" y="100.93" b="G"/>
<point x="20.19" y="96.15" b="A"/>
<point x="27.19" y="93.29" b="A"/>
<point x="27.19" y="85.73" b="A"/>
<point x="27.19" y="78.17" b="A"/>
<point x="26.77" y="70.61" b="G"/>
<point x="26.98" y="63.05" b="R"/>
<point x="26.98" y="55.49" b="U"/>
<point x="26.98" y="47.93" b="U"/>
<point x="21.63" y="42.59" b="U"/>
<point x="20.15" y="35.17" b="U"/>
<point x="23.24" y="28.19" b="A"/>
<point x="29.53" y="23.98" b="Y"/>
<point x="36.88" y="23.98" b="U"/>
<point x="43.37" y="28.19" b="A"/>
<point x="46.05" y="35.17" b="C"/>
<point x="44.57" y="42.59" b="U"/>
<point x="39.01" y="47.93" b="G"/>
<point x="39.43" y="55.49" b="A"/>
<point x="39.43" y="63.05" b="Y"/>
<point x="39.22" y="70.61" b="C"/>
<point x="39.22" y="78.17" b="U"/>
<point x="39.22" y="85.73" b="U"/>
<point x="39.22" y="93.29" b="U"/>
<point x="43.74" y="87.23" b="R"/>
<point x="49.38" y="81.97" b="Y"/>
<point x="55.59" y="77.66" b="A"/>
<point x="62.41" y="74.40" b="A"/>
<point x="69.46" y="72.28" b="C"/>
<point x="76.97" y="71.35" b="U"/>
<point x="84.52" y="71.64" b="R"/>
<point x="91.93" y="73.13" b="U"/>
<point x="98.79" y="75.80" b="G"/>
<point x="105.76" y="79.57" b="A"/>
<point x="111.62" y="84.35" b="A"/>
<point x="116.23" y="90.00" b="G"/>
<point x="120.27" y="96.39" b="G"/>
<point x="123.45" y="103.34" b="U"/>
<point x="125.26" y="110.68" b="U"/>
<point x="125.87" y="118.22" b="U"/>
<point x="125.26" y="125.75" b="C"/>
<point x="123.45" y="133.09" b="U"/>
<point x="120.69" y="140.04" b="A"/>
<point x="116.44" y="146.43" b="C"/>
<point x="111.62" y="152.09" b="A"/>
<point x="105.56" y="156.86" b="C"/>
<point x="99.00" y="160.63" b="U"/>
<point x="91.93" y="163.30" b="U"/>
<point x="84.31" y="164.80" b="G"/>
<point x="77.17" y="165.09" b="A"/>
<point x="69.67" y="164.16" b="Y"/>
<point x="62.21" y="162.03" b="C"/>
<point x="55.39" y="158.78" b="U"/>
<point x="48.97" y="154.46" b="G"/>
<point x="43.95" y="149.21" b="A"/>
<point x="39.01" y="143.15" b="G"/>
<point x="39.22" y="150.71" b="C"/>
<point x="39.22" y="158.27" b="U"/>
<point x="39.22" y="165.83" b="C"/>
<point x="44.77" y="171.17" b="A"/>
</structure>