<structure>
<point x="93.35" y="215.69" b="C"/>
<point x="93.35" y="208.13" b="C"/>
<point x="85.63" y="207.32" b="G"/>
<point x="78.62" y="205.90" b="A"/>
<point x="71.13" y="203.88" b="U"/>
<point x="63.83" y="201.26" b="G"/>
<point x="57.39" y="198.07" b="A"/>
<point x="50.76" y="194.54" b="N"/>
<point x="44.16" y="190.06" b="G"/>
<point x="38.70" y="185.30" b="A"/>
<point x="33.04" y="180.07" b="U"/>
<point x="28.02" y="174.42" b="U"/>
<point x="23.69" y="168.37" b="A"/>
<point x="19.61" y="162.18" b="N"/>
<point x="16.12" y="155.47" b="N"/>
<point x="13.20" y="148.50" b="N"/>
<point x="10.91" y="141.10" b="Y"/>
<point x="9.11" y="133.96" b="N"/>
<point x="8.02" y="126.27" b="A"/>
<point x="7.50" y="118.73" b="A"/>
<point x="7.60" y="111.17" b="A"/>
<point x="8.25" y="103.85" b="N"/>
<point x="9.58" y="96.41" b="N"/>
<point x="11.52" y="89.10" b="N"/>
<point x="13.89" y="81.77" b="U"/>
<point x="16.79" y="74.88" b="G"/>
<point x="20.44" y="68.26" b="G"/>
<point x="25.04" y="61.96" b="A"/>
<point x="29.73" y="56.03" b="A"/>
<point x="34.68" y="50.50" b="U"/>
<point x="40.27" y="45.42" b="U"/>
<point x="46.47" y="40.81" b="A"/>
<point x="52.61" y="36.70" b="C"/>
<point x="59.28" y="33.13" b="C"/>
<point x="66.00" y="30.12" b="G"/>
<point x="73.37" y="27.68" b="U"/>
<point x="80.70" y="25.84" b="C"/>
<point x="88.16" y="24.60" b="U"/>
<point x="95.48" y="23.98" b="G"/>
<point x="103.46" y="23.98" b="A"/>
<point x="110.94" y="24.81" b="N"/>
<point x="118.40" y="26.05" b="N"/>
<point x="125.73" y="27.89" b="N"/>
<point x="132.88" y="30.32" b="N"/>
<point x="139.82" y="33.34" b="N"/>
<point x="146.48" y="36.91" b="N"/>
<point x="152.68" y="40.81" b="U"/>
<point x="158.67" y="45.42" b="C"/>
<point x="164.26" y="50.50" b="U"/>
<point x="169.42" y="56.03" b="U"/>
<point x="174.11" y="61.96" b="U"/>
<point x="178.08" y="68.26" b="G"/>
<point x="182.16" y="74.88" b="A"/>
<point x="185.26" y="81.77" b="Y"/>
<point x="187.37" y="88.90" b="G"/>
<point x="189.66" y="96.41" b="N"/>
<point x="190.99" y="103.85" b="N"/>
<point x="191.76" y="111.17" b="A"/>
<point x="191.86" y="118.73" b="A"/>
<point x="191.28" y="126.48" b="N"/>
<point x="190.14" y="133.96" b="N"/>
<point x="188.39" y="141.31" b="N"/>
<point x="186.10" y="148.29" b="Y"/>
<point x="183.12" y="155.47" b="N"/>
<point x="179.48" y="161.97" b="C"/>
<point x="175.46" y="168.37" b="U"/>
<point x="170.72" y="174.42" b="G"/>
<point x="165.70" y="180.07" b="G"/>
<point x="160.45" y="185.30" b="C"/>
<point x="154.58" y="190.06" b="U"/>
<point x="148.48" y="194.54" b="N"/>
<point x="141.97" y="198.07" b="A"/>
<point x="134.91" y="201.26" b="C"/>
<point x="127.82" y="203.88" b="U"/>
<point x="120.32" y="205.90" b="G"/>
<point x="113.31" y="207.32" b="A"/>
<point x="105.38" y="208.13" b="G"/>
<point x="105.38" y="215.69" b="G"/>
</structure>