<structure>
<point x="19.60" y="214.51" b="N"/>
<point x="24.59" y="208.96" b="G"/>
<point x="24.80" y="201.40" b="C"/>
<point x="24.80" y="193.84" b="C"/>
<point x="24.80" y="186.28" b="U"/>
<point x="24.80" y="178.72" b="U"/>
<point x="24.80" y="171.16" b="U"/>
<point x="21.49" y="164.27" b="G"/>
<point x="24.80" y="157.37" b="U"/>
<point x="24.59" y="149.81" b="G"/>
<point x="21.70" y="142.91" b="U"/>
<point x="24.80" y="136.02" b="U"/>
<point x="24.59" y="128.46" b="G"/>
<point x="24.80" y="120.90" b="C"/>
<point x="24.80" y="113.34" b="C"/>
<point x="24.80" y="105.78" b="C"/>
<point x="24.80" y="98.22" b="R"/>
<point x="24.80" y="90.66" b="U"/>
<point x="24.80" y="83.10" b="U"/>
<point x="24.80" y="75.54" b="C"/>
<point x="24.80" y="67.98" b="R"/>
<point x="25.01" y="60.42" b="Y"/>
<point x="24.80" y="52.86" b="U"/>
<point x="18.97" y="48.45" b="N"/>
<point x="15.76" y="41.32" b="U"/>
<point x="16.52" y="34.00" b="N"/>
<point x="20.64" y="27.66" b="N"/>
<point x="27.29" y="24.06" b="N"/>
<point x="34.85" y="24.06" b="N"/>
<point x="41.50" y="27.66" b="N"/>
<point x="45.47" y="33.79" b="R"/>
<point x="46.29" y="41.32" b="Y"/>
<point x="43.17" y="48.45" b="N"/>
<point x="37.04" y="52.86" b="R"/>
<point x="36.83" y="60.42" b="G"/>
<point x="37.04" y="67.98" b="U"/>
<point x="36.83" y="75.54" b="G"/>
<point x="37.25" y="83.10" b="A"/>
<point x="37.25" y="90.66" b="A"/>
<point x="37.25" y="98.22" b="Y"/>
<point x="36.83" y="105.78" b="G"/>
<point x="43.79" y="109.56" b="Y"/>
<point x="36.83" y="113.34" b="G"/>
<point x="36.83" y="120.90" b="G"/>
<point x="37.04" y="128.46" b="U"/>
<point x="36.83" y="136.02" b="G"/>
<point x="40.14" y="142.91" b="U"/>
<point x="37.04" y="149.81" b="C"/>
<point x="37.25" y="157.37" b="A"/>
<point x="44.14" y="160.49" b="A"/>
<point x="43.93" y="168.05" b="R"/>
<point x="37.25" y="171.16" b="A"/>
<point x="37.25" y="178.72" b="A"/>
<point x="37.25" y="186.28" b="A"/>
<point x="36.83" y="193.84" b="G"/>
<point x="36.83" y="201.40" b="G"/>
<point x="37.04" y="208.96" b="C"/>
<point x="42.39" y="214.31" b="R"/>
<point x="50.10" y="214.51" b="N"/>
<point x="57.71" y="214.31" b="A"/>
<point x="65.22" y="214.51" b="N"/>
<point x="72.83" y="214.31" b="A"/>
<point x="80.34" y="214.51" b="N"/>
<point x="87.90" y="214.51" b="N"/>
<point x="95.51" y="214.31" b="A"/>
<point x="103.07" y="214.31" b="A"/>
<point x="110.58" y="214.51" b="N"/>
<point x="118.14" y="214.51" b="N"/>
<point x="123.48" y="209.17" b="N"/>
<point x="123.54" y="201.40" b="Y"/>
<point x="123.33" y="193.84" b="U"/>
<point x="123.48" y="186.49" b="N"/>
<point x="123.48" y="178.93" b="N"/>
<point x="123.12" y="171.16" b="G"/>
<point x="123.33" y="163.60" b="C"/>
<point x="123.33" y="156.04" b="R"/>
<point x="123.12" y="148.48" b="G"/>
<point x="123.54" y="140.92" b="Y"/>
<point x="116.99" y="144.70" b="Y"/>
<point x="110.39" y="141.13" b="N"/>
<point x="110.44" y="133.36" b="Y"/>
<point x="116.94" y="129.79" b="N"/>
<point x="123.48" y="133.57" b="N"/>
<point x="123.48" y="126.01" b="N"/>
<point x="123.54" y="118.24" b="Y"/>
<point x="123.48" y="110.89" b="N"/>
<point x="123.33" y="103.12" b="R"/>
<point x="123.48" y="95.77" b="N"/>
<point x="123.48" y="88.21" b="N"/>
<point x="123.54" y="80.44" b="Y"/>
<point x="118.78" y="74.73" b="N"/>
<point x="118.78" y="67.17" b="N"/>
<point x="123.33" y="61.05" b="R"/>
<point x="123.48" y="53.69" b="N"/>
<point x="118.13" y="48.36" b="N"/>
<point x="116.50" y="40.73" b="U"/>
<point x="119.59" y="33.75" b="Y"/>
<point x="125.82" y="29.75" b="N"/>
<point x="133.38" y="29.75" b="N"/>
<point x="139.67" y="33.96" b="N"/>
<point x="142.56" y="40.94" b="N"/>
<point x="141.07" y="48.36" b="N"/>
<point x="135.78" y="53.49" b="Y"/>
<point x="135.78" y="61.05" b="Y"/>
<point x="142.62" y="63.78" b="U"/>
<point x="145.77" y="70.74" b="Y"/>
<point x="142.83" y="77.71" b="Y"/>
<point x="135.72" y="80.65" b="N"/>
<point x="135.72" y="88.21" b="N"/>
<point x="142.33" y="91.78" b="Y"/>
<point x="135.57" y="95.56" b="R"/>
<point x="135.78" y="103.12" b="Y"/>
<point x="135.72" y="110.89" b="N"/>
<point x="135.72" y="118.45" b="N"/>
<point x="135.36" y="125.80" b="G"/>
<point x="135.72" y="133.57" b="N"/>
<point x="135.72" y="141.13" b="N"/>
<point x="135.57" y="148.48" b="C"/>
<point x="135.78" y="156.04" b="Y"/>
<point x="135.36" y="163.60" b="G"/>
<point x="135.57" y="171.16" b="C"/>
<point x="135.72" y="178.93" b="N"/>
<point x="142.27" y="182.71" b="N"/>
<point x="135.72" y="186.49" b="N"/>
<point x="135.78" y="193.84" b="A"/>
<point x="135.57" y="201.40" b="R"/>
<point x="135.72" y="209.17" b="N"/>
<point x="140.92" y="214.31" b="R"/>
<point x="148.68" y="214.31" b="A"/>
<point x="156.04" y="214.31" b="C"/>
<point x="163.80" y="214.31" b="A"/>
<point x="171.16" y="214.31" b="R"/>
<point x="178.87" y="214.51" b="N"/>
<point x="186.43" y="214.51" b="N"/>
</structure>