<structure>
<point x="19.66" y="203.43" b="Y"/>
<point x="27.02" y="203.43" b="U"/>
<point x="32.15" y="198.08" b="G"/>
<point x="32.15" y="190.52" b="G"/>
<point x="32.57" y="182.96" b="A"/>
<point x="32.15" y="175.40" b="G"/>
<point x="32.36" y="167.84" b="R"/>
<point x="32.51" y="160.49" b="N"/>
<point x="25.96" y="156.71" b="N"/>
<point x="32.36" y="152.72" b="U"/>
<point x="32.57" y="145.16" b="A"/>
<point x="32.57" y="137.60" b="A"/>
<point x="24.61" y="137.13" b="G"/>
<point x="19.07" y="132.47" b="A"/>
<point x="16.83" y="125.25" b="A"/>
<point x="19.07" y="118.03" b="A"/>
<point x="24.82" y="113.36" b="R"/>
<point x="32.57" y="112.89" b="Y"/>
<point x="32.51" y="105.54" b="N"/>
<point x="32.15" y="97.77" b="G"/>
<point x="32.57" y="90.21" b="A"/>
<point x="32.15" y="82.65" b="G"/>
<point x="32.36" y="75.09" b="U"/>
<point x="32.36" y="67.53" b="C"/>
<point x="32.51" y="60.18" b="N"/>
<point x="32.51" y="52.62" b="N"/>
<point x="32.36" y="44.85" b="U"/>
<point x="32.15" y="37.29" b="G"/>
<point x="30.34" y="30.26" b="N"/>
<point x="34.91" y="23.98" b="A"/>
<point x="42.05" y="23.98" b="G"/>
<point x="46.77" y="30.05" b="U"/>
<point x="44.81" y="37.29" b="Y"/>
<point x="44.60" y="44.85" b="R"/>
<point x="44.75" y="52.62" b="N"/>
<point x="44.60" y="59.97" b="R"/>
<point x="52.37" y="59.97" b="Y"/>
<point x="52.31" y="67.74" b="N"/>
<point x="44.39" y="67.53" b="G"/>
<point x="44.81" y="75.09" b="A"/>
<point x="44.60" y="82.65" b="C"/>
<point x="44.60" y="90.21" b="U"/>
<point x="44.60" y="97.77" b="C"/>
<point x="44.60" y="105.33" b="U"/>
<point x="44.60" y="112.89" b="R"/>
<point x="50.20" y="117.98" b="C"/>
<point x="52.27" y="125.25" b="U"/>
<point x="50.35" y="132.72" b="N"/>
<point x="44.75" y="137.81" b="N"/>
<point x="44.60" y="145.16" b="U"/>
<point x="44.81" y="152.72" b="A"/>
<point x="44.75" y="160.49" b="N"/>
<point x="44.60" y="167.84" b="C"/>
<point x="44.60" y="175.40" b="C"/>
<point x="44.60" y="182.96" b="U"/>
<point x="44.60" y="190.52" b="C"/>
<point x="44.60" y="198.08" b="C"/>
<point x="49.95" y="203.43" b="U"/>
<point x="57.71" y="203.43" b="A"/>
<point x="65.07" y="203.43" b="R"/>
<point x="72.83" y="203.43" b="A"/>
<point x="80.19" y="203.43" b="U"/>
<point x="87.75" y="203.43" b="R"/>
<point x="95.51" y="203.43" b="A"/>
<point x="103.07" y="203.43" b="A"/>
<point x="110.63" y="203.43" b="A"/>
<point x="117.99" y="203.43" b="R"/>
<point x="123.12" y="198.08" b="G"/>
<point x="123.12" y="190.52" b="G"/>
<point x="123.33" y="182.96" b="U"/>
<point x="123.48" y="175.61" b="N"/>
<point x="123.12" y="167.84" b="G"/>
<point x="123.33" y="160.28" b="R"/>
<point x="123.48" y="152.93" b="N"/>
<point x="123.33" y="145.16" b="R"/>
<point x="116.17" y="142.73" b="R"/>
<point x="111.98" y="136.59" b="A"/>
<point x="111.98" y="129.03" b="A"/>
<point x="116.32" y="123.09" b="N"/>
<point x="123.54" y="120.45" b="A"/>
<point x="123.12" y="112.89" b="G"/>
<point x="123.12" y="105.33" b="G"/>
<point x="123.54" y="97.77" b="Y"/>
<point x="123.33" y="90.21" b="C"/>
<point x="123.54" y="82.65" b="Y"/>
<point x="123.33" y="75.09" b="U"/>
<point x="123.12" y="67.53" b="G"/>
<point x="116.74" y="64.32" b="N"/>
<point x="111.67" y="58.56" b="Y"/>
<point x="108.59" y="51.56" b="U"/>
<point x="108.14" y="44.01" b="G"/>
<point x="110.75" y="36.84" b="C"/>
<point x="115.51" y="30.96" b="R"/>
<point x="122.22" y="27.11" b="A"/>
<point x="129.45" y="25.77" b="R"/>
<point x="136.89" y="27.11" b="R"/>
<point x="143.40" y="30.96" b="U"/>
<point x="148.15" y="36.84" b="R"/>
<point x="150.76" y="44.01" b="A"/>
<point x="150.31" y="51.56" b="R"/>
<point x="147.65" y="58.56" b="Y"/>
<point x="142.47" y="64.32" b="N"/>
<point x="135.57" y="67.53" b="C"/>
<point x="135.78" y="75.09" b="A"/>
<point x="135.57" y="82.65" b="R"/>
<point x="135.36" y="90.21" b="G"/>
<point x="135.57" y="97.77" b="R"/>
<point x="135.57" y="105.33" b="C"/>
<point x="135.78" y="112.89" b="Y"/>
<point x="135.57" y="120.45" b="U"/>
<point x="141.37" y="125.54" b="A"/>
<point x="143.24" y="132.81" b="C"/>
<point x="141.17" y="140.08" b="U"/>
<point x="135.78" y="145.16" b="Y"/>
<point x="135.78" y="152.72" b="A"/>
<point x="135.57" y="160.28" b="U"/>
<point x="135.57" y="167.84" b="C"/>
<point x="135.72" y="175.61" b="N"/>
<point x="135.72" y="183.17" b="N"/>
<point x="135.57" y="190.52" b="C"/>
<point x="135.57" y="198.08" b="C"/>
<point x="141.12" y="203.43" b="A"/>
<point x="148.68" y="203.43" b="A"/>
<point x="156.04" y="203.43" b="C"/>
<point x="163.80" y="203.43" b="A"/>
<point x="171.31" y="203.63" b="N"/>
<point x="178.87" y="203.63" b="N"/>
<point x="186.28" y="203.43" b="R"/>
</structure>