<structure>
<point x="110.87" y="143.50" b="A"/>
<point x="110.46" y="135.94" b="G"/>
<point x="110.82" y="128.59" b="N"/>
<point x="107.36" y="135.17" b="U"/>
<point x="103.12" y="141.44" b="R"/>
<point x="98.25" y="147.04" b="A"/>
<point x="92.22" y="151.87" b="U"/>
<point x="85.57" y="155.82" b="G"/>
<point x="79.06" y="158.84" b="A"/>
<point x="71.56" y="160.84" b="U"/>
<point x="63.85" y="161.80" b="G"/>
<point x="56.71" y="161.69" b="A"/>
<point x="49.03" y="160.51" b="U"/>
<point x="41.81" y="158.30" b="U"/>
<point x="34.96" y="155.09" b="C"/>
<point x="28.64" y="150.94" b="U"/>
<point x="23.17" y="145.94" b="A"/>
<point x="18.05" y="140.20" b="U"/>
<point x="14.21" y="133.82" b="A"/>
<point x="11.09" y="126.93" b="Y"/>
<point x="8.78" y="119.67" b="U"/>
<point x="7.71" y="112.18" b="U"/>
<point x="7.50" y="104.62" b="G"/>
<point x="8.98" y="97.14" b="A"/>
<point x="10.89" y="89.88" b="U"/>
<point x="14.00" y="82.99" b="R"/>
<point x="18.05" y="76.61" b="U"/>
<point x="22.97" y="70.86" b="U"/>
<point x="28.85" y="65.87" b="A"/>
<point x="34.96" y="61.72" b="C"/>
<point x="41.96" y="58.71" b="N"/>
<point x="48.82" y="56.29" b="G"/>
<point x="56.71" y="55.12" b="A"/>
<point x="64.06" y="55.01" b="C"/>
<point x="71.56" y="55.96" b="C"/>
<point x="79.06" y="57.97" b="A"/>
<point x="85.57" y="60.98" b="G"/>
<point x="92.22" y="64.94" b="U"/>
<point x="98.19" y="69.98" b="N"/>
<point x="103.12" y="75.37" b="R"/>
<point x="107.51" y="81.84" b="N"/>
<point x="110.67" y="88.43" b="U"/>
<point x="110.87" y="80.87" b="A"/>
<point x="110.46" y="73.31" b="G"/>
<point x="110.67" y="65.75" b="C"/>
<point x="103.92" y="62.33" b="U"/>
<point x="98.59" y="56.77" b="G"/>
<point x="96.14" y="49.78" b="A"/>
<point x="95.89" y="42.22" b="A"/>
<point x="97.88" y="35.05" b="G"/>
<point x="103.05" y="29.18" b="A"/>
<point x="109.55" y="25.32" b="Y"/>
<point x="116.99" y="23.98" b="A"/>
<point x="124.43" y="25.32" b="A"/>
<point x="130.73" y="29.18" b="U"/>
<point x="135.49" y="35.05" b="C"/>
<point x="137.68" y="42.22" b="G"/>
<point x="137.65" y="49.78" b="C"/>
<point x="134.93" y="56.98" b="N"/>
<point x="129.65" y="62.33" b="U"/>
<point x="122.70" y="65.75" b="G"/>
<point x="122.91" y="73.31" b="C"/>
<point x="122.91" y="80.87" b="U"/>
<point x="122.91" y="88.43" b="R"/>
<point x="129.62" y="91.91" b="C"/>
<point x="134.79" y="97.77" b="N"/>
<point x="137.34" y="104.62" b="U"/>
<point x="137.12" y="112.18" b="G"/>
<point x="134.85" y="119.25" b="A"/>
<point x="129.41" y="124.89" b="G"/>
<point x="122.91" y="128.38" b="U"/>
<point x="122.91" y="135.94" b="C"/>
<point x="122.91" y="143.50" b="U"/>
</structure>