<structure>
<point x="19.45" y="99.92" b="C"/>
<point x="27.02" y="99.92" b="C"/>
<point x="34.78" y="99.92" b="A"/>
<point x="42.13" y="99.92" b="C"/>
<point x="49.70" y="99.92" b="C"/>
<point x="57.26" y="99.92" b="U"/>
<point x="64.81" y="99.92" b="U"/>
<point x="72.58" y="99.92" b="A"/>
<point x="77.93" y="94.57" b="A"/>
<point x="77.51" y="87.01" b="G"/>
<point x="71.32" y="83.44" b="N"/>
<point x="77.51" y="79.45" b="G"/>
<point x="77.72" y="71.89" b="C"/>
<point x="77.51" y="64.33" b="G"/>
<point x="77.72" y="56.77" b="C"/>
<point x="75.34" y="49.53" b="G"/>
<point x="80.06" y="43.47" b="C"/>
<point x="87.62" y="43.47" b="U"/>
<point x="92.13" y="49.53" b="C"/>
<point x="89.75" y="56.77" b="G"/>
<point x="89.96" y="64.33" b="C"/>
<point x="97.52" y="64.33" b="C"/>
<point x="97.73" y="71.89" b="A"/>
<point x="89.75" y="71.89" b="G"/>
<point x="89.96" y="79.45" b="C"/>
<point x="89.96" y="87.01" b="C"/>
<point x="89.96" y="94.57" b="U"/>
<point x="95.46" y="100.13" b="N"/>
<point x="102.66" y="99.92" b="G"/>
<point x="108.00" y="94.57" b="G"/>
<point x="108.42" y="87.01" b="Y"/>
<point x="108.36" y="79.66" b="N"/>
<point x="108.00" y="71.89" b="G"/>
<point x="108.00" y="64.33" b="G"/>
<point x="104.90" y="57.44" b="G"/>
<point x="108.21" y="50.54" b="C"/>
<point x="108.00" y="42.98" b="G"/>
<point x="108.00" y="35.42" b="G"/>
<point x="107.85" y="27.87" b="C"/>
<point x="114.33" y="23.98" b="U"/>
<point x="120.82" y="27.87" b="C"/>
<point x="120.45" y="35.42" b="C"/>
<point x="120.45" y="42.98" b="C"/>
<point x="120.24" y="50.54" b="G"/>
<point x="123.34" y="57.44" b="G"/>
<point x="120.45" y="64.33" b="C"/>
<point x="126.79" y="68.11" b="G"/>
<point x="120.45" y="71.89" b="C"/>
<point x="120.45" y="79.45" b="C"/>
<point x="120.24" y="87.01" b="G"/>
<point x="120.60" y="94.78" b="N"/>
<point x="125.59" y="99.92" b="G"/>
<point x="133.56" y="99.92" b="A"/>
<point x="140.92" y="99.92" b="C"/>
<point x="148.48" y="99.92" b="C"/>
<point x="156.24" y="99.92" b="A"/>
<point x="163.80" y="99.92" b="A"/>
<point x="171.16" y="99.92" b="U"/>
<point x="178.51" y="99.92" b="G"/>
</structure>