<structure>
<point x="33.09" y="207.99" b="N"/>
<point x="40.65" y="207.99" b="N"/>
<point x="45.85" y="202.44" b="U"/>
<point x="45.64" y="194.88" b="G"/>
<point x="46.05" y="187.32" b="Y"/>
<point x="46.00" y="179.96" b="N"/>
<point x="45.85" y="172.20" b="C"/>
<point x="46.05" y="164.64" b="Y"/>
<point x="45.85" y="157.08" b="R"/>
<point x="45.85" y="149.52" b="R"/>
<point x="39.87" y="154.15" b="R"/>
<point x="32.83" y="156.70" b="N"/>
<point x="25.28" y="156.50" b="N"/>
<point x="18.23" y="153.76" b="N"/>
<point x="12.51" y="148.82" b="N"/>
<point x="8.79" y="142.24" b="N"/>
<point x="7.50" y="134.79" b="N"/>
<point x="8.64" y="127.13" b="R"/>
<point x="12.15" y="120.55" b="G"/>
<point x="18.08" y="115.60" b="C"/>
<point x="25.13" y="112.87" b="R"/>
<point x="32.83" y="112.87" b="N"/>
<point x="40.08" y="115.02" b="Y"/>
<point x="45.85" y="119.64" b="R"/>
<point x="45.85" y="112.08" b="C"/>
<point x="46.05" y="104.52" b="A"/>
<point x="45.64" y="96.96" b="G"/>
<point x="38.78" y="94.27" b="R"/>
<point x="32.94" y="89.74" b="Y"/>
<point x="28.15" y="83.72" b="R"/>
<point x="25.60" y="76.68" b="Y"/>
<point x="24.68" y="69.16" b="R"/>
<point x="25.84" y="61.72" b="G"/>
<point x="29.61" y="54.95" b="Y"/>
<point x="34.49" y="49.35" b="U"/>
<point x="40.71" y="45.37" b="G"/>
<point x="48.19" y="43.29" b="C"/>
<point x="55.95" y="43.29" b="Y"/>
<point x="63.17" y="45.57" b="N"/>
<point x="69.44" y="49.35" b="U"/>
<point x="74.32" y="54.95" b="G"/>
<point x="77.88" y="61.72" b="C"/>
<point x="79.25" y="69.16" b="U"/>
<point x="78.69" y="76.89" b="N"/>
<point x="75.99" y="83.72" b="Y"/>
<point x="71.20" y="89.74" b="R"/>
<point x="65.36" y="94.27" b="Y"/>
<point x="58.09" y="96.96" b="C"/>
<point x="58.09" y="104.52" b="U"/>
<point x="57.88" y="112.08" b="G"/>
<point x="58.09" y="119.64" b="U"/>
<point x="64.01" y="124.07" b="G"/>
<point x="67.81" y="131.01" b="N"/>
<point x="67.66" y="138.36" b="C"/>
<point x="64.22" y="145.09" b="R"/>
<point x="58.09" y="149.52" b="U"/>
<point x="58.29" y="157.08" b="Y"/>
<point x="58.09" y="164.64" b="R"/>
<point x="57.88" y="172.20" b="G"/>
<point x="57.88" y="179.76" b="G"/>
<point x="57.88" y="187.32" b="G"/>
<point x="58.09" y="194.88" b="C"/>
<point x="58.29" y="202.44" b="A"/>
<point x="63.43" y="207.78" b="R"/>
<point x="71.20" y="207.78" b="A"/>
<point x="78.34" y="207.78" b="G"/>
<point x="86.32" y="207.78" b="A"/>
<point x="93.46" y="207.78" b="G"/>
<point x="101.38" y="207.99" b="N"/>
<point x="109.00" y="207.78" b="A"/>
<point x="116.56" y="207.78" b="A"/>
<point x="123.70" y="207.78" b="G"/>
<point x="131.68" y="207.78" b="Y"/>
<point x="136.61" y="202.44" b="G"/>
<point x="136.61" y="194.88" b="G"/>
<point x="136.82" y="187.32" b="C"/>
<point x="130.34" y="183.41" b="U"/>
<point x="126.18" y="177.25" b="A"/>
<point x="124.43" y="169.84" b="U"/>
<point x="125.97" y="162.44" b="U"/>
<point x="130.34" y="156.28" b="U"/>
<point x="136.82" y="152.37" b="C"/>
<point x="136.82" y="144.81" b="U"/>
<point x="137.02" y="137.25" b="A"/>
<point x="132.11" y="131.34" b="C"/>
<point x="131.90" y="123.78" b="G"/>
<point x="136.82" y="117.86" b="C"/>
<point x="136.82" y="110.30" b="U"/>
<point x="131.22" y="105.22" b="C"/>
<point x="129.36" y="97.95" b="A"/>
<point x="131.01" y="90.68" b="G"/>
<point x="136.82" y="85.59" b="U"/>
<point x="136.61" y="78.03" b="G"/>
<point x="137.02" y="70.47" b="Y"/>
<point x="136.82" y="62.91" b="U"/>
<point x="136.82" y="55.35" b="C"/>
<point x="137.02" y="47.79" b="A"/>
<point x="131.47" y="42.45" b="R"/>
<point x="130.19" y="35.04" b="A"/>
<point x="133.08" y="28.05" b="A"/>
<point x="139.31" y="24.06" b="N"/>
<point x="146.87" y="24.06" b="N"/>
<point x="153.00" y="28.05" b="C"/>
<point x="156.04" y="35.25" b="N"/>
<point x="154.41" y="42.45" b="R"/>
<point x="149.06" y="47.79" b="U"/>
<point x="148.85" y="55.35" b="G"/>
<point x="149.06" y="62.91" b="R"/>
<point x="148.85" y="70.47" b="G"/>
<point x="149.06" y="78.03" b="C"/>
<point x="149.26" y="85.59" b="A"/>
<point x="154.65" y="90.68" b="C"/>
<point x="156.72" y="97.95" b="U"/>
<point x="154.65" y="105.22" b="R"/>
<point x="149.26" y="110.30" b="A"/>
<point x="148.85" y="117.86" b="G"/>
<point x="153.97" y="123.78" b="A"/>
<point x="153.97" y="131.34" b="A"/>
<point x="149.06" y="137.25" b="U"/>
<point x="148.85" y="144.81" b="G"/>
<point x="148.85" y="152.37" b="G"/>
<point x="156.36" y="154.34" b="U"/>
<point x="162.14" y="159.21" b="U"/>
<point x="165.48" y="166.27" b="N"/>
<point x="165.33" y="173.62" b="R"/>
<point x="162.14" y="180.48" b="U"/>
<point x="156.56" y="185.34" b="A"/>
<point x="148.85" y="187.32" b="G"/>
<point x="149.06" y="194.88" b="C"/>
<point x="149.06" y="202.44" b="C"/>
<point x="154.40" y="207.78" b="U"/>
<point x="161.75" y="207.78" b="G"/>
<point x="169.73" y="207.78" b="A"/>
<point x="177.08" y="207.78" b="C"/>
<point x="184.85" y="207.78" b="A"/>
<point x="192.20" y="207.78" b="U"/>
<point x="199.76" y="207.78" b="U"/>
<point x="207.47" y="207.99" b="N"/>
</structure>