<structure>
<point x="19.60" y="216.18" b="N"/>
<point x="27.16" y="216.18" b="N"/>
<point x="34.58" y="215.97" b="R"/>
<point x="42.28" y="216.18" b="N"/>
<point x="47.63" y="210.83" b="N"/>
<point x="47.63" y="203.27" b="N"/>
<point x="47.48" y="195.50" b="R"/>
<point x="47.63" y="188.15" b="N"/>
<point x="47.63" y="180.59" b="N"/>
<point x="47.48" y="172.82" b="U"/>
<point x="47.63" y="165.47" b="N"/>
<point x="47.63" y="157.91" b="N"/>
<point x="47.63" y="150.35" b="N"/>
<point x="45.46" y="143.11" b="N"/>
<point x="49.97" y="137.05" b="N"/>
<point x="57.53" y="137.05" b="N"/>
<point x="62.04" y="143.11" b="N"/>
<point x="59.72" y="150.14" b="R"/>
<point x="59.87" y="157.91" b="N"/>
<point x="59.87" y="165.47" b="N"/>
<point x="59.87" y="173.03" b="N"/>
<point x="59.87" y="180.59" b="N"/>
<point x="59.87" y="188.15" b="N"/>
<point x="59.87" y="195.71" b="N"/>
<point x="59.87" y="203.27" b="N"/>
<point x="59.93" y="210.62" b="Y"/>
<point x="65.22" y="216.18" b="N"/>
<point x="72.78" y="216.18" b="N"/>
<point x="80.34" y="216.18" b="N"/>
<point x="85.68" y="210.83" b="N"/>
<point x="85.68" y="203.27" b="N"/>
<point x="85.68" y="195.71" b="N"/>
<point x="82.28" y="188.96" b="N"/>
<point x="84.86" y="181.85" b="N"/>
<point x="91.80" y="178.86" b="N"/>
<point x="98.74" y="181.85" b="N"/>
<point x="101.32" y="188.96" b="N"/>
<point x="97.92" y="195.71" b="N"/>
<point x="97.92" y="203.27" b="N"/>
<point x="97.92" y="210.83" b="N"/>
<point x="103.27" y="216.18" b="N"/>
<point x="110.83" y="216.18" b="N"/>
<point x="118.39" y="216.18" b="N"/>
<point x="125.95" y="216.18" b="N"/>
<point x="133.51" y="216.18" b="N"/>
<point x="141.07" y="216.18" b="N"/>
<point x="148.63" y="216.18" b="N"/>
<point x="156.19" y="216.18" b="N"/>
<point x="161.53" y="210.83" b="N"/>
<point x="161.53" y="203.27" b="N"/>
<point x="161.59" y="195.50" b="Y"/>
<point x="161.53" y="188.15" b="N"/>
<point x="161.53" y="180.59" b="N"/>
<point x="158.43" y="173.70" b="N"/>
<point x="161.59" y="166.59" b="Y"/>
<point x="161.38" y="159.03" b="R"/>
<point x="154.52" y="156.36" b="A"/>
<point x="148.43" y="151.88" b="A"/>
<point x="143.59" y="145.91" b="U"/>
<point x="140.74" y="138.91" b="U"/>
<point x="133.33" y="139.31" b="N"/>
<point x="125.77" y="139.50" b="N"/>
<point x="118.06" y="139.49" b="R"/>
<point x="110.51" y="139.68" b="R"/>
<point x="102.74" y="139.87" b="G"/>
<point x="98.22" y="145.60" b="A"/>
<point x="91.00" y="147.85" b="A"/>
<point x="83.47" y="145.97" b="R"/>
<point x="78.40" y="140.71" b="N"/>
<point x="70.69" y="140.70" b="C"/>
<point x="63.34" y="140.89" b="Y"/>
<point x="55.72" y="141.29" b="N"/>
<point x="48.02" y="141.28" b="R"/>
<point x="43.21" y="147.11" b="R"/>
<point x="36.23" y="149.85" b="N"/>
<point x="28.82" y="148.37" b="N"/>
<point x="23.22" y="143.29" b="N"/>
<point x="21.02" y="136.06" b="N"/>
<point x="22.85" y="128.72" b="N"/>
<point x="28.18" y="123.37" b="N"/>
<point x="35.36" y="121.30" b="R"/>
<point x="42.75" y="123.67" b="N"/>
<point x="47.85" y="129.25" b="N"/>
<point x="55.41" y="129.06" b="N"/>
<point x="62.97" y="128.86" b="N"/>
<point x="70.17" y="128.46" b="G"/>
<point x="78.08" y="128.48" b="N"/>
<point x="83.08" y="122.55" b="Y"/>
<point x="90.30" y="120.29" b="A"/>
<point x="97.62" y="122.17" b="A"/>
<point x="102.84" y="127.64" b="Y"/>
<point x="110.19" y="127.44" b="C"/>
<point x="117.96" y="127.25" b="Y"/>
<point x="125.46" y="127.27" b="N"/>
<point x="133.02" y="127.07" b="N"/>
<point x="140.63" y="126.67" b="A"/>
<point x="142.70" y="119.53" b="G"/>
<point x="137.11" y="114.69" b="C"/>
<point x="129.77" y="115.93" b="N"/>
<point x="122.92" y="112.65" b="A"/>
<point x="118.67" y="106.40" b="A"/>
<point x="118.14" y="98.84" b="R"/>
<point x="112.34" y="94.00" b="U"/>
<point x="106.75" y="89.15" b="Y"/>
<point x="100.94" y="84.31" b="Y"/>
<point x="94.43" y="88.45" b="N"/>
<point x="86.89" y="87.89" b="N"/>
<point x="81.09" y="83.04" b="N"/>
<point x="79.20" y="75.72" b="N"/>
<point x="81.92" y="68.67" b="N"/>
<point x="76.12" y="63.83" b="N"/>
<point x="70.38" y="58.77" b="Y"/>
<point x="64.52" y="54.13" b="N"/>
<point x="58.71" y="49.29" b="N"/>
<point x="51.15" y="49.34" b="N"/>
<point x="45.10" y="44.81" b="N"/>
<point x="43.02" y="37.54" b="N"/>
<point x="45.77" y="30.49" b="N"/>
<point x="52.21" y="26.54" b="N"/>
<point x="59.73" y="27.29" b="N"/>
<point x="65.27" y="32.44" b="N"/>
<point x="66.56" y="39.89" b="N"/>
<point x="72.36" y="44.74" b="N"/>
<point x="78.17" y="49.58" b="N"/>
<point x="83.82" y="54.22" b="R"/>
<point x="89.77" y="59.28" b="N"/>
<point x="97.26" y="58.24" b="N"/>
<point x="104.02" y="61.11" b="R"/>
<point x="108.42" y="67.57" b="N"/>
<point x="108.73" y="75.12" b="N"/>
<point x="114.39" y="79.76" b="R"/>
<point x="120.34" y="84.81" b="N"/>
<point x="125.99" y="89.45" b="R"/>
<point x="133.63" y="88.62" b="N"/>
<point x="140.54" y="91.69" b="N"/>
<point x="144.79" y="97.95" b="N"/>
<point x="144.75" y="105.29" b="G"/>
<point x="150.76" y="110.14" b="U"/>
<point x="157.49" y="106.63" b="N"/>
<point x="164.68" y="104.63" b="C"/>
<point x="172.44" y="104.89" b="A"/>
<point x="179.44" y="107.19" b="R"/>
<point x="185.90" y="111.57" b="N"/>
<point x="190.47" y="117.09" b="G"/>
<point x="194.09" y="123.93" b="A"/>
<point x="195.11" y="131.39" b="C"/>
<point x="194.27" y="138.91" b="U"/>
<point x="191.57" y="146.12" b="N"/>
<point x="186.99" y="151.88" b="A"/>
<point x="180.70" y="156.36" b="R"/>
<point x="173.83" y="159.03" b="Y"/>
<point x="173.41" y="166.59" b="G"/>
<point x="176.87" y="173.70" b="N"/>
<point x="173.77" y="180.59" b="N"/>
<point x="173.77" y="188.15" b="N"/>
<point x="173.62" y="195.50" b="R"/>
<point x="173.77" y="203.27" b="N"/>
<point x="173.83" y="210.62" b="Y"/>
<point x="178.97" y="215.97" b="R"/>
<point x="184.47" y="210.83" b="N"/>
<point x="184.52" y="203.06" b="Y"/>
<point x="184.52" y="195.50" b="Y"/>
<point x="184.52" y="187.94" b="Y"/>
<point x="184.47" y="180.59" b="N"/>
<point x="184.47" y="173.03" b="N"/>
<point x="184.47" y="165.47" b="N"/>
<point x="184.31" y="157.70" b="R"/>
<point x="184.47" y="150.35" b="N"/>
<point x="177.00" y="149.17" b="N"/>
<point x="169.72" y="147.11" b="N"/>
<point x="162.75" y="144.20" b="N"/>
<point x="156.17" y="140.48" b="N"/>
<point x="150.07" y="136.00" b="N"/>
<point x="144.56" y="130.83" b="N"/>
<point x="139.70" y="125.04" b="N"/>
<point x="135.57" y="118.71" b="N"/>
<point x="132.22" y="111.93" b="N"/>
<point x="129.70" y="104.80" b="N"/>
<point x="128.05" y="97.43" b="N"/>
<point x="127.29" y="89.90" b="N"/>
<point x="127.43" y="82.35" b="N"/>
<point x="128.47" y="74.86" b="N"/>
<point x="130.39" y="67.55" b="N"/>
<point x="133.17" y="60.52" b="N"/>
<point x="136.77" y="53.87" b="N"/>
<point x="141.14" y="47.70" b="N"/>
<point x="146.21" y="42.09" b="N"/>
<point x="151.91" y="37.12" b="N"/>
<point x="158.16" y="32.87" b="N"/>
<point x="164.87" y="29.40" b="N"/>
<point x="171.95" y="26.75" b="N"/>
<point x="179.30" y="24.96" b="N"/>
<point x="186.80" y="24.06" b="N"/>
<point x="194.36" y="24.06" b="N"/>
<point x="201.87" y="24.96" b="N"/>
<point x="209.22" y="26.75" b="N"/>
<point x="216.30" y="29.40" b="N"/>
<point x="223.01" y="32.87" b="N"/>
<point x="229.26" y="37.12" b="N"/>
<point x="234.96" y="42.09" b="N"/>
<point x="240.03" y="47.70" b="N"/>
<point x="244.40" y="53.87" b="N"/>
<point x="248.00" y="60.52" b="N"/>
<point x="250.78" y="67.55" b="N"/>
<point x="252.70" y="74.86" b="N"/>
<point x="253.74" y="82.35" b="N"/>
<point x="253.88" y="89.90" b="N"/>
<point x="253.12" y="97.43" b="N"/>
<point x="251.47" y="104.80" b="N"/>
<point x="248.95" y="111.93" b="N"/>
<point x="245.60" y="118.71" b="N"/>
<point x="241.47" y="125.04" b="N"/>
<point x="236.61" y="130.83" b="N"/>
<point x="231.09" y="136.00" b="N"/>
<point x="225.00" y="140.48" b="N"/>
<point x="218.42" y="144.20" b="N"/>
<point x="211.45" y="147.11" b="N"/>
<point x="204.17" y="149.17" b="N"/>
<point x="196.70" y="150.35" b="N"/>
<point x="196.56" y="157.70" b="R"/>
<point x="196.70" y="165.47" b="N"/>
<point x="196.70" y="173.03" b="N"/>
<point x="196.70" y="180.59" b="N"/>
<point x="196.76" y="187.94" b="A"/>
<point x="196.56" y="195.50" b="R"/>
<point x="196.56" y="203.06" b="R"/>
<point x="196.70" y="210.83" b="N"/>
<point x="201.90" y="215.97" b="U"/>
<point x="209.46" y="215.97" b="R"/>
<point x="217.23" y="215.97" b="A"/>
<point x="224.79" y="215.97" b="A"/>
<point x="231.93" y="215.97" b="G"/>
<point x="239.91" y="215.97" b="A"/>
<point x="247.47" y="215.97" b="Y"/>
<point x="255.03" y="215.97" b="A"/>
<point x="262.53" y="216.18" b="N"/>
<point x="270.15" y="215.97" b="A"/>
<point x="277.29" y="215.97" b="G"/>
<point x="285.06" y="215.97" b="U"/>
<point x="292.62" y="215.97" b="C"/>
<point x="300.39" y="215.97" b="Y"/>
<point x="307.89" y="216.18" b="N"/>
<point x="315.30" y="215.97" b="R"/>
<point x="323.01" y="216.18" b="N"/>
<point x="330.63" y="215.97" b="Y"/>
<point x="338.19" y="215.97" b="Y"/>
<point x="343.48" y="210.83" b="N"/>
<point x="343.48" y="203.27" b="N"/>
<point x="343.48" y="195.71" b="N"/>
<point x="343.48" y="188.15" b="N"/>
<point x="343.48" y="180.59" b="N"/>
<point x="340.94" y="173.14" b="G"/>
<point x="345.82" y="167.28" b="N"/>
<point x="353.38" y="167.28" b="N"/>
<point x="357.94" y="173.14" b="A"/>
<point x="355.72" y="180.59" b="N"/>
<point x="355.72" y="188.15" b="N"/>
<point x="355.72" y="195.71" b="N"/>
<point x="355.72" y="203.27" b="N"/>
<point x="355.72" y="210.83" b="N"/>
<point x="361.06" y="216.18" b="N"/>
<point x="368.47" y="215.97" b="R"/>
</structure>