<structure>
<point x="85.21" y="214.24" b="N"/>
<point x="85.21" y="206.68" b="N"/>
<point x="84.85" y="198.91" b="G"/>
<point x="85.06" y="191.35" b="C"/>
<point x="77.55" y="190.46" b="R"/>
<point x="70.15" y="188.90" b="R"/>
<point x="62.93" y="186.67" b="U"/>
<point x="55.72" y="183.81" b="G"/>
<point x="49.43" y="180.32" b="A"/>
<point x="42.86" y="176.24" b="U"/>
<point x="36.67" y="171.61" b="G"/>
<point x="31.50" y="166.66" b="N"/>
<point x="26.46" y="161.03" b="N"/>
<point x="21.94" y="154.97" b="N"/>
<point x="17.84" y="148.32" b="R"/>
<point x="14.48" y="141.54" b="R"/>
<point x="11.96" y="134.49" b="A"/>
<point x="9.82" y="127.43" b="N"/>
<point x="8.45" y="119.80" b="Y"/>
<point x="7.50" y="112.28" b="U"/>
<point x="7.64" y="104.72" b="Y"/>
<point x="8.05" y="97.18" b="U"/>
<point x="9.50" y="89.94" b="N"/>
<point x="11.45" y="82.64" b="N"/>
<point x="14.06" y="75.55" b="N"/>
<point x="17.30" y="68.71" b="N"/>
<point x="20.99" y="62.00" b="C"/>
<point x="25.41" y="55.86" b="U"/>
<point x="30.14" y="50.14" b="G"/>
<point x="36.00" y="44.89" b="A"/>
<point x="41.90" y="40.16" b="A"/>
<point x="48.13" y="36.18" b="N"/>
<point x="54.78" y="32.58" b="N"/>
<point x="61.73" y="29.59" b="N"/>
<point x="68.91" y="27.25" b="N"/>
<point x="76.28" y="25.55" b="N"/>
<point x="83.62" y="24.33" b="C"/>
<point x="91.38" y="23.98" b="Y"/>
<point x="98.88" y="24.53" b="N"/>
<point x="106.22" y="25.35" b="U"/>
<point x="113.38" y="27.04" b="G"/>
<point x="120.98" y="29.39" b="A"/>
<point x="127.72" y="32.37" b="R"/>
<point x="134.16" y="35.97" b="G"/>
<point x="140.81" y="40.37" b="N"/>
<point x="146.70" y="45.10" b="N"/>
<point x="152.15" y="50.35" b="N"/>
<point x="157.09" y="56.06" b="N"/>
<point x="161.36" y="62.00" b="R"/>
<point x="165.40" y="68.51" b="A"/>
<point x="168.59" y="75.55" b="N"/>
<point x="171.20" y="82.64" b="N"/>
<point x="173.16" y="89.94" b="N"/>
<point x="174.50" y="97.18" b="Y"/>
<point x="174.71" y="104.72" b="G"/>
<point x="175.06" y="112.28" b="A"/>
<point x="173.89" y="119.80" b="G"/>
<point x="172.68" y="127.23" b="C"/>
<point x="170.60" y="134.49" b="U"/>
<point x="167.87" y="141.54" b="U"/>
<point x="164.51" y="148.32" b="U"/>
<point x="160.56" y="154.76" b="U"/>
<point x="156.04" y="160.82" b="U"/>
<point x="151.21" y="166.46" b="A"/>
<point x="145.67" y="171.61" b="A"/>
<point x="139.64" y="176.45" b="N"/>
<point x="133.28" y="180.53" b="N"/>
<point x="126.42" y="183.81" b="C"/>
<point x="119.42" y="186.67" b="U"/>
<point x="111.99" y="188.90" b="G"/>
<point x="105.01" y="190.46" b="A"/>
<point x="97.09" y="191.35" b="G"/>
<point x="97.30" y="198.91" b="C"/>
<point x="97.30" y="206.47" b="R"/>
<point x="97.45" y="214.24" b="N"/>
<point x="102.79" y="219.59" b="N"/>
</structure>