<structure>
<point x="19.45" y="556.80" b="C"/>
<point x="27.22" y="556.80" b="A"/>
<point x="34.37" y="556.80" b="G"/>
<point x="41.92" y="556.80" b="G"/>
<point x="49.48" y="556.80" b="G"/>
<point x="57.26" y="556.80" b="U"/>
<point x="64.81" y="556.80" b="U"/>
<point x="72.38" y="556.80" b="C"/>
<point x="79.94" y="556.80" b="U"/>
<point x="87.50" y="556.80" b="U"/>
<point x="95.20" y="557.01" b="N"/>
<point x="102.82" y="556.80" b="A"/>
<point x="110.38" y="556.80" b="A"/>
<point x="117.73" y="556.80" b="U"/>
<point x="125.30" y="556.80" b="C"/>
<point x="132.85" y="556.80" b="U"/>
<point x="140.21" y="556.80" b="G"/>
<point x="147.97" y="556.80" b="U"/>
<point x="153.32" y="551.46" b="U"/>
<point x="153.32" y="543.89" b="U"/>
<point x="153.32" y="536.34" b="C"/>
<point x="153.32" y="528.77" b="U"/>
<point x="149.92" y="522.02" b="C"/>
<point x="152.50" y="514.92" b="U"/>
<point x="159.65" y="511.92" b="A"/>
<point x="166.38" y="514.92" b="U"/>
<point x="169.17" y="522.02" b="A"/>
<point x="165.77" y="528.77" b="A"/>
<point x="165.35" y="536.34" b="G"/>
<point x="165.77" y="543.89" b="A"/>
<point x="165.77" y="551.46" b="A"/>
<point x="170.91" y="556.80" b="C"/>
<point x="178.67" y="556.80" b="A"/>
<point x="186.03" y="556.80" b="C"/>
<point x="193.59" y="556.80" b="U"/>
<point x="201.15" y="556.80" b="C"/>
<point x="208.91" y="556.80" b="A"/>
<point x="216.42" y="557.01" b="N"/>
<point x="223.98" y="557.01" b="N"/>
<point x="231.39" y="556.80" b="U"/>
<point x="238.95" y="556.80" b="U"/>
<point x="246.51" y="556.80" b="U"/>
<point x="254.07" y="556.80" b="C"/>
<point x="261.83" y="556.80" b="A"/>
<point x="269.19" y="556.80" b="C"/>
<point x="276.54" y="556.80" b="G"/>
<point x="284.31" y="556.80" b="C"/>
<point x="291.87" y="556.80" b="U"/>
<point x="299.43" y="556.80" b="U"/>
<point x="306.99" y="556.80" b="U"/>
<point x="314.55" y="556.80" b="C"/>
<point x="322.11" y="556.80" b="U"/>
<point x="329.46" y="556.80" b="G"/>
<point x="337.23" y="556.80" b="U"/>
<point x="344.79" y="556.80" b="C"/>
<point x="352.35" y="556.80" b="U"/>
<point x="360.06" y="557.01" b="N"/>
<point x="367.47" y="556.80" b="C"/>
<point x="375.03" y="556.80" b="U"/>
<point x="382.59" y="556.80" b="U"/>
<point x="390.15" y="556.80" b="U"/>
<point x="397.71" y="556.80" b="C"/>
<point x="405.27" y="556.80" b="U"/>
<point x="412.83" y="556.80" b="U"/>
<point x="420.39" y="556.80" b="C"/>
<point x="427.95" y="556.80" b="C"/>
<point x="435.71" y="556.80" b="A"/>
<point x="442.86" y="556.80" b="G"/>
<point x="450.42" y="556.80" b="G"/>
<point x="457.98" y="556.80" b="G"/>
<point x="465.75" y="556.80" b="C"/>
<point x="473.31" y="556.80" b="U"/>
<point x="480.87" y="556.80" b="C"/>
<point x="488.43" y="556.80" b="U"/>
<point x="495.99" y="556.80" b="C"/>
<point x="503.55" y="556.80" b="C"/>
<point x="511.11" y="556.80" b="C"/>
<point x="518.67" y="556.80" b="C"/>
<point x="526.23" y="556.80" b="U"/>
<point x="533.79" y="556.80" b="U"/>
<point x="541.14" y="556.80" b="G"/>
<point x="548.91" y="556.80" b="C"/>
<point x="556.47" y="556.80" b="C"/>
<point x="564.03" y="556.80" b="C"/>
<point x="569.37" y="551.46" b="U"/>
<point x="569.58" y="543.89" b="A"/>
<point x="569.16" y="536.34" b="G"/>
<point x="569.16" y="528.77" b="G"/>
<point x="569.37" y="521.22" b="C"/>
<point x="569.37" y="513.65" b="U"/>
<point x="569.37" y="506.10" b="C"/>
<point x="569.37" y="498.54" b="U"/>
<point x="562.19" y="495.62" b="G"/>
<point x="556.38" y="490.77" b="G"/>
<point x="552.49" y="484.43" b="C"/>
<point x="545.05" y="485.77" b="C"/>
<point x="537.40" y="487.11" b="G"/>
<point x="530.17" y="488.45" b="U"/>
<point x="522.73" y="489.79" b="U"/>
<point x="515.08" y="491.13" b="G"/>
<point x="508.55" y="494.55" b="C"/>
<point x="501.57" y="491.19" b="G"/>
<point x="500.44" y="483.75" b="C"/>
<point x="505.61" y="478.23" b="C"/>
<point x="513.12" y="479.08" b="C"/>
<point x="520.35" y="477.74" b="G"/>
<point x="527.79" y="476.40" b="G"/>
<point x="535.44" y="475.06" b="C"/>
<point x="542.67" y="473.72" b="G"/>
<point x="550.11" y="472.38" b="G"/>
<point x="551.74" y="465.00" b="G"/>
<point x="555.48" y="458.43" b="G"/>
<point x="561.21" y="453.26" b="U"/>
<point x="568.02" y="449.97" b="C"/>
<point x="575.70" y="448.83" b="A"/>
<point x="583.17" y="449.97" b="A"/>
<point x="589.77" y="453.26" b="C"/>
<point x="595.43" y="448.25" b="U"/>
<point x="601.10" y="443.25" b="C"/>
<point x="606.76" y="438.24" b="C"/>
<point x="612.63" y="433.23" b="A"/>
<point x="618.09" y="428.22" b="U"/>
<point x="623.54" y="423.21" b="G"/>
<point x="626.76" y="416.19" b="A"/>
<point x="633.59" y="413.42" b="U"/>
<point x="640.43" y="416.63" b="U"/>
<point x="642.99" y="423.82" b="A"/>
<point x="638.96" y="430.46" b="G"/>
<point x="631.86" y="432.38" b="C"/>
<point x="626.40" y="437.39" b="A"/>
<point x="620.53" y="442.40" b="U"/>
<point x="614.66" y="447.41" b="G"/>
<point x="609.00" y="452.42" b="G"/>
<point x="603.75" y="457.42" b="A"/>
<point x="597.67" y="462.43" b="G"/>
<point x="600.32" y="469.59" b="C"/>
<point x="600.53" y="477.14" b="U"/>
<point x="598.28" y="484.43" b="G"/>
<point x="594.39" y="490.77" b="U"/>
<point x="588.79" y="495.62" b="A"/>
<point x="581.40" y="498.54" b="G"/>
<point x="581.40" y="506.10" b="G"/>
<point x="581.82" y="513.65" b="A"/>
<point x="581.40" y="521.22" b="G"/>
<point x="581.61" y="528.77" b="U"/>
<point x="581.61" y="536.34" b="C"/>
<point x="581.61" y="543.89" b="U"/>
<point x="581.82" y="551.46" b="A"/>
<point x="587.16" y="556.80" b="A"/>
<point x="594.72" y="556.80" b="A"/>
<point x="602.08" y="556.80" b="U"/>
<point x="609.64" y="556.80" b="U"/>
<point x="616.99" y="556.80" b="G"/>
<point x="624.55" y="556.80" b="G"/>
<point x="632.11" y="556.80" b="G"/>
<point x="639.67" y="556.80" b="G"/>
<point x="647.64" y="556.80" b="A"/>
<point x="652.78" y="551.46" b="C"/>
<point x="652.78" y="543.89" b="R"/>
<point x="652.78" y="536.34" b="C"/>
<point x="652.99" y="528.77" b="A"/>
<point x="652.57" y="521.22" b="G"/>
<point x="652.99" y="513.65" b="A"/>
<point x="649.68" y="506.76" b="U"/>
<point x="652.57" y="499.87" b="G"/>
<point x="652.78" y="492.31" b="U"/>
<point x="652.78" y="484.75" b="U"/>
<point x="652.78" y="477.19" b="U"/>
<point x="652.57" y="469.62" b="G"/>
<point x="652.57" y="462.06" b="G"/>
<point x="652.78" y="454.50" b="R"/>
<point x="652.99" y="446.94" b="A"/>
<point x="645.24" y="446.48" b="C"/>
<point x="637.51" y="445.66" b="G"/>
<point x="630.25" y="444.50" b="U"/>
<point x="622.85" y="442.98" b="C"/>
<point x="615.52" y="441.12" b="R"/>
<point x="608.29" y="438.92" b="C"/>
<point x="601.17" y="436.38" b="C"/>
<point x="594.17" y="433.51" b="U"/>
<point x="587.32" y="430.31" b="U"/>
<point x="580.41" y="426.80" b="G"/>
<point x="574.10" y="422.98" b="C"/>
<point x="567.97" y="418.86" b="A"/>
<point x="561.42" y="414.44" b="G"/>
<point x="555.71" y="409.75" b="U"/>
<point x="549.80" y="404.78" b="G"/>
<point x="544.55" y="399.54" b="U"/>
<point x="539.34" y="394.06" b="U"/>
<point x="534.61" y="388.34" b="A"/>
<point x="529.93" y="382.40" b="A"/>
<point x="525.34" y="376.24" b="C"/>
<point x="521.25" y="369.89" b="U"/>
<point x="517.45" y="363.35" b="U"/>
<point x="513.76" y="356.64" b="G"/>
<point x="510.60" y="349.77" b="G"/>
<point x="507.97" y="342.76" b="C"/>
<point x="505.46" y="335.63" b="U"/>
<point x="503.50" y="328.39" b="Y"/>
<point x="501.46" y="321.06" b="U"/>
<point x="499.98" y="313.64" b="C"/>
<point x="499.05" y="306.17" b="A"/>
<point x="498.06" y="298.65" b="U"/>
<point x="497.42" y="291.10" b="G"/>
<point x="497.76" y="283.54" b="A"/>
<point x="498.04" y="275.99" b="A"/>
<point x="498.62" y="268.66" b="N"/>
<point x="499.45" y="260.96" b="C"/>
<point x="500.79" y="253.51" b="U"/>
<point x="502.47" y="246.15" b="C"/>
<point x="504.49" y="238.86" b="U"/>
<point x="506.85" y="231.68" b="U"/>
<point x="509.55" y="224.62" b="U"/>
<point x="512.37" y="217.69" b="G"/>
<point x="516.13" y="210.91" b="A"/>
<point x="519.58" y="204.29" b="U"/>
<point x="523.55" y="197.86" b="C"/>
<point x="527.81" y="191.62" b="U"/>
<point x="532.36" y="185.58" b="U"/>
<point x="537.19" y="179.76" b="C"/>
<point x="542.28" y="174.18" b="C"/>
<point x="547.84" y="168.84" b="A"/>
<point x="553.23" y="163.75" b="C"/>
<point x="559.27" y="158.94" b="A"/>
<point x="565.31" y="154.40" b="A"/>
<point x="560.74" y="148.09" b="G"/>
<point x="556.79" y="141.77" b="R"/>
<point x="552.42" y="135.46" b="G"/>
<point x="548.26" y="129.14" b="G"/>
<point x="544.32" y="122.83" b="U"/>
<point x="536.99" y="123.47" b="A"/>
<point x="529.34" y="121.29" b="G"/>
<point x="523.41" y="116.59" b="G"/>
<point x="519.85" y="110.04" b="C"/>
<point x="518.76" y="102.56" b="U"/>
<point x="520.71" y="95.20" b="A"/>
<point x="524.84" y="89.01" b="C"/>
<point x="530.95" y="84.85" b="G"/>
<point x="538.35" y="83.31" b="G"/>
<point x="545.80" y="84.61" b="G"/>
<point x="552.45" y="88.57" b="U"/>
<point x="556.77" y="94.62" b="G"/>
<point x="559.16" y="101.92" b="A"/>
<point x="558.31" y="109.43" b="A"/>
<point x="554.75" y="116.10" b="A"/>
<point x="558.70" y="122.41" b="C"/>
<point x="562.86" y="128.73" b="C"/>
<point x="567.01" y="135.04" b="U"/>
<point x="571.17" y="141.35" b="C"/>
<point x="575.33" y="147.67" b="U"/>
<point x="581.89" y="143.91" b="U"/>
<point x="588.82" y="140.45" b="A"/>
<point x="585.58" y="133.53" b="R"/>
<point x="582.34" y="126.60" b="G"/>
<point x="579.51" y="119.68" b="C"/>
<point x="572.01" y="120.59" b="U"/>
<point x="565.23" y="117.70" b="A"/>
<point x="560.54" y="111.77" b="A"/>
<point x="559.15" y="104.31" b="U"/>
<point x="561.98" y="97.22" b="A"/>
<point x="567.53" y="92.32" b="C"/>
<point x="564.50" y="85.39" b="U"/>
<point x="561.47" y="78.47" b="U"/>
<point x="558.43" y="71.54" b="C"/>
<point x="555.07" y="64.77" b="U"/>
<point x="559.66" y="58.61" b="A"/>
<point x="566.95" y="59.57" b="U"/>
<point x="569.43" y="66.63" b="G"/>
<point x="572.88" y="73.56" b="A"/>
<point x="575.92" y="80.48" b="A"/>
<point x="578.53" y="87.41" b="G"/>
<point x="586.34" y="89.00" b="A"/>
<point x="591.78" y="93.78" b="G"/>
<point x="595.23" y="100.71" b="A"/>
<point x="594.57" y="108.25" b="U"/>
<point x="590.52" y="114.77" b="G"/>
<point x="593.76" y="121.69" b="C"/>
<point x="597.00" y="128.62" b="Y"/>
<point x="599.83" y="135.54" b="U"/>
<point x="606.92" y="132.94" b="U"/>
<point x="613.92" y="130.67" b="G"/>
<point x="621.24" y="128.75" b="G"/>
<point x="629.04" y="127.16" b="A"/>
<point x="636.30" y="125.93" b="U"/>
<point x="644.01" y="125.05" b="A"/>
<point x="651.14" y="124.52" b="G"/>
<point x="658.69" y="124.34" b="G"/>
<point x="666.25" y="124.52" b="G"/>
<point x="674.00" y="125.05" b="U"/>
<point x="681.72" y="125.93" b="A"/>
<point x="689.18" y="127.16" b="A"/>
<point x="696.36" y="128.75" b="C"/>
<point x="703.88" y="130.67" b="A"/>
<point x="710.67" y="132.94" b="G"/>
<point x="717.98" y="135.54" b="C"/>
<point x="720.80" y="128.62" b="G"/>
<point x="723.84" y="121.69" b="G"/>
<point x="727.08" y="114.77" b="C"/>
<point x="729.90" y="107.84" b="G"/>
<point x="723.80" y="103.38" b="G"/>
<point x="718.95" y="97.96" b="A"/>
<point x="714.44" y="91.74" b="U"/>
<point x="711.44" y="84.90" b="A"/>
<point x="709.21" y="77.61" b="U"/>
<point x="708.42" y="70.09" b="U"/>
<point x="708.69" y="62.55" b="G"/>
<point x="710.41" y="55.19" b="G"/>
<point x="713.55" y="48.22" b="U"/>
<point x="717.38" y="41.83" b="G"/>
<point x="722.84" y="36.20" b="A"/>
<point x="728.34" y="31.49" b="G"/>
<point x="735.16" y="27.83" b="U"/>
<point x="742.29" y="25.31" b="U"/>
<point x="749.53" y="24.02" b="G"/>
<point x="757.30" y="23.98" b="U"/>
<point x="764.76" y="25.21" b="U"/>
<point x="772.12" y="27.65" b="A"/>
<point x="778.77" y="31.25" b="A"/>
<point x="784.31" y="35.91" b="G"/>
<point x="789.83" y="41.49" b="A"/>
<point x="793.72" y="47.84" b="C"/>
<point x="796.92" y="54.78" b="A"/>
<point x="798.71" y="62.12" b="A"/>
<point x="799.26" y="69.66" b="A"/>
<point x="798.54" y="77.19" b="A"/>
<point x="796.59" y="84.49" b="A"/>
<point x="793.24" y="91.37" b="C"/>
<point x="789.00" y="97.63" b="C"/>
<point x="783.98" y="103.09" b="A"/>
<point x="777.72" y="107.62" b="U"/>
<point x="770.99" y="111.07" b="U"/>
<point x="763.79" y="113.36" b="C"/>
<point x="756.51" y="114.41" b="A"/>
<point x="748.95" y="114.21" b="A"/>
<point x="741.33" y="112.75" b="C"/>
<point x="738.08" y="119.68" b="G"/>
<point x="735.26" y="126.60" b="C"/>
<point x="732.23" y="133.53" b="C"/>
<point x="728.99" y="140.45" b="G"/>
<point x="735.92" y="143.91" b="R"/>
<point x="742.68" y="147.67" b="A"/>
<point x="748.64" y="151.73" b="G"/>
<point x="755.18" y="156.30" b="N"/>
<point x="761.20" y="160.74" b="A"/>
<point x="766.73" y="165.66" b="C"/>
<point x="772.24" y="170.84" b="U"/>
<point x="777.28" y="176.27" b="G"/>
<point x="782.28" y="181.95" b="G"/>
<point x="787.21" y="187.85" b="C"/>
<point x="791.65" y="193.97" b="U"/>
<point x="795.80" y="200.29" b="C"/>
<point x="799.66" y="206.79" b="U"/>
<point x="803.20" y="213.47" b="C"/>
<point x="810.29" y="210.35" b="A"/>
<point x="816.97" y="207.22" b="U"/>
<point x="823.85" y="204.10" b="C"/>
<point x="830.73" y="200.97" b="C"/>
<point x="837.82" y="197.85" b="A"/>
<point x="844.75" y="199.64" b="G"/>
<point x="842.68" y="208.99" b="U"/>
<point x="835.58" y="212.12" b="G"/>
<point x="828.70" y="215.24" b="G"/>
<point x="822.23" y="218.37" b="A"/>
<point x="815.14" y="221.49" b="U"/>
<point x="808.05" y="224.62" b="G"/>
<point x="810.95" y="231.68" b="C"/>
<point x="813.52" y="238.86" b="A"/>
<point x="815.34" y="246.15" b="U"/>
<point x="817.02" y="253.51" b="U"/>
<point x="818.15" y="260.96" b="G"/>
<point x="819.55" y="268.45" b="A"/>
<point x="819.76" y="275.99" b="G"/>
<point x="820.25" y="283.54" b="U"/>
<point x="819.96" y="291.10" b="G"/>
<point x="819.74" y="298.65" b="R"/>
<point x="819.17" y="306.17" b="A"/>
<point x="817.83" y="313.64" b="U"/>
<point x="816.34" y="321.06" b="U"/>
<point x="814.30" y="328.39" b="G"/>
<point x="812.50" y="335.84" b="N"/>
<point x="810.04" y="342.76" b="Y"/>
<point x="807.00" y="349.77" b="U"/>
<point x="803.62" y="356.64" b="G"/>
<point x="800.35" y="363.35" b="U"/>
<point x="796.56" y="369.89" b="C"/>
<point x="792.67" y="376.24" b="A"/>
<point x="787.87" y="382.40" b="G"/>
<point x="783.20" y="388.34" b="G"/>
<point x="778.25" y="394.06" b="G"/>
<point x="773.26" y="399.54" b="C"/>
<point x="767.80" y="404.78" b="U"/>
<point x="761.89" y="409.75" b="G"/>
<point x="756.18" y="414.44" b="U"/>
<point x="750.04" y="418.86" b="C"/>
<point x="743.71" y="422.98" b="U"/>
<point x="737.18" y="426.80" b="C"/>
<point x="730.49" y="430.31" b="U"/>
<point x="723.84" y="433.51" b="A"/>
<point x="716.43" y="436.38" b="G"/>
<point x="709.31" y="438.92" b="G"/>
<point x="702.29" y="441.12" b="U"/>
<point x="694.96" y="442.98" b="U"/>
<point x="687.55" y="444.50" b="U"/>
<point x="680.29" y="445.66" b="A"/>
<point x="672.78" y="446.48" b="A"/>
<point x="665.02" y="446.94" b="U"/>
<point x="665.23" y="454.50" b="Y"/>
<point x="665.23" y="462.06" b="Y"/>
<point x="665.02" y="469.62" b="C"/>
<point x="665.23" y="477.19" b="A"/>
<point x="664.81" y="484.75" b="G"/>
<point x="665.23" y="492.31" b="A"/>
<point x="665.02" y="499.87" b="C"/>
<point x="672.58" y="500.16" b="C"/>
<point x="676.27" y="506.76" b="U"/>
<point x="672.58" y="513.36" b="C"/>
<point x="665.02" y="513.65" b="U"/>
<point x="665.02" y="521.22" b="C"/>
<point x="665.02" y="528.77" b="U"/>
<point x="664.81" y="536.34" b="G"/>
<point x="665.02" y="543.89" b="U"/>
<point x="664.81" y="551.46" b="G"/>
<point x="675.72" y="562.15" b="C"/>
<point x="683.27" y="562.15" b="U"/>
<point x="690.84" y="562.15" b="U"/>
<point x="698.60" y="562.15" b="A"/>
<point x="705.08" y="559.05" b="G"/>
<point x="711.98" y="562.15" b="G"/>
<point x="719.54" y="562.15" b="G"/>
<point x="727.31" y="562.15" b="C"/>
<point x="735.07" y="562.15" b="A"/>
<point x="742.63" y="562.15" b="A"/>
<point x="750.19" y="562.15" b="A"/>
<point x="757.55" y="562.15" b="C"/>
<point x="765.31" y="562.15" b="A"/>
<point x="772.87" y="562.15" b="Y"/>
<point x="780.43" y="562.15" b="Y"/>
<point x="787.99" y="562.15" b="A"/>
<point x="795.55" y="562.15" b="Y"/>
<point x="801.26" y="557.44" b="U"/>
<point x="808.82" y="557.44" b="U"/>
<point x="814.53" y="562.15" b="G"/>
<point x="822.09" y="562.15" b="G"/>
<point x="829.86" y="562.15" b="C"/>
<point x="837.42" y="562.15" b="C"/>
<point x="844.98" y="562.15" b="U"/>
<point x="852.54" y="562.15" b="U"/>
<point x="860.31" y="562.15" b="A"/>
<point x="867.87" y="562.15" b="A"/>
<point x="875.43" y="562.15" b="A"/>
<point x="878.98" y="555.59" b="U"/>
<point x="884.76" y="550.98" b="G"/>
<point x="883.75" y="543.49" b="G"/>
<point x="882.74" y="536.00" b="G"/>
<point x="882.14" y="528.51" b="A"/>
<point x="880.92" y="521.01" b="U"/>
<point x="879.90" y="513.52" b="C"/>
<point x="878.89" y="506.03" b="C"/>
<point x="877.88" y="498.54" b="U"/>
<point x="872.05" y="493.48" b="G"/>
<point x="870.85" y="486.05" b="U"/>
<point x="874.00" y="479.29" b="G"/>
<point x="881.20" y="475.93" b="A"/>
<point x="888.20" y="477.36" b="G"/>
<point x="893.67" y="482.99" b="A"/>
<point x="893.86" y="490.53" b="G"/>
<point x="889.79" y="496.90" b="G"/>
<point x="890.81" y="504.39" b="G"/>
<point x="891.82" y="511.88" b="G"/>
<point x="893.05" y="519.37" b="R"/>
<point x="894.06" y="526.87" b="U"/>
<point x="895.08" y="534.36" b="C"/>
<point x="896.09" y="541.85" b="C"/>
<point x="897.10" y="549.34" b="C"/>
<point x="904.11" y="552.19" b="U"/>
<point x="909.48" y="557.51" b="C"/>
<point x="912.38" y="564.49" b="C"/>
<point x="912.59" y="572.05" b="A"/>
<point x="909.48" y="579.02" b="U"/>
<point x="904.11" y="584.35" b="U"/>
<point x="896.89" y="587.19" b="G"/>
<point x="896.30" y="594.69" b="A"/>
<point x="895.28" y="602.18" b="Y"/>
<point x="894.27" y="609.67" b="A"/>
<point x="892.84" y="617.16" b="G"/>
<point x="895.51" y="624.31" b="C"/>
<point x="892.00" y="631.00" b="U"/>
<point x="884.51" y="633.04" b="G"/>
<point x="878.03" y="629.14" b="G"/>
<point x="876.85" y="621.75" b="A"/>
<point x="880.92" y="615.52" b="C"/>
<point x="881.93" y="608.03" b="U"/>
<point x="883.10" y="600.74" b="N"/>
<point x="883.96" y="593.04" b="U"/>
<point x="884.98" y="585.55" b="U"/>
<point x="878.98" y="580.95" b="C"/>
<point x="875.22" y="574.39" b="U"/>
<point x="867.66" y="574.39" b="U"/>
<point x="860.10" y="574.39" b="U"/>
<point x="852.33" y="574.39" b="G"/>
<point x="844.77" y="574.39" b="G"/>
<point x="837.21" y="574.39" b="G"/>
<point x="829.65" y="574.39" b="G"/>
<point x="822.30" y="574.39" b="C"/>
<point x="814.74" y="574.39" b="C"/>
<point x="814.32" y="581.93" b="U"/>
<point x="808.82" y="587.13" b="U"/>
<point x="801.47" y="587.13" b="A"/>
<point x="795.77" y="581.93" b="U"/>
<point x="795.14" y="574.39" b="G"/>
<point x="787.79" y="574.39" b="U"/>
<point x="780.23" y="574.39" b="R"/>
<point x="772.46" y="574.39" b="G"/>
<point x="765.11" y="574.39" b="U"/>
<point x="757.34" y="574.39" b="G"/>
<point x="749.99" y="574.39" b="U"/>
<point x="742.43" y="574.39" b="U"/>
<point x="734.87" y="574.39" b="U"/>
<point x="727.10" y="574.39" b="G"/>
<point x="719.75" y="574.39" b="C"/>
<point x="712.19" y="574.39" b="C"/>
<point x="709.07" y="581.27" b="U"/>
<point x="701.51" y="581.27" b="C"/>
<point x="698.39" y="574.39" b="U"/>
<point x="690.62" y="574.39" b="G"/>
<point x="683.48" y="574.39" b="A"/>
<point x="675.50" y="574.39" b="G"/>
<point x="670.16" y="579.73" b="G"/>
<point x="670.37" y="587.29" b="U"/>
<point x="670.58" y="594.85" b="A"/>
<point x="670.37" y="602.41" b="C"/>
<point x="670.37" y="609.97" b="U"/>
<point x="670.37" y="617.53" b="C"/>
<point x="670.58" y="625.09" b="A"/>
<point x="670.16" y="632.65" b="G"/>
<point x="670.16" y="640.21" b="G"/>
<point x="670.16" y="647.77" b="G"/>
<point x="670.16" y="655.33" b="G"/>
<point x="670.37" y="662.89" b="C"/>
<point x="670.58" y="670.45" b="A"/>
<point x="670.37" y="678.01" b="U"/>
<point x="670.37" y="685.57" b="U"/>
<point x="670.37" y="693.13" b="U"/>
<point x="670.58" y="700.69" b="A"/>
<point x="670.16" y="708.25" b="G"/>
<point x="670.16" y="715.81" b="G"/>
<point x="670.37" y="723.37" b="U"/>
<point x="670.37" y="730.93" b="U"/>
<point x="670.37" y="738.49" b="U"/>
<point x="670.37" y="746.05" b="U"/>
<point x="670.37" y="753.61" b="U"/>
<point x="670.37" y="761.17" b="C"/>
<point x="670.37" y="768.73" b="C"/>
<point x="670.37" y="776.29" b="U"/>
<point x="670.37" y="783.85" b="C"/>
<point x="670.58" y="791.41" b="A"/>
<point x="670.58" y="798.97" b="Y"/>
<point x="670.37" y="806.53" b="U"/>
<point x="670.37" y="814.09" b="C"/>
<point x="670.37" y="821.65" b="U"/>
<point x="670.37" y="829.21" b="U"/>
<point x="670.58" y="836.77" b="A"/>
<point x="670.58" y="844.33" b="A"/>
<point x="670.58" y="851.89" b="A"/>
<point x="670.58" y="859.45" b="Y"/>
<point x="670.58" y="867.01" b="A"/>
<point x="670.58" y="874.57" b="A"/>
<point x="670.37" y="882.13" b="U"/>
<point x="670.52" y="889.90" b="N"/>
<point x="670.58" y="897.25" b="A"/>
<point x="670.37" y="904.81" b="U"/>
<point x="670.16" y="912.37" b="G"/>
</structure>