<structure>
<point x="29.52" y="286.91" b="G"/>
<point x="29.52" y="279.35" b="G"/>
<point x="29.94" y="271.79" b="Y"/>
<point x="29.73" y="264.23" b="U"/>
<point x="29.52" y="256.67" b="G"/>
<point x="29.52" y="249.11" b="G"/>
<point x="29.73" y="241.55" b="U"/>
<point x="29.73" y="233.99" b="C"/>
<point x="23.19" y="230.21" b="C"/>
<point x="29.52" y="226.43" b="G"/>
<point x="29.94" y="218.87" b="A"/>
<point x="25.18" y="213.16" b="N"/>
<point x="25.03" y="205.39" b="R"/>
<point x="29.52" y="199.47" b="G"/>
<point x="29.94" y="191.91" b="Y"/>
<point x="29.73" y="184.35" b="R"/>
<point x="29.52" y="176.79" b="G"/>
<point x="29.73" y="169.23" b="U"/>
<point x="29.52" y="161.67" b="G"/>
<point x="29.73" y="154.11" b="R"/>
<point x="29.52" y="146.55" b="G"/>
<point x="23.60" y="142.13" b="U"/>
<point x="20.16" y="135.40" b="U"/>
<point x="20.37" y="127.84" b="A"/>
<point x="23.81" y="121.11" b="Y"/>
<point x="29.88" y="116.89" b="N"/>
<point x="29.73" y="109.12" b="R"/>
<point x="29.94" y="101.56" b="Y"/>
<point x="26.84" y="94.67" b="Y"/>
<point x="29.94" y="87.77" b="A"/>
<point x="29.73" y="80.21" b="R"/>
<point x="22.78" y="77.83" b="N"/>
<point x="16.61" y="73.47" b="N"/>
<point x="11.80" y="67.63" b="N"/>
<point x="8.69" y="60.74" b="N"/>
<point x="7.50" y="53.28" b="N"/>
<point x="8.32" y="45.76" b="N"/>
<point x="11.08" y="38.72" b="N"/>
<point x="15.59" y="32.66" b="N"/>
<point x="21.54" y="28.00" b="N"/>
<point x="28.51" y="25.06" b="N"/>
<point x="36.00" y="24.06" b="N"/>
<point x="43.50" y="25.06" b="N"/>
<point x="50.46" y="28.00" b="N"/>
<point x="56.41" y="32.66" b="N"/>
<point x="60.93" y="38.72" b="N"/>
<point x="63.69" y="45.76" b="N"/>
<point x="64.51" y="53.28" b="N"/>
<point x="63.32" y="60.74" b="N"/>
<point x="60.21" y="67.63" b="N"/>
<point x="55.40" y="73.47" b="N"/>
<point x="49.23" y="77.83" b="N"/>
<point x="42.18" y="80.21" b="Y"/>
<point x="41.97" y="87.77" b="U"/>
<point x="45.22" y="94.87" b="N"/>
<point x="42.12" y="101.77" b="N"/>
<point x="42.18" y="109.12" b="Y"/>
<point x="42.12" y="116.89" b="N"/>
<point x="48.70" y="112.85" b="Y"/>
<point x="56.17" y="111.73" b="Y"/>
<point x="63.53" y="113.48" b="Y"/>
<point x="69.70" y="117.84" b="Y"/>
<point x="73.80" y="124.19" b="Y"/>
<point x="75.24" y="131.62" b="Y"/>
<point x="73.60" y="139.04" b="C"/>
<point x="69.50" y="145.39" b="C"/>
<point x="63.47" y="149.96" b="N"/>
<point x="56.12" y="151.71" b="N"/>
<point x="48.64" y="150.59" b="N"/>
<point x="41.97" y="146.55" b="C"/>
<point x="42.18" y="154.11" b="Y"/>
<point x="41.97" y="161.67" b="C"/>
<point x="42.18" y="169.23" b="A"/>
<point x="41.97" y="176.79" b="C"/>
<point x="42.18" y="184.35" b="Y"/>
<point x="49.16" y="182.02" b="R"/>
<point x="53.61" y="188.13" b="C"/>
<point x="49.37" y="194.25" b="Y"/>
<point x="41.97" y="191.91" b="R"/>
<point x="42.12" y="199.68" b="N"/>
<point x="46.68" y="205.39" b="R"/>
<point x="46.89" y="212.95" b="Y"/>
<point x="41.97" y="218.87" b="U"/>
<point x="41.97" y="226.43" b="U"/>
<point x="41.76" y="233.99" b="G"/>
<point x="42.18" y="241.55" b="A"/>
<point x="41.97" y="249.11" b="C"/>
<point x="41.97" y="256.67" b="U"/>
<point x="41.97" y="264.23" b="R"/>
<point x="41.76" y="271.79" b="G"/>
<point x="42.18" y="279.35" b="Y"/>
<point x="42.18" y="286.91" b="Y"/>
<point x="47.32" y="292.25" b="U"/>
<point x="54.88" y="292.25" b="U"/>
<point x="62.59" y="292.46" b="N"/>
<point x="70.15" y="292.46" b="N"/>
</structure>