<structure>
<point x="101.02" y="252.83" b="U"/>
<point x="100.81" y="245.27" b="G"/>
<point x="100.81" y="237.71" b="G"/>
<point x="101.02" y="230.15" b="C"/>
<point x="101.02" y="222.59" b="C"/>
<point x="93.49" y="221.84" b="R"/>
<point x="85.84" y="220.52" b="G"/>
<point x="78.73" y="218.63" b="U"/>
<point x="71.36" y="216.20" b="G"/>
<point x="64.82" y="213.23" b="A"/>
<point x="57.91" y="209.74" b="U"/>
<point x="51.28" y="205.75" b="G"/>
<point x="45.18" y="201.28" b="G"/>
<point x="39.85" y="196.37" b="A"/>
<point x="34.29" y="191.03" b="U"/>
<point x="29.15" y="185.30" b="G"/>
<point x="25.09" y="179.21" b="A"/>
<point x="21.08" y="172.80" b="A"/>
<point x="17.57" y="166.10" b="A"/>
<point x="14.38" y="159.16" b="C"/>
<point x="12.07" y="152.22" b="N"/>
<point x="10.02" y="144.69" b="U"/>
<point x="8.47" y="137.25" b="G"/>
<point x="8.11" y="129.73" b="A"/>
<point x="7.50" y="122.17" b="G"/>
<point x="8.09" y="114.62" b="U"/>
<point x="9.04" y="107.12" b="U"/>
<point x="10.34" y="99.72" b="G"/>
<point x="12.63" y="92.45" b="U"/>
<point x="15.25" y="85.36" b="R"/>
<point x="18.40" y="78.48" b="C"/>
<point x="22.27" y="71.87" b="A"/>
<point x="26.01" y="65.56" b="G"/>
<point x="31.05" y="59.58" b="A"/>
<point x="35.91" y="53.96" b="C"/>
<point x="41.59" y="48.75" b="A"/>
<point x="47.24" y="43.97" b="C"/>
<point x="53.45" y="39.65" b="U"/>
<point x="59.96" y="35.82" b="C"/>
<point x="66.95" y="32.48" b="Y"/>
<point x="73.92" y="29.89" b="N"/>
<point x="81.13" y="27.62" b="N"/>
<point x="88.50" y="25.91" b="N"/>
<point x="95.61" y="24.56" b="G"/>
<point x="103.51" y="24.19" b="N"/>
<point x="110.92" y="23.98" b="R"/>
<point x="118.66" y="24.56" b="A"/>
<point x="126.13" y="25.70" b="Y"/>
<point x="133.50" y="27.41" b="Y"/>
<point x="140.50" y="29.68" b="R"/>
<point x="147.73" y="32.48" b="A"/>
<point x="154.52" y="35.82" b="A"/>
<point x="160.82" y="39.65" b="U"/>
<point x="166.82" y="43.97" b="G"/>
<point x="173.09" y="48.75" b="A"/>
<point x="178.57" y="53.96" b="A"/>
<point x="183.22" y="59.58" b="G"/>
<point x="188.26" y="65.56" b="Y"/>
<point x="192.00" y="71.87" b="G"/>
<point x="195.87" y="78.48" b="C"/>
<point x="199.23" y="85.36" b="A"/>
<point x="201.80" y="92.66" b="N"/>
<point x="203.87" y="99.92" b="N"/>
<point x="205.03" y="107.12" b="G"/>
<point x="206.39" y="114.62" b="A"/>
<point x="206.71" y="122.38" b="N"/>
<point x="206.51" y="129.94" b="N"/>
<point x="205.74" y="137.46" b="N"/>
<point x="204.40" y="144.90" b="N"/>
<point x="202.50" y="152.22" b="N"/>
<point x="200.04" y="159.37" b="N"/>
<point x="197.06" y="166.31" b="N"/>
<point x="193.55" y="173.01" b="N"/>
<point x="189.39" y="179.21" b="U"/>
<point x="185.06" y="185.51" b="N"/>
<point x="179.77" y="191.03" b="G"/>
<point x="174.83" y="196.37" b="Y"/>
<point x="169.03" y="201.49" b="N"/>
<point x="162.93" y="205.96" b="N"/>
<point x="156.57" y="209.74" b="Y"/>
<point x="149.65" y="213.23" b="U"/>
<point x="142.70" y="216.20" b="C"/>
<point x="135.54" y="218.63" b="U"/>
<point x="128.01" y="220.52" b="G"/>
<point x="120.98" y="221.84" b="A"/>
<point x="113.05" y="222.59" b="G"/>
<point x="113.05" y="230.15" b="G"/>
<point x="113.26" y="237.71" b="C"/>
<point x="113.26" y="245.27" b="C"/>
<point x="113.46" y="252.83" b="A"/>
</structure>