<structure>
<point x="19.60" y="209.18" b="N"/>
<point x="27.02" y="208.97" b="U"/>
<point x="32.15" y="203.63" b="G"/>
<point x="32.36" y="196.07" b="C"/>
<point x="32.15" y="188.51" b="G"/>
<point x="25.41" y="186.08" b="A"/>
<point x="19.06" y="181.97" b="A"/>
<point x="13.72" y="176.42" b="U"/>
<point x="10.32" y="169.77" b="A"/>
<point x="8.25" y="162.45" b="U"/>
<point x="8.25" y="154.89" b="U"/>
<point x="10.12" y="147.56" b="C"/>
<point x="13.72" y="140.92" b="U"/>
<point x="18.86" y="135.37" b="C"/>
<point x="24.99" y="131.25" b="G"/>
<point x="32.36" y="128.83" b="C"/>
<point x="32.36" y="121.27" b="U"/>
<point x="32.15" y="113.71" b="G"/>
<point x="32.36" y="106.15" b="U"/>
<point x="32.57" y="98.59" b="Y"/>
<point x="32.36" y="91.03" b="C"/>
<point x="32.36" y="83.47" b="U"/>
<point x="32.15" y="75.91" b="G"/>
<point x="32.57" y="68.35" b="A"/>
<point x="32.36" y="60.79" b="U"/>
<point x="32.36" y="53.23" b="U"/>
<point x="27.47" y="47.46" b="U"/>
<point x="27.07" y="39.91" b="U"/>
<point x="31.32" y="33.65" b="R"/>
<point x="38.69" y="31.24" b="Y"/>
<point x="45.65" y="33.65" b="R"/>
<point x="49.89" y="39.91" b="R"/>
<point x="49.49" y="47.46" b="U"/>
<point x="44.60" y="53.23" b="R"/>
<point x="44.81" y="60.79" b="A"/>
<point x="44.60" y="68.35" b="U"/>
<point x="44.60" y="75.91" b="C"/>
<point x="44.81" y="83.47" b="A"/>
<point x="44.39" y="91.03" b="G"/>
<point x="44.39" y="98.59" b="G"/>
<point x="44.60" y="106.15" b="R"/>
<point x="44.60" y="113.71" b="C"/>
<point x="44.81" y="121.27" b="A"/>
<point x="44.39" y="128.83" b="G"/>
<point x="51.55" y="131.25" b="G"/>
<point x="58.10" y="135.37" b="C"/>
<point x="63.24" y="140.92" b="U"/>
<point x="67.05" y="147.56" b="A"/>
<point x="68.71" y="154.89" b="R"/>
<point x="68.91" y="162.45" b="A"/>
<point x="66.85" y="169.77" b="C"/>
<point x="63.44" y="176.42" b="A"/>
<point x="58.10" y="181.97" b="U"/>
<point x="51.76" y="186.08" b="U"/>
<point x="44.81" y="188.51" b="Y"/>
<point x="44.39" y="196.07" b="G"/>
<point x="44.60" y="203.63" b="C"/>
<point x="49.95" y="208.97" b="U"/>
<point x="57.71" y="208.97" b="A"/>
<point x="65.07" y="208.97" b="U"/>
<point x="72.83" y="208.97" b="A"/>
<point x="80.19" y="208.97" b="U"/>
<point x="87.75" y="208.97" b="U"/>
<point x="95.51" y="208.97" b="A"/>
<point x="103.07" y="208.97" b="A"/>
<point x="110.43" y="208.97" b="R"/>
<point x="115.98" y="203.63" b="A"/>
<point x="115.77" y="196.07" b="C"/>
<point x="115.77" y="188.51" b="C"/>
<point x="115.98" y="180.95" b="A"/>
<point x="109.22" y="177.17" b="U"/>
<point x="115.56" y="173.39" b="G"/>
<point x="115.77" y="165.83" b="C"/>
<point x="108.98" y="162.96" b="A"/>
<point x="102.92" y="158.19" b="U"/>
<point x="98.49" y="151.91" b="G"/>
<point x="96.50" y="144.68" b="U"/>
<point x="96.29" y="137.12" b="G"/>
<point x="98.70" y="129.88" b="U"/>
<point x="102.92" y="123.61" b="C"/>
<point x="108.78" y="118.83" b="C"/>
<point x="115.77" y="115.97" b="C"/>
<point x="115.77" y="108.41" b="C"/>
<point x="115.98" y="100.85" b="A"/>
<point x="115.56" y="93.29" b="G"/>
<point x="115.77" y="85.73" b="R"/>
<point x="115.92" y="78.37" b="N"/>
<point x="115.98" y="70.61" b="Y"/>
<point x="115.77" y="63.05" b="U"/>
<point x="115.98" y="55.49" b="A"/>
<point x="115.56" y="47.93" b="G"/>
<point x="110.42" y="42.59" b="U"/>
<point x="108.94" y="35.17" b="U"/>
<point x="111.83" y="28.19" b="C"/>
<point x="118.11" y="23.98" b="U"/>
<point x="125.67" y="23.98" b="U"/>
<point x="131.96" y="28.19" b="U"/>
<point x="135.05" y="35.17" b="Y"/>
<point x="133.36" y="42.59" b="C"/>
<point x="128.01" y="47.93" b="C"/>
<point x="128.01" y="55.49" b="U"/>
<point x="128.22" y="63.05" b="A"/>
<point x="127.80" y="70.61" b="G"/>
<point x="128.16" y="78.37" b="N"/>
<point x="128.01" y="85.73" b="U"/>
<point x="128.01" y="93.29" b="C"/>
<point x="128.01" y="100.85" b="U"/>
<point x="127.80" y="108.41" b="G"/>
<point x="127.80" y="115.97" b="G"/>
<point x="135.56" y="116.39" b="U"/>
<point x="142.64" y="119.04" b="U"/>
<point x="148.60" y="123.69" b="U"/>
<point x="152.91" y="129.90" b="U"/>
<point x="155.16" y="137.12" b="R"/>
<point x="155.16" y="144.68" b="U"/>
<point x="153.12" y="151.89" b="A"/>
<point x="148.81" y="158.11" b="A"/>
<point x="142.84" y="162.75" b="A"/>
<point x="135.56" y="165.41" b="U"/>
<point x="127.80" y="165.83" b="G"/>
<point x="128.01" y="173.39" b="C"/>
<point x="128.01" y="180.95" b="U"/>
<point x="127.80" y="188.51" b="G"/>
<point x="127.80" y="196.07" b="G"/>
<point x="128.01" y="203.63" b="U"/>
<point x="133.15" y="208.97" b="G"/>
<point x="141.12" y="208.97" b="A"/>
<point x="148.68" y="208.97" b="Y"/>
<point x="156.24" y="208.97" b="A"/>
<point x="163.80" y="208.97" b="A"/>
<point x="171.36" y="208.97" b="A"/>
<point x="178.92" y="208.97" b="Y"/>
</structure>