<structure>
<point x="126.48" y="159.05" b="A"/>
<point x="133.84" y="159.05" b="U"/>
<point x="139.18" y="153.70" b="U"/>
<point x="139.18" y="146.14" b="C"/>
<point x="139.18" y="138.58" b="C"/>
<point x="139.18" y="131.02" b="C"/>
<point x="138.97" y="123.68" b="N"/>
<point x="145.30" y="119.59" b="C"/>
<point x="151.79" y="123.47" b="C"/>
<point x="151.21" y="131.02" b="G"/>
<point x="151.42" y="138.58" b="R"/>
<point x="151.57" y="146.35" b="N"/>
<point x="151.63" y="153.70" b="A"/>
<point x="156.92" y="159.26" b="N"/>
<point x="164.48" y="159.26" b="N"/>
<point x="169.68" y="153.70" b="U"/>
<point x="169.68" y="146.14" b="R"/>
<point x="169.68" y="138.58" b="C"/>
<point x="169.47" y="131.02" b="G"/>
<point x="169.47" y="123.46" b="G"/>
<point x="163.41" y="118.93" b="G"/>
<point x="156.16" y="121.06" b="G"/>
<point x="149.32" y="123.19" b="Y"/>
<point x="141.86" y="125.33" b="U"/>
<point x="134.76" y="127.66" b="N"/>
<point x="129.07" y="132.37" b="A"/>
<point x="121.17" y="131.34" b="G"/>
<point x="114.12" y="133.47" b="U"/>
<point x="106.66" y="135.60" b="G"/>
<point x="102.52" y="141.78" b="C"/>
<point x="95.26" y="143.91" b="C"/>
<point x="88.26" y="141.07" b="C"/>
<point x="81.01" y="143.20" b="U"/>
<point x="73.75" y="145.33" b="U"/>
<point x="66.65" y="147.67" b="N"/>
<point x="59.25" y="149.59" b="U"/>
<point x="51.99" y="151.72" b="C"/>
<point x="44.53" y="153.85" b="G"/>
<point x="37.28" y="155.98" b="G"/>
<point x="30.23" y="158.11" b="U"/>
<point x="26.08" y="164.43" b="U"/>
<point x="19.10" y="167.15" b="N"/>
<point x="11.75" y="164.63" b="C"/>
<point x="7.56" y="158.64" b="N"/>
<point x="7.50" y="150.88" b="G"/>
<point x="12.72" y="145.04" b="Y"/>
<point x="19.87" y="143.30" b="C"/>
<point x="26.57" y="146.37" b="G"/>
<point x="34.19" y="144.44" b="N"/>
<point x="41.29" y="142.11" b="U"/>
<point x="48.69" y="140.18" b="N"/>
<point x="56.00" y="137.84" b="A"/>
<point x="63.05" y="135.72" b="R"/>
<point x="70.46" y="133.79" b="N"/>
<point x="77.77" y="131.45" b="A"/>
<point x="84.60" y="129.32" b="G"/>
<point x="89.31" y="123.35" b="N"/>
<point x="96.42" y="121.01" b="C"/>
<point x="103.42" y="123.86" b="C"/>
<point x="110.46" y="121.73" b="G"/>
<point x="118.08" y="119.81" b="N"/>
<point x="123.82" y="114.89" b="N"/>
<point x="131.16" y="115.71" b="C"/>
<point x="138.56" y="113.79" b="N"/>
<point x="145.82" y="111.66" b="N"/>
<point x="152.92" y="109.32" b="C"/>
<point x="160.17" y="107.19" b="C"/>
<point x="163.02" y="100.11" b="A"/>
<point x="168.25" y="95.07" b="G"/>
<point x="167.96" y="87.75" b="N"/>
<point x="167.16" y="80.01" b="C"/>
<point x="162.17" y="74.52" b="A"/>
<point x="161.11" y="66.99" b="G"/>
<point x="165.29" y="60.69" b="G"/>
<point x="164.64" y="53.16" b="G"/>
<point x="164.21" y="45.62" b="C"/>
<point x="163.56" y="38.09" b="C"/>
<point x="160.56" y="31.06" b="G"/>
<point x="164.90" y="24.84" b="N"/>
<point x="172.07" y="23.98" b="G"/>
<point x="177.45" y="29.85" b="N"/>
<point x="175.54" y="37.04" b="G"/>
<point x="176.19" y="44.57" b="G"/>
<point x="177.05" y="52.11" b="C"/>
<point x="177.84" y="59.85" b="N"/>
<point x="182.68" y="65.13" b="G"/>
<point x="183.74" y="72.66" b="A"/>
<point x="179.15" y="78.96" b="G"/>
<point x="179.79" y="86.49" b="G"/>
<point x="180.65" y="94.03" b="C"/>
<point x="187.07" y="98.02" b="C"/>
<point x="191.09" y="104.55" b="A"/>
<point x="191.00" y="112.10" b="G"/>
<point x="187.76" y="118.93" b="G"/>
<point x="181.91" y="123.46" b="C"/>
<point x="181.91" y="131.02" b="C"/>
<point x="181.71" y="138.58" b="G"/>
<point x="181.91" y="146.14" b="C"/>
<point x="182.12" y="153.70" b="A"/>
<point x="192.40" y="164.40" b="G"/>
<point x="200.17" y="164.40" b="C"/>
<point x="207.73" y="164.40" b="C"/>
<point x="203.95" y="157.85" b="C"/>
<point x="207.88" y="151.51" b="N"/>
<point x="215.08" y="151.30" b="G"/>
<point x="218.86" y="157.85" b="G"/>
<point x="215.49" y="164.40" b="A"/>
<point x="222.64" y="164.40" b="G"/>
<point x="230.41" y="164.40" b="C"/>
<point x="237.30" y="161.30" b="C"/>
<point x="243.99" y="164.40" b="G"/>
<point x="251.76" y="164.40" b="C"/>
<point x="258.15" y="160.34" b="N"/>
<point x="265.50" y="161.07" b="C"/>
<point x="270.51" y="166.74" b="C"/>
<point x="270.71" y="174.30" b="A"/>
<point x="265.50" y="179.96" b="C"/>
<point x="258.00" y="180.90" b="C"/>
<point x="251.55" y="176.64" b="G"/>
<point x="244.20" y="176.64" b="C"/>
<point x="237.51" y="179.74" b="A"/>
<point x="230.20" y="176.64" b="G"/>
<point x="222.85" y="176.64" b="C"/>
<point x="215.49" y="176.64" b="Y"/>
<point x="207.52" y="176.64" b="G"/>
<point x="199.96" y="176.64" b="G"/>
<point x="192.81" y="176.64" b="Y"/>
</structure>