<structure>
<point x="19.45" y="23.98" b="U"/>
<point x="26.80" y="23.98" b="G"/>
<point x="34.78" y="23.98" b="Y"/>
<point x="42.28" y="24.19" b="N"/>
<point x="49.84" y="24.19" b="N"/>
<point x="57.26" y="23.98" b="U"/>
<point x="64.61" y="23.98" b="G"/>
<point x="72.58" y="23.98" b="A"/>
<point x="79.94" y="23.98" b="U"/>
<point x="87.28" y="23.98" b="G"/>
<point x="95.26" y="23.98" b="A"/>
<point x="102.77" y="24.19" b="N"/>
<point x="110.38" y="23.98" b="A"/>
<point x="117.94" y="23.98" b="Y"/>
<point x="125.50" y="23.98" b="Y"/>
<point x="133.00" y="24.19" b="N"/>
<point x="140.56" y="24.19" b="N"/>
<point x="148.12" y="24.19" b="N"/>
<point x="155.53" y="23.98" b="R"/>
<point x="163.30" y="23.98" b="A"/>
<point x="170.66" y="23.98" b="U"/>
<point x="178.42" y="23.98" b="A"/>
<point x="185.56" y="23.98" b="G"/>
<point x="193.12" y="23.98" b="G"/>
<point x="201.10" y="23.98" b="A"/>
<point x="208.66" y="23.98" b="A"/>
<point x="215.81" y="23.98" b="G"/>
<point x="223.57" y="23.98" b="U"/>
<point x="230.93" y="23.98" b="G"/>
<point x="238.69" y="23.98" b="C"/>
<point x="246.25" y="23.98" b="C"/>
<point x="253.60" y="23.98" b="G"/>
<point x="261.38" y="23.98" b="U"/>
<point x="268.94" y="23.98" b="C"/>
<point x="276.70" y="23.98" b="A"/>
<point x="283.85" y="23.98" b="G"/>
<point x="291.82" y="23.98" b="A"/>
<point x="299.32" y="24.19" b="N"/>
<point x="306.52" y="23.98" b="G"/>
<point x="314.30" y="23.98" b="C"/>
<point x="321.64" y="23.98" b="G"/>
<point x="329.62" y="23.98" b="A"/>
<point x="337.18" y="23.98" b="Y"/>
<point x="344.74" y="23.98" b="A"/>
<point x="352.30" y="23.98" b="A"/>
<point x="359.65" y="23.98" b="C"/>
<point x="367.21" y="23.98" b="U"/>
<point x="374.56" y="23.98" b="G"/>
<point x="382.54" y="23.98" b="A"/>
<point x="389.89" y="23.98" b="C"/>
<point x="397.25" y="23.98" b="G"/>
<point x="405.22" y="23.98" b="A"/>
<point x="412.78" y="23.98" b="Y"/>
<point x="420.13" y="23.98" b="R"/>
<point x="427.84" y="24.19" b="N"/>
<point x="435.46" y="23.98" b="Y"/>
<point x="443.02" y="23.98" b="Y"/>
<point x="450.52" y="24.19" b="N"/>
<point x="458.08" y="24.19" b="N"/>
<point x="465.64" y="24.19" b="N"/>
<point x="473.20" y="24.19" b="N"/>
<point x="480.82" y="23.98" b="Y"/>
<point x="488.38" y="23.98" b="Y"/>
<point x="495.74" y="23.98" b="R"/>
<point x="503.44" y="24.19" b="N"/>
<point x="510.86" y="23.98" b="C"/>
<point x="518.41" y="23.98" b="U"/>
<point x="525.76" y="23.98" b="G"/>
<point x="533.74" y="23.98" b="A"/>
<point x="541.30" y="23.98" b="Y"/>
<point x="548.86" y="23.98" b="Y"/>
</structure>