<structure>
<point x="83.09" y="256.17" b="N"/>
<point x="90.65" y="256.17" b="N"/>
<point x="95.99" y="250.83" b="N"/>
<point x="95.99" y="243.27" b="N"/>
<point x="95.99" y="235.71" b="N"/>
<point x="95.63" y="227.94" b="G"/>
<point x="95.63" y="220.38" b="G"/>
<point x="95.84" y="212.82" b="C"/>
<point x="88.48" y="212.24" b="N"/>
<point x="80.68" y="210.64" b="G"/>
<point x="73.60" y="208.66" b="U"/>
<point x="66.27" y="206.11" b="G"/>
<point x="59.80" y="203.00" b="A"/>
<point x="52.97" y="199.35" b="U"/>
<point x="46.46" y="195.18" b="G"/>
<point x="40.86" y="190.72" b="N"/>
<point x="35.30" y="185.61" b="N"/>
<point x="30.22" y="179.85" b="Y"/>
<point x="25.55" y="173.91" b="A"/>
<point x="21.30" y="167.82" b="N"/>
<point x="17.63" y="161.21" b="N"/>
<point x="14.35" y="154.13" b="R"/>
<point x="11.98" y="147.02" b="A"/>
<point x="9.93" y="139.93" b="N"/>
<point x="8.52" y="132.50" b="N"/>
<point x="7.76" y="124.78" b="A"/>
<point x="7.50" y="117.43" b="N"/>
<point x="7.90" y="109.88" b="N"/>
<point x="8.89" y="102.39" b="N"/>
<point x="10.54" y="94.79" b="A"/>
<point x="12.51" y="87.55" b="U"/>
<point x="15.26" y="80.51" b="U"/>
<point x="18.56" y="73.71" b="U"/>
<point x="22.39" y="67.19" b="U"/>
<point x="26.89" y="61.21" b="N"/>
<point x="31.56" y="55.18" b="U"/>
<point x="36.62" y="49.76" b="G"/>
<point x="42.72" y="44.78" b="A"/>
<point x="48.37" y="40.27" b="G"/>
<point x="55.14" y="36.46" b="N"/>
<point x="61.70" y="32.77" b="R"/>
<point x="68.87" y="29.83" b="A"/>
<point x="75.84" y="27.45" b="U"/>
<point x="83.33" y="25.86" b="N"/>
<point x="90.65" y="24.45" b="C"/>
<point x="98.33" y="24.06" b="N"/>
<point x="105.89" y="24.06" b="N"/>
<point x="113.43" y="24.66" b="N"/>
<point x="120.89" y="25.86" b="N"/>
<point x="128.24" y="27.66" b="N"/>
<point x="135.41" y="30.04" b="N"/>
<point x="142.38" y="32.98" b="N"/>
<point x="149.14" y="36.26" b="Y"/>
<point x="155.34" y="40.27" b="C"/>
<point x="161.41" y="44.78" b="U"/>
<point x="166.89" y="49.76" b="G"/>
<point x="172.58" y="55.18" b="A"/>
<point x="177.19" y="61.00" b="U"/>
<point x="181.53" y="67.19" b="U"/>
<point x="185.52" y="73.91" b="N"/>
<point x="188.88" y="80.51" b="A"/>
<point x="191.57" y="87.76" b="N"/>
<point x="193.80" y="94.79" b="A"/>
<point x="195.19" y="102.18" b="R"/>
<point x="196.39" y="109.67" b="A"/>
<point x="196.78" y="117.22" b="A"/>
<point x="196.58" y="124.78" b="A"/>
<point x="195.56" y="132.30" b="C"/>
<point x="194.15" y="139.72" b="C"/>
<point x="192.36" y="147.02" b="A"/>
<point x="189.79" y="154.13" b="A"/>
<point x="186.45" y="161.01" b="U"/>
<point x="182.57" y="167.62" b="G"/>
<point x="178.38" y="173.91" b="G"/>
<point x="174.12" y="179.85" b="A"/>
<point x="168.78" y="185.40" b="U"/>
<point x="163.22" y="190.52" b="C"/>
<point x="157.26" y="195.18" b="C"/>
<point x="150.96" y="199.35" b="U"/>
<point x="144.34" y="203.00" b="U"/>
<point x="137.45" y="206.11" b="C"/>
<point x="130.33" y="208.66" b="U"/>
<point x="122.82" y="210.64" b="G"/>
<point x="115.81" y="212.03" b="A"/>
<point x="107.87" y="212.82" b="G"/>
<point x="108.08" y="220.38" b="C"/>
<point x="108.08" y="227.94" b="C"/>
<point x="108.23" y="235.71" b="N"/>
<point x="108.23" y="243.27" b="N"/>
<point x="108.23" y="250.83" b="N"/>
<point x="113.58" y="256.17" b="N"/>
</structure>