<structure>
<point x="19.25" y="190.47" b="G"/>
<point x="27.22" y="190.47" b="A"/>
<point x="34.37" y="190.47" b="G"/>
<point x="42.13" y="190.47" b="C"/>
<point x="49.90" y="190.47" b="A"/>
<point x="57.46" y="190.47" b="A"/>
<point x="64.81" y="190.47" b="R"/>
<point x="72.17" y="190.47" b="G"/>
<point x="77.72" y="185.12" b="R"/>
<point x="77.93" y="177.56" b="Y"/>
<point x="77.51" y="170.00" b="G"/>
<point x="77.72" y="162.44" b="U"/>
<point x="77.72" y="154.88" b="C"/>
<point x="72.16" y="150.13" b="N"/>
<point x="69.81" y="142.95" b="N"/>
<point x="71.48" y="135.57" b="N"/>
<point x="76.70" y="130.10" b="N"/>
<point x="84.05" y="127.88" b="A"/>
<point x="91.33" y="129.90" b="A"/>
<point x="96.55" y="135.37" b="A"/>
<point x="98.22" y="142.74" b="A"/>
<point x="95.67" y="149.92" b="U"/>
<point x="89.75" y="154.88" b="G"/>
<point x="89.96" y="162.44" b="R"/>
<point x="89.96" y="170.00" b="C"/>
<point x="89.96" y="177.56" b="R"/>
<point x="90.11" y="185.33" b="N"/>
<point x="95.31" y="190.47" b="R"/>
<point x="103.07" y="190.47" b="A"/>
<point x="110.58" y="190.68" b="N"/>
<point x="115.77" y="185.12" b="U"/>
<point x="115.77" y="177.56" b="U"/>
<point x="115.56" y="170.00" b="G"/>
<point x="115.77" y="162.44" b="C"/>
<point x="115.92" y="155.09" b="N"/>
<point x="110.07" y="149.92" b="U"/>
<point x="107.71" y="142.74" b="U"/>
<point x="109.18" y="135.37" b="G"/>
<point x="114.81" y="129.90" b="A"/>
<point x="122.10" y="127.88" b="A"/>
<point x="128.97" y="129.90" b="G"/>
<point x="134.19" y="135.37" b="G"/>
<point x="136.07" y="142.74" b="U"/>
<point x="133.72" y="149.92" b="U"/>
<point x="127.80" y="154.88" b="G"/>
<point x="127.80" y="162.44" b="G"/>
<point x="128.01" y="170.00" b="C"/>
<point x="128.01" y="177.56" b="R"/>
<point x="128.22" y="185.12" b="A"/>
<point x="133.56" y="190.47" b="Y"/>
<point x="141.12" y="190.47" b="A"/>
<point x="148.68" y="190.47" b="A"/>
<point x="156.04" y="190.47" b="C"/>
<point x="163.60" y="190.47" b="R"/>
<point x="171.36" y="190.47" b="A"/>
<point x="178.87" y="190.68" b="N"/>
<point x="186.43" y="190.68" b="N"/>
<point x="194.04" y="190.47" b="A"/>
<point x="198.97" y="185.12" b="G"/>
<point x="199.18" y="177.56" b="C"/>
<point x="199.18" y="170.00" b="R"/>
<point x="199.39" y="162.44" b="A"/>
<point x="199.18" y="154.88" b="U"/>
<point x="199.18" y="147.32" b="U"/>
<point x="192.47" y="143.84" b="C"/>
<point x="187.45" y="138.19" b="U"/>
<point x="184.76" y="131.13" b="C"/>
<point x="184.76" y="123.57" b="C"/>
<point x="187.24" y="116.50" b="G"/>
<point x="192.47" y="110.86" b="U"/>
<point x="198.97" y="107.37" b="G"/>
<point x="199.18" y="99.81" b="C"/>
<point x="199.18" y="92.25" b="C"/>
<point x="191.94" y="90.10" b="U"/>
<point x="185.33" y="86.43" b="R"/>
<point x="179.68" y="81.40" b="U"/>
<point x="175.26" y="75.27" b="C"/>
<point x="172.49" y="68.32" b="A"/>
<point x="171.10" y="60.89" b="A"/>
<point x="171.15" y="53.33" b="R"/>
<point x="173.05" y="46.02" b="U"/>
<point x="176.70" y="39.29" b="Y"/>
<point x="181.32" y="33.47" b="U"/>
<point x="187.51" y="28.84" b="Y"/>
<point x="194.35" y="25.63" b="Y"/>
<point x="201.73" y="23.98" b="Y"/>
<point x="209.23" y="24.19" b="N"/>
<point x="216.61" y="25.84" b="N"/>
<point x="223.31" y="28.84" b="U"/>
<point x="229.49" y="33.47" b="Y"/>
<point x="234.32" y="39.29" b="Y"/>
<point x="237.76" y="46.02" b="Y"/>
<point x="239.61" y="53.54" b="N"/>
<point x="239.87" y="61.10" b="N"/>
<point x="238.47" y="68.53" b="N"/>
<point x="235.55" y="75.27" b="Y"/>
<point x="231.08" y="81.61" b="N"/>
<point x="225.28" y="86.43" b="R"/>
<point x="218.88" y="90.10" b="Y"/>
<point x="211.21" y="92.25" b="G"/>
<point x="211.21" y="99.81" b="G"/>
<point x="211.42" y="107.37" b="C"/>
<point x="218.97" y="107.83" b="C"/>
<point x="225.82" y="111.03" b="U"/>
<point x="231.00" y="116.54" b="C"/>
<point x="233.57" y="123.57" b="G"/>
<point x="233.99" y="131.13" b="A"/>
<point x="231.20" y="138.16" b="A"/>
<point x="225.82" y="143.66" b="C"/>
<point x="219.18" y="146.87" b="A"/>
<point x="211.63" y="147.32" b="A"/>
<point x="211.21" y="154.88" b="G"/>
<point x="211.42" y="162.44" b="U"/>
<point x="211.63" y="170.00" b="Y"/>
<point x="211.21" y="177.56" b="G"/>
<point x="211.42" y="185.12" b="C"/>
<point x="216.77" y="190.47" b="U"/>
<point x="224.54" y="190.47" b="A"/>
<point x="231.89" y="190.47" b="C"/>
<point x="239.66" y="190.47" b="A"/>
<point x="247.01" y="190.47" b="U"/>
<point x="254.78" y="190.47" b="Y"/>
</structure>