<structure>
<point x="19.66" y="150.22" b="A"/>
<point x="27.22" y="150.22" b="A"/>
<point x="34.58" y="150.22" b="U"/>
<point x="41.92" y="150.22" b="G"/>
<point x="49.70" y="150.22" b="C"/>
<point x="57.05" y="150.22" b="G"/>
<point x="62.60" y="144.88" b="C"/>
<point x="62.60" y="137.32" b="C"/>
<point x="59.65" y="130.63" b="N"/>
<point x="62.39" y="123.53" b="G"/>
<point x="57.90" y="117.61" b="C"/>
<point x="58.10" y="110.05" b="A"/>
<point x="62.75" y="104.34" b="N"/>
<point x="62.60" y="96.57" b="C"/>
<point x="62.60" y="89.01" b="U"/>
<point x="62.60" y="81.45" b="C"/>
<point x="62.39" y="73.89" b="G"/>
<point x="62.60" y="66.33" b="C"/>
<point x="62.39" y="58.77" b="G"/>
<point x="62.60" y="51.21" b="C"/>
<point x="60.43" y="43.97" b="U"/>
<point x="64.94" y="37.91" b="C"/>
<point x="72.50" y="37.91" b="C"/>
<point x="77.01" y="43.97" b="C"/>
<point x="74.63" y="51.21" b="G"/>
<point x="74.84" y="58.77" b="C"/>
<point x="74.63" y="66.33" b="G"/>
<point x="74.84" y="73.89" b="C"/>
<point x="78.93" y="67.53" b="C"/>
<point x="85.59" y="64.39" b="G"/>
<point x="93.49" y="65.47" b="A"/>
<point x="99.00" y="70.42" b="U"/>
<point x="101.13" y="77.67" b="C"/>
<point x="99.21" y="84.93" b="Y"/>
<point x="93.29" y="89.88" b="C"/>
<point x="85.59" y="90.95" b="G"/>
<point x="78.72" y="87.81" b="G"/>
<point x="74.63" y="81.45" b="G"/>
<point x="75.05" y="89.01" b="A"/>
<point x="74.63" y="96.57" b="G"/>
<point x="74.84" y="104.13" b="C"/>
<point x="79.34" y="110.05" b="G"/>
<point x="79.55" y="117.61" b="U"/>
<point x="74.84" y="123.53" b="C"/>
<point x="77.94" y="130.42" b="C"/>
<point x="74.99" y="137.52" b="N"/>
<point x="74.63" y="144.88" b="G"/>
<point x="79.98" y="150.22" b="G"/>
<point x="85.53" y="144.88" b="C"/>
<point x="85.74" y="137.32" b="Y"/>
<point x="78.78" y="133.54" b="G"/>
<point x="85.53" y="129.76" b="C"/>
<point x="85.53" y="122.20" b="C"/>
<point x="85.32" y="114.64" b="G"/>
<point x="85.53" y="107.08" b="U"/>
<point x="85.32" y="99.52" b="G"/>
<point x="85.53" y="91.96" b="C"/>
<point x="85.32" y="84.40" b="G"/>
<point x="85.53" y="76.84" b="C"/>
<point x="85.32" y="69.28" b="G"/>
<point x="82.64" y="62.38" b="A"/>
<point x="85.32" y="55.49" b="G"/>
<point x="85.53" y="47.93" b="C"/>
<point x="79.97" y="42.59" b="G"/>
<point x="78.90" y="35.17" b="A"/>
<point x="81.38" y="28.19" b="G"/>
<point x="87.66" y="23.98" b="G"/>
<point x="95.22" y="23.98" b="G"/>
<point x="101.87" y="28.39" b="N"/>
<point x="104.40" y="35.17" b="G"/>
<point x="103.12" y="42.59" b="R"/>
<point x="97.56" y="47.93" b="G"/>
<point x="97.92" y="55.69" b="N"/>
<point x="100.66" y="62.38" b="G"/>
<point x="97.77" y="69.28" b="C"/>
<point x="97.56" y="76.84" b="G"/>
<point x="97.77" y="84.40" b="C"/>
<point x="97.56" y="91.96" b="G"/>
<point x="97.77" y="99.52" b="C"/>
<point x="97.56" y="107.08" b="G"/>
<point x="97.77" y="114.64" b="C"/>
<point x="97.92" y="122.40" b="N"/>
<point x="97.92" y="129.96" b="N"/>
<point x="97.56" y="137.32" b="G"/>
<point x="97.92" y="145.08" b="N"/>
<point x="102.91" y="150.22" b="G"/>
<point x="108.25" y="144.88" b="G"/>
<point x="105.15" y="137.98" b="G"/>
<point x="108.25" y="131.09" b="G"/>
<point x="108.46" y="123.53" b="C"/>
<point x="108.25" y="115.97" b="G"/>
<point x="108.67" y="108.41" b="Y"/>
<point x="108.25" y="100.85" b="G"/>
<point x="108.46" y="93.29" b="C"/>
<point x="108.46" y="85.73" b="U"/>
<point x="108.46" y="78.17" b="C"/>
<point x="108.61" y="70.81" b="N"/>
<point x="108.46" y="63.05" b="U"/>
<point x="106.08" y="55.80" b="G"/>
<point x="110.80" y="49.74" b="R"/>
<point x="118.36" y="49.74" b="R"/>
<point x="122.88" y="55.80" b="U"/>
<point x="120.49" y="63.05" b="G"/>
<point x="120.70" y="70.61" b="C"/>
<point x="120.49" y="78.17" b="G"/>
<point x="120.49" y="85.73" b="G"/>
<point x="120.49" y="93.29" b="G"/>
<point x="127.25" y="97.07" b="C"/>
<point x="120.70" y="100.85" b="C"/>
<point x="120.49" y="108.41" b="G"/>
<point x="120.70" y="115.97" b="C"/>
<point x="120.49" y="123.53" b="G"/>
<point x="120.70" y="131.09" b="C"/>
<point x="123.59" y="137.98" b="G"/>
<point x="120.70" y="144.88" b="C"/>
<point x="126.05" y="150.22" b="U"/>
<point x="131.40" y="144.88" b="C"/>
<point x="131.19" y="137.32" b="G"/>
<point x="131.19" y="129.76" b="G"/>
<point x="131.40" y="122.20" b="U"/>
<point x="131.19" y="114.64" b="G"/>
<point x="131.19" y="107.08" b="G"/>
<point x="131.40" y="99.52" b="C"/>
<point x="131.19" y="91.96" b="G"/>
<point x="131.40" y="84.40" b="C"/>
<point x="131.19" y="76.84" b="G"/>
<point x="131.40" y="69.28" b="C"/>
<point x="131.60" y="61.72" b="A"/>
<point x="131.40" y="54.16" b="U"/>
<point x="131.19" y="46.60" b="G"/>
<point x="129.22" y="39.36" b="U"/>
<point x="133.53" y="33.29" b="G"/>
<point x="141.50" y="33.29" b="Y"/>
<point x="145.81" y="39.36" b="R"/>
<point x="143.63" y="46.60" b="U"/>
<point x="143.43" y="54.16" b="G"/>
<point x="143.63" y="61.72" b="U"/>
<point x="143.43" y="69.28" b="G"/>
<point x="143.63" y="76.84" b="U"/>
<point x="143.43" y="84.40" b="G"/>
<point x="143.63" y="91.96" b="C"/>
<point x="150.99" y="91.96" b="G"/>
<point x="150.99" y="99.52" b="G"/>
<point x="143.43" y="99.52" b="G"/>
<point x="143.63" y="107.08" b="C"/>
<point x="143.63" y="114.64" b="U"/>
<point x="143.43" y="122.20" b="G"/>
<point x="143.63" y="129.76" b="C"/>
<point x="143.63" y="137.32" b="C"/>
<point x="143.43" y="144.88" b="G"/>
<point x="148.77" y="150.22" b="G"/>
<point x="156.33" y="150.22" b="G"/>
<point x="161.89" y="144.88" b="C"/>
<point x="161.89" y="137.32" b="U"/>
<point x="161.89" y="129.76" b="R"/>
<point x="161.89" y="122.20" b="C"/>
<point x="161.89" y="114.64" b="C"/>
<point x="161.89" y="107.08" b="C"/>
<point x="161.89" y="99.52" b="C"/>
<point x="155.88" y="94.66" b="G"/>
<point x="153.71" y="87.56" b="A"/>
<point x="154.63" y="80.12" b="G"/>
<point x="149.99" y="74.32" b="C"/>
<point x="145.14" y="68.52" b="C"/>
<point x="140.07" y="62.72" b="G"/>
<point x="135.22" y="56.93" b="G"/>
<point x="130.58" y="51.13" b="C"/>
<point x="123.43" y="48.13" b="G"/>
<point x="120.85" y="41.03" b="G"/>
<point x="124.61" y="34.48" b="N"/>
<point x="131.49" y="32.12" b="G"/>
<point x="138.45" y="35.91" b="A"/>
<point x="139.76" y="43.27" b="G"/>
<point x="144.82" y="49.07" b="C"/>
<point x="149.67" y="54.87" b="C"/>
<point x="154.31" y="60.67" b="G"/>
<point x="159.16" y="66.46" b="G"/>
<point x="164.23" y="72.26" b="U"/>
<point x="171.79" y="72.26" b="C"/>
<point x="178.33" y="76.05" b="C"/>
<point x="185.22" y="73.47" b="G"/>
<point x="192.54" y="70.89" b="C"/>
<point x="199.64" y="68.31" b="U"/>
<point x="206.75" y="65.73" b="C"/>
<point x="213.85" y="63.15" b="C"/>
<point x="219.48" y="57.88" b="A"/>
<point x="226.61" y="58.44" b="G"/>
<point x="232.03" y="53.17" b="G"/>
<point x="239.78" y="53.73" b="U"/>
<point x="246.68" y="51.15" b="G"/>
<point x="251.86" y="45.65" b="G"/>
<point x="259.63" y="45.65" b="C"/>
<point x="264.97" y="51.36" b="N"/>
<point x="264.16" y="58.70" b="G"/>
<point x="258.36" y="63.55" b="G"/>
<point x="251.27" y="62.66" b="Y"/>
<point x="243.75" y="65.24" b="G"/>
<point x="238.32" y="70.50" b="G"/>
<point x="231.00" y="69.95" b="C"/>
<point x="225.72" y="75.42" b="N"/>
<point x="217.82" y="74.65" b="G"/>
<point x="210.72" y="77.23" b="G"/>
<point x="204.03" y="79.82" b="A"/>
<point x="196.51" y="82.40" b="G"/>
<point x="189.61" y="84.98" b="C"/>
<point x="182.29" y="87.56" b="G"/>
<point x="180.13" y="94.66" b="A"/>
<point x="173.92" y="99.52" b="G"/>
<point x="173.92" y="107.08" b="G"/>
<point x="180.67" y="110.86" b="U"/>
<point x="173.92" y="114.64" b="G"/>
<point x="180.24" y="109.92" b="A"/>
<point x="187.20" y="111.61" b="G"/>
<point x="190.48" y="118.42" b="G"/>
<point x="187.41" y="125.23" b="C"/>
<point x="180.04" y="126.91" b="U"/>
<point x="173.92" y="122.20" b="G"/>
<point x="174.13" y="129.76" b="C"/>
<point x="173.92" y="137.32" b="G"/>
<point x="173.92" y="144.88" b="G"/>
<point x="179.26" y="150.22" b="G"/>
</structure>