<structure>
<point x="25.72" y="200.08" b="A"/>
<point x="33.08" y="200.08" b="C"/>
<point x="38.42" y="194.74" b="C"/>
<point x="38.42" y="187.18" b="C"/>
<point x="38.42" y="179.62" b="U"/>
<point x="38.42" y="172.06" b="C"/>
<point x="38.42" y="164.50" b="C"/>
<point x="31.03" y="165.20" b="N"/>
<point x="23.31" y="163.25" b="G"/>
<point x="17.15" y="159.64" b="N"/>
<point x="11.88" y="153.86" b="U"/>
<point x="8.62" y="147.04" b="C"/>
<point x="7.50" y="139.57" b="C"/>
<point x="8.62" y="132.09" b="C"/>
<point x="11.88" y="125.27" b="U"/>
<point x="17.00" y="119.71" b="U"/>
<point x="23.52" y="115.89" b="U"/>
<point x="30.88" y="114.14" b="C"/>
<point x="38.42" y="114.64" b="C"/>
<point x="38.42" y="107.08" b="C"/>
<point x="38.63" y="99.52" b="A"/>
<point x="38.42" y="91.96" b="U"/>
<point x="38.42" y="84.40" b="C"/>
<point x="35.32" y="77.50" b="R"/>
<point x="38.21" y="70.61" b="G"/>
<point x="38.63" y="63.05" b="A"/>
<point x="38.42" y="55.49" b="U"/>
<point x="38.42" y="47.93" b="C"/>
<point x="33.07" y="42.59" b="U"/>
<point x="31.38" y="35.17" b="G"/>
<point x="34.69" y="28.19" b="A"/>
<point x="40.97" y="23.98" b="A"/>
<point x="48.53" y="23.98" b="Y"/>
<point x="54.82" y="28.19" b="A"/>
<point x="57.50" y="35.17" b="C"/>
<point x="56.02" y="42.59" b="U"/>
<point x="50.45" y="47.93" b="G"/>
<point x="50.45" y="55.49" b="G"/>
<point x="50.66" y="63.05" b="U"/>
<point x="50.66" y="70.61" b="C"/>
<point x="57.55" y="73.72" b="U"/>
<point x="57.55" y="81.28" b="U"/>
<point x="50.45" y="84.40" b="G"/>
<point x="50.45" y="91.96" b="G"/>
<point x="50.66" y="99.52" b="U"/>
<point x="50.45" y="107.08" b="G"/>
<point x="50.45" y="114.64" b="G"/>
<point x="57.66" y="117.50" b="U"/>
<point x="63.52" y="122.28" b="C"/>
<point x="67.52" y="128.56" b="G"/>
<point x="69.94" y="135.79" b="U"/>
<point x="70.14" y="143.35" b="A"/>
<point x="67.94" y="150.58" b="A"/>
<point x="63.73" y="156.86" b="A"/>
<point x="57.66" y="161.63" b="R"/>
<point x="50.45" y="164.50" b="G"/>
<point x="50.45" y="172.06" b="G"/>
<point x="50.87" y="179.62" b="A"/>
<point x="50.45" y="187.18" b="G"/>
<point x="50.45" y="194.74" b="G"/>
<point x="56.22" y="200.08" b="A"/>
<point x="63.78" y="200.08" b="A"/>
<point x="71.13" y="200.08" b="R"/>
<point x="78.90" y="200.08" b="A"/>
<point x="86.04" y="200.08" b="G"/>
<point x="94.02" y="200.08" b="Y"/>
<point x="101.58" y="200.08" b="A"/>
<point x="108.93" y="200.08" b="R"/>
<point x="116.70" y="200.08" b="Y"/>
<point x="124.20" y="200.29" b="N"/>
<point x="131.76" y="200.29" b="N"/>
<point x="139.17" y="200.08" b="U"/>
<point x="146.52" y="200.08" b="G"/>
<point x="154.50" y="200.08" b="A"/>
<point x="162.06" y="200.08" b="A"/>
<point x="169.20" y="200.08" b="G"/>
<point x="174.76" y="194.74" b="C"/>
<point x="174.76" y="187.18" b="U"/>
<point x="174.55" y="179.62" b="G"/>
<point x="174.55" y="172.06" b="G"/>
<point x="174.76" y="164.50" b="C"/>
<point x="174.76" y="156.94" b="C"/>
<point x="174.96" y="149.38" b="Y"/>
<point x="167.95" y="152.54" b="N"/>
<point x="160.27" y="151.64" b="R"/>
<point x="154.11" y="147.67" b="N"/>
<point x="150.54" y="141.01" b="N"/>
<point x="150.54" y="133.45" b="N"/>
<point x="154.11" y="126.79" b="N"/>
<point x="160.42" y="122.62" b="N"/>
<point x="167.95" y="121.92" b="N"/>
<point x="174.96" y="124.67" b="Y"/>
<point x="174.91" y="117.32" b="N"/>
<point x="174.96" y="109.55" b="Y"/>
<point x="168.38" y="105.94" b="N"/>
<point x="163.87" y="99.87" b="N"/>
<point x="161.95" y="92.31" b="U"/>
<point x="163.39" y="84.85" b="Y"/>
<point x="167.24" y="78.47" b="U"/>
<point x="173.26" y="74.19" b="G"/>
<point x="181.03" y="72.89" b="N"/>
<point x="188.49" y="74.19" b="Y"/>
<point x="194.51" y="78.47" b="R"/>
<point x="198.77" y="84.85" b="Y"/>
<point x="199.96" y="92.52" b="N"/>
<point x="198.18" y="99.87" b="N"/>
<point x="193.52" y="105.73" b="R"/>
<point x="187.15" y="109.76" b="N"/>
<point x="187.20" y="117.11" b="Y"/>
<point x="187.15" y="124.88" b="N"/>
<point x="192.74" y="129.96" b="N"/>
<point x="194.81" y="137.23" b="N"/>
<point x="192.80" y="144.29" b="Y"/>
<point x="187.00" y="149.38" b="R"/>
<point x="186.79" y="156.94" b="G"/>
<point x="186.79" y="164.50" b="G"/>
<point x="187.00" y="172.06" b="C"/>
<point x="187.20" y="179.62" b="Y"/>
<point x="187.20" y="187.18" b="A"/>
<point x="186.79" y="194.74" b="G"/>
<point x="192.49" y="200.29" b="N"/>
<point x="199.90" y="200.08" b="U"/>
<point x="207.46" y="200.08" b="U"/>
<point x="215.02" y="200.08" b="C"/>
<point x="222.58" y="200.08" b="R"/>
<point x="230.14" y="200.08" b="R"/>
<point x="237.91" y="200.08" b="A"/>
<point x="245.26" y="200.08" b="C"/>
<point x="253.03" y="200.08" b="A"/>
<point x="260.38" y="200.08" b="R"/>
<point x="267.94" y="200.08" b="R"/>
<point x="275.65" y="200.29" b="N"/>
</structure>