<structure>
<point x="19.60" y="163.59" b="N"/>
<point x="27.16" y="163.59" b="N"/>
<point x="34.78" y="163.39" b="A"/>
<point x="42.34" y="163.39" b="Y"/>
<point x="47.48" y="158.04" b="R"/>
<point x="47.27" y="150.48" b="G"/>
<point x="47.48" y="142.92" b="C"/>
<point x="47.27" y="135.36" b="G"/>
<point x="45.31" y="128.12" b="R"/>
<point x="49.61" y="122.05" b="G"/>
<point x="57.17" y="122.05" b="G"/>
<point x="62.10" y="128.12" b="A"/>
<point x="59.93" y="135.36" b="Y"/>
<point x="59.51" y="142.92" b="G"/>
<point x="59.72" y="150.48" b="C"/>
<point x="59.93" y="158.04" b="Y"/>
<point x="65.07" y="163.39" b="R"/>
<point x="72.78" y="163.59" b="N"/>
<point x="80.34" y="163.59" b="N"/>
<point x="87.95" y="163.39" b="A"/>
<point x="95.10" y="163.39" b="G"/>
<point x="102.66" y="163.39" b="G"/>
<point x="110.63" y="163.39" b="A"/>
<point x="117.99" y="163.39" b="U"/>
<point x="125.75" y="163.39" b="Y"/>
<point x="133.31" y="163.39" b="A"/>
<point x="140.82" y="163.59" b="N"/>
<point x="146.16" y="158.25" b="N"/>
<point x="145.80" y="150.48" b="G"/>
<point x="146.22" y="142.92" b="A"/>
<point x="146.01" y="135.36" b="C"/>
<point x="146.01" y="127.80" b="U"/>
<point x="146.22" y="120.24" b="Y"/>
<point x="141.33" y="114.47" b="A"/>
<point x="140.51" y="106.92" b="G"/>
<point x="144.76" y="100.67" b="G"/>
<point x="152.34" y="98.25" b="A"/>
<point x="159.50" y="100.67" b="Y"/>
<point x="163.33" y="106.92" b="G"/>
<point x="163.35" y="114.47" b="A"/>
<point x="158.04" y="120.24" b="G"/>
<point x="158.25" y="127.80" b="R"/>
<point x="158.04" y="135.36" b="G"/>
<point x="158.25" y="142.92" b="U"/>
<point x="158.25" y="150.48" b="C"/>
<point x="158.25" y="158.04" b="R"/>
<point x="163.39" y="163.39" b="G"/>
<point x="171.16" y="163.39" b="R"/>
<point x="178.92" y="163.39" b="A"/>
<point x="186.07" y="163.39" b="G"/>
<point x="191.62" y="158.04" b="C"/>
<point x="191.41" y="150.48" b="G"/>
<point x="191.62" y="142.92" b="C"/>
<point x="191.62" y="135.36" b="C"/>
<point x="189.66" y="128.12" b="A"/>
<point x="193.75" y="122.05" b="G"/>
<point x="201.31" y="122.05" b="G"/>
<point x="206.24" y="128.12" b="A"/>
<point x="203.65" y="135.36" b="G"/>
<point x="203.65" y="142.92" b="G"/>
<point x="203.86" y="150.48" b="C"/>
<point x="203.65" y="158.04" b="G"/>
<point x="209.42" y="163.39" b="A"/>
<point x="216.98" y="163.39" b="A"/>
<point x="221.91" y="158.04" b="G"/>
<point x="222.32" y="150.48" b="A"/>
<point x="222.12" y="142.92" b="C"/>
<point x="222.26" y="135.57" b="N"/>
<point x="217.85" y="129.12" b="C"/>
<point x="218.99" y="121.61" b="A"/>
<point x="224.25" y="116.61" b="G"/>
<point x="231.81" y="116.61" b="G"/>
<point x="237.89" y="121.61" b="A"/>
<point x="238.62" y="129.12" b="U"/>
<point x="234.50" y="135.57" b="N"/>
<point x="234.35" y="142.92" b="R"/>
<point x="234.56" y="150.48" b="Y"/>
<point x="234.50" y="158.25" b="N"/>
<point x="239.91" y="163.39" b="A"/>
<point x="247.05" y="163.39" b="G"/>
<point x="254.61" y="163.39" b="G"/>
<point x="262.59" y="163.39" b="A"/>
<point x="270.09" y="163.59" b="N"/>
<point x="277.29" y="163.39" b="G"/>
<point x="285.27" y="163.39" b="A"/>
<point x="292.62" y="163.39" b="C"/>
<point x="300.18" y="163.39" b="R"/>
<point x="307.89" y="163.59" b="N"/>
<point x="313.24" y="158.25" b="N"/>
<point x="313.09" y="150.48" b="C"/>
<point x="312.88" y="142.92" b="G"/>
<point x="313.29" y="135.36" b="Y"/>
<point x="313.09" y="127.80" b="C"/>
<point x="311.06" y="120.77" b="N"/>
<point x="315.22" y="114.49" b="G"/>
<point x="322.78" y="114.49" b="G"/>
<point x="327.70" y="120.56" b="A"/>
<point x="325.12" y="127.80" b="G"/>
<point x="325.33" y="135.36" b="R"/>
<point x="325.33" y="142.92" b="C"/>
<point x="325.12" y="150.48" b="G"/>
<point x="325.48" y="158.25" b="N"/>
<point x="330.67" y="163.39" b="U"/>
<point x="338.38" y="163.59" b="N"/>
<point x="345.94" y="163.59" b="N"/>
<point x="353.50" y="163.59" b="N"/>
<point x="361.12" y="163.39" b="A"/>
<point x="368.62" y="163.59" b="N"/>
<point x="376.24" y="163.39" b="A"/>
<point x="383.59" y="163.39" b="R"/>
<point x="390.94" y="163.39" b="G"/>
<point x="398.50" y="163.39" b="G"/>
<point x="406.48" y="163.39" b="A"/>
<point x="414.04" y="163.39" b="A"/>
<point x="421.60" y="163.39" b="A"/>
<point x="429.10" y="163.59" b="N"/>
<point x="436.30" y="163.39" b="G"/>
<point x="443.86" y="163.39" b="G"/>
<point x="451.84" y="163.39" b="A"/>
<point x="459.40" y="163.39" b="A"/>
<point x="466.90" y="163.59" b="N"/>
<point x="472.25" y="158.25" b="N"/>
<point x="472.10" y="150.48" b="R"/>
<point x="472.30" y="142.92" b="A"/>
<point x="472.30" y="135.36" b="Y"/>
<point x="472.25" y="128.01" b="N"/>
<point x="472.25" y="120.45" b="N"/>
<point x="472.25" y="112.89" b="N"/>
<point x="467.18" y="106.76" b="G"/>
<point x="467.39" y="99.20" b="R"/>
<point x="472.25" y="93.49" b="N"/>
<point x="472.30" y="85.73" b="Y"/>
<point x="471.89" y="78.17" b="G"/>
<point x="472.25" y="70.81" b="N"/>
<point x="472.10" y="63.05" b="U"/>
<point x="472.25" y="55.69" b="N"/>
<point x="472.25" y="48.13" b="N"/>
<point x="466.90" y="42.79" b="N"/>
<point x="465.41" y="35.38" b="N"/>
<point x="467.94" y="28.19" b="G"/>
<point x="474.44" y="23.98" b="C"/>
<point x="482.00" y="23.98" b="U"/>
<point x="488.49" y="28.19" b="A"/>
<point x="491.38" y="35.17" b="A"/>
<point x="489.69" y="42.59" b="R"/>
<point x="484.13" y="47.93" b="G"/>
<point x="484.13" y="55.49" b="G"/>
<point x="484.54" y="63.05" b="A"/>
<point x="491.68" y="60.92" b="N"/>
<point x="496.18" y="66.83" b="A"/>
<point x="491.53" y="72.94" b="R"/>
<point x="484.54" y="70.61" b="A"/>
<point x="484.34" y="78.17" b="C"/>
<point x="484.54" y="85.73" b="A"/>
<point x="484.13" y="93.29" b="G"/>
<point x="488.83" y="99.20" b="G"/>
<point x="488.83" y="106.76" b="G"/>
<point x="484.54" y="112.68" b="Y"/>
<point x="484.49" y="120.45" b="N"/>
<point x="484.49" y="128.01" b="N"/>
<point x="484.13" y="135.36" b="G"/>
<point x="484.34" y="142.92" b="U"/>
<point x="484.54" y="150.48" b="Y"/>
<point x="484.13" y="158.04" b="G"/>
<point x="489.83" y="163.59" b="N"/>
<point x="497.24" y="163.39" b="U"/>
<point x="504.80" y="163.39" b="R"/>
<point x="512.15" y="163.39" b="G"/>
<point x="519.92" y="163.39" b="C"/>
<point x="527.63" y="163.59" b="N"/>
<point x="535.25" y="163.39" b="A"/>
<point x="540.60" y="158.04" b="A"/>
<point x="540.39" y="150.48" b="C"/>
<point x="535.71" y="144.71" b="A"/>
<point x="534.89" y="137.16" b="G"/>
<point x="539.13" y="130.91" b="G"/>
<point x="546.30" y="128.50" b="G"/>
<point x="553.88" y="130.91" b="A"/>
<point x="558.07" y="137.37" b="N"/>
<point x="557.67" y="144.92" b="N"/>
<point x="552.42" y="150.48" b="G"/>
<point x="552.78" y="158.25" b="N"/>
<point x="557.98" y="163.39" b="R"/>
<point x="565.53" y="163.39" b="R"/>
<point x="573.30" y="163.39" b="A"/>
<point x="578.44" y="158.04" b="R"/>
<point x="578.44" y="150.48" b="C"/>
<point x="578.44" y="142.92" b="C"/>
<point x="578.44" y="135.36" b="C"/>
<point x="574.83" y="128.61" b="G"/>
<point x="577.62" y="121.50" b="U"/>
<point x="584.56" y="118.51" b="U"/>
<point x="591.65" y="121.71" b="N"/>
<point x="594.29" y="128.61" b="A"/>
<point x="590.47" y="135.36" b="G"/>
<point x="590.47" y="142.92" b="G"/>
<point x="590.47" y="150.48" b="G"/>
<point x="590.68" y="158.04" b="U"/>
<point x="596.18" y="163.59" b="N"/>
<point x="603.38" y="163.39" b="G"/>
<point x="611.15" y="163.39" b="U"/>
<point x="618.86" y="163.59" b="N"/>
<point x="626.47" y="163.39" b="A"/>
<point x="633.62" y="163.39" b="G"/>
<point x="641.39" y="163.39" b="U"/>
<point x="649.10" y="163.59" b="N"/>
<point x="656.71" y="163.39" b="A"/>
<point x="664.22" y="163.59" b="N"/>
<point x="669.20" y="158.04" b="G"/>
<point x="669.41" y="150.48" b="R"/>
<point x="669.62" y="142.92" b="A"/>
<point x="669.62" y="135.36" b="A"/>
<point x="669.62" y="127.80" b="A"/>
<point x="669.62" y="120.24" b="A"/>
<point x="669.62" y="112.68" b="A"/>
<point x="669.20" y="105.12" b="G"/>
<point x="669.20" y="97.56" b="G"/>
<point x="669.41" y="90.00" b="C"/>
<point x="669.20" y="82.44" b="G"/>
<point x="669.41" y="74.88" b="R"/>
<point x="669.41" y="67.32" b="C"/>
<point x="669.62" y="59.76" b="A"/>
<point x="669.20" y="52.20" b="G"/>
<point x="669.62" y="44.64" b="A"/>
<point x="667.39" y="37.61" b="N"/>
<point x="671.75" y="31.33" b="U"/>
<point x="679.31" y="31.33" b="R"/>
<point x="683.98" y="37.61" b="N"/>
<point x="681.65" y="44.64" b="U"/>
<point x="681.65" y="52.20" b="C"/>
<point x="681.65" y="59.76" b="U"/>
<point x="681.44" y="67.32" b="G"/>
<point x="681.65" y="74.88" b="U"/>
<point x="681.65" y="82.44" b="C"/>
<point x="681.44" y="90.00" b="G"/>
<point x="681.65" y="97.56" b="C"/>
<point x="681.65" y="105.12" b="C"/>
<point x="681.65" y="112.68" b="U"/>
<point x="681.65" y="120.24" b="U"/>
<point x="681.65" y="127.80" b="U"/>
<point x="681.65" y="135.36" b="U"/>
<point x="681.65" y="142.92" b="U"/>
<point x="681.65" y="150.48" b="U"/>
<point x="681.65" y="158.04" b="C"/>
<point x="687.00" y="163.39" b="U"/>
<point x="694.56" y="163.39" b="U"/>
<point x="702.12" y="163.39" b="U"/>
<point x="709.47" y="163.39" b="G"/>
<point x="717.24" y="163.39" b="C"/>
<point x="724.80" y="163.39" b="U"/>
<point x="732.36" y="163.39" b="U"/>
<point x="739.71" y="163.39" b="G"/>
<point x="747.48" y="163.39" b="C"/>
<point x="755.04" y="163.39" b="U"/>
<point x="762.60" y="163.39" b="U"/>
</structure>