<structure>
<point x="112.00" y="267.09" b="N"/>
<point x="112.00" y="259.53" b="N"/>
<point x="111.85" y="251.76" b="U"/>
<point x="111.85" y="244.20" b="U"/>
<point x="104.47" y="243.73" b="N"/>
<point x="97.00" y="242.53" b="N"/>
<point x="89.69" y="240.63" b="A"/>
<point x="82.25" y="238.43" b="U"/>
<point x="74.98" y="235.73" b="G"/>
<point x="68.53" y="232.56" b="A"/>
<point x="61.70" y="228.93" b="U"/>
<point x="55.12" y="224.85" b="G"/>
<point x="49.47" y="220.34" b="A"/>
<point x="43.72" y="215.43" b="Y"/>
<point x="38.32" y="210.14" b="A"/>
<point x="33.30" y="204.49" b="A"/>
<point x="28.62" y="198.72" b="N"/>
<point x="24.27" y="192.22" b="C"/>
<point x="20.50" y="185.67" b="U"/>
<point x="17.35" y="179.07" b="N"/>
<point x="14.52" y="172.06" b="N"/>
<point x="12.03" y="164.67" b="C"/>
<point x="10.18" y="157.34" b="U"/>
<point x="8.84" y="149.90" b="C"/>
<point x="8.22" y="142.38" b="A"/>
<point x="7.50" y="134.83" b="G"/>
<point x="7.92" y="127.27" b="C"/>
<point x="8.65" y="119.75" b="U"/>
<point x="9.89" y="112.29" b="C"/>
<point x="11.84" y="104.93" b="A"/>
<point x="13.89" y="97.72" b="C"/>
<point x="16.63" y="90.67" b="U"/>
<point x="19.84" y="83.83" b="C"/>
<point x="23.72" y="77.22" b="A"/>
<point x="27.43" y="70.88" b="G"/>
<point x="32.39" y="64.84" b="A"/>
<point x="37.28" y="59.33" b="N"/>
<point x="42.66" y="53.76" b="Y"/>
<point x="48.29" y="48.99" b="N"/>
<point x="54.30" y="44.40" b="N"/>
<point x="60.67" y="40.03" b="Y"/>
<point x="67.20" y="36.52" b="N"/>
<point x="73.87" y="33.05" b="R"/>
<point x="81.05" y="30.48" b="N"/>
<point x="88.25" y="28.18" b="N"/>
<point x="95.59" y="26.38" b="N"/>
<point x="102.89" y="24.89" b="U"/>
<point x="110.20" y="24.11" b="G"/>
<point x="118.12" y="24.06" b="N"/>
<point x="125.52" y="24.11" b="U"/>
<point x="133.19" y="25.09" b="N"/>
<point x="140.28" y="26.18" b="G"/>
<point x="148.04" y="27.97" b="A"/>
<point x="155.19" y="30.48" b="N"/>
<point x="162.27" y="33.05" b="A"/>
<point x="169.09" y="36.31" b="A"/>
<point x="175.62" y="40.24" b="N"/>
<point x="181.93" y="44.40" b="N"/>
<point x="187.94" y="48.99" b="N"/>
<point x="193.63" y="53.97" b="N"/>
<point x="198.80" y="59.13" b="U"/>
<point x="203.96" y="64.84" b="Y"/>
<point x="208.30" y="70.88" b="C"/>
<point x="212.62" y="77.22" b="Y"/>
<point x="216.09" y="83.83" b="U"/>
<point x="219.46" y="90.88" b="N"/>
<point x="222.05" y="97.72" b="U"/>
<point x="224.30" y="104.93" b="C"/>
<point x="226.05" y="112.29" b="C"/>
<point x="227.49" y="119.75" b="A"/>
<point x="228.22" y="127.27" b="A"/>
<point x="228.22" y="134.83" b="C"/>
<point x="228.12" y="142.38" b="A"/>
<point x="227.09" y="149.90" b="U"/>
<point x="225.75" y="157.34" b="U"/>
<point x="223.91" y="164.67" b="C"/>
<point x="221.77" y="171.86" b="A"/>
<point x="218.73" y="178.87" b="U"/>
<point x="215.43" y="185.67" b="C"/>
<point x="211.87" y="192.22" b="A"/>
<point x="207.67" y="198.51" b="A"/>
<point x="202.99" y="204.70" b="N"/>
<point x="197.97" y="210.35" b="N"/>
<point x="192.42" y="215.43" b="U"/>
<point x="186.88" y="220.34" b="A"/>
<point x="180.81" y="224.85" b="Y"/>
<point x="174.24" y="228.93" b="C"/>
<point x="167.61" y="232.56" b="U"/>
<point x="160.53" y="235.73" b="G"/>
<point x="153.89" y="238.43" b="A"/>
<point x="146.65" y="240.63" b="Y"/>
<point x="139.29" y="242.33" b="Y"/>
<point x="131.77" y="243.73" b="N"/>
<point x="124.24" y="244.41" b="N"/>
<point x="124.24" y="251.97" b="N"/>
<point x="124.24" y="259.53" b="N"/>
<point x="124.24" y="267.09" b="N"/>
</structure>