<structure>
<point x="19.60" y="221.09" b="N"/>
<point x="24.80" y="215.54" b="C"/>
<point x="24.80" y="207.98" b="U"/>
<point x="24.59" y="200.42" b="G"/>
<point x="24.59" y="192.86" b="G"/>
<point x="25.01" y="185.30" b="A"/>
<point x="24.59" y="177.74" b="G"/>
<point x="24.59" y="170.18" b="G"/>
<point x="25.01" y="162.62" b="A"/>
<point x="17.93" y="159.47" b="C"/>
<point x="12.42" y="154.29" b="U"/>
<point x="9.08" y="147.62" b="A"/>
<point x="7.85" y="140.16" b="A"/>
<point x="8.66" y="132.70" b="G"/>
<point x="12.63" y="126.02" b="A"/>
<point x="18.13" y="120.84" b="A"/>
<point x="24.59" y="117.69" b="G"/>
<point x="24.59" y="110.14" b="G"/>
<point x="24.80" y="102.58" b="C"/>
<point x="21.85" y="95.89" b="N"/>
<point x="24.59" y="88.78" b="G"/>
<point x="25.01" y="81.22" b="A"/>
<point x="24.59" y="73.66" b="G"/>
<point x="24.80" y="66.10" b="U"/>
<point x="24.80" y="58.54" b="C"/>
<point x="24.80" y="50.98" b="U"/>
<point x="18.88" y="46.03" b="G"/>
<point x="16.95" y="38.84" b="A"/>
<point x="18.41" y="31.47" b="U"/>
<point x="23.42" y="26.00" b="G"/>
<point x="31.13" y="23.98" b="A"/>
<point x="38.21" y="26.00" b="R"/>
<point x="43.22" y="31.47" b="G"/>
<point x="45.10" y="38.84" b="C"/>
<point x="42.95" y="46.03" b="A"/>
<point x="37.25" y="50.98" b="A"/>
<point x="36.83" y="58.54" b="G"/>
<point x="37.25" y="66.10" b="A"/>
<point x="37.04" y="73.66" b="C"/>
<point x="37.04" y="81.22" b="U"/>
<point x="37.25" y="88.78" b="Y"/>
<point x="40.29" y="95.89" b="N"/>
<point x="36.83" y="102.58" b="G"/>
<point x="37.04" y="110.14" b="C"/>
<point x="37.04" y="117.69" b="U"/>
<point x="43.71" y="120.84" b="G"/>
<point x="49.63" y="126.02" b="A"/>
<point x="52.97" y="132.70" b="U"/>
<point x="54.41" y="140.16" b="A"/>
<point x="52.97" y="147.62" b="C"/>
<point x="49.42" y="154.29" b="R"/>
<point x="44.07" y="159.68" b="N"/>
<point x="37.04" y="162.62" b="U"/>
<point x="37.04" y="170.18" b="C"/>
<point x="37.04" y="177.74" b="C"/>
<point x="37.04" y="185.30" b="U"/>
<point x="37.04" y="192.86" b="C"/>
<point x="37.04" y="200.42" b="C"/>
<point x="43.59" y="204.20" b="U"/>
<point x="37.25" y="207.98" b="A"/>
<point x="36.83" y="215.54" b="G"/>
<point x="42.59" y="220.88" b="A"/>
<point x="49.95" y="220.88" b="R"/>
<point x="57.71" y="220.88" b="A"/>
<point x="65.27" y="220.88" b="A"/>
<point x="72.83" y="220.88" b="A"/>
<point x="80.39" y="220.88" b="A"/>
<point x="85.32" y="215.54" b="G"/>
<point x="85.32" y="207.98" b="G"/>
<point x="85.32" y="200.42" b="G"/>
<point x="85.53" y="192.86" b="U"/>
<point x="77.99" y="192.38" b="U"/>
<point x="71.12" y="188.81" b="G"/>
<point x="66.56" y="182.77" b="G"/>
<point x="65.36" y="175.38" b="A"/>
<point x="66.56" y="168.00" b="G"/>
<point x="71.53" y="161.97" b="A"/>
<point x="77.78" y="158.39" b="G"/>
<point x="85.74" y="157.91" b="A"/>
<point x="85.32" y="150.35" b="G"/>
<point x="85.53" y="142.79" b="C"/>
<point x="85.74" y="135.24" b="A"/>
<point x="85.32" y="127.67" b="G"/>
<point x="85.53" y="120.11" b="C"/>
<point x="85.53" y="112.56" b="C"/>
<point x="85.53" y="105.00" b="C"/>
<point x="85.53" y="97.43" b="U"/>
<point x="78.13" y="97.34" b="N"/>
<point x="74.43" y="90.75" b="N"/>
<point x="78.18" y="83.94" b="Y"/>
<point x="85.53" y="83.64" b="U"/>
<point x="85.32" y="76.08" b="G"/>
<point x="85.32" y="68.52" b="G"/>
<point x="81.47" y="62.28" b="A"/>
<point x="82.00" y="54.78" b="G"/>
<point x="88.08" y="49.78" b="A"/>
<point x="95.43" y="49.78" b="R"/>
<point x="101.25" y="54.99" b="N"/>
<point x="102.04" y="62.28" b="R"/>
<point x="97.92" y="68.73" b="N"/>
<point x="97.77" y="76.08" b="C"/>
<point x="97.98" y="83.64" b="A"/>
<point x="101.02" y="90.75" b="N"/>
<point x="97.98" y="97.43" b="A"/>
<point x="97.56" y="105.00" b="G"/>
<point x="97.56" y="112.56" b="G"/>
<point x="97.56" y="120.11" b="G"/>
<point x="97.77" y="127.67" b="C"/>
<point x="97.77" y="135.24" b="U"/>
<point x="97.92" y="143.00" b="N"/>
<point x="104.53" y="146.57" b="A"/>
<point x="97.77" y="150.35" b="C"/>
<point x="97.77" y="157.91" b="U"/>
<point x="104.04" y="161.82" b="G"/>
<point x="108.62" y="167.99" b="U"/>
<point x="110.16" y="175.38" b="R"/>
<point x="108.62" y="182.79" b="C"/>
<point x="104.45" y="188.95" b="Y"/>
<point x="97.98" y="192.86" b="A"/>
<point x="97.98" y="200.42" b="Y"/>
<point x="97.77" y="207.98" b="C"/>
<point x="97.77" y="215.54" b="C"/>
<point x="103.32" y="220.88" b="A"/>
<point x="110.88" y="220.88" b="A"/>
<point x="118.24" y="220.88" b="C"/>
<point x="126.00" y="220.88" b="A"/>
<point x="133.56" y="220.88" b="Y"/>
<point x="140.92" y="220.88" b="U"/>
<point x="148.63" y="221.09" b="N"/>
</structure>