<structure>
<point x="19.60" y="238.70" b="N"/>
<point x="27.22" y="238.49" b="Y"/>
<point x="34.73" y="238.70" b="N"/>
<point x="40.07" y="233.35" b="N"/>
<point x="40.07" y="225.79" b="N"/>
<point x="40.13" y="218.02" b="A"/>
<point x="39.71" y="210.46" b="G"/>
<point x="39.92" y="202.90" b="C"/>
<point x="36.97" y="196.22" b="N"/>
<point x="40.13" y="189.11" b="Y"/>
<point x="40.07" y="181.76" b="N"/>
<point x="40.13" y="173.99" b="A"/>
<point x="40.07" y="166.64" b="N"/>
<point x="40.13" y="158.87" b="Y"/>
<point x="35.42" y="152.96" b="A"/>
<point x="35.22" y="145.40" b="C"/>
<point x="40.13" y="139.48" b="Y"/>
<point x="40.13" y="131.92" b="A"/>
<point x="40.13" y="124.36" b="Y"/>
<point x="40.07" y="117.01" b="N"/>
<point x="37.03" y="109.90" b="A"/>
<point x="40.13" y="103.01" b="Y"/>
<point x="40.07" y="95.66" b="N"/>
<point x="40.13" y="87.89" b="A"/>
<point x="40.13" y="80.33" b="Y"/>
<point x="40.13" y="72.77" b="Y"/>
<point x="33.16" y="69.82" b="A"/>
<point x="27.41" y="64.92" b="Y"/>
<point x="23.33" y="58.73" b="N"/>
<point x="21.41" y="51.42" b="N"/>
<point x="21.77" y="43.87" b="N"/>
<point x="24.44" y="36.56" b="Y"/>
<point x="29.05" y="30.58" b="A"/>
<point x="35.05" y="26.25" b="C"/>
<point x="42.26" y="23.98" b="C"/>
<point x="49.82" y="23.98" b="R"/>
<point x="57.18" y="26.46" b="N"/>
<point x="63.38" y="30.79" b="N"/>
<point x="68.06" y="36.56" b="A"/>
<point x="70.67" y="43.66" b="Y"/>
<point x="70.97" y="51.42" b="N"/>
<point x="69.11" y="58.52" b="A"/>
<point x="64.88" y="64.92" b="C"/>
<point x="59.27" y="70.03" b="N"/>
<point x="52.31" y="72.98" b="N"/>
<point x="52.31" y="80.54" b="N"/>
<point x="52.16" y="87.89" b="U"/>
<point x="52.16" y="95.45" b="R"/>
<point x="52.31" y="103.22" b="N"/>
<point x="55.47" y="109.90" b="Y"/>
<point x="51.95" y="116.80" b="G"/>
<point x="51.95" y="124.36" b="G"/>
<point x="52.31" y="132.13" b="N"/>
<point x="51.95" y="139.48" b="G"/>
<point x="59.21" y="142.21" b="C"/>
<point x="61.94" y="149.18" b="G"/>
<point x="59.00" y="156.14" b="G"/>
<point x="51.95" y="158.87" b="G"/>
<point x="52.16" y="166.43" b="C"/>
<point x="52.16" y="173.99" b="U"/>
<point x="52.16" y="181.55" b="R"/>
<point x="52.16" y="189.11" b="R"/>
<point x="55.47" y="196.01" b="Y"/>
<point x="51.95" y="202.90" b="G"/>
<point x="52.16" y="210.46" b="C"/>
<point x="52.16" y="218.02" b="R"/>
<point x="58.28" y="213.31" b="Y"/>
<point x="65.44" y="214.99" b="R"/>
<point x="68.93" y="221.80" b="Y"/>
<point x="65.65" y="228.62" b="A"/>
<point x="58.07" y="230.30" b="R"/>
<point x="52.16" y="225.58" b="R"/>
<point x="52.37" y="233.14" b="A"/>
<point x="57.51" y="238.49" b="R"/>
<point x="65.22" y="238.70" b="N"/>
<point x="72.83" y="238.49" b="Y"/>
<point x="80.34" y="238.70" b="N"/>
<point x="87.95" y="238.49" b="Y"/>
<point x="93.24" y="233.35" b="N"/>
<point x="93.24" y="225.79" b="N"/>
<point x="93.30" y="218.02" b="A"/>
<point x="93.30" y="210.46" b="A"/>
<point x="93.30" y="202.90" b="A"/>
<point x="93.30" y="195.34" b="A"/>
<point x="93.30" y="187.78" b="A"/>
<point x="93.30" y="180.22" b="A"/>
<point x="92.88" y="172.66" b="G"/>
<point x="93.09" y="165.10" b="C"/>
<point x="93.09" y="157.54" b="C"/>
<point x="93.09" y="149.98" b="C"/>
<point x="92.88" y="142.42" b="G"/>
<point x="93.09" y="134.86" b="C"/>
<point x="93.30" y="127.30" b="A"/>
<point x="93.30" y="119.74" b="Y"/>
<point x="88.20" y="113.98" b="C"/>
<point x="88.01" y="106.43" b="Y"/>
<point x="92.20" y="100.38" b="N"/>
<point x="99.36" y="97.97" b="N"/>
<point x="106.53" y="100.38" b="N"/>
<point x="110.83" y="106.43" b="Y"/>
<point x="110.22" y="113.98" b="R"/>
<point x="105.33" y="119.74" b="R"/>
<point x="105.33" y="127.30" b="U"/>
<point x="105.12" y="134.86" b="G"/>
<point x="105.33" y="142.42" b="C"/>
<point x="105.12" y="149.98" b="G"/>
<point x="105.12" y="157.54" b="G"/>
<point x="105.12" y="165.10" b="G"/>
<point x="105.33" y="172.66" b="C"/>
<point x="105.33" y="180.22" b="U"/>
<point x="105.33" y="187.78" b="U"/>
<point x="105.33" y="195.34" b="U"/>
<point x="105.33" y="202.90" b="U"/>
<point x="105.33" y="210.46" b="U"/>
<point x="105.33" y="218.02" b="U"/>
<point x="105.48" y="225.79" b="N"/>
<point x="105.33" y="233.14" b="U"/>
<point x="110.83" y="238.70" b="N"/>
</structure>