<structure>
<point x="138.20" y="233.89" b="N"/>
<point x="145.76" y="233.89" b="N"/>
<point x="151.11" y="228.55" b="N"/>
<point x="151.11" y="220.99" b="N"/>
<point x="150.96" y="213.22" b="R"/>
<point x="150.96" y="205.66" b="U"/>
<point x="151.17" y="198.10" b="Y"/>
<point x="151.17" y="190.54" b="Y"/>
<point x="150.96" y="182.98" b="U"/>
<point x="150.96" y="175.42" b="C"/>
<point x="143.47" y="174.44" b="R"/>
<point x="135.89" y="172.71" b="G"/>
<point x="128.74" y="170.26" b="G"/>
<point x="121.87" y="167.12" b="G"/>
<point x="115.55" y="163.31" b="C"/>
<point x="109.43" y="158.86" b="R"/>
<point x="103.58" y="153.83" b="G"/>
<point x="97.86" y="158.77" b="G"/>
<point x="92.14" y="163.72" b="G"/>
<point x="91.18" y="171.19" b="U"/>
<point x="85.52" y="176.42" b="G"/>
<point x="78.37" y="177.51" b="N"/>
<point x="71.91" y="173.46" b="A"/>
<point x="69.06" y="166.46" b="A"/>
<point x="70.81" y="159.16" b="U"/>
<point x="76.79" y="154.53" b="U"/>
<point x="84.35" y="154.45" b="C"/>
<point x="90.07" y="149.51" b="C"/>
<point x="95.79" y="144.57" b="C"/>
<point x="91.78" y="138.46" b="N"/>
<point x="88.33" y="131.56" b="A"/>
<point x="85.30" y="124.54" b="C"/>
<point x="83.19" y="117.28" b="C"/>
<point x="81.60" y="109.85" b="G"/>
<point x="80.96" y="102.32" b="G"/>
<point x="73.62" y="101.97" b="C"/>
<point x="65.86" y="101.62" b="G"/>
<point x="58.30" y="101.27" b="G"/>
<point x="55.38" y="108.15" b="U"/>
<point x="50.40" y="113.84" b="R"/>
<point x="44.15" y="118.07" b="N"/>
<point x="36.87" y="120.10" b="N"/>
<point x="29.31" y="119.95" b="N"/>
<point x="22.11" y="117.65" b="N"/>
<point x="15.87" y="113.38" b="N"/>
<point x="11.12" y="107.50" b="N"/>
<point x="8.25" y="100.50" b="N"/>
<point x="7.50" y="92.98" b="N"/>
<point x="8.94" y="85.56" b="N"/>
<point x="12.44" y="78.86" b="N"/>
<point x="17.72" y="73.44" b="N"/>
<point x="24.33" y="69.77" b="N"/>
<point x="31.71" y="68.14" b="N"/>
<point x="39.25" y="68.69" b="N"/>
<point x="46.37" y="71.18" b="A"/>
<point x="51.95" y="75.78" b="G"/>
<point x="56.80" y="81.90" b="Y"/>
<point x="59.08" y="89.04" b="C"/>
<point x="66.63" y="89.39" b="C"/>
<point x="73.98" y="89.74" b="G"/>
<point x="81.74" y="90.09" b="C"/>
<point x="82.86" y="82.65" b="G"/>
<point x="85.34" y="75.38" b="A"/>
<point x="87.90" y="68.34" b="R"/>
<point x="91.37" y="61.62" b="C"/>
<point x="95.63" y="55.49" b="N"/>
<point x="100.35" y="49.58" b="N"/>
<point x="105.64" y="44.18" b="N"/>
<point x="111.43" y="39.32" b="N"/>
<point x="117.68" y="35.07" b="N"/>
<point x="124.32" y="31.46" b="N"/>
<point x="131.29" y="28.53" b="N"/>
<point x="138.52" y="26.30" b="N"/>
<point x="145.93" y="24.81" b="N"/>
<point x="153.45" y="24.06" b="N"/>
<point x="161.01" y="24.06" b="N"/>
<point x="168.53" y="24.81" b="N"/>
<point x="175.94" y="26.30" b="N"/>
<point x="183.17" y="28.53" b="N"/>
<point x="190.14" y="31.46" b="N"/>
<point x="196.78" y="35.07" b="N"/>
<point x="203.03" y="39.32" b="N"/>
<point x="208.68" y="43.97" b="R"/>
<point x="213.96" y="49.38" b="R"/>
<point x="218.89" y="55.28" b="Y"/>
<point x="222.95" y="61.83" b="N"/>
<point x="226.05" y="68.34" b="G"/>
<point x="229.24" y="75.38" b="A"/>
<point x="231.09" y="82.65" b="U"/>
<point x="238.78" y="81.55" b="Y"/>
<point x="246.26" y="80.45" b="Y"/>
<point x="253.32" y="79.35" b="G"/>
<point x="260.80" y="78.25" b="G"/>
<point x="266.01" y="72.58" b="U"/>
<point x="273.21" y="71.08" b="G"/>
<point x="280.38" y="74.58" b="N"/>
<point x="283.65" y="81.11" b="R"/>
<point x="282.51" y="88.55" b="A"/>
<point x="276.94" y="93.66" b="Y"/>
<point x="269.21" y="94.36" b="U"/>
<point x="262.79" y="90.36" b="C"/>
<point x="255.31" y="91.46" b="C"/>
<point x="247.83" y="92.56" b="R"/>
<point x="240.35" y="93.66" b="R"/>
<point x="232.87" y="94.76" b="R"/>
<point x="232.78" y="102.32" b="G"/>
<point x="232.35" y="109.85" b="C"/>
<point x="230.97" y="117.28" b="C"/>
<point x="228.65" y="124.54" b="G"/>
<point x="226.24" y="131.56" b="A"/>
<point x="222.53" y="138.25" b="C"/>
<point x="228.71" y="142.60" b="R"/>
<point x="234.69" y="146.95" b="G"/>
<point x="242.46" y="147.06" b="U"/>
<point x="248.26" y="152.14" b="A"/>
<point x="249.04" y="159.86" b="N"/>
<point x="244.75" y="165.83" b="A"/>
<point x="236.98" y="167.59" b="G"/>
<point x="230.51" y="164.04" b="U"/>
<point x="227.86" y="156.96" b="C"/>
<point x="221.88" y="152.62" b="Y"/>
<point x="215.28" y="148.27" b="G"/>
<point x="210.16" y="153.83" b="G"/>
<point x="204.94" y="158.86" b="A"/>
<point x="198.61" y="163.31" b="U"/>
<point x="191.88" y="167.12" b="G"/>
<point x="185.21" y="170.26" b="R"/>
<point x="178.06" y="172.71" b="R"/>
<point x="170.90" y="174.44" b="A"/>
<point x="162.99" y="175.42" b="G"/>
<point x="163.41" y="182.98" b="A"/>
<point x="163.20" y="190.54" b="R"/>
<point x="163.20" y="198.10" b="R"/>
<point x="163.20" y="205.66" b="R"/>
<point x="163.35" y="213.43" b="N"/>
<point x="163.20" y="220.78" b="R"/>
<point x="163.35" y="228.55" b="N"/>
<point x="168.70" y="233.89" b="N"/>
<point x="176.26" y="233.89" b="N"/>
</structure>