<structure>
<point x="19.25" y="128.87" b="G"/>
<point x="27.02" y="128.87" b="R"/>
<point x="34.37" y="128.87" b="G"/>
<point x="42.13" y="128.87" b="U"/>
<point x="49.84" y="129.08" b="N"/>
<point x="57.26" y="128.87" b="C"/>
<point x="62.39" y="123.53" b="G"/>
<point x="62.60" y="115.97" b="R"/>
<point x="62.39" y="108.41" b="G"/>
<point x="62.39" y="100.85" b="G"/>
<point x="62.60" y="93.29" b="U"/>
<point x="62.75" y="85.93" b="N"/>
<point x="62.81" y="78.17" b="Y"/>
<point x="62.75" y="70.81" b="N"/>
<point x="62.81" y="63.05" b="A"/>
<point x="62.39" y="55.49" b="G"/>
<point x="62.60" y="47.93" b="U"/>
<point x="57.25" y="42.59" b="R"/>
<point x="55.92" y="35.38" b="N"/>
<point x="58.81" y="28.39" b="N"/>
<point x="64.73" y="23.98" b="G"/>
<point x="72.50" y="23.98" b="C"/>
<point x="78.99" y="28.19" b="Y"/>
<point x="81.67" y="35.17" b="C"/>
<point x="79.98" y="42.59" b="G"/>
<point x="74.99" y="48.13" b="N"/>
<point x="74.84" y="55.49" b="C"/>
<point x="74.84" y="63.05" b="U"/>
<point x="74.99" y="70.81" b="N"/>
<point x="74.84" y="78.17" b="R"/>
<point x="74.99" y="85.93" b="N"/>
<point x="74.84" y="93.29" b="R"/>
<point x="74.84" y="100.85" b="C"/>
<point x="74.84" y="108.41" b="C"/>
<point x="75.05" y="115.97" b="Y"/>
<point x="75.05" y="123.53" b="Y"/>
<point x="79.98" y="128.87" b="G"/>
<point x="87.90" y="129.08" b="N"/>
<point x="95.46" y="129.08" b="N"/>
<point x="103.02" y="129.08" b="N"/>
<point x="110.63" y="128.87" b="Y"/>
<point x="118.19" y="128.87" b="A"/>
<point x="125.70" y="129.08" b="N"/>
<point x="133.11" y="128.87" b="U"/>
<point x="140.46" y="128.87" b="G"/>
<point x="148.02" y="128.87" b="G"/>
<point x="155.99" y="128.87" b="Y"/>
<point x="163.50" y="129.08" b="N"/>
<point x="171.06" y="129.08" b="N"/>
<point x="178.62" y="129.08" b="N"/>
<point x="186.03" y="128.87" b="R"/>
<point x="193.59" y="128.87" b="R"/>
<point x="201.35" y="128.87" b="Y"/>
<point x="208.86" y="129.08" b="N"/>
<point x="216.27" y="128.87" b="C"/>
<point x="224.03" y="128.87" b="Y"/>
<point x="231.18" y="128.87" b="G"/>
<point x="239.15" y="128.87" b="A"/>
<point x="246.51" y="128.87" b="U"/>
<point x="254.07" y="128.87" b="R"/>
<point x="261.78" y="129.08" b="N"/>
<point x="269.39" y="128.87" b="Y"/>
<point x="276.90" y="129.08" b="N"/>
<point x="284.46" y="129.08" b="N"/>
<point x="292.02" y="129.08" b="N"/>
<point x="299.58" y="129.08" b="N"/>
<point x="307.14" y="129.08" b="N"/>
<point x="314.70" y="129.08" b="N"/>
<point x="322.26" y="129.08" b="N"/>
<point x="329.46" y="128.87" b="G"/>
<point x="337.38" y="129.08" b="N"/>
<point x="344.58" y="128.87" b="G"/>
<point x="352.35" y="128.87" b="C"/>
<point x="360.06" y="129.08" b="N"/>
<point x="367.47" y="128.87" b="U"/>
<point x="375.03" y="128.87" b="U"/>
<point x="382.59" y="128.87" b="U"/>
<point x="389.94" y="128.87" b="G"/>
<point x="397.91" y="128.87" b="A"/>
<point x="405.47" y="128.87" b="Y"/>
<point x="412.83" y="128.87" b="R"/>
<point x="420.39" y="128.87" b="U"/>
</structure>