<structure>
<point x="57.50" y="295.76" b="U"/>
<point x="64.85" y="295.76" b="G"/>
<point x="72.62" y="295.76" b="C"/>
<point x="80.33" y="295.97" b="N"/>
<point x="87.95" y="295.76" b="Y"/>
<point x="95.51" y="295.76" b="Y"/>
<point x="103.01" y="295.97" b="N"/>
<point x="110.57" y="295.97" b="N"/>
<point x="117.77" y="295.76" b="G"/>
<point x="125.69" y="295.97" b="N"/>
<point x="130.68" y="290.42" b="G"/>
<point x="131.03" y="283.06" b="N"/>
<point x="123.35" y="282.28" b="R"/>
<point x="115.86" y="281.26" b="C"/>
<point x="108.59" y="280.02" b="N"/>
<point x="101.11" y="277.93" b="U"/>
<point x="93.71" y="275.62" b="G"/>
<point x="87.07" y="272.90" b="A"/>
<point x="80.19" y="269.77" b="Y"/>
<point x="73.08" y="266.24" b="G"/>
<point x="66.82" y="262.33" b="C"/>
<point x="60.74" y="258.26" b="N"/>
<point x="54.62" y="253.42" b="C"/>
<point x="48.93" y="248.44" b="C"/>
<point x="43.33" y="243.14" b="G"/>
<point x="38.47" y="237.53" b="C"/>
<point x="33.73" y="231.64" b="C"/>
<point x="29.14" y="225.48" b="G"/>
<point x="25.33" y="219.07" b="C"/>
<point x="21.69" y="212.45" b="C"/>
<point x="18.60" y="205.83" b="N"/>
<point x="15.76" y="198.82" b="N"/>
<point x="13.34" y="191.66" b="N"/>
<point x="11.33" y="184.37" b="N"/>
<point x="9.76" y="176.97" b="N"/>
<point x="8.62" y="169.50" b="N"/>
<point x="7.76" y="161.77" b="U"/>
<point x="7.50" y="154.21" b="C"/>
<point x="7.68" y="146.65" b="C"/>
<point x="8.30" y="139.12" b="C"/>
<point x="9.36" y="131.63" b="R"/>
<point x="11.06" y="124.22" b="Y"/>
<point x="12.77" y="116.91" b="U"/>
<point x="15.32" y="109.72" b="A"/>
<point x="18.09" y="102.69" b="Y"/>
<point x="20.84" y="95.82" b="G"/>
<point x="24.82" y="89.15" b="Y"/>
<point x="28.76" y="82.71" b="A"/>
<point x="32.87" y="76.50" b="U"/>
<point x="37.75" y="70.55" b="A"/>
<point x="42.55" y="64.89" b="U"/>
<point x="47.88" y="59.53" b="C"/>
<point x="53.51" y="54.49" b="C"/>
<point x="59.43" y="49.79" b="U"/>
<point x="65.77" y="45.64" b="N"/>
<point x="72.19" y="41.66" b="N"/>
<point x="78.48" y="37.86" b="G"/>
<point x="85.54" y="34.65" b="U"/>
<point x="92.35" y="31.85" b="G"/>
<point x="99.73" y="29.46" b="C"/>
<point x="106.83" y="27.50" b="G"/>
<point x="114.44" y="25.97" b="C"/>
<point x="122.12" y="24.87" b="Y"/>
<point x="129.45" y="24.21" b="C"/>
<point x="137.21" y="23.98" b="Y"/>
<point x="144.77" y="24.21" b="A"/>
<point x="151.88" y="24.87" b="G"/>
<point x="159.78" y="25.97" b="Y"/>
<point x="167.18" y="27.50" b="Y"/>
<point x="174.28" y="29.46" b="C"/>
<point x="181.45" y="31.85" b="C"/>
<point x="188.62" y="34.86" b="N"/>
<point x="195.32" y="37.86" b="U"/>
<point x="202.17" y="41.46" b="Y"/>
<point x="208.18" y="45.44" b="G"/>
<point x="214.37" y="49.79" b="G"/>
<point x="220.65" y="54.70" b="N"/>
<point x="226.13" y="59.53" b="R"/>
<point x="231.46" y="64.89" b="C"/>
<point x="236.68" y="70.55" b="Y"/>
<point x="241.29" y="76.71" b="N"/>
<point x="245.46" y="82.71" b="U"/>
<point x="249.19" y="89.15" b="G"/>
<point x="253.17" y="95.82" b="A"/>
<point x="256.28" y="102.89" b="N"/>
<point x="258.68" y="109.72" b="G"/>
<point x="261.24" y="116.91" b="R"/>
<point x="262.95" y="124.22" b="G"/>
<point x="264.65" y="131.63" b="U"/>
<point x="265.86" y="139.33" b="N"/>
<point x="266.48" y="146.86" b="N"/>
<point x="266.30" y="154.21" b="G"/>
<point x="266.45" y="161.77" b="Y"/>
<point x="265.75" y="169.29" b="A"/>
<point x="264.55" y="176.97" b="N"/>
<point x="262.98" y="184.37" b="N"/>
<point x="260.97" y="191.66" b="N"/>
<point x="258.55" y="198.82" b="N"/>
<point x="255.77" y="205.62" b="A"/>
<point x="252.52" y="212.45" b="A"/>
<point x="248.68" y="219.07" b="C"/>
<point x="244.66" y="225.48" b="C"/>
<point x="240.49" y="231.64" b="A"/>
<point x="235.54" y="237.53" b="U"/>
<point x="230.26" y="243.14" b="G"/>
<point x="225.08" y="248.44" b="C"/>
<point x="219.39" y="253.42" b="R"/>
<point x="213.42" y="258.05" b="U"/>
<point x="207.40" y="262.33" b="Y"/>
<point x="200.92" y="266.24" b="A"/>
<point x="194.24" y="269.77" b="Y"/>
<point x="187.35" y="272.90" b="A"/>
<point x="180.09" y="275.62" b="C"/>
<point x="173.10" y="277.93" b="A"/>
<point x="165.57" y="279.81" b="U"/>
<point x="158.30" y="281.47" b="N"/>
<point x="150.81" y="282.48" b="N"/>
<point x="143.27" y="283.06" b="N"/>
<point x="143.27" y="290.62" b="N"/>
</structure>