<structure>
<point x="19.60" y="276.84" b="N"/>
<point x="27.02" y="276.63" b="U"/>
<point x="34.58" y="276.63" b="U"/>
<point x="40.13" y="271.29" b="Y"/>
<point x="40.07" y="263.94" b="N"/>
<point x="39.92" y="256.17" b="U"/>
<point x="35.36" y="250.46" b="N"/>
<point x="35.42" y="242.69" b="Y"/>
<point x="39.92" y="236.77" b="R"/>
<point x="40.13" y="229.21" b="Y"/>
<point x="39.92" y="221.65" b="R"/>
<point x="39.71" y="214.09" b="G"/>
<point x="39.71" y="206.53" b="G"/>
<point x="39.92" y="198.97" b="U"/>
<point x="36.97" y="192.29" b="N"/>
<point x="39.71" y="185.18" b="G"/>
<point x="39.71" y="177.62" b="G"/>
<point x="39.71" y="170.06" b="G"/>
<point x="40.13" y="162.50" b="A"/>
<point x="39.92" y="154.94" b="U"/>
<point x="37.03" y="148.05" b="Y"/>
<point x="40.07" y="141.36" b="N"/>
<point x="39.71" y="133.59" b="G"/>
<point x="39.92" y="126.03" b="U"/>
<point x="33.52" y="122.46" b="N"/>
<point x="39.71" y="118.47" b="G"/>
<point x="39.92" y="110.91" b="C"/>
<point x="40.13" y="103.35" b="A"/>
<point x="40.07" y="96.00" b="N"/>
<point x="39.92" y="88.23" b="U"/>
<point x="39.92" y="80.67" b="R"/>
<point x="39.92" y="73.11" b="C"/>
<point x="39.92" y="65.55" b="U"/>
<point x="40.07" y="58.20" b="N"/>
<point x="33.69" y="54.14" b="N"/>
<point x="29.58" y="47.80" b="N"/>
<point x="28.48" y="40.32" b="N"/>
<point x="30.59" y="33.06" b="N"/>
<point x="35.39" y="27.13" b="U"/>
<point x="42.41" y="24.19" b="N"/>
<point x="50.03" y="23.98" b="Y"/>
<point x="56.85" y="27.34" b="N"/>
<point x="61.64" y="32.85" b="U"/>
<point x="63.75" y="40.11" b="R"/>
<point x="62.80" y="47.80" b="N"/>
<point x="58.54" y="53.93" b="R"/>
<point x="52.31" y="58.20" b="N"/>
<point x="52.16" y="65.55" b="R"/>
<point x="51.95" y="73.11" b="G"/>
<point x="52.16" y="80.67" b="U"/>
<point x="52.37" y="88.23" b="A"/>
<point x="52.16" y="95.79" b="U"/>
<point x="52.16" y="103.35" b="U"/>
<point x="51.95" y="110.91" b="G"/>
<point x="52.16" y="118.47" b="C"/>
<point x="52.37" y="126.03" b="A"/>
<point x="52.16" y="133.59" b="C"/>
<point x="52.16" y="141.15" b="U"/>
<point x="55.26" y="148.05" b="U"/>
<point x="51.95" y="154.94" b="G"/>
<point x="52.16" y="162.50" b="U"/>
<point x="52.16" y="170.06" b="C"/>
<point x="52.16" y="177.62" b="C"/>
<point x="52.16" y="185.18" b="C"/>
<point x="55.05" y="192.08" b="G"/>
<point x="51.95" y="198.97" b="G"/>
<point x="52.16" y="206.53" b="C"/>
<point x="52.16" y="214.09" b="C"/>
<point x="52.16" y="221.65" b="U"/>
<point x="51.95" y="229.21" b="G"/>
<point x="52.16" y="236.77" b="U"/>
<point x="56.87" y="242.69" b="R"/>
<point x="56.66" y="250.25" b="G"/>
<point x="52.37" y="256.17" b="A"/>
<point x="52.16" y="263.73" b="R"/>
<point x="51.95" y="271.29" b="G"/>
<point x="57.71" y="276.63" b="A"/>
<point x="65.22" y="276.84" b="N"/>
<point x="72.63" y="276.63" b="R"/>
<point x="80.19" y="276.63" b="R"/>
</structure>