<structure>
<point x="19.60" y="132.16" b="N"/>
<point x="27.16" y="132.16" b="N"/>
<point x="34.73" y="132.16" b="N"/>
<point x="42.28" y="132.16" b="N"/>
<point x="49.84" y="132.16" b="N"/>
<point x="57.41" y="132.16" b="N"/>
<point x="64.97" y="132.16" b="N"/>
<point x="72.53" y="132.16" b="N"/>
<point x="80.09" y="132.16" b="N"/>
<point x="87.65" y="132.16" b="N"/>
<point x="95.20" y="132.16" b="N"/>
<point x="102.77" y="132.16" b="N"/>
<point x="110.33" y="132.16" b="N"/>
<point x="117.89" y="132.16" b="N"/>
<point x="125.45" y="132.16" b="N"/>
<point x="133.00" y="132.16" b="N"/>
<point x="140.56" y="132.16" b="N"/>
<point x="145.91" y="126.81" b="N"/>
<point x="145.91" y="119.25" b="N"/>
<point x="145.97" y="111.49" b="Y"/>
<point x="145.76" y="103.93" b="U"/>
<point x="145.76" y="96.37" b="C"/>
<point x="145.76" y="88.81" b="R"/>
<point x="145.76" y="81.25" b="U"/>
<point x="145.97" y="73.69" b="A"/>
<point x="138.78" y="70.77" b="U"/>
<point x="133.19" y="65.92" b="A"/>
<point x="129.03" y="59.78" b="N"/>
<point x="126.99" y="52.50" b="N"/>
<point x="119.55" y="51.37" b="Y"/>
<point x="111.99" y="50.66" b="N"/>
<point x="104.54" y="49.52" b="Y"/>
<point x="96.83" y="48.60" b="R"/>
<point x="89.33" y="47.68" b="R"/>
<point x="81.97" y="46.96" b="N"/>
<point x="75.50" y="50.90" b="R"/>
<point x="68.17" y="50.38" b="A"/>
<point x="62.27" y="45.40" b="U"/>
<point x="60.96" y="37.99" b="A"/>
<point x="64.23" y="31.17" b="Y"/>
<point x="70.54" y="27.73" b="G"/>
<point x="77.98" y="29.05" b="G"/>
<point x="83.52" y="34.60" b="Y"/>
<point x="91.03" y="35.53" b="Y"/>
<point x="98.53" y="36.45" b="Y"/>
<point x="105.83" y="37.38" b="R"/>
<point x="113.48" y="38.51" b="N"/>
<point x="120.83" y="39.22" b="R"/>
<point x="128.49" y="40.35" b="N"/>
<point x="131.87" y="33.58" b="G"/>
<point x="137.60" y="28.41" b="U"/>
<point x="144.61" y="25.12" b="Y"/>
<point x="151.88" y="23.98" b="U"/>
<point x="159.35" y="25.12" b="C"/>
<point x="166.16" y="28.41" b="U"/>
<point x="171.89" y="33.58" b="A"/>
<point x="175.42" y="40.15" b="C"/>
<point x="177.05" y="47.53" b="C"/>
<point x="184.49" y="48.87" b="R"/>
<point x="191.93" y="50.21" b="R"/>
<point x="199.37" y="51.55" b="R"/>
<point x="207.02" y="52.89" b="Y"/>
<point x="214.40" y="54.44" b="N"/>
<point x="221.84" y="55.78" b="N"/>
<point x="228.24" y="51.79" b="C"/>
<point x="235.74" y="52.73" b="C"/>
<point x="241.14" y="58.02" b="R"/>
<point x="242.24" y="65.50" b="U"/>
<point x="238.81" y="72.12" b="A"/>
<point x="231.90" y="75.19" b="A"/>
<point x="224.54" y="73.45" b="A"/>
<point x="219.67" y="67.83" b="N"/>
<point x="212.23" y="66.49" b="N"/>
<point x="204.64" y="64.94" b="R"/>
<point x="197.41" y="63.60" b="Y"/>
<point x="189.97" y="62.26" b="Y"/>
<point x="182.47" y="61.12" b="N"/>
<point x="174.67" y="59.58" b="G"/>
<point x="170.98" y="65.92" b="A"/>
<point x="164.98" y="70.77" b="C"/>
<point x="158.00" y="73.69" b="U"/>
<point x="158.21" y="81.25" b="A"/>
<point x="158.21" y="88.81" b="Y"/>
<point x="157.79" y="96.37" b="G"/>
<point x="158.00" y="103.93" b="R"/>
<point x="158.00" y="111.49" b="R"/>
<point x="158.15" y="119.25" b="N"/>
<point x="158.00" y="126.61" b="R"/>
<point x="163.35" y="131.95" b="R"/>
<point x="171.06" y="132.16" b="N"/>
<point x="178.62" y="132.16" b="N"/>
<point x="186.18" y="132.16" b="N"/>
<point x="193.74" y="132.16" b="N"/>
<point x="201.30" y="132.16" b="N"/>
<point x="208.86" y="132.16" b="N"/>
<point x="216.42" y="132.16" b="N"/>
<point x="223.98" y="132.16" b="N"/>
<point x="231.54" y="132.16" b="N"/>
<point x="239.10" y="132.16" b="N"/>
<point x="246.66" y="132.16" b="N"/>
<point x="254.22" y="132.16" b="N"/>
<point x="261.78" y="132.16" b="N"/>
</structure>