<structure>
<point x="19.45" y="237.37" b="U"/>
<point x="27.22" y="237.37" b="A"/>
<point x="32.36" y="232.02" b="U"/>
<point x="32.36" y="224.46" b="U"/>
<point x="32.57" y="216.90" b="A"/>
<point x="32.57" y="209.34" b="A"/>
<point x="32.36" y="201.78" b="C"/>
<point x="32.36" y="194.22" b="C"/>
<point x="32.36" y="186.66" b="U"/>
<point x="27.80" y="180.95" b="N"/>
<point x="27.80" y="173.39" b="N"/>
<point x="32.57" y="167.27" b="Y"/>
<point x="32.36" y="159.71" b="C"/>
<point x="32.51" y="152.35" b="N"/>
<point x="32.15" y="144.59" b="G"/>
<point x="29.26" y="137.69" b="C"/>
<point x="32.51" y="131.00" b="N"/>
<point x="32.36" y="123.23" b="C"/>
<point x="32.36" y="115.67" b="C"/>
<point x="32.51" y="108.32" b="N"/>
<point x="32.15" y="100.56" b="G"/>
<point x="29.26" y="93.66" b="R"/>
<point x="32.15" y="86.76" b="G"/>
<point x="32.36" y="79.20" b="U"/>
<point x="32.36" y="71.64" b="U"/>
<point x="32.15" y="64.08" b="G"/>
<point x="25.62" y="61.18" b="N"/>
<point x="25.47" y="53.41" b="C"/>
<point x="32.51" y="50.50" b="N"/>
<point x="32.15" y="42.73" b="G"/>
<point x="28.10" y="36.49" b="U"/>
<point x="29.24" y="28.99" b="Y"/>
<point x="34.70" y="23.98" b="U"/>
<point x="42.47" y="23.98" b="Y"/>
<point x="47.93" y="28.99" b="R"/>
<point x="49.01" y="36.70" b="N"/>
<point x="44.60" y="42.73" b="C"/>
<point x="44.75" y="50.50" b="N"/>
<point x="47.70" y="57.19" b="C"/>
<point x="44.81" y="64.08" b="Y"/>
<point x="44.81" y="71.64" b="A"/>
<point x="44.81" y="79.20" b="A"/>
<point x="44.60" y="86.76" b="C"/>
<point x="47.91" y="93.66" b="Y"/>
<point x="44.60" y="100.56" b="C"/>
<point x="44.75" y="108.32" b="N"/>
<point x="44.39" y="115.67" b="G"/>
<point x="44.75" y="123.44" b="N"/>
<point x="44.75" y="131.00" b="N"/>
<point x="47.70" y="137.69" b="C"/>
<point x="44.60" y="144.59" b="C"/>
<point x="44.75" y="152.35" b="N"/>
<point x="44.39" y="159.71" b="G"/>
<point x="44.75" y="167.47" b="N"/>
<point x="49.51" y="173.18" b="A"/>
<point x="49.10" y="180.74" b="G"/>
<point x="44.81" y="186.66" b="A"/>
<point x="44.39" y="194.22" b="G"/>
<point x="44.39" y="201.78" b="G"/>
<point x="44.60" y="209.34" b="U"/>
<point x="44.60" y="216.90" b="U"/>
<point x="44.60" y="224.46" b="R"/>
<point x="44.60" y="232.02" b="R"/>
<point x="49.95" y="237.37" b="C"/>
<point x="57.71" y="237.37" b="A"/>
<point x="65.27" y="237.37" b="A"/>
</structure>