<structure>
<point x="162.91" y="461.15" b="A"/>
<point x="170.26" y="461.15" b="U"/>
<point x="177.97" y="461.35" b="N"/>
<point x="185.17" y="461.15" b="G"/>
<point x="190.73" y="455.80" b="R"/>
<point x="190.73" y="448.24" b="C"/>
<point x="190.52" y="440.68" b="G"/>
<point x="190.73" y="433.12" b="R"/>
<point x="183.41" y="432.44" b="Y"/>
<point x="175.88" y="431.45" b="N"/>
<point x="168.52" y="429.74" b="N"/>
<point x="161.29" y="427.52" b="N"/>
<point x="154.23" y="424.81" b="N"/>
<point x="147.38" y="421.63" b="N"/>
<point x="140.76" y="417.98" b="N"/>
<point x="134.41" y="413.88" b="N"/>
<point x="128.35" y="409.35" b="N"/>
<point x="122.68" y="404.21" b="Y"/>
<point x="117.25" y="399.10" b="N"/>
<point x="112.26" y="393.42" b="N"/>
<point x="107.66" y="387.42" b="N"/>
<point x="103.50" y="381.11" b="N"/>
<point x="99.77" y="374.53" b="N"/>
<point x="96.51" y="367.71" b="N"/>
<point x="93.58" y="360.47" b="R"/>
<point x="91.50" y="353.27" b="A"/>
<point x="89.50" y="345.92" b="R"/>
<point x="88.37" y="338.68" b="N"/>
<point x="87.61" y="331.16" b="N"/>
<point x="87.37" y="323.60" b="N"/>
<point x="87.70" y="315.84" b="A"/>
<point x="88.09" y="308.32" b="G"/>
<point x="89.61" y="300.88" b="C"/>
<point x="91.64" y="293.54" b="Y"/>
<point x="93.91" y="286.55" b="N"/>
<point x="96.73" y="279.54" b="N"/>
<point x="100.02" y="272.73" b="N"/>
<point x="103.78" y="266.17" b="N"/>
<point x="108.03" y="259.68" b="A"/>
<point x="112.60" y="253.90" b="N"/>
<point x="117.47" y="248.04" b="U"/>
<point x="123.02" y="242.96" b="N"/>
<point x="128.62" y="237.85" b="R"/>
<point x="134.85" y="233.56" b="N"/>
<point x="141.22" y="229.49" b="N"/>
<point x="147.71" y="225.66" b="C"/>
<point x="144.70" y="218.72" b="U"/>
<point x="141.90" y="211.79" b="A"/>
<point x="138.69" y="204.85" b="C"/>
<point x="135.68" y="197.91" b="C"/>
<point x="128.27" y="198.00" b="N"/>
<point x="125.27" y="191.06" b="N"/>
<point x="130.20" y="185.26" b="C"/>
<point x="123.02" y="183.64" b="A"/>
<point x="117.13" y="179.04" b="N"/>
<point x="114.12" y="172.10" b="N"/>
<point x="114.66" y="164.35" b="A"/>
<point x="118.32" y="157.85" b="U"/>
<point x="115.10" y="150.91" b="G"/>
<point x="112.10" y="143.98" b="G"/>
<point x="105.00" y="143.11" b="A"/>
<point x="109.09" y="137.04" b="G"/>
<point x="106.50" y="130.11" b="A"/>
<point x="103.49" y="123.17" b="A"/>
<point x="100.86" y="130.33" b="R"/>
<point x="97.50" y="137.23" b="N"/>
<point x="93.06" y="143.10" b="Y"/>
<point x="87.62" y="148.61" b="N"/>
<point x="81.48" y="153.02" b="N"/>
<point x="74.73" y="156.43" b="N"/>
<point x="67.53" y="158.76" b="N"/>
<point x="59.71" y="159.73" b="G"/>
<point x="52.36" y="159.75" b="U"/>
<point x="44.89" y="158.60" b="U"/>
<point x="37.68" y="156.30" b="R"/>
<point x="31.13" y="152.92" b="A"/>
<point x="24.76" y="148.54" b="C"/>
<point x="19.35" y="143.25" b="R"/>
<point x="14.83" y="137.20" b="U"/>
<point x="11.44" y="130.72" b="N"/>
<point x="8.62" y="123.37" b="G"/>
<point x="7.71" y="115.92" b="A"/>
<point x="7.50" y="108.57" b="N"/>
<point x="8.15" y="100.87" b="G"/>
<point x="10.67" y="93.84" b="N"/>
<point x="13.98" y="86.80" b="A"/>
<point x="17.83" y="80.56" b="G"/>
<point x="23.42" y="75.06" b="A"/>
<point x="29.34" y="70.63" b="N"/>
<point x="35.95" y="66.97" b="N"/>
<point x="43.05" y="64.37" b="N"/>
<point x="50.47" y="62.91" b="N"/>
<point x="58.02" y="62.60" b="N"/>
<point x="65.53" y="63.47" b="N"/>
<point x="72.82" y="65.49" b="N"/>
<point x="79.76" y="68.41" b="A"/>
<point x="76.34" y="61.47" b="G"/>
<point x="73.75" y="54.54" b="Y"/>
<point x="69.14" y="60.68" b="C"/>
<point x="61.80" y="62.51" b="C"/>
<point x="55.17" y="59.37" b="N"/>
<point x="52.02" y="52.23" b="U"/>
<point x="54.21" y="45.00" b="U"/>
<point x="60.77" y="40.90" b="Y"/>
<point x="68.21" y="42.09" b="N"/>
<point x="62.25" y="37.04" b="U"/>
<point x="61.94" y="29.70" b="N"/>
<point x="66.97" y="23.98" b="R"/>
<point x="74.68" y="24.18" b="N"/>
<point x="79.87" y="29.68" b="N"/>
<point x="79.44" y="37.22" b="N"/>
<point x="85.02" y="42.32" b="N"/>
<point x="84.92" y="49.88" b="N"/>
<point x="87.78" y="56.61" b="C"/>
<point x="90.79" y="63.54" b="U"/>
<point x="98.47" y="63.13" b="N"/>
<point x="105.98" y="64.17" b="Y"/>
<point x="112.90" y="67.22" b="A"/>
<point x="118.64" y="71.88" b="R"/>
<point x="123.42" y="78.08" b="N"/>
<point x="126.27" y="84.80" b="R"/>
<point x="127.27" y="92.27" b="G"/>
<point x="127.02" y="99.80" b="A"/>
<point x="124.10" y="106.93" b="G"/>
<point x="120.33" y="113.23" b="Y"/>
<point x="114.52" y="118.30" b="U"/>
<point x="117.52" y="125.24" b="U"/>
<point x="120.53" y="132.18" b="C"/>
<point x="123.54" y="139.11" b="C"/>
<point x="126.54" y="146.05" b="C"/>
<point x="129.55" y="152.99" b="R"/>
<point x="136.66" y="150.42" b="C"/>
<point x="144.34" y="151.60" b="A"/>
<point x="150.10" y="156.23" b="R"/>
<point x="153.11" y="163.17" b="U"/>
<point x="152.40" y="170.70" b="U"/>
<point x="148.16" y="176.95" b="U"/>
<point x="141.22" y="180.39" b="G"/>
<point x="147.22" y="185.49" b="A"/>
<point x="146.70" y="193.05" b="G"/>
<point x="149.71" y="199.98" b="G"/>
<point x="152.92" y="206.92" b="U"/>
<point x="156.14" y="213.86" b="A"/>
<point x="158.73" y="220.79" b="G"/>
<point x="166.27" y="218.63" b="N"/>
<point x="173.65" y="216.56" b="A"/>
<point x="180.67" y="215.20" b="G"/>
<point x="188.39" y="214.35" b="C"/>
<point x="196.09" y="214.24" b="N"/>
<point x="203.65" y="214.44" b="N"/>
<point x="211.23" y="214.95" b="A"/>
<point x="212.21" y="207.52" b="G"/>
<point x="213.82" y="200.09" b="C"/>
<point x="215.42" y="192.66" b="A"/>
<point x="216.40" y="185.23" b="G"/>
<point x="217.79" y="177.80" b="G"/>
<point x="219.40" y="170.37" b="U"/>
<point x="220.79" y="162.94" b="C"/>
<point x="222.39" y="155.51" b="A"/>
<point x="218.45" y="148.94" b="C"/>
<point x="219.59" y="141.65" b="N"/>
<point x="224.92" y="136.29" b="N"/>
<point x="232.41" y="135.24" b="N"/>
<point x="239.00" y="138.93" b="N"/>
<point x="242.08" y="145.65" b="A"/>
<point x="240.29" y="153.00" b="A"/>
<point x="234.22" y="157.77" b="U"/>
<point x="232.61" y="165.20" b="G"/>
<point x="231.63" y="172.63" b="A"/>
<point x="230.03" y="180.06" b="C"/>
<point x="228.64" y="187.49" b="C"/>
<point x="234.58" y="192.41" b="A"/>
<point x="227.24" y="194.92" b="U"/>
<point x="225.64" y="202.35" b="G"/>
<point x="224.45" y="209.78" b="C"/>
<point x="223.06" y="217.21" b="U"/>
<point x="230.54" y="219.27" b="A"/>
<point x="237.65" y="221.82" b="A"/>
<point x="244.37" y="224.86" b="U"/>
<point x="250.85" y="228.37" b="G"/>
<point x="255.16" y="222.02" b="C"/>
<point x="259.47" y="215.67" b="Y"/>
<point x="263.57" y="209.32" b="A"/>
<point x="267.25" y="202.97" b="G"/>
<point x="271.77" y="196.61" b="A"/>
<point x="275.45" y="190.26" b="G"/>
<point x="279.76" y="183.91" b="C"/>
<point x="279.71" y="176.56" b="N"/>
<point x="284.42" y="170.56" b="U"/>
<point x="291.89" y="169.43" b="U"/>
<point x="298.25" y="173.53" b="U"/>
<point x="300.29" y="180.80" b="U"/>
<point x="297.01" y="187.61" b="C"/>
<point x="289.84" y="190.55" b="G"/>
<point x="285.95" y="196.90" b="C"/>
<point x="289.60" y="203.62" b="A"/>
<point x="281.85" y="203.25" b="U"/>
<point x="277.75" y="209.60" b="C"/>
<point x="273.65" y="215.95" b="U"/>
<point x="269.55" y="222.31" b="R"/>
<point x="265.24" y="228.66" b="G"/>
<point x="261.35" y="235.01" b="C"/>
<point x="267.51" y="239.67" b="Y"/>
<point x="273.08" y="244.93" b="N"/>
<point x="278.33" y="250.36" b="N"/>
<point x="283.21" y="256.14" b="N"/>
<point x="287.73" y="262.03" b="A"/>
<point x="291.76" y="268.43" b="A"/>
<point x="295.34" y="275.09" b="A"/>
<point x="298.45" y="281.98" b="Y"/>
<point x="300.88" y="289.06" b="U"/>
<point x="303.01" y="296.32" b="R"/>
<point x="310.64" y="294.84" b="A"/>
<point x="317.85" y="293.37" b="U"/>
<point x="325.26" y="291.89" b="C"/>
<point x="332.46" y="290.42" b="G"/>
<point x="333.74" y="282.91" b="A"/>
<point x="336.12" y="275.81" b="R"/>
<point x="340.45" y="269.71" b="N"/>
<point x="346.04" y="264.36" b="Y"/>
<point x="352.21" y="260.64" b="G"/>
<point x="359.48" y="258.57" b="G"/>
<point x="367.45" y="258.26" b="A"/>
<point x="374.45" y="259.72" b="G"/>
<point x="381.32" y="262.88" b="G"/>
<point x="387.47" y="267.55" b="U"/>
<point x="392.31" y="273.69" b="N"/>
<point x="395.47" y="280.56" b="N"/>
<point x="396.95" y="287.97" b="N"/>
<point x="396.65" y="295.53" b="N"/>
<point x="394.59" y="302.80" b="N"/>
<point x="390.74" y="309.19" b="C"/>
<point x="385.75" y="314.94" b="N"/>
<point x="379.45" y="319.12" b="N"/>
<point x="372.20" y="321.52" b="C"/>
<point x="364.84" y="322.59" b="N"/>
<point x="356.98" y="321.48" b="G"/>
<point x="350.25" y="319.04" b="N"/>
<point x="343.98" y="314.82" b="N"/>
<point x="338.93" y="309.04" b="A"/>
<point x="335.06" y="302.43" b="C"/>
<point x="327.44" y="303.90" b="G"/>
<point x="320.44" y="305.37" b="A"/>
<point x="312.82" y="306.85" b="U"/>
<point x="305.40" y="308.32" b="C"/>
<point x="306.41" y="315.84" b="Y"/>
<point x="306.48" y="323.39" b="U"/>
<point x="306.24" y="330.95" b="R"/>
<point x="305.26" y="338.47" b="G"/>
<point x="304.40" y="345.92" b="A"/>
<point x="302.41" y="353.27" b="C"/>
<point x="300.32" y="360.47" b="A"/>
<point x="297.33" y="367.50" b="U"/>
<point x="294.22" y="374.53" b="N"/>
<point x="290.14" y="380.90" b="G"/>
<point x="285.97" y="387.21" b="G"/>
<point x="281.74" y="393.42" b="N"/>
<point x="276.80" y="398.89" b="A"/>
<point x="271.01" y="404.21" b="G"/>
<point x="265.70" y="409.14" b="Y"/>
<point x="259.23" y="413.67" b="G"/>
<point x="253.09" y="417.77" b="C"/>
<point x="246.47" y="421.42" b="R"/>
<point x="239.61" y="424.61" b="C"/>
<point x="232.55" y="427.31" b="C"/>
<point x="225.48" y="429.74" b="N"/>
<point x="217.75" y="431.24" b="G"/>
<point x="210.50" y="432.44" b="C"/>
<point x="203.18" y="433.12" b="Y"/>
<point x="202.97" y="440.68" b="C"/>
<point x="202.76" y="448.24" b="G"/>
<point x="203.18" y="455.80" b="Y"/>
<point x="208.52" y="461.15" b="A"/>
<point x="215.66" y="461.15" b="G"/>
<point x="223.64" y="461.15" b="A"/>
<point x="231.20" y="461.15" b="A"/>
<point x="238.55" y="461.15" b="U"/>
</structure>