<structure>
<point x="91.18" y="226.00" b="Y"/>
<point x="90.77" y="218.44" b="G"/>
<point x="91.18" y="210.88" b="Y"/>
<point x="90.77" y="203.32" b="G"/>
<point x="83.61" y="202.69" b="N"/>
<point x="76.25" y="201.02" b="A"/>
<point x="68.78" y="198.94" b="U"/>
<point x="61.50" y="196.26" b="G"/>
<point x="55.10" y="192.99" b="A"/>
<point x="48.37" y="189.16" b="U"/>
<point x="41.99" y="184.80" b="G"/>
<point x="36.62" y="179.93" b="A"/>
<point x="31.06" y="174.59" b="C"/>
<point x="26.38" y="168.82" b="A"/>
<point x="21.80" y="162.66" b="C"/>
<point x="17.95" y="156.15" b="C"/>
<point x="14.66" y="149.35" b="U"/>
<point x="12.16" y="142.29" b="Y"/>
<point x="9.85" y="135.03" b="R"/>
<point x="8.16" y="127.61" b="G"/>
<point x="7.66" y="120.31" b="N"/>
<point x="7.50" y="112.54" b="A"/>
<point x="7.86" y="105.20" b="N"/>
<point x="8.76" y="97.51" b="U"/>
<point x="10.23" y="90.14" b="G"/>
<point x="12.73" y="82.93" b="C"/>
<point x="15.61" y="75.94" b="U"/>
<point x="18.87" y="69.23" b="G"/>
<point x="23.30" y="62.82" b="Y"/>
<point x="27.64" y="56.78" b="R"/>
<point x="32.82" y="51.35" b="N"/>
<point x="38.37" y="45.94" b="A"/>
<point x="44.22" y="41.43" b="N"/>
<point x="50.57" y="37.02" b="Y"/>
<point x="57.12" y="33.57" b="N"/>
<point x="63.87" y="30.28" b="C"/>
<point x="71.01" y="27.78" b="C"/>
<point x="78.12" y="25.89" b="G"/>
<point x="85.99" y="24.62" b="A"/>
<point x="93.47" y="24.19" b="N"/>
<point x="100.88" y="23.98" b="U"/>
<point x="108.41" y="24.62" b="R"/>
<point x="116.07" y="25.89" b="Y"/>
<point x="122.97" y="27.78" b="G"/>
<point x="130.32" y="30.28" b="C"/>
<point x="137.37" y="33.57" b="N"/>
<point x="143.62" y="37.02" b="G"/>
<point x="150.12" y="41.23" b="U"/>
<point x="155.82" y="45.94" b="G"/>
<point x="161.31" y="51.14" b="G"/>
<point x="166.34" y="56.78" b="G"/>
<point x="170.88" y="62.82" b="G"/>
<point x="175.32" y="69.23" b="A"/>
<point x="178.58" y="75.94" b="R"/>
<point x="181.25" y="82.93" b="G"/>
<point x="183.76" y="90.14" b="C"/>
<point x="185.43" y="97.51" b="C"/>
<point x="186.69" y="105.00" b="A"/>
<point x="187.10" y="112.54" b="A"/>
<point x="186.68" y="120.10" b="C"/>
<point x="185.82" y="127.61" b="C"/>
<point x="184.34" y="135.03" b="U"/>
<point x="182.24" y="142.29" b="U"/>
<point x="179.32" y="149.35" b="G"/>
<point x="176.04" y="156.15" b="G"/>
<point x="172.60" y="162.66" b="A"/>
<point x="167.80" y="168.82" b="G"/>
<point x="163.33" y="174.59" b="A"/>
<point x="157.56" y="179.93" b="G"/>
<point x="151.99" y="184.80" b="C"/>
<point x="145.82" y="189.16" b="U"/>
<point x="139.09" y="192.99" b="G"/>
<point x="132.69" y="196.26" b="A"/>
<point x="125.21" y="198.94" b="G"/>
<point x="118.15" y="201.02" b="C"/>
<point x="110.52" y="202.48" b="G"/>
<point x="103.42" y="203.32" b="Y"/>
<point x="103.01" y="210.88" b="G"/>
<point x="103.22" y="218.44" b="C"/>
<point x="103.22" y="226.00" b="R"/>
</structure>