<structure>
<point x="202.11" y="231.32" b="N"/>
<point x="209.52" y="231.11" b="R"/>
<point x="217.23" y="231.32" b="N"/>
<point x="224.79" y="231.32" b="N"/>
<point x="232.35" y="231.32" b="N"/>
<point x="237.69" y="225.97" b="N"/>
<point x="237.69" y="218.41" b="N"/>
<point x="237.54" y="210.65" b="R"/>
<point x="237.69" y="203.29" b="N"/>
<point x="237.75" y="195.53" b="A"/>
<point x="237.34" y="187.97" b="G"/>
<point x="230.59" y="185.53" b="A"/>
<point x="223.85" y="181.40" b="G"/>
<point x="218.74" y="175.82" b="G"/>
<point x="215.58" y="169.16" b="Y"/>
<point x="213.35" y="161.82" b="G"/>
<point x="206.03" y="161.18" b="C"/>
<point x="198.49" y="160.53" b="R"/>
<point x="191.11" y="160.09" b="N"/>
<point x="183.58" y="159.44" b="N"/>
<point x="176.05" y="158.79" b="N"/>
<point x="168.51" y="158.14" b="N"/>
<point x="161.04" y="157.28" b="Y"/>
<point x="153.45" y="156.84" b="N"/>
<point x="151.09" y="163.80" b="A"/>
<point x="146.13" y="169.76" b="N"/>
<point x="139.44" y="173.28" b="N"/>
<point x="131.97" y="173.86" b="A"/>
<point x="124.28" y="171.80" b="G"/>
<point x="118.50" y="167.19" b="U"/>
<point x="114.86" y="160.68" b="A"/>
<point x="113.65" y="153.42" b="N"/>
<point x="106.11" y="152.77" b="N"/>
<point x="98.58" y="152.12" b="N"/>
<point x="91.05" y="151.47" b="N"/>
<point x="83.52" y="150.82" b="N"/>
<point x="76.04" y="149.97" b="Y"/>
<point x="68.45" y="149.53" b="N"/>
<point x="60.92" y="148.88" b="N"/>
<point x="57.63" y="155.68" b="N"/>
<point x="52.60" y="161.32" b="N"/>
<point x="46.21" y="165.37" b="N"/>
<point x="38.96" y="167.51" b="N"/>
<point x="31.25" y="167.37" b="R"/>
<point x="24.11" y="165.58" b="N"/>
<point x="17.50" y="161.44" b="R"/>
<point x="12.51" y="156.11" b="N"/>
<point x="9.09" y="149.36" b="N"/>
<point x="7.50" y="141.74" b="R"/>
<point x="8.30" y="134.41" b="N"/>
<point x="10.99" y="127.34" b="N"/>
<point x="15.51" y="121.29" b="N"/>
<point x="21.52" y="116.70" b="N"/>
<point x="28.61" y="113.73" b="Y"/>
<point x="35.93" y="113.00" b="R"/>
<point x="43.37" y="114.36" b="R"/>
<point x="50.35" y="117.71" b="Y"/>
<point x="55.54" y="122.79" b="G"/>
<point x="59.95" y="129.21" b="A"/>
<point x="61.97" y="136.68" b="N"/>
<point x="69.50" y="137.33" b="N"/>
<point x="76.89" y="137.77" b="R"/>
<point x="84.57" y="138.63" b="N"/>
<point x="92.10" y="139.28" b="N"/>
<point x="99.63" y="139.93" b="N"/>
<point x="107.16" y="140.57" b="N"/>
<point x="114.75" y="141.01" b="Y"/>
<point x="118.39" y="134.63" b="G"/>
<point x="124.86" y="130.10" b="A"/>
<point x="132.13" y="128.03" b="A"/>
<point x="139.45" y="128.68" b="R"/>
<point x="146.05" y="131.96" b="G"/>
<point x="151.24" y="137.46" b="G"/>
<point x="154.50" y="144.65" b="N"/>
<point x="161.88" y="145.09" b="R"/>
<point x="169.56" y="145.95" b="N"/>
<point x="177.10" y="146.59" b="N"/>
<point x="184.48" y="147.03" b="R"/>
<point x="192.16" y="147.89" b="N"/>
<point x="199.75" y="148.33" b="Y"/>
<point x="206.87" y="148.98" b="G"/>
<point x="214.61" y="149.63" b="C"/>
<point x="217.65" y="142.71" b="C"/>
<point x="222.10" y="136.76" b="G"/>
<point x="228.50" y="132.14" b="A"/>
<point x="235.45" y="129.15" b="A"/>
<point x="234.65" y="121.61" b="R"/>
<point x="234.27" y="114.08" b="Y"/>
<point x="233.62" y="106.75" b="N"/>
<point x="232.88" y="99.00" b="R"/>
<point x="232.44" y="91.67" b="N"/>
<point x="231.85" y="84.14" b="N"/>
<point x="231.25" y="76.60" b="N"/>
<point x="230.51" y="68.86" b="R"/>
<point x="229.92" y="61.32" b="R"/>
<point x="229.48" y="53.99" b="N"/>
<point x="228.89" y="46.45" b="N"/>
<point x="223.57" y="41.09" b="N"/>
<point x="222.58" y="33.59" b="N"/>
<point x="226.32" y="27.02" b="N"/>
<point x="233.27" y="24.06" b="N"/>
<point x="240.66" y="25.70" b="Y"/>
<point x="245.33" y="31.81" b="N"/>
<point x="245.51" y="39.36" b="N"/>
<point x="241.09" y="45.50" b="N"/>
<point x="241.68" y="53.03" b="N"/>
<point x="242.27" y="60.57" b="N"/>
<point x="242.92" y="67.90" b="Y"/>
<point x="243.46" y="75.64" b="N"/>
<point x="244.05" y="83.18" b="N"/>
<point x="244.64" y="90.72" b="N"/>
<point x="245.29" y="98.05" b="Y"/>
<point x="245.88" y="105.58" b="Y"/>
<point x="246.05" y="113.12" b="G"/>
<point x="247.06" y="120.66" b="Y"/>
<point x="247.44" y="128.19" b="U"/>
<point x="254.56" y="130.06" b="G"/>
<point x="258.69" y="123.73" b="G"/>
<point x="263.18" y="117.61" b="N"/>
<point x="267.32" y="111.28" b="N"/>
<point x="271.45" y="104.95" b="N"/>
<point x="275.64" y="98.41" b="Y"/>
<point x="279.56" y="92.08" b="R"/>
<point x="283.90" y="85.75" b="Y"/>
<point x="287.83" y="79.42" b="R"/>
<point x="292.11" y="73.30" b="N"/>
<point x="296.24" y="66.97" b="N"/>
<point x="297.09" y="59.45" b="N"/>
<point x="303.19" y="54.71" b="A"/>
<point x="310.64" y="55.99" b="A"/>
<point x="314.75" y="62.50" b="N"/>
<point x="313.03" y="69.86" b="N"/>
<point x="306.34" y="73.45" b="R"/>
<point x="302.36" y="79.99" b="N"/>
<point x="298.23" y="86.32" b="N"/>
<point x="293.95" y="92.44" b="R"/>
<point x="290.02" y="98.77" b="Y"/>
<point x="285.83" y="105.31" b="N"/>
<point x="281.55" y="111.43" b="R"/>
<point x="277.57" y="117.97" b="N"/>
<point x="273.49" y="124.09" b="A"/>
<point x="269.36" y="130.43" b="Y"/>
<point x="265.02" y="136.76" b="U"/>
<point x="269.47" y="142.71" b="G"/>
<point x="272.72" y="149.63" b="U"/>
<point x="280.25" y="148.98" b="C"/>
<point x="287.99" y="148.33" b="A"/>
<point x="295.52" y="147.68" b="Y"/>
<point x="303.00" y="147.24" b="N"/>
<point x="310.38" y="146.39" b="R"/>
<point x="318.06" y="145.95" b="N"/>
<point x="323.92" y="141.16" b="N"/>
<point x="331.47" y="141.45" b="N"/>
<point x="336.94" y="146.67" b="N"/>
<point x="337.59" y="154.20" b="N"/>
<point x="333.09" y="160.28" b="N"/>
<point x="325.70" y="161.85" b="N"/>
<point x="319.12" y="158.14" b="N"/>
<point x="311.64" y="158.58" b="Y"/>
<point x="304.11" y="159.23" b="Y"/>
<point x="296.37" y="159.88" b="R"/>
<point x="288.84" y="160.53" b="U"/>
<point x="281.09" y="161.18" b="G"/>
<point x="273.56" y="161.82" b="G"/>
<point x="272.16" y="169.16" b="A"/>
<point x="268.17" y="175.82" b="G"/>
<point x="263.42" y="181.60" b="N"/>
<point x="256.73" y="185.53" b="G"/>
<point x="249.78" y="187.97" b="C"/>
<point x="249.78" y="195.53" b="U"/>
<point x="249.99" y="203.09" b="A"/>
<point x="249.99" y="210.65" b="Y"/>
<point x="249.99" y="218.21" b="Y"/>
<point x="249.94" y="225.97" b="N"/>
<point x="255.28" y="231.32" b="N"/>
<point x="262.84" y="231.32" b="N"/>
<point x="270.40" y="231.32" b="N"/>
<point x="277.96" y="231.32" b="N"/>
<point x="285.52" y="231.32" b="N"/>
</structure>