<structure>
<point x="19.45" y="166.69" b="U"/>
<point x="27.02" y="166.69" b="R"/>
<point x="34.73" y="166.90" b="N"/>
<point x="39.92" y="161.34" b="R"/>
<point x="40.13" y="153.78" b="A"/>
<point x="40.13" y="146.22" b="A"/>
<point x="40.07" y="138.87" b="N"/>
<point x="40.07" y="131.31" b="N"/>
<point x="40.13" y="123.54" b="Y"/>
<point x="39.92" y="115.98" b="R"/>
<point x="39.92" y="108.42" b="C"/>
<point x="39.92" y="100.86" b="U"/>
<point x="39.92" y="93.30" b="C"/>
<point x="35.66" y="87.06" b="C"/>
<point x="36.74" y="79.77" b="N"/>
<point x="42.41" y="74.76" b="N"/>
<point x="49.82" y="74.55" b="U"/>
<point x="55.64" y="79.77" b="N"/>
<point x="56.42" y="87.06" b="U"/>
<point x="51.95" y="93.30" b="G"/>
<point x="52.31" y="101.07" b="N"/>
<point x="51.95" y="108.42" b="G"/>
<point x="52.16" y="115.98" b="U"/>
<point x="51.95" y="123.54" b="G"/>
<point x="52.31" y="131.31" b="N"/>
<point x="52.31" y="138.87" b="N"/>
<point x="52.16" y="146.22" b="U"/>
<point x="52.16" y="153.78" b="U"/>
<point x="52.16" y="161.34" b="U"/>
<point x="57.51" y="166.69" b="R"/>
<point x="65.07" y="166.69" b="R"/>
<point x="72.78" y="166.90" b="N"/>
<point x="80.19" y="166.69" b="U"/>
<point x="85.53" y="161.34" b="R"/>
<point x="85.53" y="153.78" b="R"/>
<point x="85.32" y="146.22" b="G"/>
<point x="85.53" y="138.66" b="C"/>
<point x="85.74" y="131.10" b="A"/>
<point x="85.53" y="123.54" b="U"/>
<point x="85.53" y="115.98" b="R"/>
<point x="85.53" y="108.42" b="R"/>
<point x="85.74" y="100.86" b="A"/>
<point x="85.32" y="93.30" b="G"/>
<point x="85.74" y="85.74" b="A"/>
<point x="85.74" y="78.18" b="A"/>
<point x="85.74" y="70.62" b="A"/>
<point x="78.78" y="67.74" b="N"/>
<point x="73.20" y="62.64" b="N"/>
<point x="69.52" y="56.04" b="N"/>
<point x="68.09" y="48.61" b="N"/>
<point x="69.13" y="40.91" b="Y"/>
<point x="72.22" y="34.11" b="U"/>
<point x="77.48" y="28.68" b="U"/>
<point x="84.34" y="25.40" b="N"/>
<point x="91.44" y="23.98" b="G"/>
<point x="99.27" y="25.40" b="N"/>
<point x="105.97" y="28.89" b="N"/>
<point x="111.09" y="34.11" b="R"/>
<point x="114.53" y="41.12" b="N"/>
<point x="115.51" y="48.61" b="N"/>
<point x="114.09" y="56.04" b="N"/>
<point x="110.40" y="62.64" b="N"/>
<point x="104.82" y="67.74" b="N"/>
<point x="97.77" y="70.62" b="U"/>
<point x="97.77" y="78.18" b="U"/>
<point x="97.77" y="85.74" b="U"/>
<point x="97.77" y="93.30" b="C"/>
<point x="97.77" y="100.86" b="U"/>
<point x="97.98" y="108.42" b="Y"/>
<point x="97.98" y="115.98" b="Y"/>
<point x="97.98" y="123.54" b="A"/>
<point x="97.77" y="131.10" b="U"/>
<point x="97.56" y="138.66" b="G"/>
<point x="97.77" y="146.22" b="C"/>
<point x="97.77" y="153.78" b="U"/>
<point x="97.77" y="161.34" b="U"/>
<point x="103.12" y="166.69" b="U"/>
<point x="110.68" y="166.69" b="U"/>
<point x="118.44" y="166.69" b="A"/>
<point x="125.80" y="166.69" b="U"/>
<point x="133.36" y="166.69" b="U"/>
<point x="141.12" y="166.69" b="A"/>
<point x="148.48" y="166.69" b="U"/>
<point x="156.24" y="166.69" b="A"/>
<point x="163.80" y="166.69" b="Y"/>
<point x="171.16" y="166.69" b="C"/>
<point x="178.92" y="166.69" b="A"/>
</structure>