<structure>
<point x="19.60" y="203.07" b="N"/>
<point x="27.16" y="203.07" b="N"/>
<point x="32.36" y="197.52" b="C"/>
<point x="32.36" y="189.96" b="U"/>
<point x="32.36" y="182.40" b="U"/>
<point x="32.36" y="174.84" b="C"/>
<point x="32.36" y="167.28" b="U"/>
<point x="32.36" y="159.72" b="C"/>
<point x="25.11" y="160.95" b="A"/>
<point x="18.53" y="157.34" b="N"/>
<point x="15.81" y="150.02" b="U"/>
<point x="18.17" y="142.91" b="G"/>
<point x="25.11" y="139.09" b="A"/>
<point x="32.15" y="140.32" b="G"/>
<point x="32.36" y="132.76" b="C"/>
<point x="32.36" y="125.20" b="U"/>
<point x="32.36" y="117.64" b="C"/>
<point x="32.36" y="110.08" b="C"/>
<point x="26.77" y="105.00" b="U"/>
<point x="24.90" y="97.73" b="Y"/>
<point x="26.97" y="90.46" b="Y"/>
<point x="32.36" y="85.37" b="C"/>
<point x="32.36" y="77.81" b="U"/>
<point x="32.15" y="70.25" b="G"/>
<point x="32.57" y="62.69" b="Y"/>
<point x="32.36" y="55.13" b="C"/>
<point x="27.47" y="49.37" b="R"/>
<point x="27.28" y="41.82" b="A"/>
<point x="31.52" y="35.56" b="Y"/>
<point x="38.48" y="33.15" b="C"/>
<point x="45.80" y="35.77" b="N"/>
<point x="49.89" y="41.82" b="R"/>
<point x="49.49" y="49.37" b="U"/>
<point x="44.39" y="55.13" b="G"/>
<point x="44.39" y="62.69" b="G"/>
<point x="44.60" y="70.25" b="C"/>
<point x="44.81" y="77.81" b="A"/>
<point x="44.39" y="85.37" b="G"/>
<point x="52.35" y="85.84" b="Y"/>
<point x="58.24" y="90.72" b="N"/>
<point x="60.34" y="97.73" b="U"/>
<point x="58.30" y="104.95" b="A"/>
<point x="52.15" y="109.61" b="U"/>
<point x="44.39" y="110.08" b="G"/>
<point x="44.39" y="117.64" b="G"/>
<point x="44.81" y="125.20" b="A"/>
<point x="51.79" y="122.87" b="U"/>
<point x="56.23" y="128.98" b="U"/>
<point x="51.79" y="135.10" b="C"/>
<point x="44.39" y="132.76" b="G"/>
<point x="44.60" y="140.32" b="C"/>
<point x="49.51" y="146.24" b="A"/>
<point x="49.31" y="153.80" b="C"/>
<point x="44.39" y="159.72" b="G"/>
<point x="44.81" y="167.28" b="A"/>
<point x="44.39" y="174.84" b="G"/>
<point x="44.81" y="182.40" b="A"/>
<point x="44.81" y="189.96" b="A"/>
<point x="44.39" y="197.52" b="G"/>
<point x="49.95" y="202.86" b="R"/>
<point x="57.71" y="202.86" b="A"/>
<point x="65.22" y="203.07" b="N"/>
<point x="72.83" y="202.86" b="A"/>
<point x="80.34" y="203.07" b="N"/>
<point x="87.95" y="202.86" b="A"/>
<point x="95.31" y="202.86" b="R"/>
<point x="103.07" y="202.86" b="A"/>
<point x="110.58" y="203.07" b="N"/>
<point x="118.14" y="203.07" b="N"/>
<point x="123.33" y="197.52" b="U"/>
<point x="123.33" y="189.96" b="C"/>
<point x="123.54" y="182.40" b="A"/>
<point x="123.48" y="175.04" b="N"/>
<point x="123.54" y="167.28" b="A"/>
<point x="123.12" y="159.72" b="G"/>
<point x="115.93" y="159.60" b="N"/>
<point x="108.58" y="157.85" b="N"/>
<point x="101.69" y="154.73" b="N"/>
<point x="95.52" y="150.36" b="N"/>
<point x="90.14" y="144.70" b="R"/>
<point x="86.04" y="138.34" b="R"/>
<point x="83.22" y="131.33" b="C"/>
<point x="81.99" y="123.91" b="A"/>
<point x="81.94" y="116.55" b="N"/>
<point x="83.37" y="109.13" b="N"/>
<point x="86.19" y="102.11" b="N"/>
<point x="90.29" y="95.76" b="N"/>
<point x="95.52" y="90.30" b="N"/>
<point x="101.54" y="85.73" b="U"/>
<point x="108.63" y="82.61" b="Y"/>
<point x="115.93" y="81.07" b="N"/>
<point x="123.33" y="80.53" b="C"/>
<point x="123.48" y="73.18" b="N"/>
<point x="123.48" y="65.62" b="N"/>
<point x="123.33" y="57.85" b="C"/>
<point x="123.33" y="50.29" b="U"/>
<point x="123.12" y="42.73" b="G"/>
<point x="119.07" y="36.49" b="U"/>
<point x="120.16" y="29.20" b="N"/>
<point x="125.67" y="23.98" b="U"/>
<point x="133.38" y="24.19" b="N"/>
<point x="139.05" y="29.20" b="N"/>
<point x="139.84" y="36.49" b="R"/>
<point x="135.57" y="42.73" b="C"/>
<point x="135.78" y="50.29" b="A"/>
<point x="135.72" y="58.06" b="N"/>
<point x="135.72" y="65.62" b="N"/>
<point x="135.57" y="72.97" b="R"/>
<point x="135.36" y="80.53" b="G"/>
<point x="143.05" y="82.60" b="N"/>
<point x="149.90" y="85.79" b="N"/>
<point x="155.88" y="90.02" b="R"/>
<point x="161.27" y="95.52" b="Y"/>
<point x="165.27" y="102.10" b="N"/>
<point x="168.06" y="109.13" b="N"/>
<point x="169.48" y="116.55" b="N"/>
<point x="169.34" y="123.91" b="U"/>
<point x="168.06" y="131.54" b="N"/>
<point x="165.27" y="138.56" b="N"/>
<point x="161.06" y="144.73" b="C"/>
<point x="155.88" y="150.24" b="U"/>
<point x="149.54" y="154.66" b="G"/>
<point x="143.05" y="158.07" b="N"/>
<point x="135.72" y="159.92" b="N"/>
<point x="135.57" y="167.28" b="U"/>
<point x="135.72" y="175.04" b="N"/>
<point x="135.57" y="182.40" b="U"/>
<point x="135.72" y="190.16" b="N"/>
<point x="135.72" y="197.72" b="N"/>
<point x="141.07" y="203.07" b="N"/>
<point x="148.68" y="202.86" b="A"/>
<point x="156.04" y="202.86" b="C"/>
<point x="163.80" y="202.86" b="A"/>
<point x="171.31" y="203.07" b="N"/>
<point x="178.87" y="203.07" b="N"/>
<point x="186.48" y="202.86" b="Y"/>
</structure>