<structure>
<point x="19.45" y="128.21" b="C"/>
<point x="26.80" y="128.21" b="G"/>
<point x="34.73" y="128.41" b="N"/>
<point x="41.92" y="128.21" b="G"/>
<point x="49.70" y="128.21" b="U"/>
<point x="57.26" y="128.21" b="U"/>
<point x="62.81" y="122.86" b="A"/>
<point x="62.60" y="115.30" b="U"/>
<point x="62.81" y="107.74" b="A"/>
<point x="62.60" y="100.18" b="U"/>
<point x="62.39" y="92.62" b="G"/>
<point x="60.43" y="85.38" b="C"/>
<point x="64.94" y="79.31" b="C"/>
<point x="72.50" y="79.31" b="U"/>
<point x="77.01" y="85.38" b="U"/>
<point x="74.84" y="92.62" b="U"/>
<point x="75.05" y="100.18" b="A"/>
<point x="81.39" y="103.96" b="U"/>
<point x="74.84" y="107.74" b="U"/>
<point x="74.63" y="115.30" b="G"/>
<point x="74.84" y="122.86" b="U"/>
<point x="80.19" y="128.21" b="C"/>
<point x="87.95" y="128.21" b="A"/>
<point x="95.51" y="128.21" b="Y"/>
<point x="103.07" y="128.21" b="A"/>
<point x="110.58" y="128.41" b="N"/>
<point x="118.14" y="128.41" b="N"/>
<point x="125.55" y="128.21" b="U"/>
<point x="133.11" y="128.21" b="U"/>
<point x="140.87" y="128.21" b="Y"/>
<point x="148.38" y="128.41" b="N"/>
<point x="155.79" y="128.21" b="U"/>
<point x="163.50" y="128.41" b="N"/>
<point x="170.91" y="128.21" b="U"/>
<point x="178.47" y="128.21" b="U"/>
<point x="186.18" y="128.41" b="N"/>
<point x="193.79" y="128.21" b="Y"/>
<point x="201.35" y="128.21" b="Y"/>
<point x="206.28" y="122.86" b="G"/>
<point x="206.70" y="115.30" b="Y"/>
<point x="206.70" y="107.74" b="Y"/>
<point x="206.28" y="100.18" b="G"/>
<point x="206.64" y="92.83" b="N"/>
<point x="206.64" y="85.27" b="N"/>
<point x="199.53" y="82.67" b="Y"/>
<point x="192.94" y="78.61" b="C"/>
<point x="187.95" y="73.12" b="A"/>
<point x="184.03" y="66.53" b="U"/>
<point x="182.03" y="59.24" b="U"/>
<point x="182.00" y="51.89" b="N"/>
<point x="183.67" y="44.52" b="N"/>
<point x="187.08" y="37.77" b="N"/>
<point x="192.02" y="32.05" b="N"/>
<point x="198.05" y="27.49" b="R"/>
<point x="205.26" y="24.98" b="N"/>
<point x="212.76" y="24.06" b="N"/>
<point x="220.32" y="24.77" b="A"/>
<point x="227.38" y="27.49" b="Y"/>
<point x="233.50" y="32.05" b="N"/>
<point x="238.50" y="37.56" b="A"/>
<point x="241.70" y="44.31" b="U"/>
<point x="243.37" y="51.69" b="U"/>
<point x="243.35" y="59.45" b="N"/>
<point x="241.19" y="66.53" b="R"/>
<point x="237.48" y="73.12" b="U"/>
<point x="232.28" y="78.61" b="U"/>
<point x="226.11" y="82.67" b="Y"/>
<point x="218.88" y="85.27" b="N"/>
<point x="218.94" y="92.62" b="Y"/>
<point x="218.73" y="100.18" b="C"/>
<point x="218.73" y="107.74" b="R"/>
<point x="218.52" y="115.30" b="G"/>
<point x="218.94" y="122.86" b="Y"/>
<point x="224.08" y="128.21" b="R"/>
<point x="231.79" y="128.41" b="N"/>
<point x="239.40" y="128.21" b="A"/>
<point x="246.76" y="128.21" b="U"/>
<point x="254.47" y="128.41" b="N"/>
<point x="262.03" y="128.41" b="N"/>
<point x="269.59" y="128.41" b="N"/>
<point x="277.15" y="128.41" b="N"/>
<point x="284.71" y="128.41" b="N"/>
<point x="289.69" y="122.86" b="G"/>
<point x="290.11" y="115.30" b="A"/>
<point x="283.36" y="111.52" b="C"/>
<point x="290.11" y="107.74" b="A"/>
<point x="290.11" y="100.18" b="A"/>
<point x="289.69" y="92.62" b="G"/>
<point x="289.90" y="85.06" b="C"/>
<point x="289.90" y="77.50" b="C"/>
<point x="289.90" y="69.94" b="C"/>
<point x="289.69" y="62.38" b="G"/>
<point x="290.11" y="54.82" b="A"/>
<point x="290.11" y="47.26" b="A"/>
<point x="289.90" y="39.70" b="C"/>
<point x="287.73" y="32.46" b="R"/>
<point x="292.39" y="26.60" b="N"/>
<point x="299.95" y="26.60" b="N"/>
<point x="304.52" y="32.46" b="Y"/>
<point x="301.93" y="39.70" b="G"/>
<point x="302.14" y="47.26" b="U"/>
<point x="302.14" y="54.82" b="U"/>
<point x="302.14" y="62.38" b="C"/>
<point x="301.93" y="69.94" b="G"/>
<point x="301.93" y="77.50" b="G"/>
<point x="301.93" y="85.06" b="G"/>
<point x="302.14" y="92.62" b="C"/>
<point x="302.14" y="100.18" b="U"/>
<point x="302.14" y="107.74" b="U"/>
<point x="302.14" y="115.30" b="U"/>
<point x="302.14" y="122.86" b="U"/>
<point x="307.49" y="128.21" b="U"/>
<point x="315.05" y="128.21" b="U"/>
<point x="322.61" y="128.21" b="U"/>
<point x="330.32" y="128.41" b="N"/>
<point x="337.88" y="128.41" b="N"/>
<point x="345.44" y="128.41" b="N"/>
<point x="353.00" y="128.41" b="N"/>
<point x="360.56" y="128.41" b="N"/>
<point x="368.18" y="128.21" b="Y"/>
<point x="375.68" y="128.41" b="N"/>
<point x="383.24" y="128.41" b="N"/>
<point x="390.86" y="128.21" b="A"/>
</structure>