<structure>
<point x="19.45" y="217.16" b="C"/>
<point x="27.02" y="217.16" b="C"/>
<point x="34.58" y="217.16" b="C"/>
<point x="41.92" y="217.16" b="G"/>
<point x="47.48" y="211.81" b="C"/>
<point x="47.48" y="204.25" b="C"/>
<point x="47.69" y="196.69" b="A"/>
<point x="47.48" y="189.13" b="C"/>
<point x="47.48" y="181.57" b="U"/>
<point x="47.27" y="174.01" b="G"/>
<point x="40.98" y="170.53" b="Y"/>
<point x="35.74" y="164.88" b="R"/>
<point x="33.05" y="157.82" b="C"/>
<point x="33.26" y="150.26" b="Y"/>
<point x="35.89" y="143.40" b="N"/>
<point x="40.56" y="137.55" b="G"/>
<point x="47.63" y="134.27" b="N"/>
<point x="47.48" y="126.50" b="C"/>
<point x="47.69" y="118.94" b="Y"/>
<point x="47.63" y="111.59" b="N"/>
<point x="47.63" y="104.03" b="N"/>
<point x="47.48" y="96.26" b="U"/>
<point x="47.63" y="88.91" b="N"/>
<point x="45.46" y="81.67" b="N"/>
<point x="49.97" y="75.60" b="N"/>
<point x="57.38" y="75.39" b="R"/>
<point x="62.04" y="81.67" b="N"/>
<point x="59.87" y="88.91" b="N"/>
<point x="59.72" y="96.26" b="R"/>
<point x="66.42" y="100.25" b="N"/>
<point x="59.93" y="103.82" b="Y"/>
<point x="59.87" y="111.59" b="N"/>
<point x="59.87" y="119.15" b="N"/>
<point x="59.51" y="126.50" b="G"/>
<point x="59.72" y="134.06" b="U"/>
<point x="66.43" y="137.55" b="R"/>
<point x="71.66" y="143.19" b="Y"/>
<point x="74.30" y="150.47" b="N"/>
<point x="74.15" y="157.82" b="R"/>
<point x="71.46" y="164.88" b="U"/>
<point x="66.64" y="170.53" b="Y"/>
<point x="59.72" y="174.01" b="C"/>
<point x="59.93" y="181.57" b="A"/>
<point x="59.51" y="189.13" b="G"/>
<point x="59.87" y="196.90" b="N"/>
<point x="59.51" y="204.25" b="G"/>
<point x="59.51" y="211.81" b="G"/>
<point x="65.22" y="217.37" b="N"/>
<point x="72.42" y="217.16" b="G"/>
<point x="80.34" y="217.37" b="N"/>
<point x="87.54" y="217.16" b="G"/>
<point x="95.31" y="217.16" b="C"/>
<point x="102.87" y="217.16" b="U"/>
<point x="110.58" y="217.37" b="N"/>
<point x="118.19" y="217.16" b="A"/>
<point x="125.70" y="217.37" b="N"/>
<point x="133.31" y="217.16" b="A"/>
<point x="140.46" y="217.16" b="G"/>
<point x="148.38" y="217.37" b="N"/>
<point x="155.79" y="217.16" b="R"/>
<point x="163.55" y="217.16" b="A"/>
<point x="171.06" y="217.37" b="N"/>
<point x="176.25" y="211.81" b="C"/>
<point x="176.25" y="204.25" b="C"/>
<point x="176.40" y="196.90" b="N"/>
<point x="176.25" y="189.13" b="R"/>
<point x="176.40" y="181.78" b="N"/>
<point x="176.46" y="174.01" b="Y"/>
<point x="176.40" y="166.66" b="N"/>
<point x="176.25" y="158.89" b="U"/>
<point x="173.36" y="152.00" b="A"/>
<point x="176.04" y="145.10" b="G"/>
<point x="176.04" y="137.54" b="G"/>
<point x="169.41" y="134.81" b="A"/>
<point x="166.47" y="127.85" b="A"/>
<point x="169.20" y="120.88" b="R"/>
<point x="176.25" y="118.15" b="C"/>
<point x="176.46" y="110.59" b="A"/>
<point x="176.04" y="103.03" b="G"/>
<point x="176.04" y="95.47" b="G"/>
<point x="176.04" y="87.91" b="G"/>
<point x="176.46" y="80.35" b="Y"/>
<point x="171.55" y="74.43" b="U"/>
<point x="171.34" y="66.87" b="G"/>
<point x="176.46" y="60.95" b="Y"/>
<point x="176.46" y="53.39" b="Y"/>
<point x="176.25" y="45.83" b="C"/>
<point x="171.51" y="40.27" b="N"/>
<point x="170.96" y="32.52" b="R"/>
<point x="175.41" y="26.26" b="Y"/>
<point x="182.52" y="24.06" b="N"/>
<point x="189.54" y="26.26" b="U"/>
<point x="193.78" y="32.52" b="R"/>
<point x="193.38" y="40.07" b="U"/>
<point x="188.28" y="45.83" b="G"/>
<point x="188.28" y="53.39" b="G"/>
<point x="188.49" y="60.95" b="R"/>
<point x="193.20" y="66.87" b="U"/>
<point x="193.20" y="74.43" b="R"/>
<point x="188.49" y="80.35" b="R"/>
<point x="188.49" y="87.91" b="C"/>
<point x="188.49" y="95.47" b="U"/>
<point x="188.49" y="103.03" b="C"/>
<point x="188.49" y="110.59" b="U"/>
<point x="188.28" y="118.15" b="G"/>
<point x="193.20" y="124.07" b="U"/>
<point x="192.99" y="131.63" b="G"/>
<point x="188.49" y="137.54" b="C"/>
<point x="188.49" y="145.10" b="C"/>
<point x="195.17" y="148.22" b="G"/>
<point x="195.59" y="155.78" b="A"/>
<point x="188.70" y="158.89" b="A"/>
<point x="188.70" y="166.45" b="A"/>
<point x="188.28" y="174.01" b="G"/>
<point x="188.64" y="181.78" b="N"/>
<point x="195.19" y="185.56" b="N"/>
<point x="188.70" y="189.13" b="Y"/>
<point x="188.64" y="196.90" b="N"/>
<point x="188.28" y="204.25" b="G"/>
<point x="188.28" y="211.81" b="G"/>
<point x="194.04" y="217.16" b="A"/>
<point x="201.60" y="217.16" b="A"/>
<point x="208.96" y="217.16" b="C"/>
<point x="216.72" y="217.16" b="A"/>
<point x="224.23" y="217.37" b="N"/>
<point x="231.79" y="217.37" b="N"/>
<point x="239.40" y="217.16" b="Y"/>
</structure>