<structure>
<point x="19.60" y="189.59" b="N"/>
<point x="27.16" y="189.59" b="N"/>
<point x="34.73" y="189.59" b="N"/>
<point x="42.13" y="189.39" b="C"/>
<point x="49.70" y="189.39" b="C"/>
<point x="57.26" y="189.39" b="C"/>
<point x="65.02" y="189.39" b="Y"/>
<point x="72.58" y="189.39" b="Y"/>
<point x="79.94" y="189.39" b="U"/>
<point x="87.50" y="189.39" b="U"/>
<point x="95.06" y="189.39" b="U"/>
<point x="102.61" y="189.39" b="C"/>
<point x="110.38" y="189.39" b="A"/>
<point x="117.73" y="189.39" b="C"/>
<point x="125.30" y="189.39" b="U"/>
<point x="132.85" y="189.39" b="U"/>
<point x="140.41" y="189.39" b="U"/>
<point x="147.76" y="189.39" b="G"/>
<point x="155.53" y="189.39" b="C"/>
<point x="163.09" y="189.39" b="C"/>
<point x="170.86" y="189.39" b="A"/>
<point x="178.22" y="189.39" b="R"/>
<point x="185.78" y="189.39" b="U"/>
<point x="193.34" y="189.39" b="U"/>
<point x="200.69" y="189.39" b="G"/>
<point x="208.25" y="189.39" b="G"/>
<point x="216.22" y="189.39" b="A"/>
<point x="223.57" y="189.39" b="C"/>
<point x="231.13" y="189.39" b="U"/>
<point x="238.69" y="189.39" b="U"/>
<point x="246.25" y="189.39" b="R"/>
<point x="251.60" y="184.04" b="U"/>
<point x="251.39" y="176.48" b="G"/>
<point x="251.60" y="168.92" b="U"/>
<point x="251.60" y="161.36" b="C"/>
<point x="251.60" y="153.80" b="U"/>
<point x="246.01" y="148.72" b="U"/>
<point x="244.14" y="141.44" b="Y"/>
<point x="246.21" y="134.18" b="A"/>
<point x="251.60" y="129.09" b="U"/>
<point x="251.60" y="121.53" b="U"/>
<point x="251.39" y="113.97" b="G"/>
<point x="251.39" y="106.41" b="G"/>
<point x="249.43" y="99.17" b="U"/>
<point x="253.94" y="93.10" b="C"/>
<point x="261.71" y="93.10" b="A"/>
<point x="266.01" y="99.17" b="U"/>
<point x="263.84" y="106.41" b="U"/>
<point x="263.84" y="113.97" b="C"/>
<point x="264.05" y="121.53" b="A"/>
<point x="264.05" y="129.09" b="A"/>
<point x="269.44" y="134.18" b="R"/>
<point x="271.51" y="141.44" b="U"/>
<point x="269.23" y="148.72" b="G"/>
<point x="263.63" y="153.80" b="G"/>
<point x="263.63" y="161.36" b="G"/>
<point x="263.63" y="168.92" b="G"/>
<point x="263.84" y="176.48" b="C"/>
<point x="264.05" y="184.04" b="A"/>
<point x="269.39" y="189.39" b="A"/>
<point x="276.95" y="189.39" b="A"/>
<point x="284.31" y="189.39" b="R"/>
<point x="291.87" y="189.39" b="R"/>
<point x="299.63" y="189.39" b="A"/>
<point x="307.19" y="189.39" b="A"/>
<point x="314.55" y="189.39" b="R"/>
<point x="322.11" y="189.39" b="U"/>
<point x="329.67" y="189.39" b="R"/>
<point x="335.01" y="184.04" b="U"/>
<point x="335.01" y="176.48" b="C"/>
<point x="335.01" y="168.92" b="C"/>
<point x="335.01" y="161.36" b="U"/>
<point x="335.01" y="153.80" b="U"/>
<point x="335.01" y="146.24" b="U"/>
<point x="328.14" y="143.09" b="U"/>
<point x="322.84" y="137.91" b="A"/>
<point x="319.29" y="131.24" b="A"/>
<point x="318.06" y="123.78" b="A"/>
<point x="319.29" y="116.32" b="A"/>
<point x="322.63" y="109.65" b="C"/>
<point x="328.14" y="104.46" b="U"/>
<point x="335.01" y="101.32" b="C"/>
<point x="335.22" y="93.76" b="A"/>
<point x="335.01" y="86.20" b="R"/>
<point x="334.80" y="78.64" b="G"/>
<point x="335.01" y="71.08" b="C"/>
<point x="335.22" y="63.52" b="A"/>
<point x="335.22" y="55.96" b="A"/>
<point x="335.22" y="48.40" b="A"/>
<point x="335.01" y="40.84" b="C"/>
<point x="331.76" y="34.29" b="N"/>
<point x="334.19" y="26.98" b="R"/>
<point x="341.13" y="23.98" b="R"/>
<point x="347.86" y="26.98" b="G"/>
<point x="350.65" y="34.09" b="U"/>
<point x="347.04" y="40.84" b="G"/>
<point x="347.25" y="48.40" b="U"/>
<point x="347.25" y="55.96" b="U"/>
<point x="347.25" y="63.52" b="U"/>
<point x="347.04" y="71.08" b="G"/>
<point x="347.25" y="78.64" b="U"/>
<point x="347.25" y="86.20" b="C"/>
<point x="347.25" y="93.76" b="U"/>
<point x="353.80" y="97.54" b="U"/>
<point x="347.04" y="101.32" b="G"/>
<point x="354.80" y="101.76" b="U"/>
<point x="361.99" y="104.66" b="A"/>
<point x="367.56" y="109.91" b="N"/>
<point x="371.06" y="116.33" b="C"/>
<point x="372.33" y="123.78" b="C"/>
<point x="371.06" y="131.23" b="U"/>
<point x="367.20" y="137.85" b="G"/>
<point x="361.78" y="142.90" b="U"/>
<point x="354.80" y="145.80" b="C"/>
<point x="347.46" y="146.24" b="A"/>
<point x="347.04" y="153.80" b="G"/>
<point x="347.46" y="161.36" b="A"/>
<point x="347.04" y="168.92" b="G"/>
<point x="347.04" y="176.48" b="G"/>
<point x="347.46" y="184.04" b="A"/>
<point x="352.80" y="189.39" b="A"/>
<point x="360.36" y="189.39" b="A"/>
<point x="367.92" y="189.39" b="Y"/>
<point x="375.48" y="189.39" b="A"/>
<point x="382.84" y="189.39" b="R"/>
<point x="390.55" y="189.59" b="N"/>
<point x="398.16" y="189.39" b="Y"/>
</structure>