<structure>
<point x="24.52" y="223.47" b="R"/>
<point x="29.86" y="218.13" b="U"/>
<point x="29.86" y="210.57" b="C"/>
<point x="29.86" y="203.01" b="C"/>
<point x="30.07" y="195.45" b="A"/>
<point x="30.07" y="187.89" b="A"/>
<point x="29.65" y="180.33" b="G"/>
<point x="26.55" y="173.43" b="G"/>
<point x="29.86" y="166.54" b="U"/>
<point x="29.65" y="158.98" b="G"/>
<point x="22.52" y="158.52" b="A"/>
<point x="15.47" y="155.31" b="U"/>
<point x="10.29" y="149.81" b="U"/>
<point x="7.50" y="142.78" b="C"/>
<point x="7.50" y="135.22" b="C"/>
<point x="10.29" y="128.19" b="C"/>
<point x="15.47" y="122.69" b="U"/>
<point x="22.32" y="119.48" b="C"/>
<point x="29.86" y="119.02" b="U"/>
<point x="29.86" y="111.46" b="C"/>
<point x="29.86" y="103.90" b="C"/>
<point x="30.07" y="96.34" b="A"/>
<point x="30.07" y="88.78" b="A"/>
<point x="29.86" y="81.22" b="R"/>
<point x="29.65" y="73.66" b="G"/>
<point x="29.65" y="66.10" b="G"/>
<point x="29.86" y="58.54" b="R"/>
<point x="30.01" y="51.19" b="N"/>
<point x="24.30" y="46.23" b="N"/>
<point x="21.95" y="39.05" b="N"/>
<point x="23.68" y="31.47" b="A"/>
<point x="28.84" y="26.21" b="N"/>
<point x="36.19" y="23.98" b="Y"/>
<point x="43.42" y="26.21" b="N"/>
<point x="48.64" y="31.67" b="N"/>
<point x="49.95" y="38.84" b="G"/>
<point x="47.81" y="46.03" b="U"/>
<point x="41.89" y="50.98" b="G"/>
<point x="42.10" y="58.54" b="C"/>
<point x="42.10" y="66.10" b="C"/>
<point x="42.31" y="73.66" b="Y"/>
<point x="42.31" y="81.22" b="Y"/>
<point x="42.10" y="88.78" b="U"/>
<point x="42.31" y="96.34" b="Y"/>
<point x="49.29" y="94.01" b="U"/>
<point x="53.73" y="100.12" b="C"/>
<point x="49.50" y="106.24" b="A"/>
<point x="41.89" y="103.90" b="G"/>
<point x="41.89" y="111.46" b="G"/>
<point x="42.31" y="119.02" b="A"/>
<point x="49.02" y="122.51" b="A"/>
<point x="53.99" y="128.36" b="N"/>
<point x="56.32" y="135.22" b="G"/>
<point x="56.53" y="142.78" b="U"/>
<point x="54.04" y="149.84" b="A"/>
<point x="48.60" y="155.49" b="G"/>
<point x="42.10" y="158.98" b="C"/>
<point x="42.31" y="166.54" b="A"/>
<point x="45.41" y="173.43" b="A"/>
<point x="42.31" y="180.33" b="Y"/>
<point x="42.10" y="187.89" b="U"/>
<point x="42.10" y="195.45" b="U"/>
<point x="41.89" y="203.01" b="G"/>
<point x="41.89" y="210.57" b="G"/>
<point x="42.31" y="218.13" b="A"/>
<point x="47.65" y="223.47" b="A"/>
<point x="55.16" y="223.68" b="N"/>
<point x="62.77" y="223.47" b="A"/>
<point x="70.13" y="223.47" b="R"/>
<point x="77.89" y="223.47" b="A"/>
<point x="85.25" y="223.47" b="R"/>
<point x="93.01" y="223.47" b="Y"/>
<point x="100.37" y="223.47" b="C"/>
<point x="105.86" y="218.33" b="N"/>
<point x="105.50" y="210.57" b="G"/>
<point x="105.50" y="203.01" b="G"/>
<point x="105.71" y="195.45" b="C"/>
<point x="99.37" y="191.67" b="A"/>
<point x="105.71" y="187.89" b="U"/>
<point x="105.50" y="180.33" b="G"/>
<point x="105.71" y="172.77" b="C"/>
<point x="101.01" y="166.85" b="C"/>
<point x="101.01" y="159.29" b="U"/>
<point x="105.71" y="153.37" b="R"/>
<point x="105.92" y="145.81" b="A"/>
<point x="105.50" y="138.25" b="G"/>
<point x="99.03" y="134.35" b="G"/>
<point x="95.07" y="128.18" b="Y"/>
<point x="93.32" y="120.78" b="C"/>
<point x="94.86" y="113.38" b="U"/>
<point x="99.44" y="107.22" b="Y"/>
<point x="105.71" y="103.31" b="U"/>
<point x="105.50" y="95.75" b="G"/>
<point x="102.61" y="88.86" b="R"/>
<point x="105.86" y="82.17" b="N"/>
<point x="105.50" y="74.40" b="G"/>
<point x="105.71" y="66.84" b="R"/>
<point x="99.28" y="63.23" b="A"/>
<point x="94.23" y="57.43" b="C"/>
<point x="92.07" y="50.25" b="A"/>
<point x="92.32" y="42.70" b="R"/>
<point x="95.67" y="36.06" b="N"/>
<point x="100.82" y="30.67" b="G"/>
<point x="108.05" y="27.88" b="R"/>
<point x="115.82" y="27.88" b="A"/>
<point x="122.85" y="30.67" b="Y"/>
<point x="128.14" y="35.85" b="R"/>
<point x="131.55" y="42.70" b="Y"/>
<point x="131.80" y="50.25" b="U"/>
<point x="129.44" y="57.43" b="U"/>
<point x="124.60" y="63.23" b="R"/>
<point x="118.16" y="66.84" b="Y"/>
<point x="117.95" y="74.40" b="U"/>
<point x="117.95" y="81.96" b="U"/>
<point x="121.05" y="88.86" b="C"/>
<point x="117.95" y="95.75" b="C"/>
<point x="117.95" y="103.31" b="U"/>
<point x="125.46" y="105.28" b="Y"/>
<point x="131.04" y="110.15" b="U"/>
<point x="134.02" y="117.00" b="G"/>
<point x="134.23" y="124.56" b="C"/>
<point x="131.04" y="131.42" b="C"/>
<point x="125.46" y="136.28" b="Y"/>
<point x="117.95" y="138.25" b="U"/>
<point x="117.95" y="145.81" b="C"/>
<point x="117.95" y="153.37" b="C"/>
<point x="122.66" y="159.29" b="U"/>
<point x="122.81" y="167.06" b="N"/>
<point x="117.95" y="172.77" b="U"/>
<point x="117.74" y="180.33" b="G"/>
<point x="117.74" y="187.89" b="G"/>
<point x="117.95" y="195.45" b="C"/>
<point x="117.95" y="203.01" b="U"/>
<point x="117.74" y="210.57" b="G"/>
<point x="117.95" y="218.13" b="C"/>
<point x="123.30" y="223.47" b="C"/>
<point x="131.06" y="223.47" b="Y"/>
<point x="138.62" y="223.47" b="A"/>
<point x="145.98" y="223.47" b="C"/>
<point x="153.75" y="223.47" b="A"/>
<point x="161.10" y="223.47" b="U"/>
<point x="168.66" y="223.47" b="R"/>
<point x="176.37" y="223.68" b="N"/>
</structure>