<structure>
<point x="19.60" y="331.19" b="N"/>
<point x="27.16" y="331.19" b="N"/>
<point x="32.51" y="325.85" b="N"/>
<point x="32.57" y="318.08" b="Y"/>
<point x="32.36" y="310.52" b="C"/>
<point x="32.57" y="302.96" b="Y"/>
<point x="32.36" y="295.40" b="R"/>
<point x="32.51" y="288.05" b="N"/>
<point x="25.27" y="285.87" b="N"/>
<point x="20.08" y="280.22" b="Y"/>
<point x="18.11" y="273.11" b="N"/>
<point x="19.66" y="265.59" b="G"/>
<point x="25.33" y="260.15" b="A"/>
<point x="32.36" y="257.97" b="U"/>
<point x="32.57" y="250.41" b="Y"/>
<point x="32.57" y="242.85" b="Y"/>
<point x="32.57" y="235.29" b="Y"/>
<point x="32.51" y="227.94" b="N"/>
<point x="30.19" y="220.49" b="U"/>
<point x="34.91" y="214.42" b="A"/>
<point x="42.47" y="214.42" b="A"/>
<point x="46.98" y="220.49" b="A"/>
<point x="44.75" y="227.94" b="N"/>
<point x="44.60" y="235.29" b="R"/>
<point x="44.60" y="242.85" b="R"/>
<point x="44.75" y="250.62" b="N"/>
<point x="44.60" y="257.97" b="R"/>
<point x="50.94" y="262.39" b="A"/>
<point x="54.38" y="269.12" b="A"/>
<point x="54.32" y="276.89" b="N"/>
<point x="50.88" y="283.62" b="N"/>
<point x="44.75" y="288.05" b="N"/>
<point x="44.81" y="295.40" b="Y"/>
<point x="44.60" y="302.96" b="R"/>
<point x="44.60" y="310.52" b="R"/>
<point x="44.81" y="318.08" b="A"/>
<point x="44.75" y="325.85" b="N"/>
<point x="49.95" y="330.99" b="U"/>
<point x="57.66" y="331.19" b="N"/>
<point x="65.22" y="331.19" b="N"/>
<point x="72.83" y="330.99" b="Y"/>
<point x="80.34" y="331.19" b="N"/>
<point x="87.90" y="331.19" b="N"/>
<point x="95.51" y="330.99" b="A"/>
<point x="103.02" y="331.19" b="N"/>
<point x="110.43" y="330.99" b="U"/>
<point x="115.77" y="325.64" b="U"/>
<point x="115.77" y="318.08" b="U"/>
<point x="115.77" y="310.52" b="R"/>
<point x="115.98" y="302.96" b="Y"/>
<point x="115.98" y="295.40" b="Y"/>
<point x="115.77" y="287.84" b="U"/>
<point x="115.56" y="280.28" b="G"/>
<point x="115.98" y="272.72" b="A"/>
<point x="110.18" y="267.63" b="U"/>
<point x="108.26" y="260.57" b="N"/>
<point x="110.18" y="253.09" b="R"/>
<point x="115.77" y="248.01" b="C"/>
<point x="115.77" y="240.45" b="R"/>
<point x="115.98" y="232.89" b="Y"/>
<point x="115.92" y="225.54" b="N"/>
<point x="108.93" y="222.60" b="A"/>
<point x="105.98" y="215.63" b="A"/>
<point x="108.87" y="208.88" b="N"/>
<point x="115.98" y="205.94" b="A"/>
<point x="115.77" y="198.38" b="C"/>
<point x="115.56" y="190.82" b="G"/>
<point x="111.07" y="184.90" b="C"/>
<point x="111.07" y="177.34" b="R"/>
<point x="115.56" y="171.42" b="G"/>
<point x="115.77" y="163.86" b="C"/>
<point x="113.81" y="156.62" b="A"/>
<point x="118.32" y="150.56" b="A"/>
<point x="125.67" y="150.56" b="U"/>
<point x="129.97" y="156.62" b="G"/>
<point x="127.80" y="163.86" b="G"/>
<point x="128.01" y="171.42" b="C"/>
<point x="134.96" y="168.98" b="G"/>
<point x="142.38" y="171.25" b="U"/>
<point x="147.06" y="177.34" b="A"/>
<point x="147.06" y="184.90" b="A"/>
<point x="142.17" y="190.99" b="G"/>
<point x="135.37" y="193.26" b="A"/>
<point x="128.01" y="190.82" b="C"/>
<point x="127.80" y="198.38" b="G"/>
<point x="128.01" y="205.94" b="U"/>
<point x="132.87" y="212.06" b="N"/>
<point x="132.87" y="219.62" b="N"/>
<point x="128.16" y="225.54" b="N"/>
<point x="128.01" y="232.89" b="R"/>
<point x="128.22" y="240.45" b="Y"/>
<point x="128.16" y="248.22" b="N"/>
<point x="133.81" y="253.09" b="A"/>
<point x="135.89" y="260.37" b="A"/>
<point x="133.81" y="267.63" b="A"/>
<point x="128.01" y="272.72" b="U"/>
<point x="128.01" y="280.28" b="C"/>
<point x="128.22" y="287.84" b="A"/>
<point x="128.22" y="295.40" b="A"/>
<point x="128.01" y="302.96" b="R"/>
<point x="128.22" y="310.52" b="Y"/>
<point x="128.22" y="318.08" b="A"/>
<point x="128.01" y="325.64" b="R"/>
<point x="133.36" y="330.99" b="U"/>
<point x="140.92" y="330.99" b="U"/>
<point x="148.68" y="330.99" b="A"/>
<point x="155.83" y="330.99" b="G"/>
<point x="163.60" y="330.99" b="C"/>
<point x="168.73" y="325.64" b="G"/>
<point x="168.73" y="318.08" b="G"/>
<point x="168.73" y="310.52" b="G"/>
<point x="168.94" y="302.96" b="C"/>
<point x="168.94" y="295.40" b="U"/>
<point x="168.94" y="287.84" b="R"/>
<point x="168.94" y="280.28" b="C"/>
<point x="168.73" y="272.72" b="G"/>
<point x="168.73" y="265.16" b="G"/>
<point x="168.94" y="257.60" b="R"/>
<point x="168.94" y="250.04" b="U"/>
<point x="162.07" y="246.89" b="U"/>
<point x="156.35" y="241.71" b="G"/>
<point x="153.01" y="235.04" b="C"/>
<point x="151.99" y="227.58" b="A"/>
<point x="152.80" y="220.12" b="G"/>
<point x="156.72" y="213.65" b="N"/>
<point x="162.28" y="208.26" b="Y"/>
<point x="169.09" y="205.33" b="N"/>
<point x="169.09" y="197.77" b="N"/>
<point x="168.94" y="190.00" b="R"/>
<point x="168.94" y="182.44" b="C"/>
<point x="169.15" y="174.88" b="Y"/>
<point x="168.73" y="167.32" b="G"/>
<point x="168.73" y="159.76" b="G"/>
<point x="161.83" y="157.88" b="N"/>
<point x="155.22" y="154.10" b="A"/>
<point x="149.41" y="149.40" b="N"/>
<point x="144.67" y="143.19" b="R"/>
<point x="141.61" y="136.55" b="N"/>
<point x="139.76" y="128.98" b="R"/>
<point x="132.00" y="128.58" b="G"/>
<point x="124.66" y="128.17" b="R"/>
<point x="117.26" y="127.98" b="N"/>
<point x="109.71" y="127.58" b="N"/>
<point x="104.97" y="133.46" b="N"/>
<point x="98.06" y="136.54" b="N"/>
<point x="90.51" y="136.14" b="N"/>
<point x="83.98" y="132.34" b="N"/>
<point x="79.73" y="125.78" b="U"/>
<point x="72.19" y="125.38" b="C"/>
<point x="64.79" y="125.18" b="N"/>
<point x="56.88" y="124.57" b="G"/>
<point x="49.69" y="124.38" b="N"/>
<point x="45.04" y="130.34" b="N"/>
<point x="38.28" y="133.41" b="Y"/>
<point x="30.67" y="133.52" b="N"/>
<point x="23.94" y="130.08" b="N"/>
<point x="19.44" y="124.01" b="N"/>
<point x="18.11" y="116.56" b="N"/>
<point x="20.22" y="109.31" b="N"/>
<point x="25.40" y="103.54" b="A"/>
<point x="32.40" y="101.04" b="N"/>
<point x="39.98" y="101.54" b="A"/>
<point x="46.20" y="105.52" b="U"/>
<point x="50.34" y="112.15" b="N"/>
<point x="57.74" y="112.35" b="C"/>
<point x="65.49" y="112.75" b="A"/>
<point x="72.63" y="113.15" b="G"/>
<point x="80.39" y="113.56" b="R"/>
<point x="85.28" y="107.88" b="N"/>
<point x="92.19" y="104.80" b="N"/>
<point x="99.79" y="104.99" b="Y"/>
<point x="106.27" y="109.00" b="N"/>
<point x="110.37" y="115.35" b="N"/>
<point x="117.97" y="115.55" b="Y"/>
<point x="125.52" y="115.95" b="Y"/>
<point x="132.86" y="116.35" b="C"/>
<point x="140.41" y="116.76" b="C"/>
<point x="143.09" y="109.61" b="Y"/>
<point x="147.01" y="103.15" b="Y"/>
<point x="152.16" y="97.87" b="N"/>
<point x="158.46" y="93.40" b="A"/>
<point x="165.41" y="90.76" b="N"/>
<point x="172.85" y="89.46" b="N"/>
<point x="180.46" y="89.56" b="A"/>
<point x="187.57" y="91.45" b="R"/>
<point x="194.48" y="95.05" b="N"/>
<point x="199.25" y="89.29" b="G"/>
<point x="204.79" y="83.74" b="Y"/>
<point x="202.13" y="76.52" b="G"/>
<point x="209.71" y="78.18" b="C"/>
<point x="214.84" y="72.63" b="U"/>
<point x="219.76" y="67.07" b="G"/>
<point x="225.10" y="61.52" b="U"/>
<point x="227.65" y="54.56" b="N"/>
<point x="234.46" y="51.39" b="U"/>
<point x="239.58" y="45.83" b="U"/>
<point x="244.71" y="40.28" b="U"/>
<point x="249.84" y="34.72" b="C"/>
<point x="252.07" y="27.66" b="N"/>
<point x="258.64" y="23.98" b="R"/>
<point x="265.92" y="26.70" b="N"/>
<point x="268.99" y="33.61" b="N"/>
<point x="266.06" y="40.58" b="N"/>
<point x="258.62" y="43.03" b="G"/>
<point x="253.91" y="48.58" b="A"/>
<point x="248.78" y="54.14" b="A"/>
<point x="243.66" y="59.69" b="A"/>
<point x="241.20" y="67.07" b="N"/>
<point x="234.24" y="70.03" b="N"/>
<point x="228.96" y="75.38" b="C"/>
<point x="224.04" y="80.93" b="A"/>
<point x="218.50" y="86.49" b="G"/>
<point x="213.37" y="92.04" b="G"/>
<point x="208.45" y="97.59" b="C"/>
<point x="203.53" y="103.15" b="Y"/>
<point x="207.40" y="109.82" b="N"/>
<point x="209.92" y="116.76" b="A"/>
<point x="217.26" y="116.35" b="C"/>
<point x="224.81" y="115.95" b="C"/>
<point x="232.15" y="115.55" b="G"/>
<point x="240.12" y="115.15" b="A"/>
<point x="235.70" y="109.18" b="N"/>
<point x="235.13" y="101.44" b="A"/>
<point x="238.43" y="94.63" b="Y"/>
<point x="244.67" y="90.66" b="N"/>
<point x="252.22" y="90.26" b="N"/>
<point x="258.78" y="93.54" b="U"/>
<point x="262.57" y="99.95" b="G"/>
<point x="262.96" y="107.51" b="C"/>
<point x="259.07" y="114.11" b="G"/>
<point x="267.03" y="113.71" b="Y"/>
<point x="274.38" y="113.31" b="C"/>
<point x="282.13" y="112.91" b="Y"/>
<point x="289.48" y="112.50" b="C"/>
<point x="291.96" y="105.36" b="U"/>
<point x="296.63" y="99.26" b="A"/>
<point x="302.47" y="94.72" b="U"/>
<point x="309.57" y="92.13" b="R"/>
<point x="317.12" y="91.73" b="C"/>
<point x="324.46" y="93.55" b="R"/>
<point x="330.95" y="97.42" b="R"/>
<point x="336.03" y="103.02" b="R"/>
<point x="339.27" y="109.85" b="C"/>
<point x="346.61" y="109.45" b="G"/>
<point x="353.74" y="105.98" b="A"/>
<point x="360.59" y="108.71" b="C"/>
<point x="368.34" y="108.31" b="A"/>
<point x="375.89" y="107.91" b="A"/>
<point x="383.24" y="107.51" b="C"/>
<point x="390.78" y="107.10" b="C"/>
<point x="397.69" y="104.55" b="G"/>
<point x="404.35" y="108.94" b="N"/>
<point x="404.39" y="116.28" b="G"/>
<point x="398.99" y="121.11" b="A"/>
<point x="391.23" y="119.33" b="G"/>
<point x="383.68" y="119.73" b="G"/>
<point x="376.34" y="120.13" b="U"/>
<point x="368.79" y="120.53" b="U"/>
<point x="361.03" y="120.94" b="G"/>
<point x="354.52" y="124.40" b="R"/>
<point x="347.47" y="121.67" b="C"/>
<point x="339.71" y="122.07" b="G"/>
<point x="343.62" y="128.67" b="R"/>
<point x="345.54" y="135.98" b="C"/>
<point x="345.78" y="143.54" b="Y"/>
<point x="343.91" y="150.86" b="Y"/>
<point x="340.20" y="157.69" b="N"/>
<point x="334.65" y="162.98" b="G"/>
<point x="328.61" y="167.21" b="N"/>
<point x="321.46" y="169.28" b="A"/>
<point x="313.70" y="169.69" b="R"/>
<point x="306.50" y="168.18" b="A"/>
<point x="299.71" y="164.87" b="A"/>
<point x="293.55" y="159.95" b="G"/>
<point x="289.58" y="153.96" b="N"/>
<point x="286.79" y="146.67" b="C"/>
<point x="286.22" y="139.15" b="A"/>
<point x="287.15" y="131.68" b="C"/>
<point x="289.92" y="124.73" b="G"/>
<point x="282.58" y="125.13" b="R"/>
<point x="274.82" y="125.53" b="G"/>
<point x="267.27" y="125.93" b="G"/>
<point x="259.93" y="126.34" b="C"/>
<point x="254.27" y="131.35" b="C"/>
<point x="246.93" y="131.75" b="A"/>
<point x="240.56" y="127.37" b="U"/>
<point x="233.01" y="127.77" b="C"/>
<point x="225.25" y="128.17" b="G"/>
<point x="217.71" y="128.58" b="G"/>
<point x="210.37" y="128.98" b="U"/>
<point x="208.67" y="136.35" b="U"/>
<point x="205.66" y="143.19" b="Y"/>
<point x="201.02" y="149.40" b="N"/>
<point x="195.32" y="154.10" b="A"/>
<point x="188.60" y="157.88" b="N"/>
<point x="181.18" y="159.76" b="C"/>
<point x="181.18" y="167.32" b="C"/>
<point x="181.18" y="174.88" b="R"/>
<point x="180.97" y="182.44" b="G"/>
<point x="181.39" y="190.00" b="Y"/>
<point x="181.39" y="197.56" b="Y"/>
<point x="181.33" y="205.33" b="N"/>
<point x="188.77" y="203.96" b="N"/>
<point x="196.26" y="205.00" b="N"/>
<point x="203.05" y="208.32" b="N"/>
<point x="208.45" y="213.61" b="N"/>
<point x="211.78" y="220.12" b="U"/>
<point x="213.18" y="227.58" b="Y"/>
<point x="211.93" y="235.25" b="N"/>
<point x="208.51" y="241.76" b="Y"/>
<point x="202.90" y="247.04" b="U"/>
<point x="196.26" y="250.58" b="N"/>
<point x="188.62" y="251.40" b="U"/>
<point x="180.97" y="250.04" b="G"/>
<point x="181.39" y="257.60" b="Y"/>
<point x="181.18" y="265.16" b="C"/>
<point x="181.18" y="272.72" b="C"/>
<point x="180.97" y="280.28" b="G"/>
<point x="181.18" y="287.84" b="C"/>
<point x="181.39" y="295.40" b="A"/>
<point x="180.97" y="302.96" b="G"/>
<point x="181.18" y="310.52" b="C"/>
<point x="181.18" y="318.08" b="U"/>
<point x="181.39" y="325.64" b="Y"/>
<point x="186.53" y="330.99" b="U"/>
<point x="194.09" y="330.99" b="R"/>
<point x="201.65" y="330.99" b="U"/>
<point x="209.36" y="331.19" b="N"/>
<point x="216.77" y="330.99" b="R"/>
<point x="224.48" y="331.19" b="N"/>
<point x="232.10" y="330.99" b="Y"/>
<point x="239.66" y="330.99" b="A"/>
<point x="247.22" y="330.99" b="A"/>
</structure>