<structure>
<point x="19.25" y="268.07" b="G"/>
<point x="27.16" y="268.28" b="N"/>
<point x="34.37" y="268.07" b="G"/>
<point x="41.92" y="268.07" b="G"/>
<point x="49.84" y="268.28" b="N"/>
<point x="57.46" y="268.07" b="Y"/>
<point x="64.97" y="268.28" b="N"/>
<point x="72.53" y="268.28" b="N"/>
<point x="80.14" y="268.07" b="Y"/>
<point x="87.65" y="268.28" b="N"/>
<point x="92.84" y="262.72" b="C"/>
<point x="92.99" y="255.37" b="N"/>
<point x="92.63" y="247.60" b="G"/>
<point x="92.99" y="240.25" b="N"/>
<point x="92.84" y="232.48" b="C"/>
<point x="92.84" y="224.92" b="C"/>
<point x="85.59" y="223.61" b="N"/>
<point x="78.51" y="220.95" b="N"/>
<point x="71.56" y="217.03" b="G"/>
<point x="65.99" y="212.55" b="N"/>
<point x="60.86" y="207.00" b="N"/>
<point x="56.64" y="200.72" b="N"/>
<point x="53.09" y="193.66" b="G"/>
<point x="51.41" y="186.40" b="A"/>
<point x="50.25" y="178.90" b="U"/>
<point x="50.27" y="171.34" b="G"/>
<point x="51.86" y="163.91" b="R"/>
<point x="54.53" y="156.99" b="N"/>
<point x="57.97" y="150.13" b="R"/>
<point x="62.70" y="144.32" b="N"/>
<point x="68.15" y="139.08" b="N"/>
<point x="74.40" y="134.54" b="A"/>
<point x="81.14" y="131.43" b="N"/>
<point x="88.21" y="128.98" b="C"/>
<point x="95.84" y="128.10" b="N"/>
<point x="103.40" y="128.18" b="N"/>
<point x="110.50" y="129.22" b="G"/>
<point x="113.43" y="122.17" b="C"/>
<point x="116.16" y="115.12" b="C"/>
<point x="118.89" y="108.07" b="C"/>
<point x="121.77" y="101.22" b="N"/>
<point x="116.77" y="95.55" b="N"/>
<point x="114.17" y="88.27" b="Y"/>
<point x="113.79" y="80.71" b="G"/>
<point x="116.73" y="73.65" b="R"/>
<point x="121.94" y="68.24" b="N"/>
<point x="128.66" y="64.79" b="N"/>
<point x="136.18" y="63.96" b="N"/>
<point x="138.91" y="56.91" b="N"/>
<point x="141.63" y="49.86" b="N"/>
<point x="144.36" y="42.81" b="N"/>
<point x="147.09" y="35.76" b="N"/>
<point x="147.67" y="28.22" b="N"/>
<point x="153.92" y="23.98" b="C"/>
<point x="160.76" y="26.71" b="G"/>
<point x="163.20" y="34.00" b="A"/>
<point x="158.50" y="40.17" b="N"/>
<point x="155.78" y="47.23" b="N"/>
<point x="153.05" y="54.28" b="N"/>
<point x="150.32" y="61.33" b="N"/>
<point x="147.59" y="68.38" b="N"/>
<point x="152.59" y="74.05" b="N"/>
<point x="154.89" y="80.92" b="G"/>
<point x="155.06" y="88.48" b="R"/>
<point x="152.54" y="95.53" b="A"/>
<point x="147.42" y="101.36" b="N"/>
<point x="140.69" y="104.81" b="N"/>
<point x="133.18" y="105.64" b="N"/>
<point x="130.45" y="112.69" b="N"/>
<point x="127.37" y="119.53" b="G"/>
<point x="124.64" y="126.58" b="G"/>
<point x="122.12" y="133.63" b="U"/>
<point x="128.27" y="137.73" b="G"/>
<point x="134.27" y="142.97" b="N"/>
<point x="139.07" y="148.81" b="N"/>
<point x="142.76" y="155.11" b="C"/>
<point x="149.91" y="152.67" b="C"/>
<point x="157.07" y="150.22" b="C"/>
<point x="164.25" y="147.64" b="N"/>
<point x="169.66" y="152.32" b="G"/>
<point x="168.29" y="159.71" b="U"/>
<point x="161.18" y="162.01" b="N"/>
<point x="153.66" y="164.25" b="G"/>
<point x="146.72" y="166.69" b="R"/>
<point x="147.87" y="174.19" b="A"/>
<point x="147.65" y="181.75" b="A"/>
<point x="146.21" y="189.39" b="N"/>
<point x="143.54" y="196.31" b="C"/>
<point x="150.22" y="200.22" b="Y"/>
<point x="156.69" y="204.13" b="Y"/>
<point x="162.95" y="208.03" b="C"/>
<point x="169.22" y="211.94" b="G"/>
<point x="175.90" y="215.85" b="C"/>
<point x="182.37" y="219.76" b="C"/>
<point x="188.99" y="223.87" b="N"/>
<point x="196.16" y="225.55" b="U"/>
<point x="199.02" y="232.54" b="U"/>
<point x="195.32" y="239.02" b="Y"/>
<point x="187.80" y="239.74" b="A"/>
<point x="182.67" y="234.35" b="N"/>
<point x="175.83" y="230.23" b="G"/>
<point x="169.72" y="226.53" b="N"/>
<point x="163.10" y="222.42" b="C"/>
<point x="156.42" y="218.51" b="G"/>
<point x="150.16" y="214.60" b="R"/>
<point x="143.68" y="210.70" b="R"/>
<point x="137.00" y="206.79" b="G"/>
<point x="132.28" y="212.34" b="A"/>
<point x="125.94" y="217.03" b="G"/>
<point x="119.35" y="220.74" b="G"/>
<point x="112.69" y="223.40" b="A"/>
<point x="104.87" y="224.92" b="G"/>
<point x="104.87" y="232.48" b="G"/>
<point x="105.08" y="240.04" b="U"/>
<point x="105.08" y="247.60" b="C"/>
<point x="105.29" y="255.16" b="A"/>
<point x="104.87" y="262.72" b="G"/>
<point x="110.58" y="268.28" b="N"/>
<point x="118.14" y="268.28" b="N"/>
<point x="125.70" y="268.28" b="N"/>
<point x="133.26" y="268.28" b="N"/>
<point x="140.82" y="268.28" b="N"/>
<point x="148.38" y="268.28" b="N"/>
<point x="155.94" y="268.28" b="N"/>
<point x="163.55" y="268.07" b="A"/>
<point x="171.06" y="268.28" b="N"/>
<point x="178.62" y="268.28" b="N"/>
<point x="186.18" y="268.28" b="N"/>
<point x="193.79" y="268.07" b="Y"/>
<point x="201.15" y="268.07" b="C"/>
</structure>