<structure>
<point x="66.24" y="513.21" b="N"/>
<point x="73.80" y="513.21" b="N"/>
<point x="81.36" y="513.21" b="N"/>
<point x="88.92" y="513.21" b="N"/>
<point x="94.26" y="507.86" b="N"/>
<point x="94.26" y="500.30" b="N"/>
<point x="94.26" y="492.74" b="N"/>
<point x="94.26" y="485.18" b="N"/>
<point x="94.26" y="477.62" b="N"/>
<point x="94.11" y="469.85" b="R"/>
<point x="94.26" y="462.50" b="N"/>
<point x="94.26" y="454.94" b="N"/>
<point x="94.26" y="447.38" b="N"/>
<point x="94.26" y="439.82" b="N"/>
<point x="93.90" y="432.05" b="G"/>
<point x="94.26" y="424.70" b="N"/>
<point x="94.26" y="417.14" b="N"/>
<point x="94.11" y="409.37" b="R"/>
<point x="94.26" y="402.02" b="N"/>
<point x="94.26" y="394.46" b="N"/>
<point x="94.26" y="386.90" b="N"/>
<point x="94.26" y="379.34" b="N"/>
<point x="94.26" y="371.78" b="N"/>
<point x="86.75" y="370.98" b="N"/>
<point x="79.32" y="369.56" b="N"/>
<point x="72.03" y="367.55" b="N"/>
<point x="64.99" y="364.75" b="Y"/>
<point x="58.07" y="361.79" b="N"/>
<point x="51.48" y="358.08" b="N"/>
<point x="45.22" y="353.84" b="N"/>
<point x="39.38" y="348.91" b="Y"/>
<point x="33.68" y="343.71" b="C"/>
<point x="28.62" y="338.09" b="U"/>
<point x="24.25" y="332.07" b="A"/>
<point x="20.17" y="325.71" b="A"/>
<point x="16.42" y="319.03" b="C"/>
<point x="13.43" y="312.09" b="C"/>
<point x="11.02" y="304.92" b="C"/>
<point x="9.19" y="297.59" b="U"/>
<point x="8.17" y="290.13" b="A"/>
<point x="7.56" y="282.59" b="A"/>
<point x="7.50" y="275.24" b="N"/>
<point x="8.11" y="267.70" b="N"/>
<point x="9.34" y="260.25" b="N"/>
<point x="11.17" y="252.91" b="N"/>
<point x="13.58" y="245.75" b="N"/>
<point x="16.57" y="238.80" b="N"/>
<point x="20.12" y="232.12" b="N"/>
<point x="24.19" y="225.76" b="N"/>
<point x="28.77" y="219.74" b="N"/>
<point x="33.83" y="214.12" b="N"/>
<point x="39.32" y="208.93" b="N"/>
<point x="45.22" y="204.20" b="N"/>
<point x="51.48" y="199.96" b="N"/>
<point x="58.07" y="196.25" b="N"/>
<point x="64.93" y="193.08" b="N"/>
<point x="72.03" y="190.49" b="N"/>
<point x="79.32" y="188.48" b="N"/>
<point x="86.75" y="187.06" b="N"/>
<point x="94.26" y="186.26" b="N"/>
<point x="94.11" y="178.49" b="C"/>
<point x="94.11" y="170.93" b="U"/>
<point x="94.32" y="163.37" b="Y"/>
<point x="94.11" y="155.81" b="U"/>
<point x="87.00" y="158.12" b="N"/>
<point x="79.67" y="156.26" b="N"/>
<point x="74.28" y="150.96" b="N"/>
<point x="72.31" y="143.67" b="N"/>
<point x="74.28" y="136.37" b="N"/>
<point x="79.67" y="131.07" b="N"/>
<point x="87.00" y="129.21" b="N"/>
<point x="94.11" y="131.10" b="C"/>
<point x="93.90" y="123.54" b="G"/>
<point x="94.11" y="115.98" b="C"/>
<point x="94.26" y="108.63" b="N"/>
<point x="94.11" y="100.86" b="C"/>
<point x="93.90" y="93.30" b="G"/>
<point x="94.11" y="85.74" b="C"/>
<point x="94.11" y="78.18" b="U"/>
<point x="93.90" y="70.62" b="G"/>
<point x="87.21" y="67.53" b="U"/>
<point x="81.64" y="62.43" b="U"/>
<point x="77.95" y="55.83" b="U"/>
<point x="76.52" y="48.41" b="U"/>
<point x="77.66" y="41.12" b="N"/>
<point x="81.01" y="34.11" b="Y"/>
<point x="86.07" y="28.68" b="U"/>
<point x="92.92" y="25.40" b="N"/>
<point x="100.02" y="23.98" b="G"/>
<point x="107.70" y="25.19" b="C"/>
<point x="114.40" y="28.68" b="U"/>
<point x="119.46" y="34.11" b="G"/>
<point x="123.17" y="40.91" b="A"/>
<point x="123.94" y="48.41" b="C"/>
<point x="122.52" y="55.83" b="U"/>
<point x="118.83" y="62.43" b="U"/>
<point x="113.25" y="67.53" b="U"/>
<point x="106.35" y="70.62" b="C"/>
<point x="106.56" y="78.18" b="A"/>
<point x="106.14" y="85.74" b="G"/>
<point x="106.35" y="93.30" b="C"/>
<point x="106.14" y="100.86" b="G"/>
<point x="106.35" y="108.42" b="R"/>
<point x="106.14" y="115.98" b="G"/>
<point x="106.35" y="123.54" b="C"/>
<point x="106.35" y="131.10" b="R"/>
<point x="112.10" y="136.40" b="N"/>
<point x="114.17" y="143.67" b="N"/>
<point x="112.10" y="150.94" b="N"/>
<point x="106.56" y="155.81" b="A"/>
<point x="106.35" y="163.37" b="R"/>
<point x="106.56" y="170.93" b="A"/>
<point x="106.14" y="178.49" b="G"/>
<point x="106.35" y="186.05" b="C"/>
<point x="113.55" y="183.51" b="N"/>
<point x="120.77" y="181.29" b="N"/>
<point x="128.14" y="179.61" b="N"/>
<point x="135.47" y="178.28" b="R"/>
<point x="143.16" y="177.94" b="N"/>
<point x="150.72" y="177.94" b="N"/>
<point x="158.26" y="178.51" b="N"/>
<point x="165.73" y="179.65" b="N"/>
<point x="173.10" y="181.33" b="N"/>
<point x="180.32" y="183.57" b="N"/>
<point x="187.36" y="186.34" b="N"/>
<point x="194.17" y="189.62" b="N"/>
<point x="200.71" y="193.40" b="N"/>
<point x="206.96" y="197.67" b="N"/>
<point x="212.87" y="202.38" b="N"/>
<point x="218.41" y="207.53" b="N"/>
<point x="223.54" y="213.07" b="N"/>
<point x="228.26" y="218.98" b="N"/>
<point x="232.51" y="225.23" b="N"/>
<point x="236.29" y="231.78" b="N"/>
<point x="239.57" y="238.59" b="N"/>
<point x="242.33" y="245.63" b="N"/>
<point x="244.56" y="252.86" b="N"/>
<point x="246.24" y="260.23" b="N"/>
<point x="247.36" y="267.70" b="N"/>
<point x="247.78" y="275.03" b="R"/>
<point x="247.93" y="282.80" b="N"/>
<point x="247.36" y="290.34" b="N"/>
<point x="246.24" y="297.81" b="N"/>
<point x="244.56" y="305.19" b="N"/>
<point x="242.33" y="312.41" b="N"/>
<point x="239.57" y="319.45" b="N"/>
<point x="236.29" y="326.26" b="N"/>
<point x="232.51" y="332.81" b="N"/>
<point x="228.11" y="338.85" b="C"/>
<point x="223.54" y="344.97" b="N"/>
<point x="218.41" y="350.51" b="N"/>
<point x="212.92" y="355.45" b="A"/>
<point x="207.01" y="360.17" b="A"/>
<point x="200.77" y="364.43" b="A"/>
<point x="194.22" y="368.21" b="A"/>
<point x="187.42" y="371.50" b="A"/>
<point x="180.38" y="374.26" b="Y"/>
<point x="172.74" y="376.50" b="G"/>
<point x="165.58" y="378.19" b="U"/>
<point x="158.11" y="379.32" b="C"/>
<point x="150.78" y="379.89" b="A"/>
<point x="142.80" y="379.90" b="G"/>
<point x="135.47" y="379.34" b="C"/>
<point x="128.20" y="378.22" b="Y"/>
<point x="120.62" y="376.55" b="R"/>
<point x="113.55" y="374.53" b="N"/>
<point x="106.50" y="371.78" b="N"/>
<point x="106.50" y="379.34" b="N"/>
<point x="106.35" y="386.69" b="R"/>
<point x="106.50" y="394.46" b="N"/>
<point x="106.50" y="402.02" b="N"/>
<point x="106.56" y="409.37" b="Y"/>
<point x="106.50" y="417.14" b="N"/>
<point x="106.50" y="424.70" b="N"/>
<point x="106.35" y="432.05" b="C"/>
<point x="106.50" y="439.82" b="N"/>
<point x="106.50" y="447.38" b="N"/>
<point x="106.50" y="454.94" b="N"/>
<point x="106.50" y="462.50" b="N"/>
<point x="106.56" y="469.85" b="Y"/>
<point x="106.50" y="477.62" b="N"/>
<point x="106.50" y="485.18" b="N"/>
<point x="106.50" y="492.74" b="N"/>
<point x="106.50" y="500.30" b="N"/>
<point x="106.50" y="507.86" b="N"/>
<point x="111.85" y="513.21" b="N"/>
<point x="119.41" y="513.21" b="N"/>
<point x="124.61" y="507.65" b="C"/>
<point x="124.61" y="500.09" b="C"/>
<point x="124.81" y="492.53" b="Y"/>
<point x="124.40" y="484.97" b="G"/>
<point x="124.81" y="477.41" b="Y"/>
<point x="124.76" y="470.06" b="N"/>
<point x="124.76" y="462.50" b="N"/>
<point x="117.72" y="459.67" b="Y"/>
<point x="111.54" y="455.45" b="N"/>
<point x="106.81" y="449.55" b="N"/>
<point x="103.83" y="442.60" b="N"/>
<point x="102.81" y="435.11" b="N"/>
<point x="103.83" y="427.62" b="N"/>
<point x="106.81" y="420.67" b="N"/>
<point x="111.54" y="414.77" b="N"/>
<point x="117.67" y="410.35" b="N"/>
<point x="124.76" y="407.72" b="N"/>
<point x="124.76" y="400.16" b="N"/>
<point x="124.76" y="392.60" b="N"/>
<point x="124.76" y="385.04" b="N"/>
<point x="124.76" y="377.48" b="N"/>
<point x="124.76" y="369.92" b="N"/>
<point x="124.81" y="362.15" b="Y"/>
<point x="124.81" y="354.59" b="Y"/>
<point x="124.81" y="347.03" b="Y"/>
<point x="118.63" y="342.81" b="N"/>
<point x="115.18" y="336.08" b="N"/>
<point x="115.18" y="328.52" b="N"/>
<point x="118.63" y="321.79" b="N"/>
<point x="124.76" y="317.37" b="N"/>
<point x="124.76" y="309.81" b="N"/>
<point x="124.76" y="302.25" b="N"/>
<point x="124.76" y="294.69" b="N"/>
<point x="124.81" y="286.92" b="Y"/>
<point x="124.76" y="279.57" b="N"/>
<point x="124.76" y="272.01" b="N"/>
<point x="120.05" y="266.09" b="N"/>
<point x="120.05" y="258.53" b="N"/>
<point x="124.61" y="252.41" b="C"/>
<point x="124.61" y="244.85" b="C"/>
<point x="124.61" y="237.29" b="C"/>
<point x="124.76" y="229.94" b="N"/>
<point x="124.76" y="222.38" b="N"/>
<point x="117.58" y="220.00" b="N"/>
<point x="111.03" y="215.77" b="C"/>
<point x="105.99" y="210.33" b="Y"/>
<point x="102.15" y="203.99" b="N"/>
<point x="100.06" y="196.72" b="N"/>
<point x="99.83" y="188.96" b="A"/>
<point x="100.95" y="181.56" b="G"/>
<point x="104.22" y="174.74" b="G"/>
<point x="109.25" y="168.91" b="C"/>
<point x="115.32" y="164.41" b="C"/>
<point x="112.74" y="157.24" b="G"/>
<point x="110.58" y="150.06" b="C"/>
<point x="108.00" y="142.88" b="G"/>
<point x="105.64" y="135.70" b="G"/>
<point x="98.44" y="134.16" b="U"/>
<point x="103.48" y="128.52" b="C"/>
<point x="101.11" y="121.34" b="R"/>
<point x="98.53" y="114.16" b="G"/>
<point x="96.37" y="106.98" b="C"/>
<point x="90.05" y="102.84" b="C"/>
<point x="87.83" y="95.87" b="N"/>
<point x="90.08" y="88.56" b="G"/>
<point x="87.71" y="81.39" b="G"/>
<point x="85.70" y="74.41" b="N"/>
<point x="78.23" y="73.28" b="N"/>
<point x="71.62" y="69.61" b="N"/>
<point x="66.70" y="63.87" b="N"/>
<point x="64.16" y="56.56" b="Y"/>
<point x="64.14" y="49.21" b="N"/>
<point x="66.87" y="41.93" b="Y"/>
<point x="71.78" y="36.44" b="N"/>
<point x="78.43" y="32.84" b="N"/>
<point x="85.91" y="31.78" b="N"/>
<point x="93.30" y="33.40" b="N"/>
<point x="99.65" y="37.49" b="N"/>
<point x="104.18" y="43.54" b="N"/>
<point x="106.32" y="50.79" b="N"/>
<point x="105.79" y="58.34" b="N"/>
<point x="102.66" y="65.22" b="N"/>
<point x="97.33" y="70.58" b="N"/>
<point x="99.54" y="77.55" b="C"/>
<point x="102.06" y="84.94" b="N"/>
<point x="109.46" y="85.12" b="R"/>
<point x="114.65" y="90.81" b="Y"/>
<point x="113.83" y="98.34" b="U"/>
<point x="107.78" y="103.15" b="G"/>
<point x="110.36" y="110.33" b="C"/>
<point x="112.94" y="117.50" b="Y"/>
<point x="114.89" y="124.68" b="G"/>
<point x="117.67" y="131.86" b="Y"/>
<point x="119.84" y="139.04" b="C"/>
<point x="122.00" y="146.22" b="G"/>
<point x="124.58" y="153.40" b="C"/>
<point x="126.74" y="160.58" b="G"/>
<point x="134.71" y="160.58" b="A"/>
<point x="142.05" y="162.40" b="A"/>
<point x="145.66" y="156.00" b="G"/>
<point x="150.10" y="149.60" b="A"/>
<point x="153.71" y="143.20" b="G"/>
<point x="154.79" y="135.88" b="N"/>
<point x="160.61" y="131.03" b="U"/>
<point x="168.23" y="132.40" b="N"/>
<point x="172.15" y="138.43" b="G"/>
<point x="170.91" y="146.02" b="N"/>
<point x="164.28" y="149.72" b="C"/>
<point x="160.26" y="156.12" b="U"/>
<point x="156.23" y="162.52" b="C"/>
<point x="152.20" y="168.91" b="U"/>
<point x="156.81" y="174.74" b="G"/>
<point x="160.29" y="181.56" b="U"/>
<point x="161.83" y="188.96" b="C"/>
<point x="161.75" y="196.51" b="A"/>
<point x="159.24" y="203.78" b="G"/>
<point x="155.67" y="210.33" b="C"/>
<point x="150.42" y="215.77" b="C"/>
<point x="144.17" y="220.00" b="N"/>
<point x="137.00" y="222.38" b="N"/>
<point x="137.00" y="229.94" b="N"/>
<point x="136.64" y="237.29" b="G"/>
<point x="136.64" y="244.85" b="G"/>
<point x="136.64" y="252.41" b="G"/>
<point x="144.04" y="255.35" b="N"/>
<point x="146.99" y="262.31" b="N"/>
<point x="144.04" y="269.27" b="N"/>
<point x="137.00" y="272.01" b="N"/>
<point x="137.00" y="279.57" b="N"/>
<point x="136.85" y="286.92" b="R"/>
<point x="137.00" y="294.69" b="N"/>
<point x="136.85" y="302.04" b="R"/>
<point x="137.00" y="309.81" b="N"/>
<point x="137.00" y="317.37" b="N"/>
<point x="144.23" y="319.55" b="N"/>
<point x="149.48" y="324.99" b="N"/>
<point x="151.39" y="332.30" b="N"/>
<point x="149.48" y="339.62" b="N"/>
<point x="144.23" y="345.06" b="N"/>
<point x="136.64" y="347.03" b="G"/>
<point x="136.64" y="354.59" b="G"/>
<point x="137.00" y="362.36" b="N"/>
<point x="137.00" y="369.92" b="N"/>
<point x="137.00" y="377.48" b="N"/>
<point x="137.00" y="385.04" b="N"/>
<point x="137.00" y="392.60" b="N"/>
<point x="137.00" y="400.16" b="N"/>
<point x="137.00" y="407.72" b="N"/>
<point x="144.54" y="407.27" b="N"/>
<point x="151.93" y="408.87" b="N"/>
<point x="158.62" y="412.39" b="N"/>
<point x="164.12" y="417.57" b="N"/>
<point x="168.03" y="424.05" b="N"/>
<point x="170.06" y="431.33" b="N"/>
<point x="170.06" y="438.89" b="N"/>
<point x="168.03" y="446.17" b="N"/>
<point x="164.12" y="452.64" b="N"/>
<point x="158.62" y="457.83" b="N"/>
<point x="151.93" y="461.35" b="N"/>
<point x="144.54" y="462.94" b="N"/>
<point x="137.00" y="462.50" b="N"/>
<point x="137.00" y="470.06" b="N"/>
<point x="136.64" y="477.41" b="G"/>
<point x="136.85" y="484.97" b="C"/>
<point x="136.85" y="492.53" b="R"/>
<point x="136.64" y="500.09" b="G"/>
<point x="136.64" y="507.65" b="G"/>
<point x="142.19" y="513.00" b="R"/>
<point x="149.96" y="513.00" b="A"/>
<point x="157.31" y="513.00" b="R"/>
<point x="165.08" y="513.00" b="A"/>
<point x="172.22" y="513.00" b="G"/>
<point x="180.14" y="513.21" b="N"/>
<point x="187.76" y="513.00" b="A"/>
<point x="195.32" y="513.00" b="A"/>
<point x="202.82" y="513.21" b="N"/>
<point x="210.38" y="513.21" b="N"/>
<point x="217.94" y="513.21" b="N"/>
<point x="222.93" y="507.65" b="G"/>
<point x="223.34" y="500.09" b="A"/>
<point x="223.14" y="492.53" b="R"/>
<point x="223.14" y="484.97" b="C"/>
<point x="223.29" y="477.62" b="N"/>
<point x="223.29" y="470.06" b="N"/>
<point x="223.29" y="462.50" b="N"/>
<point x="223.29" y="454.94" b="N"/>
<point x="223.29" y="447.38" b="N"/>
<point x="223.34" y="439.61" b="Y"/>
<point x="223.29" y="432.26" b="N"/>
<point x="223.29" y="424.70" b="N"/>
<point x="217.26" y="429.26" b="N"/>
<point x="209.79" y="430.43" b="N"/>
<point x="202.66" y="427.92" b="N"/>
<point x="197.62" y="422.13" b="Y"/>
<point x="195.72" y="415.00" b="N"/>
<point x="197.56" y="407.67" b="N"/>
<point x="202.66" y="402.09" b="N"/>
<point x="209.79" y="399.58" b="N"/>
<point x="217.26" y="400.74" b="N"/>
<point x="223.29" y="405.31" b="N"/>
<point x="223.34" y="397.54" b="Y"/>
<point x="222.93" y="389.98" b="G"/>
<point x="223.34" y="382.42" b="Y"/>
<point x="223.29" y="375.07" b="N"/>
<point x="218.58" y="369.15" b="N"/>
<point x="218.58" y="361.59" b="N"/>
<point x="223.34" y="355.46" b="Y"/>
<point x="223.14" y="347.90" b="C"/>
<point x="223.14" y="340.34" b="C"/>
<point x="223.14" y="332.78" b="C"/>
<point x="217.78" y="327.44" b="U"/>
<point x="216.09" y="320.03" b="G"/>
<point x="219.40" y="313.05" b="A"/>
<point x="225.27" y="308.84" b="G"/>
<point x="233.04" y="308.84" b="C"/>
<point x="239.32" y="313.05" b="U"/>
<point x="242.00" y="320.03" b="G"/>
<point x="240.73" y="327.44" b="U"/>
<point x="235.17" y="332.78" b="G"/>
<point x="235.17" y="340.34" b="G"/>
<point x="235.17" y="347.90" b="G"/>
<point x="235.38" y="355.46" b="R"/>
<point x="242.57" y="358.41" b="N"/>
<point x="245.52" y="365.37" b="N"/>
<point x="242.57" y="372.33" b="N"/>
<point x="235.53" y="375.07" b="N"/>
<point x="235.17" y="382.42" b="G"/>
<point x="235.38" y="389.98" b="C"/>
<point x="235.38" y="397.54" b="R"/>
<point x="235.53" y="405.31" b="N"/>
<point x="240.23" y="411.22" b="N"/>
<point x="240.29" y="418.57" b="Y"/>
<point x="235.53" y="424.70" b="N"/>
<point x="235.53" y="432.26" b="N"/>
<point x="235.38" y="439.61" b="R"/>
<point x="235.53" y="447.38" b="N"/>
<point x="235.53" y="454.94" b="N"/>
<point x="235.53" y="462.50" b="N"/>
<point x="235.53" y="470.06" b="N"/>
<point x="235.53" y="477.62" b="N"/>
<point x="235.17" y="484.97" b="G"/>
<point x="235.58" y="492.53" b="Y"/>
<point x="235.38" y="500.09" b="U"/>
<point x="235.38" y="507.65" b="C"/>
<point x="240.87" y="513.21" b="N"/>
<point x="248.43" y="513.21" b="N"/>
<point x="256.05" y="513.00" b="A"/>
<point x="263.40" y="513.00" b="C"/>
<point x="271.17" y="513.00" b="A"/>
<point x="278.67" y="513.21" b="N"/>
<point x="286.23" y="513.21" b="N"/>
<point x="293.85" y="513.00" b="Y"/>
</structure>