<structure>
<point x="21.43" y="193.18" b="Y"/>
<point x="26.56" y="187.84" b="C"/>
<point x="26.56" y="180.28" b="C"/>
<point x="26.56" y="172.72" b="U"/>
<point x="26.56" y="165.16" b="C"/>
<point x="26.56" y="157.60" b="C"/>
<point x="19.57" y="154.73" b="U"/>
<point x="13.92" y="149.96" b="A"/>
<point x="9.50" y="143.68" b="C"/>
<point x="7.50" y="136.45" b="A"/>
<point x="7.50" y="128.89" b="A"/>
<point x="9.70" y="121.65" b="A"/>
<point x="13.50" y="115.38" b="G"/>
<point x="19.36" y="110.60" b="G"/>
<point x="26.56" y="107.73" b="C"/>
<point x="26.35" y="100.17" b="G"/>
<point x="26.56" y="92.61" b="U"/>
<point x="26.35" y="85.06" b="G"/>
<point x="26.56" y="77.50" b="U"/>
<point x="26.56" y="69.94" b="C"/>
<point x="26.56" y="62.38" b="U"/>
<point x="21.86" y="56.46" b="R"/>
<point x="21.86" y="48.90" b="U"/>
<point x="26.35" y="42.98" b="G"/>
<point x="26.35" y="35.42" b="G"/>
<point x="26.20" y="27.87" b="U"/>
<point x="32.68" y="23.98" b="U"/>
<point x="39.17" y="27.87" b="C"/>
<point x="38.80" y="35.42" b="C"/>
<point x="38.80" y="42.98" b="C"/>
<point x="45.59" y="39.64" b="U"/>
<point x="52.88" y="40.56" b="G"/>
<point x="58.87" y="45.43" b="U"/>
<point x="61.03" y="52.68" b="C"/>
<point x="59.07" y="59.92" b="Y"/>
<point x="53.09" y="64.80" b="U"/>
<point x="45.59" y="65.72" b="U"/>
<point x="38.59" y="62.38" b="G"/>
<point x="38.59" y="69.94" b="G"/>
<point x="39.01" y="77.50" b="A"/>
<point x="38.80" y="85.06" b="C"/>
<point x="39.01" y="92.61" b="A"/>
<point x="38.80" y="100.17" b="C"/>
<point x="38.59" y="107.73" b="G"/>
<point x="45.80" y="110.60" b="U"/>
<point x="51.87" y="115.38" b="A"/>
<point x="56.08" y="121.65" b="A"/>
<point x="57.87" y="128.89" b="G"/>
<point x="58.28" y="136.45" b="A"/>
<point x="56.08" y="143.68" b="A"/>
<point x="51.87" y="149.96" b="Y"/>
<point x="45.80" y="154.73" b="U"/>
<point x="38.59" y="157.60" b="G"/>
<point x="38.59" y="165.16" b="G"/>
<point x="39.01" y="172.72" b="A"/>
<point x="38.59" y="180.28" b="G"/>
<point x="38.59" y="187.84" b="G"/>
<point x="44.36" y="193.18" b="Y"/>
<point x="51.92" y="193.18" b="A"/>
<point x="59.48" y="193.18" b="A"/>
<point x="67.04" y="193.18" b="A"/>
<point x="74.18" y="193.18" b="G"/>
<point x="82.16" y="193.18" b="A"/>
<point x="89.72" y="193.18" b="A"/>
<point x="97.28" y="193.18" b="A"/>
<point x="104.63" y="193.18" b="U"/>
<point x="111.98" y="193.18" b="G"/>
<point x="119.75" y="193.18" b="U"/>
<point x="124.89" y="187.84" b="G"/>
<point x="124.89" y="180.28" b="G"/>
<point x="125.30" y="172.72" b="A"/>
<point x="118.75" y="168.94" b="Y"/>
<point x="125.10" y="165.16" b="U"/>
<point x="117.82" y="167.22" b="U"/>
<point x="110.07" y="167.67" b="G"/>
<point x="102.60" y="166.49" b="G"/>
<point x="95.98" y="163.72" b="A"/>
<point x="89.30" y="159.49" b="G"/>
<point x="84.50" y="154.02" b="A"/>
<point x="80.59" y="147.55" b="A"/>
<point x="77.96" y="140.39" b="R"/>
<point x="77.14" y="132.87" b="U"/>
<point x="78.17" y="125.36" b="Y"/>
<point x="80.38" y="118.19" b="U"/>
<point x="84.29" y="111.72" b="R"/>
<point x="89.30" y="106.25" b="G"/>
<point x="95.57" y="102.03" b="G"/>
<point x="102.81" y="99.26" b="R"/>
<point x="110.28" y="98.07" b="C"/>
<point x="117.82" y="98.52" b="C"/>
<point x="125.30" y="100.59" b="A"/>
<point x="124.89" y="93.03" b="G"/>
<point x="125.10" y="85.47" b="C"/>
<point x="125.10" y="77.91" b="U"/>
<point x="125.10" y="70.35" b="U"/>
<point x="124.89" y="62.79" b="G"/>
<point x="125.10" y="55.23" b="C"/>
<point x="121.69" y="48.47" b="U"/>
<point x="124.28" y="41.37" b="C"/>
<point x="131.22" y="38.37" b="C"/>
<point x="138.36" y="41.37" b="Y"/>
<point x="140.94" y="48.47" b="Y"/>
<point x="137.13" y="55.23" b="G"/>
<point x="137.34" y="62.79" b="C"/>
<point x="137.54" y="70.35" b="A"/>
<point x="137.13" y="77.91" b="G"/>
<point x="137.13" y="85.47" b="G"/>
<point x="137.34" y="93.03" b="C"/>
<point x="137.34" y="100.59" b="U"/>
<point x="144.55" y="102.84" b="C"/>
<point x="151.27" y="106.68" b="A"/>
<point x="156.52" y="111.91" b="R"/>
<point x="160.43" y="118.25" b="G"/>
<point x="163.41" y="125.36" b="A"/>
<point x="164.08" y="132.87" b="U"/>
<point x="163.21" y="140.38" b="C"/>
<point x="160.85" y="147.49" b="A"/>
<point x="156.67" y="154.04" b="N"/>
<point x="151.06" y="159.06" b="C"/>
<point x="144.55" y="162.90" b="C"/>
<point x="137.34" y="165.16" b="R"/>
<point x="137.34" y="172.72" b="U"/>
<point x="137.34" y="180.28" b="C"/>
<point x="137.34" y="187.84" b="C"/>
<point x="142.68" y="193.18" b="C"/>
<point x="150.45" y="193.18" b="A"/>
<point x="157.80" y="193.18" b="C"/>
<point x="165.57" y="193.18" b="A"/>
<point x="173.07" y="193.39" b="N"/>
<point x="180.63" y="193.39" b="N"/>
<point x="188.04" y="193.18" b="R"/>
</structure>