<structure>
<point x="19.60" y="93.79" b="N"/>
<point x="27.22" y="93.58" b="Y"/>
<point x="34.73" y="93.79" b="N"/>
<point x="42.13" y="93.58" b="R"/>
<point x="49.84" y="93.79" b="N"/>
<point x="55.19" y="88.44" b="N"/>
<point x="54.83" y="80.67" b="G"/>
<point x="55.19" y="73.32" b="N"/>
<point x="54.83" y="65.55" b="G"/>
<point x="54.83" y="57.99" b="G"/>
<point x="48.66" y="53.93" b="U"/>
<point x="44.55" y="47.59" b="U"/>
<point x="43.45" y="40.11" b="C"/>
<point x="45.56" y="32.85" b="R"/>
<point x="50.66" y="27.34" b="N"/>
<point x="57.38" y="23.98" b="R"/>
<point x="64.94" y="23.98" b="R"/>
<point x="71.97" y="27.34" b="N"/>
<point x="76.76" y="32.85" b="C"/>
<point x="79.02" y="40.32" b="N"/>
<point x="77.77" y="47.59" b="U"/>
<point x="73.66" y="53.93" b="C"/>
<point x="67.28" y="57.99" b="C"/>
<point x="67.28" y="65.55" b="C"/>
<point x="67.43" y="73.32" b="N"/>
<point x="67.28" y="80.67" b="C"/>
<point x="67.43" y="88.44" b="N"/>
<point x="72.78" y="93.79" b="N"/>
<point x="80.34" y="93.79" b="N"/>
<point x="87.95" y="93.58" b="A"/>
<point x="95.51" y="93.58" b="A"/>
<point x="103.07" y="93.58" b="A"/>
<point x="110.63" y="93.58" b="A"/>
<point x="118.19" y="93.58" b="A"/>
<point x="125.75" y="93.58" b="A"/>
<point x="133.11" y="93.58" b="C"/>
<point x="140.67" y="93.58" b="U"/>
<point x="148.43" y="93.58" b="A"/>
<point x="155.79" y="93.58" b="R"/>
<point x="163.14" y="93.58" b="G"/>
<point x="171.06" y="93.79" b="N"/>
<point x="178.47" y="93.58" b="R"/>
<point x="186.18" y="93.79" b="N"/>
<point x="193.74" y="93.79" b="N"/>
<point x="201.30" y="93.79" b="N"/>
</structure>