<structure>
<point x="19.66" y="101.25" b="A"/>
<point x="27.16" y="101.45" b="N"/>
<point x="34.78" y="101.25" b="A"/>
<point x="42.34" y="101.25" b="A"/>
<point x="49.84" y="101.45" b="N"/>
<point x="57.41" y="101.45" b="N"/>
<point x="64.97" y="101.45" b="N"/>
<point x="72.53" y="101.45" b="N"/>
<point x="80.09" y="101.45" b="N"/>
<point x="87.65" y="101.45" b="N"/>
<point x="92.99" y="96.11" b="N"/>
<point x="92.99" y="88.55" b="N"/>
<point x="92.99" y="80.99" b="N"/>
<point x="92.99" y="73.43" b="N"/>
<point x="92.63" y="65.66" b="G"/>
<point x="92.99" y="58.31" b="N"/>
<point x="92.99" y="50.75" b="N"/>
<point x="92.99" y="43.19" b="N"/>
<point x="92.99" y="35.63" b="N"/>
<point x="92.63" y="28.08" b="N"/>
<point x="99.17" y="23.98" b="A"/>
<point x="105.60" y="28.08" b="N"/>
<point x="105.23" y="35.63" b="N"/>
<point x="105.23" y="43.19" b="N"/>
<point x="105.23" y="50.75" b="N"/>
<point x="105.23" y="58.31" b="N"/>
<point x="105.29" y="65.66" b="Y"/>
<point x="105.23" y="73.43" b="N"/>
<point x="105.23" y="80.99" b="N"/>
<point x="105.23" y="88.55" b="N"/>
<point x="105.23" y="96.11" b="N"/>
<point x="115.98" y="106.59" b="Y"/>
<point x="123.54" y="106.59" b="Y"/>
<point x="130.89" y="106.59" b="C"/>
<point x="138.60" y="106.80" b="N"/>
<point x="146.16" y="106.80" b="N"/>
<point x="150.59" y="100.67" b="N"/>
<point x="157.32" y="97.23" b="N"/>
<point x="164.88" y="97.23" b="N"/>
<point x="171.61" y="100.67" b="N"/>
<point x="176.03" y="106.80" b="N"/>
<point x="183.59" y="106.80" b="N"/>
<point x="191.15" y="106.80" b="N"/>
<point x="198.71" y="106.80" b="N"/>
<point x="206.27" y="106.80" b="N"/>
<point x="213.83" y="106.80" b="N"/>
<point x="220.08" y="102.54" b="N"/>
<point x="227.58" y="103.47" b="N"/>
<point x="232.58" y="109.14" b="N"/>
<point x="232.58" y="116.70" b="N"/>
<point x="227.58" y="122.37" b="N"/>
<point x="220.08" y="123.30" b="N"/>
<point x="213.83" y="119.04" b="N"/>
<point x="206.27" y="119.04" b="N"/>
<point x="198.71" y="119.04" b="N"/>
<point x="191.15" y="119.04" b="N"/>
<point x="183.59" y="119.04" b="N"/>
<point x="176.03" y="119.04" b="N"/>
<point x="176.86" y="126.56" b="N"/>
<point x="174.12" y="133.60" b="N"/>
<point x="168.44" y="138.59" b="N"/>
<point x="160.74" y="140.18" b="G"/>
<point x="153.40" y="138.38" b="G"/>
<point x="148.07" y="133.60" b="N"/>
<point x="145.33" y="126.56" b="N"/>
<point x="146.16" y="119.04" b="N"/>
<point x="138.60" y="119.04" b="N"/>
<point x="130.68" y="118.83" b="G"/>
<point x="123.12" y="118.83" b="G"/>
<point x="115.56" y="118.83" b="G"/>
<point x="110.63" y="124.18" b="A"/>
<point x="110.22" y="131.74" b="G"/>
<point x="110.63" y="139.30" b="A"/>
<point x="110.22" y="146.86" b="G"/>
<point x="110.22" y="154.42" b="G"/>
<point x="110.63" y="161.98" b="A"/>
<point x="110.22" y="169.54" b="G"/>
<point x="110.63" y="177.10" b="A"/>
<point x="110.63" y="184.66" b="A"/>
<point x="110.63" y="192.22" b="A"/>
<point x="110.63" y="199.78" b="Y"/>
<point x="115.98" y="205.12" b="Y"/>
<point x="123.12" y="205.12" b="G"/>
<point x="130.89" y="205.12" b="R"/>
<point x="138.66" y="205.12" b="A"/>
<point x="142.02" y="198.58" b="G"/>
<point x="145.80" y="205.12" b="G"/>
<point x="153.78" y="205.12" b="A"/>
<point x="161.34" y="205.12" b="A"/>
<point x="168.48" y="205.12" b="G"/>
<point x="172.68" y="198.58" b="A"/>
<point x="176.46" y="205.12" b="A"/>
<point x="183.96" y="205.33" b="N"/>
<point x="191.37" y="205.12" b="U"/>
<point x="198.93" y="205.12" b="U"/>
<point x="206.64" y="205.33" b="N"/>
<point x="211.26" y="199.35" b="N"/>
<point x="217.82" y="196.08" b="G"/>
<point x="225.35" y="196.69" b="G"/>
<point x="231.69" y="200.82" b="G"/>
<point x="235.29" y="207.46" b="G"/>
<point x="235.71" y="215.02" b="A"/>
<point x="232.10" y="221.67" b="A"/>
<point x="225.77" y="225.80" b="A"/>
<point x="218.23" y="226.40" b="Y"/>
<point x="211.26" y="223.55" b="N"/>
<point x="206.64" y="217.57" b="N"/>
<point x="199.08" y="217.57" b="N"/>
<point x="191.52" y="217.57" b="N"/>
<point x="183.96" y="217.57" b="N"/>
<point x="176.25" y="217.36" b="U"/>
<point x="168.84" y="217.57" b="N"/>
<point x="161.13" y="217.36" b="U"/>
<point x="153.57" y="217.36" b="U"/>
<point x="146.01" y="217.36" b="C"/>
<point x="138.60" y="217.57" b="N"/>
<point x="130.89" y="217.36" b="C"/>
<point x="123.33" y="217.36" b="C"/>
<point x="115.56" y="217.36" b="G"/>
<point x="110.63" y="222.71" b="Y"/>
<point x="110.58" y="230.48" b="N"/>
<point x="110.43" y="237.83" b="R"/>
</structure>