<structure>
<point x="19.60" y="195.89" b="N"/>
<point x="27.02" y="195.69" b="R"/>
<point x="34.73" y="195.89" b="N"/>
<point x="42.34" y="195.69" b="Y"/>
<point x="49.90" y="195.69" b="Y"/>
<point x="57.46" y="195.69" b="A"/>
<point x="62.81" y="190.34" b="Y"/>
<point x="62.81" y="182.78" b="Y"/>
<point x="62.39" y="175.22" b="G"/>
<point x="62.81" y="167.66" b="Y"/>
<point x="62.60" y="160.10" b="C"/>
<point x="62.60" y="152.54" b="C"/>
<point x="59.71" y="145.65" b="A"/>
<point x="62.60" y="138.75" b="R"/>
<point x="62.39" y="131.19" b="G"/>
<point x="62.39" y="123.63" b="G"/>
<point x="62.60" y="116.07" b="R"/>
<point x="62.39" y="108.51" b="G"/>
<point x="62.39" y="100.95" b="G"/>
<point x="56.47" y="96.53" b="R"/>
<point x="53.23" y="89.79" b="A"/>
<point x="53.03" y="82.23" b="R"/>
<point x="56.47" y="75.50" b="R"/>
<point x="62.39" y="71.08" b="G"/>
<point x="62.60" y="63.52" b="C"/>
<point x="62.75" y="56.17" b="N"/>
<point x="62.39" y="48.40" b="G"/>
<point x="62.60" y="40.84" b="C"/>
<point x="59.35" y="34.29" b="N"/>
<point x="61.99" y="26.98" b="A"/>
<point x="68.93" y="23.98" b="Y"/>
<point x="75.81" y="27.19" b="N"/>
<point x="78.24" y="34.09" b="U"/>
<point x="74.63" y="40.84" b="G"/>
<point x="75.05" y="48.40" b="Y"/>
<point x="74.63" y="55.96" b="G"/>
<point x="74.63" y="63.52" b="G"/>
<point x="74.84" y="71.08" b="C"/>
<point x="82.23" y="73.47" b="N"/>
<point x="87.33" y="78.70" b="R"/>
<point x="89.39" y="86.22" b="N"/>
<point x="87.33" y="93.33" b="U"/>
<point x="82.29" y="98.77" b="A"/>
<point x="74.84" y="100.95" b="C"/>
<point x="74.84" y="108.51" b="C"/>
<point x="74.84" y="116.07" b="U"/>
<point x="74.84" y="123.63" b="C"/>
<point x="74.84" y="131.19" b="U"/>
<point x="74.84" y="138.75" b="U"/>
<point x="81.80" y="135.80" b="C"/>
<point x="89.01" y="138.66" b="A"/>
<point x="91.91" y="145.65" b="A"/>
<point x="88.80" y="152.63" b="C"/>
<point x="81.80" y="155.49" b="U"/>
<point x="74.63" y="152.54" b="G"/>
<point x="74.63" y="160.10" b="G"/>
<point x="74.63" y="167.66" b="G"/>
<point x="74.84" y="175.22" b="C"/>
<point x="74.84" y="182.78" b="R"/>
<point x="74.63" y="190.34" b="G"/>
<point x="80.19" y="195.69" b="U"/>
<point x="87.75" y="195.69" b="R"/>
<point x="95.51" y="195.69" b="A"/>
<point x="102.87" y="195.69" b="R"/>
<point x="110.43" y="195.69" b="R"/>
</structure>