<structure>
<point x="19.45" y="203.75" b="R"/>
<point x="27.16" y="203.96" b="N"/>
<point x="34.78" y="203.75" b="Y"/>
<point x="42.34" y="203.75" b="Y"/>
<point x="49.84" y="203.96" b="N"/>
<point x="57.26" y="203.75" b="U"/>
<point x="64.61" y="203.75" b="G"/>
<point x="72.58" y="203.75" b="A"/>
<point x="79.94" y="203.75" b="U"/>
<point x="85.28" y="198.41" b="U"/>
<point x="85.07" y="190.85" b="G"/>
<point x="85.28" y="183.29" b="U"/>
<point x="85.28" y="175.73" b="C"/>
<point x="85.28" y="168.17" b="C"/>
<point x="85.49" y="160.61" b="A"/>
<point x="80.78" y="154.69" b="A"/>
<point x="80.78" y="147.13" b="A"/>
<point x="85.28" y="141.21" b="C"/>
<point x="85.07" y="133.65" b="G"/>
<point x="85.28" y="126.09" b="C"/>
<point x="85.49" y="118.53" b="A"/>
<point x="85.49" y="110.97" b="A"/>
<point x="85.28" y="103.41" b="U"/>
<point x="85.28" y="95.85" b="U"/>
<point x="85.28" y="88.29" b="C"/>
<point x="85.28" y="80.73" b="U"/>
<point x="85.49" y="73.17" b="Y"/>
<point x="85.07" y="65.61" b="G"/>
<point x="78.69" y="62.40" b="N"/>
<point x="73.56" y="56.85" b="N"/>
<point x="70.69" y="49.85" b="N"/>
<point x="70.45" y="42.29" b="N"/>
<point x="72.70" y="34.92" b="U"/>
<point x="77.60" y="29.25" b="N"/>
<point x="84.17" y="25.19" b="Y"/>
<point x="91.55" y="24.06" b="N"/>
<point x="98.99" y="25.40" b="N"/>
<point x="105.50" y="29.25" b="N"/>
<point x="110.25" y="35.13" b="N"/>
<point x="112.71" y="42.09" b="Y"/>
<point x="112.41" y="49.85" b="N"/>
<point x="109.54" y="56.85" b="N"/>
<point x="104.47" y="62.19" b="Y"/>
<point x="97.52" y="65.61" b="C"/>
<point x="97.52" y="73.17" b="R"/>
<point x="97.73" y="80.73" b="A"/>
<point x="97.31" y="88.29" b="G"/>
<point x="97.52" y="95.85" b="R"/>
<point x="97.31" y="103.41" b="G"/>
<point x="97.52" y="110.97" b="U"/>
<point x="97.52" y="118.53" b="U"/>
<point x="97.31" y="126.09" b="G"/>
<point x="97.67" y="133.86" b="N"/>
<point x="97.31" y="141.21" b="G"/>
<point x="102.38" y="147.34" b="N"/>
<point x="102.23" y="154.69" b="C"/>
<point x="97.52" y="160.61" b="U"/>
<point x="97.31" y="168.17" b="G"/>
<point x="97.31" y="175.73" b="G"/>
<point x="97.52" y="183.29" b="R"/>
<point x="97.52" y="190.85" b="C"/>
<point x="97.73" y="198.41" b="A"/>
<point x="102.87" y="203.75" b="U"/>
<point x="110.43" y="203.75" b="C"/>
<point x="118.14" y="203.96" b="N"/>
<point x="125.70" y="203.96" b="N"/>
<point x="132.90" y="203.75" b="G"/>
<point x="140.67" y="203.75" b="R"/>
<point x="148.38" y="203.96" b="N"/>
<point x="155.99" y="203.75" b="Y"/>
<point x="163.35" y="203.75" b="C"/>
</structure>