<structure>
<point x="84.27" y="250.35" b="A"/>
<point x="91.63" y="250.35" b="C"/>
<point x="99.19" y="250.35" b="C"/>
<point x="104.74" y="245.01" b="A"/>
<point x="104.53" y="237.45" b="U"/>
<point x="104.53" y="229.89" b="U"/>
<point x="97.01" y="229.16" b="C"/>
<point x="89.56" y="227.88" b="U"/>
<point x="82.42" y="226.07" b="A"/>
<point x="75.03" y="223.72" b="U"/>
<point x="67.83" y="220.84" b="G"/>
<point x="61.48" y="217.47" b="A"/>
<point x="54.78" y="213.60" b="U"/>
<point x="48.37" y="209.27" b="G"/>
<point x="42.92" y="204.50" b="A"/>
<point x="37.43" y="199.31" b="A"/>
<point x="32.12" y="193.73" b="U"/>
<point x="27.44" y="187.79" b="U"/>
<point x="23.00" y="181.53" b="G"/>
<point x="19.45" y="174.97" b="U"/>
<point x="16.18" y="168.16" b="C"/>
<point x="13.41" y="161.12" b="C"/>
<point x="11.18" y="153.90" b="U"/>
<point x="9.47" y="146.53" b="U"/>
<point x="8.52" y="139.06" b="A"/>
<point x="7.50" y="131.53" b="G"/>
<point x="7.86" y="123.97" b="Y"/>
<point x="7.95" y="116.42" b="G"/>
<point x="9.00" y="108.94" b="G"/>
<point x="11.02" y="101.55" b="A"/>
<point x="12.95" y="94.30" b="U"/>
<point x="15.61" y="87.22" b="U"/>
<point x="18.79" y="80.36" b="C"/>
<point x="22.66" y="73.75" b="Y"/>
<point x="26.39" y="67.43" b="G"/>
<point x="31.40" y="61.42" b="A"/>
<point x="36.22" y="55.77" b="U"/>
<point x="41.43" y="50.51" b="G"/>
<point x="47.65" y="45.65" b="A"/>
<point x="53.78" y="41.24" b="A"/>
<point x="60.02" y="37.28" b="C"/>
<point x="66.74" y="33.81" b="C"/>
<point x="73.69" y="30.84" b="U"/>
<point x="80.63" y="28.39" b="G"/>
<point x="88.36" y="26.47" b="A"/>
<point x="95.58" y="25.09" b="U"/>
<point x="102.89" y="24.26" b="G"/>
<point x="110.65" y="23.98" b="U"/>
<point x="118.42" y="24.26" b="Y"/>
<point x="125.93" y="25.09" b="A"/>
<point x="133.31" y="26.68" b="N"/>
<point x="140.47" y="28.39" b="U"/>
<point x="147.62" y="30.84" b="U"/>
<point x="154.57" y="33.81" b="U"/>
<point x="161.08" y="37.28" b="G"/>
<point x="167.52" y="41.24" b="G"/>
<point x="173.87" y="45.65" b="U"/>
<point x="179.66" y="50.51" b="U"/>
<point x="185.09" y="55.77" b="C"/>
<point x="190.26" y="61.63" b="N"/>
<point x="194.86" y="67.63" b="N"/>
<point x="198.85" y="73.75" b="U"/>
<point x="202.31" y="80.36" b="G"/>
<point x="205.90" y="87.22" b="A"/>
<point x="208.15" y="94.30" b="G"/>
<point x="210.70" y="101.55" b="A"/>
<point x="212.30" y="108.94" b="A"/>
<point x="213.15" y="116.42" b="C"/>
<point x="213.86" y="123.97" b="A"/>
<point x="213.60" y="131.53" b="U"/>
<point x="212.78" y="139.06" b="G"/>
<point x="211.83" y="146.53" b="C"/>
<point x="210.13" y="153.90" b="U"/>
<point x="208.10" y="161.12" b="A"/>
<point x="205.13" y="168.16" b="U"/>
<point x="201.65" y="174.97" b="G"/>
<point x="198.31" y="181.53" b="A"/>
<point x="193.87" y="187.79" b="C"/>
<point x="189.40" y="193.73" b="A"/>
<point x="184.09" y="199.31" b="U"/>
<point x="178.38" y="204.50" b="G"/>
<point x="172.73" y="209.27" b="U"/>
<point x="166.53" y="213.60" b="C"/>
<point x="160.03" y="217.47" b="U"/>
<point x="153.06" y="220.84" b="G"/>
<point x="146.48" y="223.72" b="A"/>
<point x="139.09" y="226.07" b="R"/>
<point x="131.96" y="227.88" b="A"/>
<point x="124.50" y="229.16" b="Y"/>
<point x="116.98" y="229.89" b="A"/>
<point x="116.98" y="237.45" b="A"/>
<point x="116.77" y="245.01" b="U"/>
</structure>