<structure>
<point x="33.39" y="112.20" b="A"/>
<point x="40.95" y="112.20" b="Y"/>
<point x="48.09" y="112.20" b="G"/>
<point x="53.43" y="106.85" b="G"/>
<point x="53.85" y="99.29" b="A"/>
<point x="53.43" y="91.73" b="G"/>
<point x="53.85" y="84.17" b="A"/>
<point x="47.22" y="80.18" b="C"/>
<point x="43.20" y="73.92" b="A"/>
<point x="41.69" y="66.47" b="U"/>
<point x="34.47" y="63.64" b="G"/>
<point x="27.46" y="60.82" b="G"/>
<point x="20.66" y="57.99" b="C"/>
<point x="13.28" y="58.83" b="N"/>
<point x="7.50" y="53.57" b="U"/>
<point x="7.52" y="46.01" b="A"/>
<point x="12.90" y="40.70" b="A"/>
<point x="20.45" y="40.96" b="A"/>
<point x="25.03" y="46.64" b="G"/>
<point x="32.40" y="49.67" b="N"/>
<point x="39.26" y="52.29" b="C"/>
<point x="46.48" y="55.12" b="A"/>
<point x="52.16" y="50.65" b="G"/>
<point x="59.76" y="49.07" b="R"/>
<point x="67.31" y="50.86" b="N"/>
<point x="73.41" y="55.33" b="N"/>
<point x="76.79" y="61.69" b="G"/>
<point x="84.71" y="62.18" b="N"/>
<point x="92.11" y="62.26" b="R"/>
<point x="99.87" y="62.55" b="A"/>
<point x="101.33" y="55.23" b="G"/>
<point x="104.79" y="48.30" b="A"/>
<point x="108.86" y="42.17" b="N"/>
<point x="114.01" y="36.38" b="A"/>
<point x="119.73" y="31.69" b="C"/>
<point x="126.34" y="28.03" b="R"/>
<point x="133.67" y="25.48" b="Y"/>
<point x="141.05" y="24.33" b="N"/>
<point x="148.66" y="23.98" b="A"/>
<point x="156.15" y="25.07" b="A"/>
<point x="163.15" y="27.36" b="C"/>
<point x="170.03" y="30.99" b="N"/>
<point x="176.13" y="35.46" b="N"/>
<point x="181.42" y="40.86" b="N"/>
<point x="185.77" y="47.05" b="N"/>
<point x="189.06" y="53.85" b="N"/>
<point x="191.26" y="60.89" b="A"/>
<point x="191.78" y="68.40" b="G"/>
<point x="191.91" y="75.95" b="A"/>
<point x="190.20" y="83.36" b="C"/>
<point x="187.51" y="90.43" b="U"/>
<point x="183.87" y="97.17" b="N"/>
<point x="178.91" y="102.80" b="U"/>
<point x="173.38" y="107.99" b="N"/>
<point x="167.01" y="111.78" b="A"/>
<point x="159.83" y="114.68" b="C"/>
<point x="152.47" y="116.41" b="U"/>
<point x="144.93" y="116.93" b="U"/>
<point x="137.19" y="116.22" b="G"/>
<point x="130.29" y="114.30" b="A"/>
<point x="123.39" y="111.22" b="A"/>
<point x="117.08" y="107.07" b="Y"/>
<point x="111.31" y="101.94" b="U"/>
<point x="106.44" y="95.99" b="G"/>
<point x="103.23" y="89.36" b="A"/>
<point x="100.52" y="82.22" b="U"/>
<point x="99.20" y="74.78" b="U"/>
<point x="91.85" y="74.49" b="Y"/>
<point x="84.09" y="74.21" b="R"/>
<point x="76.54" y="73.92" b="C"/>
<point x="72.51" y="80.18" b="A"/>
<point x="65.88" y="84.17" b="U"/>
<point x="65.88" y="91.73" b="C"/>
<point x="65.88" y="99.29" b="U"/>
<point x="65.88" y="106.85" b="C"/>
<point x="71.44" y="112.20" b="A"/>
<point x="78.79" y="112.20" b="U"/>
<point x="86.35" y="112.20" b="U"/>
<point x="93.91" y="112.20" b="U"/>
<point x="101.47" y="112.20" b="U"/>
</structure>