<structure>
<point x="19.45" y="140.57" b="C"/>
<point x="24.59" y="135.23" b="G"/>
<point x="24.59" y="127.67" b="G"/>
<point x="24.80" y="120.11" b="C"/>
<point x="24.59" y="112.55" b="G"/>
<point x="24.80" y="104.99" b="C"/>
<point x="18.06" y="102.08" b="N"/>
<point x="18.06" y="94.52" b="N"/>
<point x="24.59" y="91.19" b="G"/>
<point x="24.95" y="83.84" b="N"/>
<point x="24.95" y="76.28" b="N"/>
<point x="24.59" y="68.51" b="G"/>
<point x="24.59" y="60.95" b="G"/>
<point x="24.59" y="53.39" b="G"/>
<point x="24.59" y="45.83" b="G"/>
<point x="20.06" y="40.27" b="N"/>
<point x="19.66" y="32.73" b="N"/>
<point x="23.91" y="26.47" b="N"/>
<point x="31.07" y="24.06" b="N"/>
<point x="38.24" y="26.47" b="N"/>
<point x="42.33" y="32.52" b="R"/>
<point x="42.08" y="40.27" b="N"/>
<point x="37.04" y="45.83" b="C"/>
<point x="37.04" y="53.39" b="C"/>
<point x="37.04" y="60.95" b="C"/>
<point x="37.04" y="68.51" b="C"/>
<point x="36.83" y="76.07" b="G"/>
<point x="37.19" y="83.84" b="N"/>
<point x="37.04" y="91.19" b="C"/>
<point x="40.35" y="98.09" b="A"/>
<point x="36.83" y="104.99" b="G"/>
<point x="37.04" y="112.55" b="C"/>
<point x="36.83" y="120.11" b="G"/>
<point x="37.04" y="127.67" b="C"/>
<point x="37.04" y="135.23" b="C"/>
<point x="42.39" y="140.57" b="U"/>
<point x="50.15" y="140.57" b="A"/>
<point x="57.71" y="140.57" b="A"/>
<point x="62.85" y="135.23" b="C"/>
<point x="62.85" y="127.67" b="C"/>
<point x="63.06" y="120.11" b="A"/>
<point x="56.58" y="116.20" b="Y"/>
<point x="52.15" y="110.24" b="N"/>
<point x="50.67" y="102.64" b="A"/>
<point x="52.15" y="95.44" b="N"/>
<point x="56.53" y="89.28" b="N"/>
<point x="63.00" y="85.37" b="N"/>
<point x="63.00" y="77.81" b="N"/>
<point x="63.06" y="70.04" b="Y"/>
<point x="62.85" y="62.48" b="C"/>
<point x="62.85" y="54.92" b="U"/>
<point x="59.54" y="48.03" b="G"/>
<point x="63.00" y="41.34" b="N"/>
<point x="62.69" y="33.58" b="A"/>
<point x="69.12" y="29.90" b="N"/>
<point x="75.66" y="33.58" b="A"/>
<point x="74.88" y="41.13" b="G"/>
<point x="77.98" y="48.03" b="G"/>
<point x="75.30" y="54.92" b="A"/>
<point x="74.88" y="62.48" b="G"/>
<point x="75.09" y="70.04" b="R"/>
<point x="75.24" y="77.81" b="N"/>
<point x="75.24" y="85.37" b="N"/>
<point x="81.77" y="89.07" b="A"/>
<point x="86.09" y="95.44" b="N"/>
<point x="87.48" y="102.64" b="C"/>
<point x="86.09" y="110.24" b="N"/>
<point x="81.77" y="116.20" b="A"/>
<point x="75.09" y="120.11" b="U"/>
<point x="74.88" y="127.67" b="G"/>
<point x="74.88" y="135.23" b="G"/>
<point x="80.44" y="140.57" b="C"/>
<point x="88.00" y="140.57" b="U"/>
<point x="95.71" y="140.78" b="N"/>
<point x="103.32" y="140.57" b="Y"/>
</structure>