<structure>
<point x="63.74" y="118.65" b="N"/>
<point x="69.09" y="113.31" b="N"/>
<point x="69.09" y="105.75" b="N"/>
<point x="69.09" y="98.19" b="N"/>
<point x="69.09" y="90.63" b="N"/>
<point x="68.73" y="82.86" b="G"/>
<point x="68.94" y="75.30" b="U"/>
<point x="62.24" y="72.30" b="N"/>
<point x="56.81" y="67.04" b="N"/>
<point x="49.38" y="69.52" b="G"/>
<point x="42.68" y="72.41" b="N"/>
<point x="35.46" y="74.89" b="R"/>
<point x="28.54" y="77.78" b="N"/>
<point x="24.22" y="83.99" b="N"/>
<point x="16.88" y="85.78" b="N"/>
<point x="10.19" y="82.26" b="N"/>
<point x="7.50" y="75.19" b="N"/>
<point x="10.16" y="68.11" b="N"/>
<point x="16.84" y="64.57" b="N"/>
<point x="24.19" y="66.34" b="N"/>
<point x="31.32" y="63.45" b="Y"/>
<point x="38.33" y="60.97" b="N"/>
<point x="45.45" y="58.08" b="Y"/>
<point x="52.46" y="55.60" b="N"/>
<point x="52.87" y="47.85" b="C"/>
<point x="55.87" y="40.91" b="U"/>
<point x="60.75" y="35.32" b="G"/>
<point x="67.81" y="31.71" b="A"/>
<point x="75.26" y="30.46" b="Y"/>
<point x="82.30" y="31.71" b="G"/>
<point x="89.36" y="35.32" b="A"/>
<point x="94.03" y="40.91" b="G"/>
<point x="101.67" y="38.66" b="Y"/>
<point x="108.68" y="36.41" b="C"/>
<point x="116.11" y="34.17" b="Y"/>
<point x="119.56" y="27.68" b="N"/>
<point x="126.19" y="24.06" b="N"/>
<point x="133.72" y="24.74" b="N"/>
<point x="139.60" y="29.49" b="N"/>
<point x="141.85" y="36.71" b="N"/>
<point x="139.71" y="43.96" b="N"/>
<point x="133.90" y="48.79" b="N"/>
<point x="126.23" y="49.38" b="R"/>
<point x="119.54" y="45.85" b="R"/>
<point x="112.11" y="48.10" b="G"/>
<point x="105.10" y="50.35" b="R"/>
<point x="97.88" y="52.60" b="C"/>
<point x="96.65" y="60.09" b="G"/>
<point x="93.66" y="66.83" b="A"/>
<point x="88.23" y="72.10" b="A"/>
<point x="81.38" y="75.30" b="A"/>
<point x="81.18" y="82.86" b="C"/>
<point x="81.33" y="90.63" b="N"/>
<point x="81.33" y="98.19" b="N"/>
<point x="81.33" y="105.75" b="N"/>
<point x="81.33" y="113.31" b="N"/>
<point x="86.67" y="118.65" b="N"/>
</structure>