<structure>
<point x="112.66" y="254.24" b="R"/>
<point x="112.45" y="246.68" b="G"/>
<point x="105.13" y="246.01" b="C"/>
<point x="97.81" y="245.03" b="N"/>
<point x="90.29" y="243.14" b="R"/>
<point x="83.20" y="241.17" b="N"/>
<point x="75.77" y="238.30" b="G"/>
<point x="69.31" y="235.16" b="A"/>
<point x="62.45" y="231.56" b="U"/>
<point x="55.85" y="227.53" b="G"/>
<point x="50.17" y="223.06" b="A"/>
<point x="44.33" y="218.40" b="N"/>
<point x="38.88" y="213.15" b="N"/>
<point x="33.87" y="207.34" b="A"/>
<point x="29.13" y="201.61" b="N"/>
<point x="24.86" y="195.38" b="N"/>
<point x="21.02" y="188.86" b="N"/>
<point x="17.49" y="181.89" b="C"/>
<point x="14.57" y="174.92" b="U"/>
<point x="12.28" y="167.97" b="N"/>
<point x="10.33" y="160.67" b="N"/>
<point x="8.88" y="153.25" b="N"/>
<point x="7.93" y="145.75" b="N"/>
<point x="7.50" y="138.20" b="N"/>
<point x="7.58" y="130.64" b="N"/>
<point x="8.02" y="122.90" b="U"/>
<point x="9.12" y="115.42" b="U"/>
<point x="10.73" y="108.03" b="C"/>
<point x="12.83" y="100.77" b="U"/>
<point x="15.21" y="93.67" b="G"/>
<point x="18.69" y="86.75" b="A"/>
<point x="22.01" y="80.07" b="C"/>
<point x="26.19" y="73.64" b="A"/>
<point x="30.39" y="67.49" b="C"/>
<point x="35.19" y="61.65" b="C"/>
<point x="40.38" y="56.15" b="U"/>
<point x="45.93" y="51.02" b="C"/>
<point x="51.82" y="46.28" b="U"/>
<point x="58.01" y="41.94" b="U"/>
<point x="64.28" y="38.04" b="G"/>
<point x="71.21" y="34.58" b="U"/>
<point x="78.36" y="31.59" b="A"/>
<point x="85.28" y="29.07" b="U"/>
<point x="92.35" y="27.05" b="G"/>
<point x="100.17" y="25.52" b="A"/>
<point x="107.25" y="24.50" b="G"/>
<point x="115.21" y="23.98" b="A"/>
<point x="122.77" y="23.98" b="A"/>
<point x="129.89" y="24.50" b="G"/>
<point x="137.75" y="25.73" b="N"/>
<point x="145.15" y="27.26" b="N"/>
<point x="152.49" y="29.07" b="Y"/>
<point x="159.62" y="31.59" b="Y"/>
<point x="166.35" y="34.58" b="U"/>
<point x="173.23" y="38.25" b="N"/>
<point x="179.70" y="42.15" b="N"/>
<point x="185.89" y="46.49" b="N"/>
<point x="191.78" y="51.23" b="N"/>
<point x="197.33" y="56.36" b="N"/>
<point x="202.37" y="61.65" b="C"/>
<point x="207.18" y="67.49" b="U"/>
<point x="211.58" y="73.64" b="C"/>
<point x="215.55" y="80.07" b="U"/>
<point x="219.08" y="86.75" b="U"/>
<point x="222.14" y="93.67" b="C"/>
<point x="224.88" y="100.98" b="N"/>
<point x="226.84" y="108.03" b="U"/>
<point x="228.44" y="115.42" b="U"/>
<point x="229.33" y="122.90" b="G"/>
<point x="230.34" y="130.43" b="A"/>
<point x="230.00" y="137.99" b="G"/>
<point x="229.78" y="145.54" b="C"/>
<point x="229.04" y="153.04" b="A"/>
<point x="227.54" y="160.67" b="N"/>
<point x="225.64" y="167.76" b="A"/>
<point x="223.15" y="175.13" b="N"/>
<point x="220.23" y="182.10" b="N"/>
<point x="216.84" y="188.86" b="N"/>
<point x="213.00" y="195.38" b="N"/>
<point x="208.38" y="201.41" b="G"/>
<point x="203.90" y="207.34" b="C"/>
<point x="199.04" y="212.95" b="A"/>
<point x="193.39" y="218.19" b="R"/>
<point x="187.81" y="223.06" b="Y"/>
<point x="181.65" y="227.73" b="N"/>
<point x="175.26" y="231.77" b="N"/>
<point x="168.46" y="235.16" b="U"/>
<point x="161.58" y="238.30" b="C"/>
<point x="154.51" y="240.97" b="U"/>
<point x="147.06" y="243.14" b="G"/>
<point x="140.11" y="244.83" b="A"/>
<point x="132.22" y="246.01" b="G"/>
<point x="124.90" y="246.68" b="C"/>
<point x="125.11" y="254.24" b="Y"/>
</structure>