<structure>
<point x="26.41" y="297.44" b="N"/>
<point x="31.61" y="291.89" b="C"/>
<point x="31.61" y="284.33" b="C"/>
<point x="31.61" y="276.77" b="U"/>
<point x="31.61" y="269.21" b="U"/>
<point x="31.61" y="261.65" b="R"/>
<point x="24.45" y="259.23" b="R"/>
<point x="18.10" y="255.11" b="R"/>
<point x="12.97" y="249.56" b="R"/>
<point x="9.36" y="242.92" b="U"/>
<point x="7.50" y="235.59" b="R"/>
<point x="7.65" y="228.24" b="N"/>
<point x="9.36" y="220.70" b="U"/>
<point x="12.97" y="214.06" b="R"/>
<point x="18.10" y="208.51" b="U"/>
<point x="24.65" y="204.40" b="A"/>
<point x="31.40" y="201.97" b="G"/>
<point x="31.61" y="194.41" b="C"/>
<point x="31.81" y="186.85" b="A"/>
<point x="31.40" y="179.29" b="G"/>
<point x="31.61" y="171.73" b="C"/>
<point x="31.61" y="164.17" b="R"/>
<point x="28.51" y="157.27" b="C"/>
<point x="31.81" y="150.38" b="A"/>
<point x="26.90" y="144.46" b="U"/>
<point x="27.05" y="137.11" b="N"/>
<point x="31.81" y="130.99" b="A"/>
<point x="31.61" y="123.42" b="U"/>
<point x="31.40" y="115.86" b="G"/>
<point x="31.40" y="108.31" b="G"/>
<point x="31.61" y="100.75" b="U"/>
<point x="31.61" y="93.18" b="U"/>
<point x="31.61" y="85.62" b="U"/>
<point x="31.40" y="78.06" b="G"/>
<point x="31.81" y="70.50" b="Y"/>
<point x="31.61" y="62.94" b="R"/>
<point x="25.11" y="59.54" b="N"/>
<point x="20.12" y="53.53" b="R"/>
<point x="17.91" y="46.56" b="N"/>
<point x="18.21" y="38.80" b="U"/>
<point x="21.57" y="32.16" b="N"/>
<point x="27.13" y="26.77" b="Y"/>
<point x="33.95" y="23.98" b="R"/>
<point x="41.51" y="23.98" b="R"/>
<point x="48.68" y="26.98" b="N"/>
<point x="54.04" y="31.96" b="R"/>
<point x="57.24" y="38.80" b="R"/>
<point x="57.90" y="46.35" b="A"/>
<point x="55.33" y="53.53" b="R"/>
<point x="50.49" y="59.34" b="R"/>
<point x="43.85" y="62.94" b="U"/>
<point x="43.64" y="70.50" b="G"/>
<point x="43.85" y="78.06" b="C"/>
<point x="43.85" y="85.62" b="R"/>
<point x="43.85" y="93.18" b="R"/>
<point x="43.85" y="100.75" b="R"/>
<point x="44.05" y="108.31" b="Y"/>
<point x="43.85" y="115.86" b="C"/>
<point x="44.05" y="123.42" b="A"/>
<point x="43.85" y="130.99" b="U"/>
<point x="48.70" y="137.11" b="N"/>
<point x="48.70" y="144.67" b="N"/>
<point x="43.85" y="150.38" b="U"/>
<point x="47.10" y="157.48" b="N"/>
<point x="43.85" y="164.17" b="U"/>
<point x="43.64" y="171.73" b="G"/>
<point x="43.85" y="179.29" b="C"/>
<point x="43.85" y="186.85" b="U"/>
<point x="43.64" y="194.41" b="G"/>
<point x="43.85" y="201.97" b="C"/>
<point x="51.21" y="204.40" b="Y"/>
<point x="57.55" y="208.51" b="Y"/>
<point x="62.69" y="214.06" b="Y"/>
<point x="66.30" y="220.70" b="A"/>
<point x="67.95" y="228.03" b="R"/>
<point x="67.95" y="235.59" b="R"/>
<point x="66.30" y="242.92" b="A"/>
<point x="62.63" y="249.77" b="N"/>
<point x="57.35" y="255.11" b="U"/>
<point x="51.16" y="259.43" b="N"/>
<point x="44.05" y="261.65" b="Y"/>
<point x="44.05" y="269.21" b="A"/>
<point x="44.05" y="276.77" b="A"/>
<point x="43.64" y="284.33" b="G"/>
<point x="43.64" y="291.89" b="G"/>
<point x="49.40" y="297.24" b="A"/>
</structure>