<structure>
<point x="19.25" y="346.45" b="G"/>
<point x="27.22" y="346.45" b="A"/>
<point x="34.78" y="346.45" b="A"/>
<point x="42.34" y="346.45" b="A"/>
<point x="49.90" y="346.45" b="A"/>
<point x="57.26" y="346.45" b="C"/>
<point x="64.81" y="346.45" b="U"/>
<point x="72.38" y="346.45" b="C"/>
<point x="77.93" y="341.11" b="A"/>
<point x="77.72" y="333.55" b="C"/>
<point x="77.72" y="325.99" b="C"/>
<point x="77.51" y="318.43" b="G"/>
<point x="77.72" y="310.87" b="C"/>
<point x="74.83" y="303.97" b="A"/>
<point x="77.93" y="297.07" b="A"/>
<point x="77.72" y="289.51" b="C"/>
<point x="77.51" y="281.95" b="G"/>
<point x="71.74" y="277.61" b="A"/>
<point x="68.14" y="270.96" b="A"/>
<point x="60.63" y="270.09" b="A"/>
<point x="52.91" y="269.22" b="C"/>
<point x="45.20" y="268.35" b="G"/>
<point x="38.10" y="267.47" b="A"/>
<point x="31.41" y="270.99" b="A"/>
<point x="24.06" y="269.19" b="A"/>
<point x="19.69" y="263.19" b="N"/>
<point x="20.57" y="255.68" b="N"/>
<point x="26.25" y="250.42" b="A"/>
<point x="33.81" y="250.36" b="A"/>
<point x="39.31" y="255.31" b="U"/>
<point x="46.82" y="256.19" b="C"/>
<point x="54.12" y="257.06" b="G"/>
<point x="61.84" y="257.93" b="U"/>
<point x="69.35" y="258.81" b="U"/>
<point x="74.37" y="253.16" b="C"/>
<point x="72.85" y="245.80" b="A"/>
<point x="70.70" y="238.44" b="G"/>
<point x="63.92" y="236.13" b="A"/>
<point x="58.24" y="231.13" b="A"/>
<point x="55.04" y="224.28" b="A"/>
<point x="54.85" y="216.72" b="Y"/>
<point x="57.69" y="209.72" b="A"/>
<point x="62.89" y="204.43" b="C"/>
<point x="61.16" y="197.07" b="U"/>
<point x="59.57" y="189.92" b="N"/>
<point x="52.60" y="186.05" b="G"/>
<point x="49.33" y="179.45" b="A"/>
<point x="49.48" y="171.90" b="C"/>
<point x="53.76" y="165.66" b="C"/>
<point x="52.23" y="158.31" b="A"/>
<point x="50.29" y="150.95" b="C"/>
<point x="48.35" y="143.59" b="G"/>
<point x="41.52" y="141.41" b="A"/>
<point x="46.61" y="136.23" b="G"/>
<point x="44.88" y="128.87" b="G"/>
<point x="43.14" y="121.51" b="G"/>
<point x="41.77" y="114.36" b="N"/>
<point x="40.09" y="106.80" b="Y"/>
<point x="33.95" y="102.12" b="C"/>
<point x="32.22" y="94.76" b="C"/>
<point x="35.44" y="87.92" b="C"/>
<point x="33.71" y="80.56" b="C"/>
<point x="26.64" y="83.25" b="U"/>
<point x="19.44" y="81.71" b="A"/>
<point x="13.82" y="76.44" b="U"/>
<point x="12.29" y="69.08" b="A"/>
<point x="14.37" y="61.94" b="G"/>
<point x="20.52" y="57.26" b="U"/>
<point x="28.04" y="56.51" b="C"/>
<point x="26.51" y="49.15" b="Y"/>
<point x="24.57" y="41.79" b="C"/>
<point x="19.86" y="36.21" b="N"/>
<point x="20.80" y="28.49" b="Y"/>
<point x="26.66" y="23.98" b="U"/>
<point x="33.89" y="25.31" b="G"/>
<point x="38.25" y="31.63" b="R"/>
<point x="36.63" y="39.19" b="N"/>
<point x="38.01" y="46.34" b="G"/>
<point x="40.10" y="53.91" b="N"/>
<point x="46.56" y="57.37" b="U"/>
<point x="50.04" y="63.97" b="G"/>
<point x="49.90" y="71.52" b="C"/>
<point x="45.41" y="77.75" b="G"/>
<point x="47.14" y="85.11" b="G"/>
<point x="53.29" y="89.79" b="C"/>
<point x="55.23" y="97.15" b="A"/>
<point x="51.59" y="103.99" b="G"/>
<point x="53.68" y="111.56" b="N"/>
<point x="55.27" y="118.71" b="C"/>
<point x="57.00" y="126.06" b="C"/>
<point x="58.74" y="133.42" b="C"/>
<point x="60.47" y="140.78" b="C"/>
<point x="61.99" y="148.14" b="G"/>
<point x="63.94" y="155.50" b="U"/>
<point x="65.46" y="162.86" b="G"/>
<point x="72.28" y="166.52" b="C"/>
<point x="75.76" y="173.12" b="G"/>
<point x="75.82" y="180.68" b="A"/>
<point x="71.34" y="186.91" b="U"/>
<point x="73.28" y="194.27" b="A"/>
<point x="74.60" y="201.62" b="G"/>
<point x="81.79" y="203.94" b="G"/>
<point x="87.67" y="208.94" b="C"/>
<point x="90.87" y="215.79" b="U"/>
<point x="91.28" y="223.34" b="A"/>
<point x="88.43" y="230.35" b="A"/>
<point x="82.82" y="235.63" b="C"/>
<point x="84.55" y="242.99" b="U"/>
<point x="86.08" y="250.35" b="G"/>
<point x="93.51" y="253.16" b="Y"/>
<point x="98.12" y="258.81" b="G"/>
<point x="105.63" y="257.93" b="G"/>
<point x="113.35" y="257.06" b="U"/>
<point x="120.86" y="256.19" b="R"/>
<point x="128.37" y="255.31" b="U"/>
<point x="134.69" y="251.16" b="U"/>
<point x="142.04" y="252.90" b="C"/>
<point x="145.82" y="259.45" b="C"/>
<point x="143.65" y="266.69" b="C"/>
<point x="136.88" y="270.07" b="C"/>
<point x="129.58" y="267.47" b="G"/>
<point x="122.28" y="268.35" b="C"/>
<point x="114.97" y="269.22" b="A"/>
<point x="107.26" y="270.09" b="C"/>
<point x="99.75" y="270.96" b="U"/>
<point x="96.15" y="277.61" b="C"/>
<point x="89.96" y="281.95" b="C"/>
<point x="89.75" y="289.51" b="G"/>
<point x="89.96" y="297.07" b="U"/>
<point x="97.51" y="297.37" b="C"/>
<point x="101.00" y="303.97" b="G"/>
<point x="97.72" y="310.57" b="A"/>
<point x="89.75" y="310.87" b="G"/>
<point x="89.96" y="318.43" b="C"/>
<point x="89.75" y="325.99" b="G"/>
<point x="89.75" y="333.55" b="G"/>
<point x="89.96" y="341.11" b="U"/>
<point x="95.31" y="346.45" b="U"/>
<point x="103.07" y="346.45" b="A"/>
<point x="110.63" y="346.45" b="A"/>
<point x="117.99" y="346.45" b="U"/>
<point x="125.75" y="346.45" b="A"/>
<point x="133.11" y="346.45" b="C"/>
<point x="140.46" y="346.45" b="G"/>
<point x="148.43" y="346.45" b="A"/>
<point x="155.79" y="346.45" b="C"/>
<point x="163.14" y="346.45" b="G"/>
<point x="170.91" y="346.45" b="C"/>
<point x="178.47" y="346.45" b="U"/>
<point x="186.03" y="346.45" b="U"/>
<point x="193.79" y="346.45" b="A"/>
<point x="201.15" y="346.45" b="C"/>
<point x="208.71" y="346.45" b="C"/>
<point x="216.47" y="346.45" b="A"/>
<point x="224.03" y="346.45" b="A"/>
<point x="231.18" y="346.45" b="G"/>
<point x="239.15" y="346.45" b="A"/>
<point x="246.51" y="346.45" b="C"/>
</structure>