<structure>
<point x="17.24" y="264.69" b="C"/>
<point x="17.45" y="257.12" b="Y"/>
<point x="17.24" y="249.56" b="R"/>
<point x="17.03" y="242.00" b="G"/>
<point x="12.77" y="235.76" b="G"/>
<point x="14.12" y="228.26" b="A"/>
<point x="19.73" y="223.46" b="N"/>
<point x="27.35" y="223.26" b="A"/>
<point x="32.60" y="228.26" b="G"/>
<point x="33.95" y="235.76" b="A"/>
<point x="29.48" y="242.00" b="C"/>
<point x="29.69" y="249.56" b="Y"/>
<point x="29.48" y="257.12" b="R"/>
<point x="29.27" y="264.69" b="G"/>
<point x="34.83" y="270.03" b="R"/>
<point x="40.17" y="264.69" b="R"/>
<point x="39.96" y="257.12" b="G"/>
<point x="40.17" y="249.56" b="R"/>
<point x="37.22" y="242.88" b="N"/>
<point x="40.32" y="235.98" b="N"/>
<point x="40.38" y="228.21" b="Y"/>
<point x="40.17" y="220.65" b="U"/>
<point x="33.11" y="218.61" b="N"/>
<point x="26.45" y="214.56" b="C"/>
<point x="20.99" y="209.33" b="U"/>
<point x="16.86" y="202.99" b="R"/>
<point x="14.45" y="196.09" b="N"/>
<point x="13.43" y="188.37" b="U"/>
<point x="14.30" y="180.86" b="C"/>
<point x="16.86" y="173.75" b="U"/>
<point x="21.14" y="167.62" b="N"/>
<point x="26.65" y="162.18" b="Y"/>
<point x="33.11" y="158.54" b="N"/>
<point x="40.17" y="156.08" b="C"/>
<point x="40.38" y="148.52" b="A"/>
<point x="40.32" y="141.17" b="N"/>
<point x="40.32" y="133.61" b="N"/>
<point x="40.38" y="125.84" b="A"/>
<point x="40.38" y="118.28" b="Y"/>
<point x="40.17" y="110.72" b="C"/>
<point x="40.38" y="103.16" b="A"/>
<point x="40.38" y="95.60" b="Y"/>
<point x="40.38" y="88.04" b="Y"/>
<point x="40.32" y="80.69" b="N"/>
<point x="35.62" y="74.77" b="N"/>
<point x="35.47" y="67.01" b="R"/>
<point x="39.96" y="61.09" b="G"/>
<point x="39.96" y="53.53" b="G"/>
<point x="40.17" y="45.97" b="C"/>
<point x="35.49" y="40.20" b="A"/>
<point x="34.88" y="32.65" b="C"/>
<point x="39.33" y="26.40" b="A"/>
<point x="46.08" y="23.98" b="G"/>
<point x="53.61" y="26.61" b="N"/>
<point x="57.85" y="32.86" b="N"/>
<point x="57.51" y="40.20" b="Y"/>
<point x="52.20" y="45.97" b="G"/>
<point x="52.41" y="53.53" b="C"/>
<point x="52.41" y="61.09" b="C"/>
<point x="58.96" y="57.27" b="N"/>
<point x="66.37" y="56.84" b="R"/>
<point x="73.19" y="60.50" b="A"/>
<point x="76.98" y="67.21" b="N"/>
<point x="76.83" y="74.57" b="R"/>
<point x="73.19" y="81.08" b="A"/>
<point x="66.52" y="84.94" b="N"/>
<point x="58.60" y="84.51" b="G"/>
<point x="52.56" y="80.69" b="N"/>
<point x="52.41" y="88.04" b="R"/>
<point x="52.41" y="95.60" b="R"/>
<point x="52.41" y="103.16" b="U"/>
<point x="52.20" y="110.72" b="G"/>
<point x="52.41" y="118.28" b="R"/>
<point x="52.41" y="125.84" b="U"/>
<point x="52.20" y="133.40" b="G"/>
<point x="52.56" y="141.17" b="N"/>
<point x="52.56" y="148.73" b="N"/>
<point x="52.20" y="156.08" b="G"/>
<point x="59.78" y="158.54" b="N"/>
<point x="66.29" y="162.39" b="N"/>
<point x="71.75" y="167.62" b="N"/>
<point x="75.72" y="173.75" b="R"/>
<point x="78.43" y="181.07" b="N"/>
<point x="79.30" y="188.58" b="N"/>
<point x="78.43" y="196.09" b="N"/>
<point x="75.87" y="203.20" b="N"/>
<point x="71.75" y="209.54" b="N"/>
<point x="66.29" y="214.77" b="N"/>
<point x="59.78" y="218.61" b="N"/>
<point x="52.56" y="220.86" b="N"/>
<point x="52.56" y="228.42" b="N"/>
<point x="52.56" y="235.98" b="N"/>
<point x="55.66" y="242.88" b="N"/>
<point x="52.56" y="249.77" b="N"/>
<point x="52.56" y="257.33" b="N"/>
<point x="52.56" y="264.89" b="N"/>
</structure>