<structure>
<point x="19.60" y="129.53" b="N"/>
<point x="27.22" y="129.32" b="Y"/>
<point x="34.78" y="129.32" b="A"/>
<point x="42.28" y="129.53" b="N"/>
<point x="49.70" y="129.32" b="U"/>
<point x="57.26" y="129.32" b="C"/>
<point x="64.81" y="129.32" b="U"/>
<point x="72.58" y="129.32" b="Y"/>
<point x="80.09" y="129.53" b="N"/>
<point x="87.65" y="129.53" b="N"/>
<point x="95.20" y="129.53" b="N"/>
<point x="102.61" y="129.32" b="C"/>
<point x="110.38" y="129.32" b="A"/>
<point x="117.89" y="129.53" b="N"/>
<point x="125.50" y="129.32" b="A"/>
<point x="133.06" y="129.32" b="A"/>
<point x="140.41" y="129.32" b="U"/>
<point x="147.76" y="129.32" b="G"/>
<point x="155.32" y="129.32" b="G"/>
<point x="163.25" y="129.53" b="N"/>
<point x="170.80" y="129.53" b="N"/>
<point x="178.22" y="129.32" b="R"/>
<point x="185.92" y="129.53" b="N"/>
<point x="193.34" y="129.32" b="C"/>
<point x="201.04" y="129.53" b="N"/>
<point x="208.46" y="129.32" b="R"/>
<point x="213.95" y="124.19" b="N"/>
<point x="213.80" y="116.42" b="U"/>
<point x="213.59" y="108.86" b="G"/>
<point x="213.80" y="101.30" b="U"/>
<point x="213.95" y="93.94" b="N"/>
<point x="214.01" y="86.18" b="A"/>
<point x="213.80" y="78.62" b="U"/>
<point x="213.80" y="71.06" b="R"/>
<point x="213.80" y="63.50" b="R"/>
<point x="213.95" y="56.14" b="N"/>
<point x="207.81" y="51.61" b="A"/>
<point x="203.75" y="44.99" b="G"/>
<point x="203.80" y="37.64" b="N"/>
<point x="206.88" y="30.73" b="N"/>
<point x="212.71" y="25.92" b="N"/>
<point x="219.92" y="23.98" b="R"/>
<point x="227.49" y="25.71" b="A"/>
<point x="232.90" y="30.53" b="G"/>
<point x="236.34" y="37.64" b="N"/>
<point x="236.08" y="44.99" b="A"/>
<point x="232.24" y="51.61" b="R"/>
<point x="226.19" y="56.14" b="N"/>
<point x="226.25" y="63.50" b="Y"/>
<point x="226.04" y="71.06" b="U"/>
<point x="226.04" y="78.62" b="R"/>
<point x="226.04" y="86.18" b="U"/>
<point x="226.19" y="93.94" b="N"/>
<point x="226.04" y="101.30" b="R"/>
<point x="226.04" y="108.86" b="C"/>
<point x="226.25" y="116.42" b="A"/>
<point x="226.19" y="124.19" b="N"/>
<point x="231.39" y="129.32" b="R"/>
<point x="239.15" y="129.32" b="Y"/>
<point x="246.71" y="129.32" b="Y"/>
<point x="254.27" y="129.32" b="A"/>
</structure>