<structure>
<point x="111.74" y="164.22" b="A"/>
<point x="111.74" y="156.66" b="A"/>
<point x="111.53" y="149.10" b="U"/>
<point x="106.82" y="143.18" b="U"/>
<point x="106.82" y="135.62" b="C"/>
<point x="111.74" y="129.70" b="A"/>
<point x="111.74" y="122.14" b="A"/>
<point x="111.53" y="114.58" b="U"/>
<point x="111.32" y="107.02" b="G"/>
<point x="104.56" y="104.65" b="A"/>
<point x="99.85" y="110.73" b="U"/>
<point x="95.35" y="116.80" b="U"/>
<point x="90.85" y="122.88" b="U"/>
<point x="98.02" y="125.28" b="C"/>
<point x="98.16" y="132.84" b="A"/>
<point x="90.94" y="135.11" b="A"/>
<point x="86.35" y="128.95" b="C"/>
<point x="81.85" y="135.03" b="U"/>
<point x="77.35" y="141.10" b="U"/>
<point x="72.85" y="147.18" b="C"/>
<point x="77.77" y="153.09" b="A"/>
<point x="81.01" y="159.82" b="C"/>
<point x="83.07" y="167.09" b="U"/>
<point x="83.44" y="174.63" b="G"/>
<point x="82.72" y="182.14" b="C"/>
<point x="80.34" y="189.31" b="U"/>
<point x="76.38" y="195.87" b="G"/>
<point x="71.82" y="201.56" b="A"/>
<point x="65.61" y="206.16" b="C"/>
<point x="58.82" y="209.49" b="C"/>
<point x="51.72" y="211.41" b="A"/>
<point x="43.75" y="211.84" b="G"/>
<point x="36.48" y="210.78" b="C"/>
<point x="29.35" y="208.27" b="C"/>
<point x="23.06" y="204.39" b="A"/>
<point x="17.26" y="199.31" b="C"/>
<point x="12.56" y="193.22" b="G"/>
<point x="9.58" y="186.37" b="C"/>
<point x="7.80" y="179.03" b="C"/>
<point x="7.50" y="171.47" b="U"/>
<point x="8.70" y="164.01" b="C"/>
<point x="11.56" y="156.93" b="A"/>
<point x="15.50" y="150.72" b="N"/>
<point x="20.53" y="145.01" b="C"/>
<point x="26.49" y="140.64" b="G"/>
<point x="33.61" y="137.57" b="C"/>
<point x="40.99" y="135.93" b="C"/>
<point x="48.55" y="135.77" b="U"/>
<point x="55.99" y="137.11" b="C"/>
<point x="62.81" y="139.89" b="G"/>
<point x="67.31" y="133.82" b="G"/>
<point x="72.22" y="127.74" b="A"/>
<point x="76.31" y="121.67" b="G"/>
<point x="81.17" y="115.80" b="N"/>
<point x="85.30" y="109.52" b="G"/>
<point x="90.22" y="103.44" b="A"/>
<point x="94.51" y="97.37" b="U"/>
<point x="90.16" y="91.19" b="U"/>
<point x="87.20" y="84.15" b="G"/>
<point x="86.64" y="76.65" b="Y"/>
<point x="87.30" y="69.14" b="C"/>
<point x="89.94" y="62.06" b="C"/>
<point x="94.35" y="56.02" b="N"/>
<point x="100.05" y="50.78" b="Y"/>
<point x="97.04" y="43.85" b="A"/>
<point x="93.97" y="37.12" b="N"/>
<point x="90.48" y="30.13" b="U"/>
<point x="94.88" y="23.98" b="C"/>
<point x="102.58" y="24.97" b="Y"/>
<point x="105.05" y="32.04" b="C"/>
<point x="108.06" y="38.97" b="U"/>
<point x="111.07" y="45.91" b="R"/>
<point x="118.81" y="45.22" b="A"/>
<point x="126.28" y="46.36" b="Y"/>
<point x="133.26" y="49.27" b="A"/>
<point x="139.13" y="53.77" b="R"/>
<point x="144.09" y="59.81" b="N"/>
<point x="147.36" y="66.62" b="N"/>
<point x="148.90" y="74.02" b="N"/>
<point x="148.62" y="81.58" b="N"/>
<point x="146.58" y="88.63" b="A"/>
<point x="142.38" y="95.18" b="G"/>
<point x="137.35" y="100.63" b="C"/>
<point x="131.16" y="104.65" b="A"/>
<point x="123.77" y="107.02" b="U"/>
<point x="123.98" y="114.58" b="A"/>
<point x="123.77" y="122.14" b="U"/>
<point x="123.77" y="129.70" b="U"/>
<point x="130.82" y="132.44" b="C"/>
<point x="133.76" y="139.40" b="U"/>
<point x="131.02" y="146.36" b="A"/>
<point x="123.98" y="149.10" b="A"/>
<point x="123.77" y="156.66" b="U"/>
<point x="123.92" y="164.42" b="N"/>
<point x="129.26" y="169.77" b="N"/>
<point x="136.88" y="169.56" b="A"/>
<point x="144.24" y="169.56" b="C"/>
<point x="151.79" y="169.56" b="R"/>
<point x="159.56" y="169.56" b="Y"/>
</structure>