<structure>
<point x="20.82" y="176.03" b="A"/>
<point x="25.75" y="170.68" b="G"/>
<point x="26.16" y="163.12" b="Y"/>
<point x="25.96" y="155.56" b="C"/>
<point x="25.96" y="148.00" b="U"/>
<point x="26.16" y="140.44" b="Y"/>
<point x="25.96" y="132.88" b="C"/>
<point x="19.83" y="128.46" b="C"/>
<point x="16.59" y="121.72" b="Y"/>
<point x="16.59" y="114.17" b="Y"/>
<point x="19.83" y="107.43" b="U"/>
<point x="26.11" y="103.22" b="N"/>
<point x="26.16" y="95.45" b="A"/>
<point x="25.96" y="87.89" b="C"/>
<point x="26.11" y="80.54" b="N"/>
<point x="25.75" y="72.77" b="G"/>
<point x="19.20" y="69.82" b="A"/>
<point x="13.44" y="64.92" b="A"/>
<point x="9.42" y="58.52" b="A"/>
<point x="7.50" y="51.21" b="A"/>
<point x="7.66" y="43.66" b="U"/>
<point x="10.27" y="36.56" b="U"/>
<point x="14.88" y="30.58" b="U"/>
<point x="21.29" y="26.25" b="Y"/>
<point x="28.30" y="23.98" b="U"/>
<point x="35.86" y="23.98" b="C"/>
<point x="43.07" y="26.25" b="C"/>
<point x="49.42" y="30.79" b="N"/>
<point x="53.89" y="36.56" b="U"/>
<point x="56.50" y="43.66" b="R"/>
<point x="56.86" y="51.21" b="C"/>
<point x="55.15" y="58.52" b="A"/>
<point x="50.92" y="64.92" b="R"/>
<point x="45.36" y="69.82" b="A"/>
<point x="38.20" y="72.77" b="C"/>
<point x="38.35" y="80.54" b="N"/>
<point x="37.99" y="87.89" b="G"/>
<point x="44.95" y="91.67" b="A"/>
<point x="38.20" y="95.45" b="U"/>
<point x="38.40" y="103.01" b="A"/>
<point x="45.74" y="103.49" b="U"/>
<point x="51.91" y="107.54" b="G"/>
<point x="55.97" y="114.17" b="A"/>
<point x="55.76" y="121.72" b="C"/>
<point x="52.12" y="128.35" b="C"/>
<point x="45.95" y="132.40" b="A"/>
<point x="37.99" y="132.88" b="G"/>
<point x="38.40" y="140.44" b="A"/>
<point x="38.40" y="148.00" b="A"/>
<point x="37.99" y="155.56" b="G"/>
<point x="38.20" y="163.12" b="R"/>
<point x="38.20" y="170.68" b="C"/>
<point x="43.75" y="176.03" b="A"/>
</structure>