<structure>
<point x="17.03" y="158.04" b="G"/>
<point x="17.03" y="150.48" b="G"/>
<point x="14.86" y="143.24" b="G"/>
<point x="19.79" y="137.17" b="A"/>
<point x="27.35" y="137.17" b="A"/>
<point x="31.86" y="143.24" b="A"/>
<point x="29.48" y="150.48" b="C"/>
<point x="29.48" y="158.04" b="U"/>
<point x="34.83" y="163.39" b="U"/>
<point x="42.39" y="163.39" b="U"/>
<point x="50.15" y="163.39" b="A"/>
<point x="55.29" y="158.04" b="U"/>
<point x="55.29" y="150.48" b="U"/>
<point x="55.08" y="142.92" b="G"/>
<point x="55.29" y="135.36" b="C"/>
<point x="47.91" y="136.98" b="U"/>
<point x="41.81" y="132.25" b="G"/>
<point x="42.22" y="124.69" b="A"/>
<point x="47.91" y="119.95" b="U"/>
<point x="55.08" y="121.57" b="G"/>
<point x="55.29" y="114.01" b="C"/>
<point x="51.89" y="107.26" b="C"/>
<point x="54.68" y="100.15" b="A"/>
<point x="61.41" y="97.16" b="C"/>
<point x="68.35" y="100.15" b="C"/>
<point x="70.93" y="107.26" b="C"/>
<point x="67.32" y="114.01" b="G"/>
<point x="67.53" y="121.57" b="C"/>
<point x="70.63" y="128.47" b="C"/>
<point x="67.32" y="135.36" b="G"/>
<point x="67.53" y="142.92" b="C"/>
<point x="67.32" y="150.48" b="G"/>
<point x="67.68" y="158.25" b="N"/>
<point x="73.08" y="163.39" b="A"/>
<point x="80.64" y="163.39" b="A"/>
<point x="88.00" y="163.39" b="U"/>
<point x="93.34" y="158.04" b="U"/>
<point x="93.13" y="150.48" b="G"/>
<point x="93.55" y="142.92" b="A"/>
<point x="93.55" y="135.36" b="A"/>
<point x="93.55" y="127.80" b="A"/>
<point x="93.34" y="120.24" b="U"/>
<point x="86.17" y="121.86" b="A"/>
<point x="80.27" y="117.12" b="A"/>
<point x="80.27" y="109.56" b="A"/>
<point x="86.17" y="104.83" b="A"/>
<point x="93.55" y="106.45" b="A"/>
<point x="93.55" y="98.89" b="A"/>
<point x="93.34" y="91.33" b="C"/>
<point x="93.34" y="83.77" b="C"/>
<point x="93.34" y="76.21" b="C"/>
<point x="93.13" y="68.65" b="G"/>
<point x="93.55" y="61.09" b="A"/>
<point x="93.34" y="53.53" b="U"/>
<point x="93.13" y="45.97" b="G"/>
<point x="88.46" y="40.20" b="C"/>
<point x="87.84" y="32.65" b="G"/>
<point x="92.30" y="26.40" b="C"/>
<point x="99.67" y="23.98" b="A"/>
<point x="106.42" y="26.40" b="G"/>
<point x="111.08" y="32.65" b="A"/>
<point x="110.47" y="40.20" b="U"/>
<point x="105.58" y="45.97" b="C"/>
<point x="105.79" y="53.53" b="A"/>
<point x="105.58" y="61.09" b="U"/>
<point x="105.58" y="68.65" b="C"/>
<point x="105.37" y="76.21" b="G"/>
<point x="105.37" y="83.77" b="G"/>
<point x="105.37" y="91.33" b="G"/>
<point x="105.73" y="99.10" b="N"/>
<point x="105.58" y="106.45" b="U"/>
<point x="108.68" y="113.34" b="C"/>
<point x="105.79" y="120.24" b="A"/>
<point x="105.58" y="127.80" b="U"/>
<point x="105.58" y="135.36" b="U"/>
<point x="105.58" y="142.92" b="U"/>
<point x="105.58" y="150.48" b="C"/>
<point x="105.79" y="158.04" b="A"/>
</structure>