<structure>
<point x="84.59" y="594.29" b="Y"/>
<point x="91.94" y="594.29" b="U"/>
<point x="99.29" y="594.29" b="G"/>
<point x="107.27" y="594.29" b="Y"/>
<point x="114.41" y="594.29" b="G"/>
<point x="121.97" y="594.29" b="G"/>
<point x="129.95" y="594.29" b="Y"/>
<point x="137.30" y="594.29" b="C"/>
<point x="145.01" y="594.49" b="N"/>
<point x="152.57" y="594.49" b="N"/>
<point x="160.19" y="594.29" b="A"/>
<point x="167.69" y="594.49" b="N"/>
<point x="175.10" y="594.29" b="C"/>
<point x="182.66" y="594.29" b="R"/>
<point x="190.22" y="594.29" b="C"/>
<point x="197.78" y="594.29" b="C"/>
<point x="205.49" y="594.49" b="N"/>
<point x="212.90" y="594.29" b="R"/>
<point x="220.46" y="594.29" b="R"/>
<point x="228.23" y="594.29" b="Y"/>
<point x="235.79" y="594.29" b="Y"/>
<point x="243.14" y="594.29" b="C"/>
<point x="250.85" y="594.49" b="N"/>
<point x="258.05" y="594.29" b="G"/>
<point x="266.03" y="594.29" b="A"/>
<point x="273.53" y="594.49" b="N"/>
<point x="280.94" y="594.29" b="R"/>
<point x="288.50" y="594.29" b="C"/>
<point x="293.85" y="588.94" b="C"/>
<point x="294.00" y="581.59" b="N"/>
<point x="293.64" y="573.82" b="G"/>
<point x="293.85" y="566.26" b="C"/>
<point x="293.85" y="558.70" b="C"/>
<point x="293.85" y="551.14" b="C"/>
<point x="293.85" y="543.58" b="C"/>
<point x="287.12" y="540.64" b="N"/>
<point x="281.26" y="535.25" b="G"/>
<point x="278.12" y="528.58" b="A"/>
<point x="276.89" y="521.12" b="A"/>
<point x="278.12" y="513.66" b="A"/>
<point x="281.68" y="506.99" b="A"/>
<point x="286.97" y="501.81" b="C"/>
<point x="293.85" y="498.66" b="C"/>
<point x="293.85" y="491.10" b="C"/>
<point x="293.64" y="483.54" b="G"/>
<point x="288.05" y="488.13" b="A"/>
<point x="280.31" y="489.99" b="G"/>
<point x="273.05" y="488.82" b="C"/>
<point x="266.43" y="484.80" b="G"/>
<point x="262.54" y="478.59" b="A"/>
<point x="260.61" y="471.19" b="G"/>
<point x="262.48" y="463.99" b="N"/>
<point x="266.85" y="457.57" b="A"/>
<point x="272.84" y="453.55" b="G"/>
<point x="280.31" y="452.38" b="G"/>
<point x="287.63" y="454.24" b="G"/>
<point x="293.64" y="458.83" b="G"/>
<point x="293.64" y="451.27" b="G"/>
<point x="293.85" y="443.71" b="C"/>
<point x="293.64" y="436.15" b="G"/>
<point x="293.64" y="428.59" b="G"/>
<point x="294.05" y="421.03" b="Y"/>
<point x="293.64" y="413.47" b="G"/>
<point x="293.85" y="405.91" b="C"/>
<point x="293.85" y="398.35" b="R"/>
<point x="294.00" y="391.00" b="N"/>
<point x="286.54" y="389.78" b="N"/>
<point x="278.92" y="387.44" b="G"/>
<point x="271.99" y="384.44" b="G"/>
<point x="265.89" y="380.60" b="A"/>
<point x="259.48" y="375.99" b="G"/>
<point x="254.10" y="370.67" b="G"/>
<point x="249.42" y="364.74" b="G"/>
<point x="245.93" y="358.27" b="A"/>
<point x="242.42" y="351.37" b="G"/>
<point x="240.21" y="344.14" b="G"/>
<point x="239.26" y="336.90" b="N"/>
<point x="238.53" y="329.14" b="G"/>
<point x="239.29" y="321.60" b="R"/>
<point x="240.77" y="314.19" b="R"/>
<point x="243.15" y="307.01" b="C"/>
<point x="236.60" y="303.71" b="N"/>
<point x="229.55" y="300.00" b="G"/>
<point x="222.85" y="296.49" b="G"/>
<point x="216.15" y="292.99" b="G"/>
<point x="209.46" y="289.48" b="G"/>
<point x="201.91" y="289.02" b="G"/>
<point x="197.45" y="283.08" b="C"/>
<point x="190.54" y="279.57" b="G"/>
<point x="184.26" y="276.06" b="Y"/>
<point x="177.15" y="272.56" b="G"/>
<point x="178.39" y="280.01" b="G"/>
<point x="175.96" y="287.17" b="G"/>
<point x="170.79" y="292.53" b="N"/>
<point x="163.12" y="294.25" b="G"/>
<point x="155.77" y="292.48" b="G"/>
<point x="150.49" y="287.65" b="N"/>
<point x="147.96" y="280.34" b="Y"/>
<point x="148.99" y="273.07" b="N"/>
<point x="153.13" y="266.78" b="G"/>
<point x="160.18" y="263.56" b="U"/>
<point x="153.27" y="260.05" b="G"/>
<point x="146.57" y="256.55" b="G"/>
<point x="139.88" y="253.04" b="G"/>
<point x="133.59" y="249.53" b="Y"/>
<point x="126.48" y="246.02" b="G"/>
<point x="122.20" y="252.11" b="U"/>
<point x="117.19" y="257.84" b="N"/>
<point x="111.42" y="262.72" b="N"/>
<point x="104.76" y="266.69" b="G"/>
<point x="98.02" y="270.11" b="G"/>
<point x="90.92" y="272.72" b="G"/>
<point x="83.57" y="274.48" b="G"/>
<point x="76.06" y="275.38" b="G"/>
<point x="68.71" y="275.40" b="U"/>
<point x="60.99" y="274.53" b="G"/>
<point x="53.63" y="272.80" b="G"/>
<point x="46.94" y="270.23" b="A"/>
<point x="39.77" y="266.84" b="G"/>
<point x="33.86" y="262.69" b="A"/>
<point x="28.07" y="257.83" b="Y"/>
<point x="22.82" y="252.55" b="N"/>
<point x="18.16" y="246.27" b="U"/>
<point x="14.59" y="239.72" b="A"/>
<point x="11.54" y="232.99" b="N"/>
<point x="9.38" y="225.74" b="N"/>
<point x="8.13" y="218.09" b="A"/>
<point x="7.50" y="210.54" b="R"/>
<point x="8.16" y="203.00" b="A"/>
<point x="9.28" y="195.55" b="U"/>
<point x="11.26" y="188.32" b="G"/>
<point x="14.48" y="181.38" b="U"/>
<point x="18.07" y="174.85" b="G"/>
<point x="23.02" y="168.80" b="A"/>
<point x="28.03" y="163.32" b="C"/>
<point x="33.63" y="158.48" b="G"/>
<point x="40.17" y="154.35" b="C"/>
<point x="46.94" y="150.99" b="C"/>
<point x="53.85" y="148.44" b="G"/>
<point x="61.42" y="146.74" b="C"/>
<point x="68.94" y="145.90" b="R"/>
<point x="76.29" y="145.94" b="G"/>
<point x="84.00" y="146.87" b="C"/>
<point x="86.06" y="139.59" b="C"/>
<point x="88.26" y="132.52" b="N"/>
<point x="87.00" y="124.84" b="R"/>
<point x="91.65" y="119.05" b="G"/>
<point x="93.91" y="111.77" b="C"/>
<point x="96.12" y="104.70" b="N"/>
<point x="97.81" y="97.22" b="G"/>
<point x="99.87" y="89.94" b="G"/>
<point x="102.13" y="82.67" b="U"/>
<point x="104.19" y="75.39" b="R"/>
<point x="106.39" y="68.32" b="N"/>
<point x="108.30" y="60.84" b="C"/>
<point x="103.09" y="55.56" b="A"/>
<point x="99.59" y="48.66" b="G"/>
<point x="99.69" y="41.11" b="A"/>
<point x="102.18" y="33.97" b="Y"/>
<point x="107.12" y="28.25" b="Y"/>
<point x="113.62" y="24.76" b="R"/>
<point x="120.93" y="23.98" b="G"/>
<point x="128.42" y="26.04" b="C"/>
<point x="134.21" y="30.63" b="G"/>
<point x="138.10" y="37.12" b="G"/>
<point x="139.74" y="44.58" b="A"/>
<point x="137.92" y="51.96" b="C"/>
<point x="133.48" y="58.23" b="G"/>
<point x="127.45" y="62.50" b="C"/>
<point x="119.87" y="64.17" b="G"/>
<point x="117.81" y="71.44" b="G"/>
<point x="115.97" y="78.72" b="U"/>
<point x="113.70" y="86.00" b="G"/>
<point x="111.86" y="93.27" b="C"/>
<point x="109.80" y="100.55" b="C"/>
<point x="107.75" y="107.82" b="C"/>
<point x="105.48" y="115.10" b="G"/>
<point x="103.64" y="122.37" b="C"/>
<point x="110.30" y="118.73" b="N"/>
<point x="117.86" y="118.69" b="N"/>
<point x="124.40" y="122.47" b="N"/>
<point x="128.15" y="129.04" b="N"/>
<point x="128.06" y="136.60" b="N"/>
<point x="124.18" y="143.09" b="N"/>
<point x="117.55" y="146.72" b="N"/>
<point x="110.00" y="146.52" b="N"/>
<point x="103.57" y="142.53" b="N"/>
<point x="100.04" y="135.85" b="N"/>
<point x="97.98" y="143.13" b="N"/>
<point x="95.93" y="150.40" b="N"/>
<point x="102.86" y="153.33" b="A"/>
<point x="109.12" y="157.25" b="U"/>
<point x="115.09" y="161.89" b="C"/>
<point x="120.47" y="167.20" b="C"/>
<point x="125.20" y="173.10" b="C"/>
<point x="131.90" y="169.53" b="N"/>
<point x="138.09" y="165.54" b="G"/>
<point x="144.85" y="161.77" b="R"/>
<point x="151.60" y="157.99" b="Y"/>
<point x="157.74" y="154.21" b="G"/>
<point x="164.50" y="150.43" b="C"/>
<point x="171.04" y="146.66" b="U"/>
<point x="177.38" y="142.88" b="G"/>
<point x="184.14" y="139.10" b="C"/>
<point x="182.56" y="131.95" b="N"/>
<point x="184.66" y="124.69" b="N"/>
<point x="190.09" y="119.17" b="Y"/>
<point x="197.18" y="117.17" b="U"/>
<point x="204.66" y="119.20" b="N"/>
<point x="210.17" y="124.38" b="N"/>
<point x="216.36" y="120.40" b="G"/>
<point x="222.91" y="116.62" b="G"/>
<point x="229.87" y="112.84" b="A"/>
<point x="236.00" y="109.07" b="G"/>
<point x="242.55" y="105.29" b="G"/>
<point x="248.15" y="99.79" b="Y"/>
<point x="255.25" y="100.67" b="G"/>
<point x="259.02" y="107.22" b="G"/>
<point x="256.23" y="114.16" b="C"/>
<point x="249.08" y="115.89" b="Y"/>
<point x="242.33" y="119.67" b="C"/>
<point x="235.78" y="123.45" b="U"/>
<point x="229.38" y="127.43" b="N"/>
<point x="222.68" y="131.00" b="C"/>
<point x="216.13" y="134.78" b="C"/>
<point x="215.51" y="142.51" b="N"/>
<point x="211.46" y="148.64" b="A"/>
<point x="204.49" y="152.42" b="G"/>
<point x="197.30" y="153.01" b="N"/>
<point x="190.05" y="149.70" b="G"/>
<point x="183.71" y="153.48" b="C"/>
<point x="176.95" y="157.26" b="G"/>
<point x="170.40" y="161.04" b="G"/>
<point x="164.06" y="164.81" b="C"/>
<point x="157.31" y="168.59" b="G"/>
<point x="151.12" y="172.58" b="N"/>
<point x="144.42" y="176.15" b="C"/>
<point x="138.02" y="180.13" b="N"/>
<point x="131.11" y="183.70" b="G"/>
<point x="134.06" y="190.75" b="C"/>
<point x="135.95" y="198.07" b="R"/>
<point x="137.14" y="205.76" b="N"/>
<point x="137.35" y="213.11" b="A"/>
<point x="136.20" y="220.64" b="G"/>
<point x="134.97" y="228.24" b="N"/>
<point x="132.37" y="235.18" b="C"/>
<point x="139.27" y="238.69" b="A"/>
<point x="145.97" y="242.20" b="Y"/>
<point x="152.46" y="245.70" b="C"/>
<point x="159.16" y="249.21" b="C"/>
<point x="166.06" y="252.72" b="A"/>
<point x="173.43" y="251.50" b="N"/>
<point x="179.98" y="254.80" b="C"/>
<point x="183.04" y="261.71" b="C"/>
<point x="189.88" y="265.43" b="N"/>
<point x="196.64" y="268.73" b="Y"/>
<point x="203.28" y="272.44" b="N"/>
<point x="209.29" y="267.58" b="A"/>
<point x="215.93" y="271.29" b="N"/>
<point x="215.34" y="278.63" b="C"/>
<point x="222.04" y="282.14" b="C"/>
<point x="228.74" y="285.65" b="C"/>
<point x="235.44" y="289.16" b="C"/>
<point x="242.28" y="292.87" b="N"/>
<point x="248.62" y="296.17" b="G"/>
<point x="253.52" y="290.33" b="N"/>
<point x="258.62" y="284.69" b="U"/>
<point x="264.50" y="279.94" b="C"/>
<point x="270.93" y="275.95" b="C"/>
<point x="277.94" y="272.99" b="N"/>
<point x="275.56" y="265.50" b="G"/>
<point x="273.90" y="258.42" b="N"/>
<point x="271.73" y="250.93" b="R"/>
<point x="269.71" y="243.64" b="C"/>
<point x="267.69" y="236.35" b="C"/>
<point x="265.46" y="229.07" b="G"/>
<point x="263.65" y="221.78" b="C"/>
<point x="261.63" y="214.50" b="C"/>
<point x="259.40" y="207.21" b="G"/>
<point x="257.38" y="199.93" b="G"/>
<point x="255.72" y="192.85" b="N"/>
<point x="248.12" y="191.34" b="U"/>
<point x="241.53" y="187.65" b="C"/>
<point x="236.67" y="182.19" b="N"/>
<point x="233.68" y="174.97" b="C"/>
<point x="233.31" y="167.42" b="C"/>
<point x="235.46" y="160.18" b="R"/>
<point x="239.89" y="154.05" b="C"/>
<point x="245.89" y="149.73" b="G"/>
<point x="253.53" y="147.92" b="N"/>
<point x="261.08" y="148.42" b="N"/>
<point x="268.03" y="151.40" b="N"/>
<point x="273.60" y="156.50" b="N"/>
<point x="277.18" y="163.16" b="N"/>
<point x="278.35" y="170.63" b="N"/>
<point x="276.98" y="178.06" b="N"/>
<point x="273.23" y="184.63" b="N"/>
<point x="267.51" y="189.58" b="N"/>
<point x="269.38" y="196.66" b="C"/>
<point x="271.55" y="204.15" b="N"/>
<point x="273.21" y="211.23" b="G"/>
<point x="275.23" y="218.51" b="G"/>
<point x="277.46" y="225.80" b="C"/>
<point x="277.37" y="218.24" b="G"/>
<point x="279.97" y="211.23" b="N"/>
<point x="284.15" y="204.93" b="N"/>
<point x="289.94" y="200.06" b="N"/>
<point x="296.71" y="196.82" b="R"/>
<point x="304.00" y="195.86" b="G"/>
<point x="311.68" y="197.05" b="R"/>
<point x="318.50" y="200.29" b="R"/>
<point x="324.14" y="205.33" b="R"/>
<point x="328.34" y="211.75" b="A"/>
<point x="329.94" y="219.03" b="G"/>
<point x="330.04" y="226.59" b="C"/>
<point x="327.95" y="234.02" b="N"/>
<point x="323.41" y="240.11" b="G"/>
<point x="317.83" y="244.97" b="C"/>
<point x="310.91" y="248.01" b="C"/>
<point x="303.20" y="248.97" b="G"/>
<point x="296.15" y="247.78" b="A"/>
<point x="289.11" y="244.54" b="R"/>
<point x="283.48" y="239.50" b="C"/>
<point x="279.48" y="233.08" b="R"/>
<point x="281.29" y="240.37" b="G"/>
<point x="283.52" y="247.65" b="C"/>
<point x="285.69" y="255.15" b="N"/>
<point x="287.56" y="262.22" b="C"/>
<point x="289.38" y="269.51" b="G"/>
<point x="297.31" y="268.69" b="A"/>
<point x="304.45" y="268.80" b="G"/>
<point x="311.94" y="269.85" b="G"/>
<point x="319.45" y="271.80" b="C"/>
<point x="326.45" y="274.65" b="U"/>
<point x="332.85" y="278.33" b="G"/>
<point x="338.94" y="282.80" b="G"/>
<point x="344.44" y="287.99" b="G"/>
<point x="349.26" y="293.81" b="G"/>
<point x="353.33" y="300.19" b="G"/>
<point x="356.93" y="307.22" b="N"/>
<point x="359.37" y="314.19" b="Y"/>
<point x="360.65" y="321.60" b="C"/>
<point x="360.99" y="329.14" b="G"/>
<point x="360.82" y="336.69" b="C"/>
<point x="359.31" y="344.14" b="G"/>
<point x="357.09" y="351.37" b="G"/>
<point x="354.01" y="358.27" b="G"/>
<point x="350.30" y="364.74" b="C"/>
<point x="345.41" y="370.67" b="G"/>
<point x="340.24" y="375.99" b="C"/>
<point x="334.04" y="380.60" b="G"/>
<point x="327.53" y="384.44" b="G"/>
<point x="320.80" y="387.44" b="C"/>
<point x="313.55" y="389.57" b="C"/>
<point x="305.88" y="390.79" b="G"/>
<point x="306.09" y="398.35" b="C"/>
<point x="306.09" y="405.91" b="R"/>
<point x="306.29" y="413.47" b="Y"/>
<point x="305.88" y="421.03" b="G"/>
<point x="306.09" y="428.59" b="C"/>
<point x="306.24" y="436.36" b="N"/>
<point x="305.88" y="443.71" b="G"/>
<point x="306.09" y="451.27" b="C"/>
<point x="306.24" y="459.04" b="N"/>
<point x="311.83" y="464.12" b="N"/>
<point x="313.55" y="471.19" b="G"/>
<point x="311.47" y="478.45" b="G"/>
<point x="306.24" y="483.75" b="N"/>
<point x="305.88" y="491.10" b="G"/>
<point x="305.88" y="498.66" b="G"/>
<point x="313.26" y="500.31" b="G"/>
<point x="320.09" y="504.31" b="A"/>
<point x="324.40" y="510.21" b="G"/>
<point x="326.90" y="517.34" b="G"/>
<point x="327.11" y="524.90" b="C"/>
<point x="324.61" y="532.03" b="U"/>
<point x="319.67" y="537.93" b="G"/>
<point x="313.26" y="541.93" b="G"/>
<point x="305.88" y="543.58" b="G"/>
<point x="305.88" y="551.14" b="G"/>
<point x="305.88" y="558.70" b="G"/>
<point x="305.88" y="566.26" b="G"/>
<point x="306.09" y="573.82" b="C"/>
<point x="306.09" y="581.38" b="C"/>
<point x="305.88" y="588.94" b="G"/>
<point x="311.22" y="594.29" b="G"/>
<point x="318.78" y="594.29" b="G"/>
<point x="326.34" y="594.29" b="G"/>
<point x="334.26" y="594.49" b="N"/>
<point x="341.82" y="594.49" b="N"/>
<point x="349.38" y="594.49" b="N"/>
<point x="356.94" y="594.49" b="N"/>
<point x="364.50" y="594.49" b="N"/>
<point x="372.06" y="594.49" b="N"/>
<point x="379.47" y="594.29" b="C"/>
<point x="387.03" y="594.29" b="C"/>
<point x="394.38" y="594.29" b="G"/>
<point x="402.36" y="594.29" b="Y"/>
<point x="409.50" y="594.29" b="G"/>
<point x="417.27" y="594.29" b="C"/>
<point x="422.62" y="588.94" b="C"/>
<point x="422.77" y="581.59" b="N"/>
<point x="422.83" y="573.82" b="Y"/>
<point x="422.41" y="566.26" b="G"/>
<point x="422.04" y="558.71" b="G"/>
<point x="428.95" y="554.82" b="A"/>
<point x="435.01" y="558.71" b="G"/>
<point x="434.86" y="566.26" b="C"/>
<point x="434.65" y="573.82" b="G"/>
<point x="435.01" y="581.59" b="N"/>
<point x="434.65" y="588.94" b="G"/>
<point x="440.20" y="594.29" b="U"/>
<point x="447.76" y="594.29" b="C"/>
<point x="455.12" y="594.29" b="G"/>
<point x="462.68" y="594.29" b="G"/>
<point x="470.65" y="594.29" b="A"/>
<point x="477.80" y="594.29" b="G"/>
<point x="485.36" y="594.29" b="G"/>
<point x="493.12" y="594.29" b="C"/>
<point x="500.69" y="594.29" b="C"/>
<point x="505.82" y="588.94" b="G"/>
<point x="506.18" y="581.59" b="N"/>
<point x="505.82" y="573.82" b="G"/>
<point x="505.82" y="566.26" b="G"/>
<point x="506.03" y="558.70" b="C"/>
<point x="506.03" y="551.14" b="C"/>
<point x="499.91" y="555.85" b="G"/>
<point x="492.90" y="554.38" b="N"/>
<point x="489.62" y="547.57" b="N"/>
<point x="492.90" y="540.76" b="N"/>
<point x="500.27" y="539.07" b="N"/>
<point x="506.18" y="543.79" b="N"/>
<point x="506.18" y="536.23" b="N"/>
<point x="506.18" y="528.67" b="N"/>
<point x="498.64" y="526.09" b="G"/>
<point x="492.24" y="522.07" b="G"/>
<point x="487.36" y="516.83" b="N"/>
<point x="483.43" y="510.07" b="R"/>
<point x="481.33" y="502.81" b="C"/>
<point x="480.84" y="495.25" b="G"/>
<point x="482.38" y="487.85" b="G"/>
<point x="485.86" y="481.04" b="C"/>
<point x="490.46" y="475.21" b="G"/>
<point x="496.54" y="470.71" b="G"/>
<point x="503.73" y="467.80" b="C"/>
<point x="511.20" y="466.66" b="U"/>
<point x="518.73" y="467.34" b="C"/>
<point x="525.87" y="469.82" b="C"/>
<point x="532.21" y="473.94" b="C"/>
<point x="537.37" y="479.46" b="C"/>
<point x="540.84" y="486.07" b="G"/>
<point x="548.48" y="484.64" b="C"/>
<point x="555.69" y="483.21" b="G"/>
<point x="563.32" y="481.79" b="C"/>
<point x="566.88" y="475.25" b="N"/>
<point x="572.74" y="470.73" b="G"/>
<point x="580.46" y="469.91" b="C"/>
<point x="587.46" y="472.76" b="U"/>
<point x="592.25" y="478.61" b="C"/>
<point x="593.68" y="486.03" b="C"/>
<point x="591.40" y="493.24" b="R"/>
<point x="585.75" y="498.49" b="G"/>
<point x="578.82" y="500.71" b="N"/>
<point x="571.09" y="498.81" b="G"/>
<point x="565.42" y="493.81" b="G"/>
<point x="558.21" y="495.23" b="C"/>
<point x="550.79" y="496.66" b="U"/>
<point x="543.36" y="498.09" b="C"/>
<point x="542.18" y="505.58" b="G"/>
<point x="549.00" y="508.86" b="G"/>
<point x="555.81" y="512.13" b="G"/>
<point x="563.14" y="515.28" b="N"/>
<point x="563.68" y="522.60" b="R"/>
<point x="557.58" y="526.76" b="Y"/>
<point x="550.72" y="523.16" b="C"/>
<point x="543.91" y="519.89" b="C"/>
<point x="537.09" y="516.62" b="C"/>
<point x="531.64" y="522.07" b="G"/>
<point x="525.60" y="526.30" b="N"/>
<point x="518.27" y="528.46" b="C"/>
<point x="518.42" y="536.23" b="N"/>
<point x="518.06" y="543.58" b="G"/>
<point x="518.06" y="551.14" b="G"/>
<point x="518.06" y="558.70" b="G"/>
<point x="518.27" y="566.26" b="C"/>
<point x="518.27" y="573.82" b="C"/>
<point x="518.48" y="581.38" b="Y"/>
<point x="518.48" y="588.94" b="Y"/>
<point x="523.41" y="594.29" b="G"/>
<point x="531.33" y="594.49" b="N"/>
<point x="538.89" y="594.49" b="N"/>
<point x="546.09" y="594.29" b="G"/>
<point x="553.65" y="594.29" b="G"/>
<point x="561.21" y="594.29" b="G"/>
<point x="568.98" y="594.29" b="R"/>
<point x="576.54" y="594.29" b="C"/>
<point x="584.10" y="594.29" b="C"/>
<point x="591.86" y="594.29" b="A"/>
<point x="599.22" y="594.29" b="U"/>
<point x="606.57" y="594.29" b="G"/>
</structure>