<structure>
<point x="21.35" y="155.86" b="N"/>
<point x="21.35" y="148.30" b="N"/>
<point x="21.20" y="140.54" b="R"/>
<point x="14.35" y="136.93" b="G"/>
<point x="9.86" y="131.33" b="N"/>
<point x="7.50" y="124.15" b="N"/>
<point x="7.95" y="116.60" b="N"/>
<point x="11.01" y="109.55" b="R"/>
<point x="16.66" y="104.57" b="N"/>
<point x="23.69" y="101.78" b="N"/>
<point x="31.10" y="101.58" b="R"/>
<point x="38.28" y="104.57" b="N"/>
<point x="43.84" y="109.55" b="Y"/>
<point x="46.98" y="116.60" b="N"/>
<point x="47.44" y="124.15" b="N"/>
<point x="45.07" y="131.33" b="N"/>
<point x="40.23" y="137.14" b="N"/>
<point x="33.64" y="140.54" b="Y"/>
<point x="33.64" y="148.10" b="Y"/>
<point x="33.59" y="155.86" b="N"/>
<point x="38.93" y="161.21" b="N"/>
<point x="46.49" y="161.21" b="N"/>
<point x="54.05" y="161.21" b="N"/>
<point x="61.61" y="161.21" b="N"/>
<point x="69.23" y="161.00" b="Y"/>
<point x="76.73" y="161.21" b="N"/>
<point x="84.29" y="161.21" b="N"/>
<point x="91.70" y="161.00" b="R"/>
<point x="99.41" y="161.21" b="N"/>
<point x="106.97" y="161.21" b="N"/>
<point x="114.53" y="161.21" b="N"/>
<point x="122.09" y="161.21" b="N"/>
<point x="129.65" y="161.21" b="N"/>
<point x="137.06" y="161.00" b="R"/>
<point x="144.62" y="161.00" b="C"/>
<point x="152.39" y="161.00" b="A"/>
<point x="159.53" y="161.00" b="G"/>
<point x="167.09" y="161.00" b="G"/>
<point x="174.86" y="161.00" b="U"/>
<point x="182.63" y="161.00" b="A"/>
<point x="190.19" y="161.00" b="A"/>
<point x="197.54" y="161.00" b="C"/>
<point x="205.10" y="161.00" b="U"/>
<point x="212.66" y="161.00" b="U"/>
<point x="220.43" y="161.00" b="A"/>
<point x="227.57" y="161.00" b="G"/>
<point x="235.13" y="161.00" b="G"/>
<point x="243.11" y="161.00" b="A"/>
<point x="250.67" y="161.00" b="A"/>
<point x="255.60" y="155.66" b="G"/>
<point x="255.81" y="148.10" b="C"/>
<point x="255.60" y="140.54" b="G"/>
<point x="249.14" y="136.98" b="U"/>
<point x="244.21" y="131.25" b="U"/>
<point x="241.71" y="124.11" b="U"/>
<point x="241.97" y="116.56" b="C"/>
<point x="244.95" y="109.61" b="U"/>
<point x="250.25" y="104.22" b="U"/>
<point x="256.94" y="101.13" b="G"/>
<point x="257.87" y="93.58" b="A"/>
<point x="257.96" y="86.04" b="G"/>
<point x="252.04" y="81.63" b="C"/>
<point x="248.24" y="75.09" b="U"/>
<point x="247.45" y="67.57" b="U"/>
<point x="240.65" y="64.27" b="C"/>
<point x="233.84" y="60.98" b="C"/>
<point x="227.04" y="57.68" b="C"/>
<point x="221.05" y="62.29" b="N"/>
<point x="213.35" y="63.92" b="G"/>
<point x="205.86" y="62.91" b="G"/>
<point x="199.26" y="59.21" b="G"/>
<point x="194.91" y="53.34" b="A"/>
<point x="192.44" y="46.13" b="U"/>
<point x="192.79" y="38.59" b="G"/>
<point x="196.50" y="31.79" b="A"/>
<point x="201.66" y="26.68" b="G"/>
<point x="208.93" y="23.98" b="C"/>
<point x="216.28" y="24.09" b="G"/>
<point x="223.48" y="26.97" b="U"/>
<point x="229.12" y="32.22" b="Y"/>
<point x="232.02" y="39.11" b="U"/>
<point x="232.17" y="46.67" b="G"/>
<point x="238.97" y="49.96" b="G"/>
<point x="245.77" y="53.26" b="G"/>
<point x="252.99" y="56.55" b="A"/>
<point x="258.97" y="52.51" b="G"/>
<point x="266.87" y="51.44" b="A"/>
<point x="273.72" y="53.52" b="G"/>
<point x="279.71" y="58.38" b="C"/>
<point x="283.00" y="65.19" b="U"/>
<point x="283.01" y="72.75" b="G"/>
<point x="289.96" y="76.55" b="A"/>
<point x="292.06" y="69.35" b="U"/>
<point x="299.12" y="66.64" b="U"/>
<point x="305.66" y="70.44" b="C"/>
<point x="306.79" y="77.92" b="U"/>
<point x="301.46" y="83.49" b="G"/>
<point x="308.21" y="87.29" b="C"/>
<point x="310.01" y="79.90" b="A"/>
<point x="317.12" y="79.13" b="G"/>
<point x="320.38" y="86.05" b="C"/>
<point x="314.74" y="91.09" b="C"/>
<point x="321.27" y="94.89" b="C"/>
<point x="327.94" y="90.97" b="A"/>
<point x="334.98" y="89.70" b="G"/>
<point x="342.79" y="91.27" b="A"/>
<point x="348.67" y="95.46" b="G"/>
<point x="353.39" y="101.67" b="A"/>
<point x="354.69" y="109.03" b="G"/>
<point x="353.77" y="116.51" b="U"/>
<point x="350.18" y="123.04" b="A"/>
<point x="343.82" y="127.72" b="G"/>
<point x="336.78" y="129.87" b="U"/>
<point x="329.25" y="129.19" b="C"/>
<point x="322.50" y="125.79" b="U"/>
<point x="317.48" y="120.14" b="C"/>
<point x="315.10" y="113.03" b="A"/>
<point x="314.91" y="105.47" b="G"/>
<point x="308.38" y="101.67" b="G"/>
<point x="301.84" y="97.87" b="G"/>
<point x="295.52" y="94.07" b="C"/>
<point x="288.20" y="93.28" b="A"/>
<point x="283.60" y="87.13" b="U"/>
<point x="277.06" y="83.33" b="C"/>
<point x="270.38" y="86.87" b="C"/>
<point x="269.87" y="94.41" b="U"/>
<point x="269.36" y="101.96" b="C"/>
<point x="275.77" y="105.96" b="U"/>
<point x="280.09" y="112.01" b="G"/>
<point x="287.56" y="110.87" b="G"/>
<point x="292.16" y="104.57" b="A"/>
<point x="298.61" y="101.42" b="G"/>
<point x="306.32" y="102.37" b="C"/>
<point x="312.20" y="107.13" b="C"/>
<point x="319.67" y="105.99" b="U"/>
<point x="326.93" y="104.84" b="G"/>
<point x="329.85" y="97.71" b="A"/>
<point x="334.57" y="91.97" b="C"/>
<point x="341.24" y="88.42" b="C"/>
<point x="341.24" y="80.86" b="U"/>
<point x="341.03" y="73.30" b="G"/>
<point x="341.24" y="65.74" b="U"/>
<point x="341.03" y="58.18" b="G"/>
<point x="341.45" y="50.62" b="A"/>
<point x="341.24" y="43.06" b="U"/>
<point x="336.98" y="36.81" b="C"/>
<point x="337.71" y="29.31" b="G"/>
<point x="343.58" y="24.31" b="U"/>
<point x="351.14" y="24.31" b="C"/>
<point x="356.60" y="29.31" b="G"/>
<point x="357.75" y="36.81" b="C"/>
<point x="353.69" y="43.06" b="A"/>
<point x="353.48" y="50.62" b="U"/>
<point x="353.48" y="58.18" b="C"/>
<point x="353.69" y="65.74" b="A"/>
<point x="353.48" y="73.30" b="U"/>
<point x="353.69" y="80.86" b="A"/>
<point x="353.27" y="88.42" b="G"/>
<point x="360.36" y="91.97" b="A"/>
<point x="365.08" y="97.71" b="C"/>
<point x="367.59" y="104.84" b="C"/>
<point x="367.12" y="112.40" b="G"/>
<point x="364.35" y="119.34" b="C"/>
<point x="369.07" y="125.24" b="C"/>
<point x="374.01" y="131.14" b="A"/>
<point x="378.32" y="137.04" b="G"/>
<point x="385.40" y="140.19" b="U"/>
<point x="388.04" y="147.34" b="A"/>
<point x="384.08" y="154.02" b="G"/>
<point x="377.21" y="156.03" b="A"/>
<point x="370.54" y="152.09" b="C"/>
<point x="368.98" y="144.70" b="C"/>
<point x="364.25" y="138.80" b="U"/>
<point x="359.31" y="132.90" b="G"/>
<point x="354.58" y="127.00" b="G"/>
<point x="347.15" y="128.40" b="G"/>
<point x="340.14" y="127.00" b="A"/>
<point x="333.31" y="123.00" b="G"/>
<point x="329.00" y="116.94" b="C"/>
<point x="321.73" y="118.08" b="A"/>
<point x="313.84" y="119.23" b="G"/>
<point x="314.93" y="126.76" b="A"/>
<point x="311.01" y="133.34" b="U"/>
<point x="304.22" y="136.66" b="U"/>
<point x="296.74" y="135.53" b="C"/>
<point x="291.44" y="130.36" b="A"/>
<point x="289.62" y="122.97" b="C"/>
<point x="282.15" y="124.11" b="C"/>
<point x="279.44" y="131.25" b="G"/>
<point x="274.72" y="136.98" b="C"/>
<point x="268.05" y="140.54" b="C"/>
<point x="267.84" y="148.10" b="G"/>
<point x="268.05" y="155.66" b="C"/>
<point x="273.19" y="161.00" b="G"/>
<point x="280.75" y="161.00" b="G"/>
<point x="288.52" y="161.00" b="C"/>
<point x="296.08" y="161.00" b="C"/>
<point x="303.43" y="161.00" b="G"/>
<point x="311.20" y="161.00" b="U"/>
<point x="318.76" y="161.00" b="C"/>
<point x="326.32" y="161.00" b="U"/>
<point x="333.88" y="161.00" b="C"/>
<point x="341.44" y="161.00" b="C"/>
<point x="349.00" y="161.00" b="U"/>
<point x="356.56" y="161.00" b="U"/>
<point x="364.12" y="161.00" b="U"/>
<point x="371.88" y="161.00" b="A"/>
<point x="379.44" y="161.00" b="A"/>
<point x="386.59" y="161.00" b="G"/>
<point x="394.51" y="161.21" b="N"/>
<point x="402.07" y="161.21" b="N"/>
<point x="409.63" y="161.21" b="N"/>
<point x="417.19" y="161.21" b="N"/>
<point x="424.75" y="161.21" b="N"/>
<point x="432.16" y="161.00" b="R"/>
<point x="439.92" y="161.00" b="Y"/>
<point x="447.43" y="161.21" b="N"/>
</structure>