<structure>
<point x="19.45" y="123.79" b="C"/>
<point x="25.01" y="118.45" b="Y"/>
<point x="25.01" y="110.89" b="A"/>
<point x="25.01" y="103.33" b="Y"/>
<point x="19.41" y="98.24" b="A"/>
<point x="17.34" y="90.97" b="A"/>
<point x="19.36" y="83.91" b="N"/>
<point x="24.59" y="78.62" b="G"/>
<point x="25.01" y="71.06" b="A"/>
<point x="24.80" y="63.50" b="U"/>
<point x="24.80" y="55.94" b="R"/>
<point x="18.60" y="51.61" b="R"/>
<point x="14.96" y="44.99" b="C"/>
<point x="14.86" y="37.43" b="A"/>
<point x="17.94" y="30.53" b="A"/>
<point x="23.56" y="25.71" b="U"/>
<point x="31.13" y="23.98" b="A"/>
<point x="38.49" y="25.71" b="Y"/>
<point x="44.11" y="30.53" b="U"/>
<point x="47.19" y="37.43" b="U"/>
<point x="46.88" y="44.99" b="U"/>
<point x="43.24" y="51.61" b="U"/>
<point x="37.04" y="55.94" b="C"/>
<point x="37.04" y="63.50" b="R"/>
<point x="37.04" y="71.06" b="U"/>
<point x="37.04" y="78.62" b="C"/>
<point x="39.26" y="71.39" b="R"/>
<point x="42.66" y="64.54" b="A"/>
<point x="46.57" y="58.20" b="C"/>
<point x="51.73" y="52.48" b="A"/>
<point x="57.00" y="47.51" b="G"/>
<point x="63.69" y="43.58" b="N"/>
<point x="70.58" y="40.15" b="A"/>
<point x="77.39" y="37.90" b="G"/>
<point x="85.06" y="36.67" b="U"/>
<point x="92.61" y="36.48" b="U"/>
<point x="100.33" y="37.35" b="Y"/>
<point x="107.65" y="39.24" b="A"/>
<point x="114.43" y="42.12" b="C"/>
<point x="120.95" y="45.95" b="C"/>
<point x="126.88" y="50.64" b="U"/>
<point x="132.31" y="56.10" b="A"/>
<point x="136.53" y="62.24" b="R"/>
<point x="140.05" y="68.92" b="U"/>
<point x="142.41" y="76.03" b="G"/>
<point x="144.39" y="83.43" b="A"/>
<point x="144.50" y="90.97" b="G"/>
<point x="144.18" y="98.51" b="U"/>
<point x="142.41" y="105.91" b="G"/>
<point x="140.05" y="113.02" b="U"/>
<point x="136.73" y="119.71" b="Y"/>
<point x="131.90" y="125.84" b="G"/>
<point x="127.09" y="131.31" b="A"/>
<point x="121.16" y="136.00" b="Y"/>
<point x="114.64" y="139.82" b="A"/>
<point x="107.44" y="142.71" b="C"/>
<point x="100.12" y="144.60" b="U"/>
<point x="92.61" y="145.46" b="U"/>
<point x="85.06" y="145.28" b="U"/>
<point x="77.39" y="144.05" b="G"/>
<point x="70.17" y="141.80" b="G"/>
<point x="63.33" y="138.57" b="G"/>
<point x="57.21" y="134.44" b="U"/>
<point x="51.52" y="129.46" b="C"/>
<point x="46.57" y="123.75" b="U"/>
<point x="42.25" y="117.41" b="G"/>
<point x="39.47" y="110.55" b="A"/>
<point x="36.83" y="103.33" b="G"/>
<point x="37.04" y="110.89" b="U"/>
<point x="36.83" y="118.45" b="G"/>
<point x="42.59" y="123.79" b="A"/>
</structure>