<structure>
<point x="19.60" y="211.70" b="N"/>
<point x="26.80" y="211.49" b="G"/>
<point x="32.15" y="206.15" b="G"/>
<point x="32.36" y="198.59" b="C"/>
<point x="32.57" y="191.03" b="A"/>
<point x="32.57" y="183.47" b="Y"/>
<point x="32.57" y="175.91" b="A"/>
<point x="32.36" y="168.35" b="C"/>
<point x="25.69" y="165.20" b="Y"/>
<point x="20.13" y="160.23" b="N"/>
<point x="16.22" y="153.34" b="G"/>
<point x="15.20" y="145.89" b="U"/>
<point x="16.64" y="138.43" b="A"/>
<point x="19.77" y="131.75" b="G"/>
<point x="25.69" y="126.57" b="A"/>
<point x="32.36" y="123.42" b="C"/>
<point x="32.36" y="115.86" b="C"/>
<point x="32.36" y="108.31" b="U"/>
<point x="32.36" y="100.75" b="U"/>
<point x="32.15" y="93.18" b="G"/>
<point x="32.57" y="85.62" b="Y"/>
<point x="32.57" y="78.06" b="Y"/>
<point x="32.36" y="70.50" b="U"/>
<point x="32.15" y="62.94" b="G"/>
<point x="25.92" y="59.34" b="A"/>
<point x="20.87" y="53.53" b="C"/>
<point x="18.51" y="46.35" b="U"/>
<point x="19.12" y="39.01" b="N"/>
<point x="22.17" y="31.96" b="U"/>
<point x="27.46" y="26.77" b="G"/>
<point x="34.70" y="23.98" b="C"/>
<point x="42.47" y="23.98" b="Y"/>
<point x="49.49" y="26.77" b="Y"/>
<point x="54.79" y="31.96" b="R"/>
<point x="58.00" y="38.80" b="U"/>
<point x="58.45" y="46.35" b="R"/>
<point x="55.88" y="53.53" b="G"/>
<point x="51.24" y="59.34" b="C"/>
<point x="44.60" y="62.94" b="C"/>
<point x="44.81" y="70.50" b="A"/>
<point x="44.60" y="78.06" b="R"/>
<point x="44.39" y="85.62" b="G"/>
<point x="44.60" y="93.18" b="C"/>
<point x="44.81" y="100.75" b="A"/>
<point x="44.60" y="108.31" b="R"/>
<point x="44.39" y="115.86" b="G"/>
<point x="44.39" y="123.42" b="G"/>
<point x="51.77" y="125.07" b="G"/>
<point x="58.18" y="129.07" b="G"/>
<point x="62.91" y="134.97" b="G"/>
<point x="65.83" y="142.11" b="A"/>
<point x="65.63" y="149.67" b="C"/>
<point x="63.33" y="156.80" b="A"/>
<point x="58.18" y="162.70" b="G"/>
<point x="51.98" y="166.70" b="U"/>
<point x="44.39" y="168.35" b="G"/>
<point x="44.60" y="175.91" b="U"/>
<point x="44.81" y="183.47" b="A"/>
<point x="44.60" y="191.03" b="U"/>
<point x="44.39" y="198.59" b="G"/>
<point x="44.60" y="206.15" b="C"/>
<point x="50.15" y="211.49" b="A"/>
<point x="57.71" y="211.49" b="A"/>
<point x="64.86" y="211.49" b="G"/>
<point x="72.83" y="211.49" b="A"/>
<point x="79.98" y="211.49" b="G"/>
<point x="87.75" y="211.49" b="U"/>
<point x="95.51" y="211.49" b="A"/>
<point x="103.07" y="211.49" b="A"/>
<point x="110.43" y="211.49" b="U"/>
<point x="118.14" y="211.70" b="N"/>
<point x="125.70" y="211.70" b="N"/>
<point x="130.68" y="206.15" b="G"/>
<point x="130.68" y="198.59" b="G"/>
<point x="131.10" y="191.03" b="A"/>
<point x="130.68" y="183.47" b="G"/>
<point x="124.34" y="179.69" b="U"/>
<point x="130.89" y="175.91" b="U"/>
<point x="126.39" y="169.99" b="Y"/>
<point x="126.34" y="162.64" b="N"/>
<point x="130.89" y="156.51" b="U"/>
<point x="130.68" y="148.95" b="G"/>
<point x="130.89" y="141.39" b="C"/>
<point x="123.50" y="141.16" b="N"/>
<point x="116.57" y="138.05" b="A"/>
<point x="110.52" y="133.00" b="G"/>
<point x="107.08" y="126.39" b="C"/>
<point x="105.82" y="118.93" b="U"/>
<point x="107.08" y="111.48" b="C"/>
<point x="110.73" y="104.86" b="U"/>
<point x="116.57" y="99.81" b="A"/>
<point x="123.14" y="96.91" b="G"/>
<point x="130.89" y="96.47" b="C"/>
<point x="130.89" y="88.91" b="C"/>
<point x="131.10" y="81.35" b="A"/>
<point x="130.68" y="73.79" b="G"/>
<point x="130.89" y="66.23" b="C"/>
<point x="125.12" y="61.61" b="Y"/>
<point x="122.06" y="54.70" b="Y"/>
<point x="122.61" y="47.37" b="N"/>
<point x="126.79" y="40.82" b="A"/>
<point x="133.23" y="37.22" b="U"/>
<point x="140.79" y="37.22" b="C"/>
<point x="147.65" y="40.82" b="A"/>
<point x="151.35" y="47.16" b="G"/>
<point x="152.17" y="54.70" b="U"/>
<point x="149.12" y="61.61" b="R"/>
<point x="142.92" y="66.23" b="G"/>
<point x="143.13" y="73.79" b="C"/>
<point x="143.13" y="81.35" b="U"/>
<point x="142.92" y="88.91" b="G"/>
<point x="142.92" y="96.47" b="G"/>
<point x="150.01" y="99.62" b="R"/>
<point x="155.51" y="104.80" b="U"/>
<point x="159.06" y="111.47" b="R"/>
<point x="160.50" y="118.93" b="A"/>
<point x="159.27" y="126.39" b="A"/>
<point x="155.51" y="133.06" b="U"/>
<point x="150.01" y="138.25" b="U"/>
<point x="142.92" y="141.39" b="G"/>
<point x="143.13" y="148.95" b="C"/>
<point x="143.34" y="156.51" b="A"/>
<point x="147.63" y="162.43" b="G"/>
<point x="147.84" y="169.99" b="U"/>
<point x="143.34" y="175.91" b="A"/>
<point x="143.13" y="183.47" b="C"/>
<point x="143.13" y="191.03" b="U"/>
<point x="143.13" y="198.59" b="C"/>
<point x="143.34" y="206.15" b="Y"/>
<point x="148.63" y="211.70" b="N"/>
<point x="156.24" y="211.49" b="A"/>
<point x="163.60" y="211.49" b="C"/>
<point x="171.36" y="211.49" b="A"/>
<point x="178.72" y="211.49" b="U"/>
<point x="186.28" y="211.49" b="U"/>
<point x="194.04" y="211.49" b="Y"/>
</structure>