<structure>
<point x="89.40" y="134.73" b="U"/>
<point x="94.74" y="129.39" b="U"/>
<point x="94.95" y="121.83" b="A"/>
<point x="94.95" y="114.27" b="A"/>
<point x="94.95" y="106.71" b="A"/>
<point x="94.95" y="99.15" b="A"/>
<point x="94.74" y="91.59" b="C"/>
<point x="94.95" y="84.03" b="A"/>
<point x="88.56" y="79.39" b="G"/>
<point x="85.75" y="72.46" b="C"/>
<point x="78.58" y="70.80" b="N"/>
<point x="71.31" y="68.73" b="Y"/>
<point x="63.92" y="67.07" b="N"/>
<point x="56.60" y="65.20" b="N"/>
<point x="48.91" y="63.13" b="G"/>
<point x="41.59" y="61.26" b="G"/>
<point x="34.26" y="59.39" b="G"/>
<point x="27.14" y="57.53" b="U"/>
<point x="20.35" y="60.84" b="U"/>
<point x="12.72" y="59.37" b="G"/>
<point x="8.13" y="53.71" b="Y"/>
<point x="7.50" y="46.38" b="N"/>
<point x="11.46" y="39.82" b="C"/>
<point x="18.57" y="37.25" b="C"/>
<point x="25.78" y="39.51" b="C"/>
<point x="30.37" y="45.67" b="A"/>
<point x="37.49" y="47.53" b="C"/>
<point x="44.82" y="49.40" b="C"/>
<point x="52.14" y="51.27" b="C"/>
<point x="59.62" y="53.34" b="N"/>
<point x="66.95" y="55.21" b="N"/>
<point x="74.12" y="56.87" b="R"/>
<point x="81.45" y="58.73" b="R"/>
<point x="88.56" y="60.60" b="G"/>
<point x="94.53" y="55.96" b="G"/>
<point x="94.74" y="48.40" b="C"/>
<point x="94.74" y="40.84" b="C"/>
<point x="91.34" y="34.09" b="C"/>
<point x="94.13" y="26.98" b="A"/>
<point x="100.86" y="23.98" b="C"/>
<point x="107.95" y="27.19" b="N"/>
<point x="110.53" y="34.29" b="N"/>
<point x="106.77" y="40.84" b="G"/>
<point x="106.77" y="48.40" b="G"/>
<point x="106.98" y="55.96" b="C"/>
<point x="112.74" y="60.60" b="G"/>
<point x="120.28" y="58.73" b="C"/>
<point x="118.62" y="51.41" b="Y"/>
<point x="125.94" y="49.54" b="A"/>
<point x="127.39" y="56.87" b="G"/>
<point x="135.14" y="55.00" b="Y"/>
<point x="142.46" y="53.13" b="A"/>
<point x="149.58" y="51.27" b="C"/>
<point x="153.28" y="44.80" b="N"/>
<point x="159.66" y="40.79" b="C"/>
<point x="167.22" y="41.00" b="U"/>
<point x="173.32" y="45.17" b="G"/>
<point x="180.64" y="43.30" b="G"/>
<point x="188.18" y="41.43" b="U"/>
<point x="195.71" y="39.57" b="A"/>
<point x="200.50" y="33.89" b="U"/>
<point x="208.21" y="32.95" b="Y"/>
<point x="214.25" y="37.20" b="R"/>
<point x="216.12" y="44.53" b="C"/>
<point x="212.46" y="51.26" b="G"/>
<point x="205.42" y="54.02" b="G"/>
<point x="198.53" y="51.43" b="U"/>
<point x="191.41" y="53.29" b="A"/>
<point x="183.87" y="55.16" b="C"/>
<point x="176.55" y="57.03" b="C"/>
<point x="173.21" y="63.70" b="Y"/>
<point x="166.47" y="67.51" b="U"/>
<point x="158.91" y="67.29" b="U"/>
<point x="152.39" y="63.13" b="G"/>
<point x="145.28" y="64.99" b="U"/>
<point x="137.95" y="66.86" b="R"/>
<point x="130.62" y="68.73" b="C"/>
<point x="123.09" y="70.59" b="G"/>
<point x="115.97" y="72.46" b="C"/>
<point x="112.95" y="79.39" b="C"/>
<point x="106.98" y="84.03" b="U"/>
<point x="106.77" y="91.59" b="G"/>
<point x="106.98" y="99.15" b="U"/>
<point x="106.98" y="106.71" b="U"/>
<point x="106.98" y="114.27" b="U"/>
<point x="106.98" y="121.83" b="U"/>
<point x="106.98" y="129.39" b="R"/>
<point x="112.53" y="134.73" b="Y"/>
<point x="120.04" y="134.94" b="N"/>
<point x="127.65" y="134.73" b="Y"/>
</structure>