<structure>
<point x="19.66" y="150.67" b="A"/>
<point x="27.02" y="150.67" b="U"/>
<point x="34.73" y="150.88" b="N"/>
<point x="42.28" y="150.88" b="N"/>
<point x="49.90" y="150.67" b="Y"/>
<point x="57.26" y="150.67" b="U"/>
<point x="62.60" y="145.33" b="U"/>
<point x="62.60" y="137.77" b="C"/>
<point x="62.60" y="130.21" b="U"/>
<point x="59.71" y="123.31" b="Y"/>
<point x="62.75" y="116.62" b="N"/>
<point x="62.39" y="108.86" b="G"/>
<point x="62.60" y="101.30" b="C"/>
<point x="62.60" y="93.74" b="C"/>
<point x="60.43" y="86.50" b="U"/>
<point x="64.94" y="80.43" b="U"/>
<point x="72.50" y="80.43" b="U"/>
<point x="77.01" y="86.50" b="U"/>
<point x="74.63" y="93.74" b="G"/>
<point x="74.63" y="101.30" b="G"/>
<point x="74.84" y="108.86" b="C"/>
<point x="74.84" y="116.42" b="U"/>
<point x="78.09" y="123.52" b="N"/>
<point x="75.05" y="130.21" b="A"/>
<point x="74.63" y="137.77" b="G"/>
<point x="75.05" y="145.33" b="A"/>
<point x="80.19" y="150.67" b="U"/>
<point x="87.75" y="150.67" b="C"/>
<point x="95.51" y="150.67" b="A"/>
<point x="103.07" y="150.67" b="A"/>
<point x="110.22" y="150.67" b="G"/>
<point x="117.99" y="150.67" b="U"/>
<point x="125.34" y="150.67" b="G"/>
<point x="133.11" y="150.67" b="U"/>
<point x="140.87" y="150.67" b="A"/>
<point x="148.02" y="150.67" b="G"/>
<point x="155.79" y="150.67" b="U"/>
<point x="163.55" y="150.67" b="A"/>
<point x="170.91" y="150.67" b="U"/>
<point x="178.47" y="150.67" b="C"/>
<point x="186.03" y="150.67" b="U"/>
<point x="193.38" y="150.67" b="G"/>
<point x="201.15" y="150.67" b="U"/>
<point x="208.71" y="150.67" b="U"/>
<point x="216.27" y="150.67" b="C"/>
<point x="223.83" y="150.67" b="U"/>
<point x="229.17" y="145.33" b="U"/>
<point x="229.32" y="137.98" b="N"/>
<point x="229.17" y="130.21" b="U"/>
<point x="229.17" y="122.65" b="C"/>
<point x="229.38" y="115.09" b="A"/>
<point x="228.96" y="107.53" b="G"/>
<point x="224.03" y="102.19" b="Y"/>
<point x="222.49" y="94.98" b="N"/>
<point x="225.23" y="87.79" b="U"/>
<point x="231.72" y="83.59" b="A"/>
<point x="239.28" y="83.59" b="A"/>
<point x="245.56" y="87.79" b="Y"/>
<point x="248.40" y="94.98" b="N"/>
<point x="246.91" y="102.40" b="N"/>
<point x="241.41" y="107.53" b="C"/>
<point x="241.41" y="115.09" b="U"/>
<point x="241.20" y="122.65" b="G"/>
<point x="241.41" y="130.21" b="R"/>
<point x="241.56" y="137.98" b="N"/>
<point x="241.62" y="145.33" b="A"/>
<point x="246.91" y="150.88" b="N"/>
<point x="252.25" y="145.54" b="N"/>
<point x="252.25" y="137.98" b="N"/>
<point x="252.25" y="130.42" b="N"/>
<point x="252.25" y="122.86" b="N"/>
<point x="252.31" y="115.09" b="Y"/>
<point x="252.31" y="107.53" b="Y"/>
<point x="252.31" y="99.97" b="Y"/>
<point x="251.94" y="92.42" b="A"/>
<point x="258.37" y="88.74" b="N"/>
<point x="264.86" y="92.62" b="N"/>
<point x="264.49" y="100.18" b="N"/>
<point x="264.34" y="107.53" b="R"/>
<point x="264.49" y="115.30" b="N"/>
<point x="264.49" y="122.86" b="N"/>
<point x="264.49" y="130.42" b="N"/>
<point x="264.49" y="137.98" b="N"/>
<point x="264.49" y="145.54" b="N"/>
<point x="269.84" y="150.88" b="N"/>
<point x="277.40" y="150.88" b="N"/>
<point x="284.96" y="150.88" b="N"/>
<point x="292.52" y="150.88" b="N"/>
<point x="300.08" y="150.88" b="N"/>
<point x="307.64" y="150.88" b="N"/>
<point x="315.20" y="150.88" b="N"/>
<point x="322.61" y="150.67" b="U"/>
<point x="330.38" y="150.67" b="Y"/>
<point x="337.94" y="150.67" b="A"/>
<point x="345.44" y="150.88" b="N"/>
<point x="353.00" y="150.88" b="N"/>
<point x="360.62" y="150.67" b="Y"/>
<point x="368.12" y="150.88" b="N"/>
<point x="375.68" y="150.88" b="N"/>
<point x="383.30" y="150.67" b="A"/>
<point x="390.65" y="150.67" b="U"/>
<point x="398.21" y="150.67" b="U"/>
<point x="405.77" y="150.67" b="U"/>
<point x="413.33" y="150.67" b="U"/>
<point x="420.89" y="150.67" b="U"/>
<point x="428.60" y="150.88" b="N"/>
<point x="436.16" y="150.88" b="N"/>
<point x="443.72" y="150.88" b="N"/>
<point x="451.28" y="150.88" b="N"/>
<point x="458.84" y="150.88" b="N"/>
<point x="466.40" y="150.88" b="N"/>
<point x="473.96" y="150.88" b="N"/>
<point x="479.31" y="145.54" b="N"/>
<point x="479.31" y="137.98" b="N"/>
<point x="479.31" y="130.42" b="N"/>
<point x="479.31" y="122.86" b="N"/>
<point x="479.31" y="115.30" b="N"/>
<point x="479.31" y="107.74" b="N"/>
<point x="479.31" y="100.18" b="N"/>
<point x="479.31" y="92.62" b="N"/>
<point x="471.76" y="92.19" b="N"/>
<point x="466.56" y="86.70" b="N"/>
<point x="466.56" y="79.14" b="N"/>
<point x="471.76" y="73.65" b="N"/>
<point x="479.31" y="73.22" b="N"/>
<point x="479.31" y="65.66" b="N"/>
<point x="479.31" y="58.10" b="N"/>
<point x="478.94" y="50.33" b="G"/>
<point x="479.15" y="42.77" b="C"/>
<point x="481.50" y="35.59" b="U"/>
<point x="489.06" y="35.59" b="U"/>
<point x="491.19" y="42.77" b="G"/>
<point x="491.39" y="50.33" b="C"/>
<point x="491.55" y="58.10" b="N"/>
<point x="491.55" y="65.66" b="N"/>
<point x="491.55" y="73.22" b="N"/>
<point x="496.25" y="79.14" b="N"/>
<point x="496.25" y="86.70" b="N"/>
<point x="491.55" y="92.62" b="N"/>
<point x="491.55" y="100.18" b="N"/>
<point x="491.55" y="107.74" b="N"/>
<point x="491.55" y="115.30" b="N"/>
<point x="491.55" y="122.86" b="N"/>
<point x="491.55" y="130.42" b="N"/>
<point x="491.55" y="137.98" b="N"/>
<point x="491.60" y="145.33" b="Y"/>
<point x="496.74" y="150.67" b="R"/>
<point x="504.45" y="150.88" b="N"/>
<point x="509.80" y="145.54" b="N"/>
<point x="509.80" y="137.98" b="N"/>
<point x="509.80" y="130.42" b="N"/>
<point x="509.85" y="122.65" b="Y"/>
<point x="509.80" y="115.30" b="N"/>
<point x="509.80" y="107.74" b="N"/>
<point x="506.70" y="100.84" b="N"/>
<point x="509.85" y="93.74" b="Y"/>
<point x="509.85" y="86.18" b="Y"/>
<point x="509.80" y="78.82" b="N"/>
<point x="509.65" y="71.06" b="R"/>
<point x="509.80" y="63.70" b="N"/>
<point x="509.80" y="56.14" b="N"/>
<point x="503.59" y="51.82" b="N"/>
<point x="500.02" y="44.99" b="Y"/>
<point x="499.50" y="37.43" b="U"/>
<point x="502.58" y="30.53" b="R"/>
<point x="508.41" y="25.71" b="C"/>
<point x="515.97" y="23.98" b="A"/>
<point x="523.28" y="25.92" b="N"/>
<point x="529.16" y="30.53" b="Y"/>
<point x="532.18" y="37.64" b="N"/>
<point x="531.93" y="44.99" b="Y"/>
<point x="528.24" y="51.82" b="N"/>
<point x="522.04" y="56.14" b="N"/>
<point x="522.04" y="63.70" b="N"/>
<point x="522.09" y="71.06" b="Y"/>
<point x="522.04" y="78.82" b="N"/>
<point x="522.04" y="86.38" b="N"/>
<point x="521.89" y="93.74" b="R"/>
<point x="528.92" y="97.06" b="N"/>
<point x="528.92" y="104.62" b="N"/>
<point x="522.04" y="107.74" b="N"/>
<point x="521.89" y="115.09" b="R"/>
<point x="521.89" y="122.65" b="R"/>
<point x="522.04" y="130.42" b="N"/>
<point x="522.04" y="137.98" b="N"/>
<point x="522.04" y="145.54" b="N"/>
<point x="527.44" y="150.67" b="A"/>
<point x="534.94" y="150.88" b="N"/>
<point x="542.56" y="150.67" b="Y"/>
<point x="550.06" y="150.88" b="N"/>
<point x="557.62" y="150.88" b="N"/>
<point x="565.18" y="150.88" b="N"/>
<point x="572.74" y="150.88" b="N"/>
</structure>