<structure>
<point x="19.45" y="115.35" b="U"/>
<point x="27.02" y="115.35" b="U"/>
<point x="34.37" y="115.35" b="G"/>
<point x="42.34" y="115.35" b="A"/>
<point x="49.70" y="115.35" b="C"/>
<point x="57.46" y="115.35" b="Y"/>
<point x="64.97" y="115.55" b="N"/>
<point x="72.53" y="115.55" b="N"/>
<point x="80.09" y="115.55" b="N"/>
<point x="87.70" y="115.35" b="A"/>
<point x="95.26" y="115.35" b="A"/>
<point x="102.82" y="115.35" b="A"/>
<point x="110.17" y="115.35" b="U"/>
<point x="117.53" y="115.35" b="G"/>
<point x="125.50" y="115.35" b="A"/>
<point x="133.00" y="115.55" b="N"/>
<point x="140.62" y="115.35" b="A"/>
<point x="148.18" y="115.35" b="A"/>
<point x="155.53" y="115.35" b="U"/>
<point x="163.25" y="115.55" b="N"/>
<point x="170.66" y="115.35" b="R"/>
<point x="178.22" y="115.35" b="U"/>
<point x="185.78" y="115.35" b="U"/>
<point x="193.54" y="115.35" b="A"/>
<point x="200.90" y="115.35" b="U"/>
<point x="208.60" y="115.55" b="N"/>
<point x="216.22" y="115.35" b="A"/>
<point x="223.57" y="115.35" b="U"/>
<point x="231.28" y="115.55" b="N"/>
<point x="238.84" y="115.55" b="N"/>
<point x="246.41" y="115.55" b="N"/>
<point x="253.96" y="115.55" b="N"/>
<point x="261.52" y="115.55" b="N"/>
<point x="269.08" y="115.55" b="N"/>
<point x="274.28" y="110.00" b="C"/>
<point x="274.49" y="102.44" b="A"/>
<point x="274.28" y="94.88" b="R"/>
<point x="274.28" y="87.32" b="C"/>
<point x="274.49" y="79.76" b="Y"/>
<point x="274.07" y="72.20" b="G"/>
<point x="274.28" y="64.64" b="R"/>
<point x="274.28" y="57.08" b="U"/>
<point x="274.28" y="49.52" b="C"/>
<point x="271.90" y="42.28" b="G"/>
<point x="276.62" y="36.21" b="C"/>
<point x="283.97" y="36.21" b="G"/>
<point x="288.90" y="42.28" b="A"/>
<point x="286.31" y="49.52" b="G"/>
<point x="286.73" y="57.08" b="A"/>
<point x="286.73" y="64.64" b="Y"/>
<point x="286.73" y="72.20" b="Y"/>
<point x="286.67" y="79.97" b="N"/>
<point x="286.31" y="87.32" b="G"/>
<point x="286.73" y="94.88" b="Y"/>
<point x="286.73" y="102.44" b="Y"/>
<point x="286.31" y="110.00" b="G"/>
<point x="291.87" y="115.35" b="R"/>
<point x="299.43" y="115.35" b="U"/>
<point x="307.19" y="115.35" b="A"/>
<point x="314.75" y="115.35" b="A"/>
<point x="322.26" y="115.55" b="N"/>
<point x="327.45" y="110.00" b="C"/>
<point x="327.45" y="102.44" b="U"/>
<point x="327.45" y="94.88" b="R"/>
<point x="327.45" y="87.32" b="R"/>
<point x="327.45" y="79.76" b="R"/>
<point x="327.66" y="72.20" b="A"/>
<point x="327.24" y="64.64" b="G"/>
<point x="324.50" y="57.95" b="N"/>
<point x="327.45" y="50.85" b="C"/>
<point x="321.95" y="45.89" b="Y"/>
<point x="319.60" y="38.71" b="Y"/>
<point x="321.22" y="31.54" b="N"/>
<point x="326.44" y="26.07" b="N"/>
<point x="333.72" y="24.06" b="N"/>
<point x="341.01" y="26.07" b="N"/>
<point x="346.23" y="31.54" b="N"/>
<point x="347.75" y="38.71" b="U"/>
<point x="345.40" y="45.89" b="C"/>
<point x="339.48" y="50.85" b="G"/>
<point x="346.37" y="53.96" b="G"/>
<point x="346.73" y="61.73" b="N"/>
<point x="339.69" y="64.64" b="C"/>
<point x="339.69" y="72.20" b="U"/>
<point x="339.90" y="79.76" b="Y"/>
<point x="339.90" y="87.32" b="Y"/>
<point x="339.69" y="94.88" b="C"/>
<point x="339.69" y="102.44" b="R"/>
<point x="339.48" y="110.00" b="G"/>
<point x="345.24" y="115.35" b="A"/>
<point x="352.60" y="115.35" b="U"/>
<point x="360.16" y="115.35" b="U"/>
<point x="367.92" y="115.35" b="A"/>
<point x="375.28" y="115.35" b="U"/>
<point x="382.84" y="115.35" b="C"/>
<point x="390.40" y="115.35" b="U"/>
<point x="395.74" y="110.00" b="C"/>
<point x="395.74" y="102.44" b="C"/>
<point x="395.74" y="94.88" b="U"/>
<point x="393.57" y="87.64" b="C"/>
<point x="398.29" y="81.57" b="A"/>
<point x="405.64" y="81.57" b="U"/>
<point x="410.16" y="87.64" b="C"/>
<point x="408.19" y="94.88" b="A"/>
<point x="407.77" y="102.44" b="G"/>
<point x="407.77" y="110.00" b="G"/>
<point x="413.33" y="115.35" b="C"/>
<point x="420.89" y="115.35" b="U"/>
<point x="428.66" y="115.35" b="A"/>
<point x="436.22" y="115.35" b="A"/>
<point x="443.57" y="115.35" b="U"/>
<point x="451.13" y="115.35" b="C"/>
<point x="458.90" y="115.35" b="A"/>
<point x="466.25" y="115.35" b="C"/>
<point x="473.60" y="115.35" b="G"/>
<point x="481.16" y="115.35" b="G"/>
<point x="488.93" y="115.35" b="U"/>
<point x="496.49" y="115.35" b="U"/>
<point x="504.05" y="115.35" b="U"/>
<point x="511.61" y="115.35" b="U"/>
<point x="519.17" y="115.35" b="U"/>
<point x="524.30" y="110.00" b="G"/>
<point x="524.72" y="102.44" b="A"/>
<point x="524.51" y="94.88" b="C"/>
<point x="524.51" y="87.32" b="C"/>
<point x="524.51" y="79.76" b="C"/>
<point x="524.30" y="72.20" b="G"/>
<point x="524.30" y="64.64" b="G"/>
<point x="524.51" y="57.08" b="C"/>
<point x="521.26" y="50.54" b="N"/>
<point x="523.90" y="43.22" b="Y"/>
<point x="530.63" y="40.23" b="U"/>
<point x="537.58" y="43.22" b="U"/>
<point x="540.31" y="50.54" b="N"/>
<point x="536.54" y="57.08" b="G"/>
<point x="536.75" y="64.64" b="C"/>
<point x="536.75" y="72.20" b="C"/>
<point x="536.54" y="79.76" b="G"/>
<point x="536.54" y="87.32" b="G"/>
<point x="536.54" y="94.88" b="G"/>
<point x="536.75" y="102.44" b="U"/>
<point x="536.75" y="110.00" b="C"/>
<point x="542.10" y="115.35" b="U"/>
<point x="549.66" y="115.35" b="U"/>
<point x="557.22" y="115.35" b="U"/>
<point x="564.78" y="115.35" b="U"/>
<point x="572.34" y="115.35" b="U"/>
<point x="579.90" y="115.35" b="U"/>
<point x="587.46" y="115.35" b="U"/>
<point x="595.17" y="115.55" b="N"/>
</structure>