<structure>
<point x="64.28" y="235.67" b="N"/>
<point x="71.84" y="235.67" b="N"/>
<point x="79.40" y="235.67" b="N"/>
<point x="84.39" y="230.11" b="G"/>
<point x="84.39" y="222.55" b="G"/>
<point x="84.60" y="214.99" b="C"/>
<point x="84.81" y="207.43" b="A"/>
<point x="84.60" y="199.87" b="C"/>
<point x="81.71" y="192.98" b="A"/>
<point x="84.81" y="186.08" b="A"/>
<point x="84.60" y="178.52" b="U"/>
<point x="84.39" y="170.96" b="G"/>
<point x="84.81" y="163.40" b="A"/>
<point x="84.39" y="155.84" b="G"/>
<point x="77.22" y="158.24" b="G"/>
<point x="70.21" y="159.65" b="A"/>
<point x="62.45" y="160.05" b="R"/>
<point x="55.07" y="159.63" b="N"/>
<point x="47.69" y="158.00" b="N"/>
<point x="40.65" y="155.17" b="A"/>
<point x="33.92" y="151.83" b="N"/>
<point x="27.64" y="147.21" b="U"/>
<point x="22.30" y="142.21" b="N"/>
<point x="17.42" y="136.11" b="U"/>
<point x="13.67" y="129.84" b="N"/>
<point x="10.33" y="122.68" b="G"/>
<point x="8.73" y="115.40" b="Y"/>
<point x="7.65" y="108.11" b="N"/>
<point x="7.50" y="100.35" b="R"/>
<point x="8.67" y="93.06" b="N"/>
<point x="10.69" y="85.78" b="N"/>
<point x="13.31" y="78.62" b="G"/>
<point x="17.42" y="72.14" b="U"/>
<point x="22.36" y="66.25" b="A"/>
<point x="27.64" y="61.05" b="U"/>
<point x="33.98" y="56.63" b="Y"/>
<point x="40.45" y="53.08" b="U"/>
<point x="47.69" y="50.67" b="N"/>
<point x="54.92" y="48.83" b="U"/>
<point x="62.24" y="48.20" b="G"/>
<point x="70.21" y="48.60" b="A"/>
<point x="77.22" y="50.01" b="G"/>
<point x="84.60" y="52.41" b="R"/>
<point x="84.81" y="44.85" b="Y"/>
<point x="84.81" y="37.29" b="Y"/>
<point x="82.58" y="30.26" b="N"/>
<point x="86.94" y="23.98" b="R"/>
<point x="94.65" y="24.19" b="N"/>
<point x="99.22" y="30.05" b="A"/>
<point x="96.84" y="37.29" b="R"/>
<point x="96.84" y="44.85" b="R"/>
<point x="97.05" y="52.41" b="Y"/>
<point x="104.26" y="53.84" b="C"/>
<point x="111.61" y="56.33" b="A"/>
<point x="118.31" y="59.83" b="A"/>
<point x="124.23" y="64.26" b="U"/>
<point x="129.44" y="69.53" b="G"/>
<point x="134.45" y="75.54" b="A"/>
<point x="138.13" y="82.14" b="Y"/>
<point x="140.61" y="89.21" b="U"/>
<point x="142.40" y="96.79" b="N"/>
<point x="142.95" y="104.33" b="N"/>
<point x="142.40" y="111.87" b="N"/>
<point x="140.82" y="119.05" b="A"/>
<point x="138.08" y="126.32" b="N"/>
<point x="134.03" y="132.72" b="G"/>
<point x="129.65" y="138.72" b="U"/>
<point x="124.23" y="143.99" b="C"/>
<point x="118.10" y="148.42" b="C"/>
<point x="111.40" y="151.92" b="U"/>
<point x="104.26" y="154.41" b="U"/>
<point x="96.84" y="155.84" b="U"/>
<point x="96.84" y="163.40" b="U"/>
<point x="96.84" y="170.96" b="C"/>
<point x="97.05" y="178.52" b="A"/>
<point x="96.84" y="186.08" b="U"/>
<point x="103.80" y="183.14" b="U"/>
<point x="110.80" y="186.00" b="C"/>
<point x="113.70" y="192.98" b="U"/>
<point x="110.59" y="199.96" b="G"/>
<point x="104.01" y="202.82" b="A"/>
<point x="96.63" y="199.87" b="G"/>
<point x="96.84" y="207.43" b="U"/>
<point x="96.63" y="214.99" b="G"/>
<point x="96.84" y="222.55" b="C"/>
<point x="96.84" y="230.11" b="C"/>
<point x="102.34" y="235.67" b="N"/>
<point x="109.95" y="235.46" b="Y"/>
</structure>