<structure>
<point x="17.55" y="249.84" b="C"/>
<point x="17.55" y="242.28" b="U"/>
<point x="17.55" y="234.72" b="U"/>
<point x="17.55" y="227.16" b="U"/>
<point x="17.55" y="219.60" b="U"/>
<point x="17.75" y="212.04" b="A"/>
<point x="17.75" y="204.48" b="A"/>
<point x="14.65" y="197.58" b="A"/>
<point x="17.55" y="190.69" b="U"/>
<point x="17.55" y="183.13" b="U"/>
<point x="17.75" y="175.57" b="Y"/>
<point x="17.55" y="168.01" b="U"/>
<point x="17.34" y="160.45" b="G"/>
<point x="17.55" y="152.89" b="C"/>
<point x="17.55" y="145.33" b="C"/>
<point x="17.55" y="137.77" b="R"/>
<point x="17.75" y="130.21" b="Y"/>
<point x="17.75" y="122.65" b="A"/>
<point x="17.34" y="115.09" b="G"/>
<point x="14.60" y="108.40" b="N"/>
<point x="17.75" y="101.30" b="A"/>
<point x="17.34" y="93.74" b="G"/>
<point x="17.75" y="86.18" b="A"/>
<point x="17.55" y="78.62" b="U"/>
<point x="17.75" y="71.06" b="A"/>
<point x="17.34" y="63.50" b="G"/>
<point x="17.75" y="55.94" b="Y"/>
<point x="11.34" y="51.61" b="U"/>
<point x="7.50" y="44.99" b="G"/>
<point x="7.61" y="37.43" b="A"/>
<point x="10.48" y="30.53" b="U"/>
<point x="16.51" y="25.71" b="A"/>
<point x="23.67" y="23.98" b="C"/>
<point x="31.03" y="25.71" b="U"/>
<point x="37.06" y="30.53" b="Y"/>
<point x="39.93" y="37.43" b="R"/>
<point x="39.83" y="44.99" b="A"/>
<point x="35.99" y="51.61" b="U"/>
<point x="29.58" y="55.94" b="G"/>
<point x="29.99" y="63.50" b="Y"/>
<point x="29.79" y="71.06" b="U"/>
<point x="29.99" y="78.62" b="A"/>
<point x="29.79" y="86.18" b="U"/>
<point x="29.79" y="93.74" b="C"/>
<point x="29.79" y="101.30" b="U"/>
<point x="32.89" y="108.19" b="U"/>
<point x="29.79" y="115.09" b="U"/>
<point x="29.79" y="122.65" b="U"/>
<point x="29.58" y="130.21" b="G"/>
<point x="29.79" y="137.77" b="C"/>
<point x="29.58" y="145.33" b="G"/>
<point x="29.58" y="152.89" b="G"/>
<point x="29.94" y="160.66" b="N"/>
<point x="29.79" y="168.01" b="R"/>
<point x="29.79" y="175.57" b="R"/>
<point x="29.99" y="183.13" b="A"/>
<point x="29.99" y="190.69" b="A"/>
<point x="32.89" y="197.58" b="U"/>
<point x="29.79" y="204.48" b="U"/>
<point x="29.79" y="212.04" b="U"/>
<point x="29.94" y="219.81" b="N"/>
<point x="29.94" y="227.37" b="N"/>
<point x="29.99" y="234.72" b="A"/>
<point x="29.99" y="242.28" b="A"/>
<point x="29.58" y="249.84" b="G"/>
</structure>