<structure>
<point x="98.58" y="240.45" b="U"/>
<point x="98.58" y="232.89" b="C"/>
<point x="98.58" y="225.33" b="U"/>
<point x="98.58" y="217.77" b="C"/>
<point x="91.21" y="217.21" b="N"/>
<point x="83.62" y="215.65" b="R"/>
<point x="76.31" y="213.72" b="U"/>
<point x="68.97" y="211.23" b="G"/>
<point x="62.46" y="208.19" b="A"/>
<point x="55.59" y="204.62" b="U"/>
<point x="49.01" y="200.54" b="G"/>
<point x="43.20" y="195.98" b="U"/>
<point x="37.75" y="190.96" b="A"/>
<point x="32.44" y="185.73" b="N"/>
<point x="27.48" y="179.69" b="U"/>
<point x="23.14" y="173.50" b="U"/>
<point x="19.30" y="166.99" b="C"/>
<point x="15.97" y="160.20" b="C"/>
<point x="13.39" y="153.17" b="A"/>
<point x="11.16" y="145.95" b="A"/>
<point x="9.29" y="138.57" b="U"/>
<point x="8.41" y="131.09" b="A"/>
<point x="7.50" y="123.55" b="G"/>
<point x="8.01" y="115.99" b="A"/>
<point x="8.48" y="108.46" b="U"/>
<point x="9.74" y="101.00" b="C"/>
<point x="11.58" y="93.67" b="C"/>
<point x="13.99" y="86.51" b="U"/>
<point x="16.95" y="79.55" b="U"/>
<point x="20.44" y="72.84" b="C"/>
<point x="24.44" y="66.43" b="U"/>
<point x="28.71" y="60.34" b="G"/>
<point x="34.08" y="54.63" b="A"/>
<point x="39.25" y="49.31" b="C"/>
<point x="45.02" y="44.43" b="C"/>
<point x="51.16" y="40.02" b="C"/>
<point x="57.63" y="36.10" b="U"/>
<point x="64.37" y="32.69" b="C"/>
<point x="71.37" y="29.82" b="C"/>
<point x="78.77" y="27.50" b="A"/>
<point x="86.07" y="25.95" b="N"/>
<point x="93.39" y="24.57" b="U"/>
<point x="100.71" y="23.98" b="G"/>
<point x="108.48" y="23.98" b="U"/>
<point x="115.81" y="24.57" b="G"/>
<point x="123.64" y="25.95" b="N"/>
<point x="131.05" y="27.50" b="A"/>
<point x="138.04" y="29.82" b="C"/>
<point x="145.03" y="32.69" b="U"/>
<point x="151.78" y="36.10" b="C"/>
<point x="158.45" y="40.02" b="A"/>
<point x="164.59" y="44.43" b="A"/>
<point x="170.36" y="49.31" b="Y"/>
<point x="175.53" y="54.63" b="R"/>
<point x="180.27" y="60.34" b="G"/>
<point x="185.12" y="66.63" b="N"/>
<point x="189.18" y="72.84" b="A"/>
<point x="192.25" y="79.55" b="G"/>
<point x="195.20" y="86.51" b="G"/>
<point x="197.61" y="93.67" b="G"/>
<point x="199.87" y="101.00" b="A"/>
<point x="200.92" y="108.46" b="R"/>
<point x="201.81" y="115.99" b="A"/>
<point x="201.69" y="123.55" b="U"/>
<point x="200.99" y="131.09" b="G"/>
<point x="200.32" y="138.57" b="A"/>
<point x="198.66" y="145.95" b="A"/>
<point x="196.01" y="153.17" b="G"/>
<point x="193.64" y="160.20" b="A"/>
<point x="189.90" y="166.99" b="G"/>
<point x="186.26" y="173.50" b="R"/>
<point x="182.13" y="179.69" b="A"/>
<point x="177.26" y="185.73" b="N"/>
<point x="172.01" y="191.17" b="N"/>
<point x="166.00" y="195.98" b="G"/>
<point x="160.18" y="200.54" b="U"/>
<point x="153.60" y="204.62" b="G"/>
<point x="147.36" y="208.19" b="A"/>
<point x="140.23" y="211.23" b="C"/>
<point x="133.09" y="213.72" b="U"/>
<point x="125.57" y="215.65" b="G"/>
<point x="118.55" y="217.00" b="A"/>
<point x="110.61" y="217.77" b="G"/>
<point x="111.03" y="225.33" b="A"/>
<point x="110.61" y="232.89" b="G"/>
<point x="111.03" y="240.45" b="A"/>
</structure>