<structure>
<point x="19.25" y="93.69" b="G"/>
<point x="25.01" y="88.34" b="A"/>
<point x="25.01" y="80.78" b="A"/>
<point x="24.80" y="73.22" b="U"/>
<point x="24.80" y="65.66" b="C"/>
<point x="24.80" y="58.10" b="U"/>
<point x="24.80" y="50.54" b="U"/>
<point x="24.80" y="42.98" b="U"/>
<point x="24.80" y="35.42" b="U"/>
<point x="24.44" y="27.87" b="C"/>
<point x="31.13" y="23.98" b="A"/>
<point x="37.41" y="27.87" b="C"/>
<point x="37.25" y="35.42" b="A"/>
<point x="37.25" y="42.98" b="A"/>
<point x="37.25" y="50.54" b="A"/>
<point x="37.25" y="58.10" b="A"/>
<point x="36.83" y="65.66" b="G"/>
<point x="37.25" y="73.22" b="A"/>
<point x="37.25" y="80.78" b="Y"/>
<point x="37.04" y="88.34" b="U"/>
<point x="47.73" y="99.03" b="U"/>
<point x="55.29" y="99.03" b="U"/>
<point x="63.06" y="99.03" b="A"/>
<point x="70.41" y="99.03" b="U"/>
<point x="77.97" y="99.03" b="C"/>
<point x="85.53" y="99.03" b="C"/>
<point x="92.88" y="99.03" b="G"/>
<point x="100.86" y="99.03" b="A"/>
<point x="104.64" y="92.49" b="Y"/>
<point x="108.42" y="99.03" b="A"/>
<point x="115.98" y="99.03" b="A"/>
<point x="123.33" y="99.03" b="U"/>
<point x="130.89" y="99.03" b="U"/>
<point x="138.45" y="99.03" b="C"/>
<point x="146.16" y="99.24" b="N"/>
<point x="152.76" y="95.63" b="U"/>
<point x="159.87" y="98.21" b="C"/>
<point x="163.02" y="105.36" b="N"/>
<point x="159.87" y="112.09" b="U"/>
<point x="152.76" y="114.67" b="C"/>
<point x="146.16" y="111.48" b="N"/>
<point x="138.24" y="111.27" b="G"/>
<point x="138.60" y="119.04" b="N"/>
<point x="130.89" y="118.83" b="C"/>
<point x="131.10" y="111.27" b="A"/>
<point x="123.54" y="111.27" b="A"/>
<point x="115.77" y="111.27" b="U"/>
<point x="108.21" y="111.27" b="U"/>
<point x="100.80" y="111.48" b="N"/>
<point x="93.30" y="111.27" b="Y"/>
<point x="85.32" y="111.27" b="G"/>
<point x="77.76" y="111.27" b="G"/>
<point x="70.62" y="111.27" b="A"/>
<point x="62.85" y="111.27" b="U"/>
<point x="62.85" y="118.83" b="U"/>
<point x="55.29" y="118.83" b="U"/>
<point x="55.08" y="111.27" b="G"/>
<point x="47.94" y="111.27" b="A"/>
<point x="42.59" y="116.62" b="A"/>
<point x="42.39" y="124.18" b="U"/>
<point x="42.18" y="131.74" b="G"/>
<point x="42.39" y="139.30" b="C"/>
</structure>