<structure>
<point x="85.10" y="260.46" b="N"/>
<point x="92.30" y="260.25" b="G"/>
<point x="100.22" y="260.46" b="N"/>
<point x="105.56" y="255.11" b="N"/>
<point x="105.20" y="247.35" b="G"/>
<point x="105.62" y="239.79" b="A"/>
<point x="105.62" y="232.23" b="A"/>
<point x="98.09" y="231.51" b="Y"/>
<point x="90.43" y="230.25" b="R"/>
<point x="83.09" y="228.45" b="U"/>
<point x="75.69" y="226.12" b="G"/>
<point x="69.10" y="223.28" b="A"/>
<point x="62.11" y="219.94" b="U"/>
<point x="55.38" y="216.12" b="G"/>
<point x="49.56" y="211.84" b="A"/>
<point x="43.66" y="207.11" b="A"/>
<point x="38.12" y="201.97" b="A"/>
<point x="32.55" y="196.44" b="G"/>
<point x="28.02" y="190.55" b="U"/>
<point x="23.72" y="184.33" b="U"/>
<point x="19.88" y="177.82" b="R"/>
<point x="16.67" y="171.25" b="N"/>
<point x="13.81" y="164.26" b="N"/>
<point x="11.47" y="157.07" b="N"/>
<point x="9.65" y="149.73" b="N"/>
<point x="8.37" y="142.28" b="N"/>
<point x="7.63" y="134.75" b="N"/>
<point x="7.50" y="126.99" b="A"/>
<point x="7.65" y="119.44" b="U"/>
<point x="8.71" y="112.14" b="N"/>
<point x="10.15" y="104.72" b="N"/>
<point x="11.78" y="97.22" b="G"/>
<point x="14.49" y="90.08" b="U"/>
<point x="17.30" y="83.15" b="G"/>
<point x="21.22" y="76.45" b="A"/>
<point x="25.00" y="70.03" b="U"/>
<point x="29.59" y="64.12" b="N"/>
<point x="34.31" y="58.13" b="R"/>
<point x="39.59" y="52.72" b="U"/>
<point x="45.40" y="47.91" b="N"/>
<point x="51.46" y="43.11" b="Y"/>
<point x="57.73" y="39.17" b="N"/>
<point x="64.18" y="35.29" b="U"/>
<point x="71.19" y="32.31" b="N"/>
<point x="78.26" y="29.63" b="N"/>
<point x="85.14" y="27.26" b="G"/>
<point x="92.88" y="25.83" b="N"/>
<point x="100.21" y="24.53" b="U"/>
<point x="107.75" y="23.98" b="U"/>
<point x="115.46" y="24.19" b="N"/>
<point x="123.06" y="24.53" b="A"/>
<point x="130.48" y="25.83" b="N"/>
<point x="137.86" y="27.47" b="N"/>
<point x="144.96" y="29.42" b="U"/>
<point x="151.82" y="32.10" b="G"/>
<point x="159.09" y="35.29" b="A"/>
<point x="165.49" y="38.97" b="U"/>
<point x="171.81" y="43.11" b="C"/>
<point x="177.61" y="47.70" b="G"/>
<point x="183.62" y="52.93" b="N"/>
<point x="188.90" y="58.34" b="N"/>
<point x="193.77" y="64.12" b="N"/>
<point x="198.21" y="70.24" b="N"/>
<point x="202.20" y="76.66" b="N"/>
<point x="205.71" y="83.36" b="N"/>
<point x="208.78" y="90.08" b="A"/>
<point x="211.23" y="97.42" b="N"/>
<point x="213.26" y="104.51" b="Y"/>
<point x="214.50" y="111.93" b="U"/>
<point x="215.62" y="119.44" b="Y"/>
<point x="215.77" y="126.99" b="R"/>
<point x="215.73" y="134.75" b="N"/>
<point x="215.05" y="142.07" b="Y"/>
<point x="213.71" y="149.73" b="N"/>
<point x="211.95" y="156.86" b="Y"/>
<point x="209.19" y="164.05" b="G"/>
<point x="206.55" y="171.05" b="C"/>
<point x="203.19" y="177.82" b="U"/>
<point x="199.55" y="184.33" b="A"/>
<point x="195.05" y="190.55" b="C"/>
<point x="190.09" y="196.44" b="G"/>
<point x="185.15" y="201.97" b="U"/>
<point x="179.61" y="207.11" b="U"/>
<point x="173.71" y="211.84" b="C"/>
<point x="167.48" y="216.12" b="U"/>
<point x="160.96" y="219.94" b="U"/>
<point x="154.18" y="223.28" b="U"/>
<point x="147.17" y="226.12" b="C"/>
<point x="139.97" y="228.45" b="U"/>
<point x="132.42" y="230.25" b="G"/>
<point x="125.38" y="231.51" b="A"/>
<point x="117.65" y="232.23" b="U"/>
<point x="117.65" y="239.79" b="U"/>
<point x="117.65" y="247.35" b="C"/>
<point x="117.80" y="255.11" b="N"/>
<point x="123.00" y="260.25" b="U"/>
<point x="130.76" y="260.25" b="Y"/>
<point x="138.27" y="260.46" b="N"/>
</structure>