<structure>
<point x="106.33" y="130.07" b="U"/>
<point x="113.89" y="130.07" b="U"/>
<point x="121.24" y="130.07" b="G"/>
<point x="129.21" y="130.07" b="A"/>
<point x="136.77" y="130.07" b="A"/>
<point x="143.92" y="130.07" b="G"/>
<point x="151.69" y="130.07" b="U"/>
<point x="159.04" y="130.07" b="G"/>
<point x="164.38" y="124.72" b="G"/>
<point x="164.80" y="117.17" b="A"/>
<point x="164.59" y="109.61" b="C"/>
<point x="164.38" y="102.05" b="G"/>
<point x="156.84" y="101.62" b="G"/>
<point x="152.06" y="96.13" b="A"/>
<point x="152.06" y="88.57" b="A"/>
<point x="157.05" y="83.08" b="U"/>
<point x="164.80" y="82.65" b="A"/>
<point x="164.80" y="75.09" b="A"/>
<point x="164.38" y="67.53" b="G"/>
<point x="164.59" y="59.97" b="U"/>
<point x="164.59" y="52.41" b="U"/>
<point x="164.59" y="44.85" b="C"/>
<point x="164.59" y="37.29" b="C"/>
<point x="162.42" y="30.05" b="U"/>
<point x="167.14" y="23.98" b="Y"/>
<point x="174.28" y="23.98" b="G"/>
<point x="179.01" y="30.05" b="C"/>
<point x="176.62" y="37.29" b="G"/>
<point x="176.62" y="44.85" b="G"/>
<point x="177.04" y="52.41" b="A"/>
<point x="177.04" y="59.97" b="A"/>
<point x="176.83" y="67.53" b="C"/>
<point x="176.83" y="75.09" b="U"/>
<point x="176.98" y="82.86" b="N"/>
<point x="181.54" y="88.57" b="U"/>
<point x="181.54" y="96.13" b="R"/>
<point x="176.83" y="102.05" b="U"/>
<point x="176.62" y="109.61" b="G"/>
<point x="176.83" y="117.17" b="U"/>
<point x="177.04" y="124.72" b="Y"/>
<point x="187.31" y="135.42" b="G"/>
<point x="194.88" y="135.42" b="G"/>
<point x="202.44" y="135.42" b="G"/>
<point x="210.21" y="135.42" b="U"/>
<point x="217.76" y="135.42" b="U"/>
<point x="224.31" y="132.01" b="G"/>
<point x="231.41" y="134.60" b="G"/>
<point x="234.62" y="141.54" b="U"/>
<point x="231.83" y="148.48" b="A"/>
<point x="224.72" y="151.06" b="A"/>
<point x="217.97" y="147.66" b="A"/>
<point x="210.21" y="147.66" b="R"/>
<point x="202.85" y="147.66" b="A"/>
<point x="195.09" y="147.66" b="C"/>
<point x="187.53" y="147.66" b="C"/>
<point x="182.18" y="153.00" b="C"/>
<point x="182.18" y="160.56" b="U"/>
<point x="182.18" y="168.12" b="U"/>
<point x="182.39" y="175.68" b="A"/>
<point x="182.18" y="183.24" b="U"/>
<point x="181.97" y="190.80" b="G"/>
<point x="182.39" y="198.36" b="A"/>
<point x="182.18" y="205.92" b="U"/>
<point x="187.31" y="211.27" b="G"/>
<point x="194.88" y="211.27" b="G"/>
<point x="202.65" y="211.27" b="U"/>
<point x="210.00" y="211.27" b="G"/>
<point x="217.97" y="211.27" b="A"/>
<point x="225.01" y="209.10" b="U"/>
<point x="231.07" y="213.61" b="R"/>
<point x="231.07" y="221.17" b="U"/>
<point x="225.21" y="225.68" b="A"/>
<point x="217.76" y="223.51" b="U"/>
<point x="210.21" y="223.51" b="C"/>
<point x="202.85" y="223.51" b="A"/>
<point x="195.09" y="223.51" b="C"/>
<point x="187.53" y="223.51" b="U"/>
<point x="182.39" y="228.85" b="A"/>
<point x="187.31" y="234.20" b="G"/>
<point x="195.29" y="234.20" b="A"/>
<point x="202.65" y="234.20" b="C"/>
<point x="205.28" y="227.04" b="A"/>
<point x="211.43" y="222.64" b="A"/>
<point x="218.78" y="222.64" b="U"/>
<point x="225.13" y="227.04" b="A"/>
<point x="227.56" y="234.20" b="A"/>
<point x="234.91" y="234.20" b="C"/>
<point x="242.47" y="234.20" b="C"/>
<point x="249.02" y="230.80" b="G"/>
<point x="256.12" y="233.38" b="G"/>
<point x="259.54" y="240.32" b="A"/>
<point x="256.33" y="247.26" b="U"/>
<point x="249.02" y="249.84" b="G"/>
<point x="242.26" y="246.44" b="G"/>
<point x="234.71" y="246.44" b="G"/>
<point x="227.35" y="246.44" b="U"/>
<point x="222.48" y="252.03" b="A"/>
<point x="215.21" y="254.11" b="A"/>
<point x="207.94" y="252.03" b="A"/>
<point x="202.44" y="246.44" b="G"/>
<point x="195.09" y="246.44" b="U"/>
<point x="187.53" y="246.44" b="C"/>
<point x="182.18" y="251.78" b="U"/>
<point x="182.18" y="259.35" b="U"/>
<point x="182.18" y="266.90" b="U"/>
<point x="182.39" y="274.46" b="A"/>
<point x="182.39" y="282.02" b="A"/>
<point x="182.39" y="289.58" b="A"/>
<point x="182.39" y="297.14" b="A"/>
<point x="182.18" y="304.70" b="U"/>
<point x="187.31" y="310.05" b="G"/>
<point x="195.29" y="310.05" b="A"/>
<point x="202.65" y="310.05" b="U"/>
<point x="210.21" y="310.05" b="C"/>
<point x="217.56" y="310.05" b="G"/>
<point x="225.53" y="310.05" b="A"/>
<point x="232.68" y="310.05" b="G"/>
<point x="240.24" y="310.05" b="G"/>
<point x="247.79" y="310.05" b="G"/>
<point x="255.35" y="310.05" b="G"/>
<point x="263.33" y="310.05" b="A"/>
<point x="267.39" y="303.67" b="A"/>
<point x="273.73" y="299.56" b="A"/>
<point x="281.21" y="298.46" b="A"/>
<point x="288.27" y="300.57" b="U"/>
<point x="293.99" y="305.52" b="U"/>
<point x="297.34" y="312.39" b="A"/>
<point x="297.34" y="319.95" b="A"/>
<point x="293.99" y="326.83" b="C"/>
<point x="288.27" y="331.77" b="C"/>
<point x="281.01" y="333.88" b="R"/>
<point x="273.53" y="332.78" b="U"/>
<point x="267.39" y="328.67" b="A"/>
<point x="263.12" y="322.29" b="U"/>
<point x="255.56" y="322.29" b="C"/>
<point x="248.00" y="322.29" b="C"/>
<point x="240.44" y="322.29" b="U"/>
<point x="232.88" y="322.29" b="C"/>
<point x="225.32" y="322.29" b="U"/>
<point x="217.76" y="322.29" b="C"/>
<point x="210.00" y="322.29" b="G"/>
<point x="212.54" y="329.48" b="U"/>
<point x="206.43" y="333.93" b="U"/>
<point x="200.10" y="329.48" b="G"/>
<point x="202.44" y="322.29" b="G"/>
<point x="195.09" y="322.29" b="U"/>
<point x="187.53" y="322.29" b="C"/>
<point x="182.18" y="327.64" b="U"/>
<point x="182.39" y="335.20" b="A"/>
<point x="182.39" y="342.76" b="A"/>
<point x="187.31" y="348.10" b="G"/>
<point x="195.09" y="348.10" b="C"/>
<point x="202.65" y="348.10" b="U"/>
<point x="209.54" y="345.00" b="C"/>
<point x="216.44" y="348.10" b="C"/>
<point x="224.00" y="348.10" b="C"/>
<point x="231.76" y="348.10" b="A"/>
<point x="239.12" y="348.10" b="C"/>
<point x="246.87" y="347.74" b="A"/>
<point x="250.34" y="354.22" b="G"/>
<point x="246.87" y="360.71" b="A"/>
<point x="238.91" y="360.34" b="G"/>
<point x="231.56" y="360.34" b="U"/>
<point x="223.79" y="360.34" b="G"/>
<point x="216.23" y="360.34" b="G"/>
<point x="209.54" y="363.44" b="U"/>
<point x="202.85" y="360.34" b="A"/>
<point x="194.88" y="360.34" b="G"/>
<point x="187.53" y="360.34" b="U"/>
<point x="176.62" y="371.03" b="G"/>
<point x="176.62" y="378.59" b="G"/>
<point x="176.83" y="386.15" b="U"/>
<point x="176.83" y="393.71" b="C"/>
<point x="176.83" y="401.27" b="U"/>
<point x="176.83" y="408.83" b="C"/>
<point x="179.21" y="416.07" b="A"/>
<point x="174.70" y="422.14" b="A"/>
<point x="166.72" y="422.14" b="G"/>
<point x="162.42" y="416.07" b="U"/>
<point x="164.38" y="408.83" b="G"/>
<point x="164.80" y="401.27" b="A"/>
<point x="164.38" y="393.71" b="G"/>
<point x="164.38" y="386.15" b="G"/>
<point x="164.59" y="378.59" b="C"/>
<point x="164.59" y="371.03" b="U"/>
<point x="159.25" y="365.69" b="U"/>
<point x="151.89" y="365.69" b="A"/>
<point x="144.33" y="365.69" b="A"/>
<point x="136.57" y="365.69" b="C"/>
<point x="128.80" y="365.69" b="G"/>
<point x="121.45" y="365.69" b="U"/>
<point x="114.09" y="365.69" b="A"/>
<point x="106.33" y="365.69" b="U"/>
<point x="98.56" y="365.69" b="G"/>
<point x="91.21" y="365.69" b="C"/>
<point x="83.44" y="365.69" b="G"/>
<point x="76.09" y="365.69" b="U"/>
<point x="70.53" y="371.03" b="G"/>
<point x="70.95" y="378.59" b="A"/>
<point x="70.95" y="386.15" b="A"/>
<point x="70.74" y="393.71" b="C"/>
<point x="75.63" y="399.48" b="C"/>
<point x="76.24" y="407.03" b="A"/>
<point x="71.99" y="413.29" b="A"/>
<point x="64.83" y="415.70" b="A"/>
<point x="57.25" y="413.29" b="G"/>
<point x="53.42" y="407.03" b="A"/>
<point x="53.82" y="399.48" b="A"/>
<point x="58.29" y="393.71" b="G"/>
<point x="58.50" y="386.15" b="U"/>
<point x="58.50" y="378.59" b="U"/>
<point x="58.50" y="371.03" b="C"/>
<point x="53.16" y="365.69" b="U"/>
<point x="47.81" y="371.03" b="C"/>
<point x="47.81" y="378.59" b="C"/>
<point x="50.91" y="385.49" b="U"/>
<point x="47.81" y="392.38" b="U"/>
<point x="48.02" y="399.94" b="A"/>
<point x="47.60" y="407.50" b="G"/>
<point x="53.61" y="412.59" b="A"/>
<point x="55.27" y="419.86" b="G"/>
<point x="53.41" y="427.13" b="U"/>
<point x="47.60" y="432.21" b="G"/>
<point x="47.81" y="439.77" b="U"/>
<point x="47.60" y="447.33" b="G"/>
<point x="47.81" y="454.89" b="U"/>
<point x="47.60" y="462.45" b="G"/>
<point x="47.81" y="470.01" b="U"/>
<point x="47.81" y="477.57" b="U"/>
<point x="47.60" y="485.13" b="G"/>
<point x="52.07" y="491.38" b="U"/>
<point x="51.14" y="498.88" b="U"/>
<point x="45.47" y="503.88" b="U"/>
<point x="38.12" y="503.88" b="A"/>
<point x="32.24" y="498.88" b="C"/>
<point x="31.31" y="491.38" b="C"/>
<point x="35.57" y="485.13" b="C"/>
<point x="35.78" y="477.57" b="A"/>
<point x="35.78" y="470.01" b="A"/>
<point x="35.57" y="462.45" b="C"/>
<point x="35.78" y="454.89" b="A"/>
<point x="35.57" y="447.33" b="C"/>
<point x="35.78" y="439.77" b="A"/>
<point x="35.57" y="432.21" b="C"/>
<point x="28.03" y="431.75" b="U"/>
<point x="21.87" y="427.08" b="G"/>
<point x="19.83" y="419.86" b="U"/>
<point x="22.08" y="412.64" b="C"/>
<point x="28.03" y="407.97" b="C"/>
<point x="35.57" y="407.50" b="C"/>
<point x="35.57" y="399.94" b="U"/>
<point x="35.78" y="392.38" b="A"/>
<point x="32.47" y="385.49" b="U"/>
<point x="35.36" y="378.59" b="G"/>
<point x="35.36" y="371.03" b="G"/>
<point x="30.02" y="365.69" b="G"/>
<point x="24.67" y="371.03" b="G"/>
<point x="24.67" y="378.59" b="G"/>
<point x="24.67" y="386.15" b="G"/>
<point x="24.88" y="393.71" b="C"/>
<point x="24.88" y="401.27" b="C"/>
<point x="29.35" y="407.52" b="A"/>
<point x="28.41" y="415.02" b="A"/>
<point x="22.54" y="420.02" b="C"/>
<point x="15.19" y="420.02" b="A"/>
<point x="9.31" y="415.02" b="U"/>
<point x="8.58" y="407.52" b="A"/>
<point x="12.43" y="401.27" b="G"/>
<point x="12.43" y="393.71" b="G"/>
<point x="12.64" y="386.15" b="U"/>
<point x="12.64" y="378.59" b="C"/>
<point x="12.64" y="371.03" b="C"/>
<point x="7.50" y="365.69" b="A"/>
</structure>