<structure>
<point x="19.45" y="90.97" b="C"/>
<point x="27.02" y="90.97" b="C"/>
<point x="34.78" y="90.97" b="A"/>
<point x="42.13" y="90.97" b="U"/>
<point x="49.90" y="90.97" b="A"/>
<point x="57.46" y="90.97" b="A"/>
<point x="64.81" y="90.97" b="C"/>
<point x="72.38" y="90.97" b="U"/>
<point x="80.14" y="90.97" b="A"/>
<point x="85.28" y="85.62" b="C"/>
<point x="85.07" y="78.06" b="G"/>
<point x="85.28" y="70.50" b="U"/>
<point x="85.28" y="62.94" b="C"/>
<point x="79.78" y="57.99" b="Y"/>
<point x="77.43" y="50.80" b="A"/>
<point x="78.89" y="43.43" b="C"/>
<point x="84.32" y="37.96" b="A"/>
<point x="91.40" y="35.95" b="U"/>
<point x="98.89" y="37.96" b="A"/>
<point x="104.11" y="43.43" b="A"/>
<point x="105.58" y="50.80" b="C"/>
<point x="103.23" y="57.99" b="C"/>
<point x="97.31" y="62.94" b="G"/>
<point x="97.73" y="70.50" b="A"/>
<point x="97.52" y="78.06" b="C"/>
<point x="97.31" y="85.62" b="G"/>
<point x="102.87" y="90.97" b="C"/>
<point x="110.58" y="91.18" b="N"/>
<point x="117.99" y="90.97" b="U"/>
<point x="125.75" y="90.97" b="A"/>
<point x="133.31" y="90.97" b="Y"/>
<point x="140.67" y="90.97" b="C"/>
<point x="146.01" y="85.62" b="C"/>
<point x="146.01" y="78.06" b="C"/>
<point x="146.22" y="70.50" b="A"/>
<point x="145.80" y="62.94" b="G"/>
<point x="139.37" y="59.34" b="U"/>
<point x="134.53" y="53.53" b="U"/>
<point x="132.16" y="46.35" b="U"/>
<point x="132.62" y="38.80" b="C"/>
<point x="136.03" y="31.96" b="A"/>
<point x="141.32" y="26.77" b="U"/>
<point x="148.56" y="23.98" b="A"/>
<point x="155.70" y="23.98" b="G"/>
<point x="162.94" y="26.77" b="U"/>
<point x="168.65" y="31.96" b="A"/>
<point x="171.65" y="38.80" b="U"/>
<point x="172.10" y="46.35" b="U"/>
<point x="169.74" y="53.53" b="U"/>
<point x="164.90" y="59.34" b="U"/>
<point x="158.25" y="62.94" b="C"/>
<point x="158.25" y="70.50" b="U"/>
<point x="158.04" y="78.06" b="G"/>
<point x="158.04" y="85.62" b="G"/>
</structure>