<structure>
<point x="24.60" y="209.72" b="N"/>
<point x="24.45" y="201.96" b="R"/>
<point x="24.24" y="194.40" b="G"/>
<point x="24.45" y="186.84" b="U"/>
<point x="24.45" y="179.28" b="C"/>
<point x="24.45" y="171.72" b="C"/>
<point x="24.66" y="164.16" b="A"/>
<point x="24.45" y="156.60" b="U"/>
<point x="17.58" y="153.45" b="C"/>
<point x="12.07" y="148.27" b="C"/>
<point x="8.52" y="141.60" b="U"/>
<point x="7.50" y="134.14" b="A"/>
<point x="8.73" y="126.68" b="A"/>
<point x="12.07" y="120.00" b="U"/>
<point x="17.78" y="114.82" b="Y"/>
<point x="24.45" y="111.67" b="C"/>
<point x="24.45" y="104.11" b="C"/>
<point x="24.45" y="96.56" b="U"/>
<point x="24.24" y="89.00" b="G"/>
<point x="21.35" y="82.10" b="C"/>
<point x="24.66" y="75.20" b="Y"/>
<point x="24.24" y="67.64" b="G"/>
<point x="24.24" y="60.08" b="G"/>
<point x="21.56" y="53.19" b="Y"/>
<point x="24.45" y="46.29" b="C"/>
<point x="24.45" y="38.73" b="R"/>
<point x="24.45" y="31.17" b="R"/>
<point x="27.00" y="23.98" b="Y"/>
<point x="34.50" y="24.19" b="N"/>
<point x="36.90" y="31.17" b="Y"/>
<point x="43.39" y="35.16" b="N"/>
<point x="36.69" y="38.73" b="U"/>
<point x="36.48" y="46.29" b="G"/>
<point x="43.58" y="49.41" b="R"/>
<point x="43.79" y="56.97" b="Y"/>
<point x="36.69" y="60.08" b="C"/>
<point x="36.69" y="67.64" b="U"/>
<point x="36.48" y="75.20" b="G"/>
<point x="39.79" y="82.10" b="C"/>
<point x="36.69" y="89.00" b="C"/>
<point x="36.90" y="96.56" b="A"/>
<point x="36.48" y="104.11" b="G"/>
<point x="36.48" y="111.67" b="G"/>
<point x="44.28" y="113.32" b="Y"/>
<point x="50.49" y="117.32" b="U"/>
<point x="55.21" y="123.22" b="U"/>
<point x="57.72" y="130.36" b="C"/>
<point x="57.51" y="137.92" b="G"/>
<point x="55.21" y="145.05" b="C"/>
<point x="50.49" y="150.95" b="U"/>
<point x="44.07" y="154.95" b="U"/>
<point x="36.48" y="156.60" b="G"/>
<point x="36.69" y="164.16" b="U"/>
<point x="36.48" y="171.72" b="G"/>
<point x="36.48" y="179.28" b="G"/>
<point x="36.90" y="186.84" b="A"/>
<point x="36.69" y="194.40" b="C"/>
<point x="36.69" y="201.96" b="C"/>
<point x="36.90" y="209.52" b="A"/>
<point x="41.83" y="214.86" b="G"/>
<point x="49.81" y="214.86" b="A"/>
<point x="56.95" y="214.86" b="G"/>
<point x="64.72" y="214.86" b="C"/>
<point x="72.49" y="214.86" b="A"/>
<point x="80.05" y="214.86" b="Y"/>
<point x="87.61" y="214.86" b="Y"/>
<point x="92.74" y="209.52" b="C"/>
<point x="92.74" y="201.96" b="U"/>
<point x="92.74" y="194.40" b="R"/>
<point x="92.53" y="186.84" b="G"/>
<point x="92.95" y="179.28" b="A"/>
<point x="92.95" y="171.72" b="A"/>
<point x="92.53" y="164.16" b="G"/>
<point x="85.20" y="164.56" b="C"/>
<point x="77.99" y="163.09" b="Y"/>
<point x="71.17" y="159.83" b="Y"/>
<point x="65.36" y="154.98" b="Y"/>
<point x="60.89" y="149.06" b="N"/>
<point x="57.97" y="141.82" b="C"/>
<point x="57.02" y="134.32" b="C"/>
<point x="58.12" y="127.02" b="N"/>
<point x="60.53" y="119.78" b="G"/>
<point x="65.31" y="113.86" b="N"/>
<point x="70.96" y="108.80" b="R"/>
<point x="77.78" y="105.54" b="R"/>
<point x="85.35" y="104.28" b="N"/>
<point x="92.74" y="104.47" b="R"/>
<point x="92.95" y="96.91" b="Y"/>
<point x="92.53" y="89.35" b="G"/>
<point x="92.74" y="81.79" b="R"/>
<point x="92.53" y="74.23" b="G"/>
<point x="92.74" y="66.67" b="C"/>
<point x="86.37" y="63.06" b="N"/>
<point x="81.86" y="56.99" b="N"/>
<point x="80.08" y="49.65" b="N"/>
<point x="81.32" y="42.19" b="N"/>
<point x="85.44" y="35.60" b="Y"/>
<point x="91.66" y="31.31" b="Y"/>
<point x="99.02" y="30.01" b="N"/>
<point x="106.48" y="31.31" b="Y"/>
<point x="112.65" y="35.81" b="N"/>
<point x="116.35" y="41.98" b="G"/>
<point x="117.80" y="49.44" b="U"/>
<point x="116.02" y="56.79" b="R"/>
<point x="111.51" y="62.85" b="R"/>
<point x="104.78" y="66.67" b="G"/>
<point x="104.98" y="74.23" b="C"/>
<point x="104.98" y="81.79" b="U"/>
<point x="105.19" y="89.35" b="Y"/>
<point x="104.98" y="96.91" b="R"/>
<point x="105.19" y="104.47" b="Y"/>
<point x="111.94" y="106.90" b="G"/>
<point x="118.64" y="111.22" b="N"/>
<point x="123.62" y="116.56" b="C"/>
<point x="127.23" y="123.21" b="R"/>
<point x="129.24" y="130.74" b="N"/>
<point x="129.09" y="138.10" b="R"/>
<point x="127.02" y="145.42" b="G"/>
<point x="123.62" y="152.07" b="R"/>
<point x="118.69" y="157.62" b="Y"/>
<point x="112.14" y="161.73" b="R"/>
<point x="104.98" y="164.16" b="C"/>
<point x="104.98" y="171.72" b="U"/>
<point x="104.98" y="179.28" b="U"/>
<point x="104.98" y="186.84" b="C"/>
<point x="104.98" y="194.40" b="U"/>
<point x="104.98" y="201.96" b="R"/>
<point x="104.98" y="209.52" b="R"/>
<point x="110.54" y="214.86" b="A"/>
<point x="117.89" y="214.86" b="C"/>
<point x="125.66" y="214.86" b="A"/>
<point x="133.22" y="214.86" b="Y"/>
<point x="140.72" y="215.07" b="N"/>
<point x="148.13" y="214.86" b="C"/>
</structure>