<structure>
<point x="19.66" y="23.98" b="Y"/>
<point x="27.02" y="23.98" b="U"/>
<point x="34.73" y="24.19" b="N"/>
<point x="42.28" y="24.19" b="N"/>
<point x="49.84" y="24.19" b="N"/>
<point x="57.46" y="23.98" b="A"/>
<point x="64.81" y="23.98" b="U"/>
<point x="72.17" y="23.98" b="G"/>
<point x="80.14" y="23.98" b="A"/>
<point x="87.50" y="23.98" b="U"/>
<point x="94.84" y="23.98" b="G"/>
<point x="102.82" y="23.98" b="A"/>
<point x="110.33" y="24.19" b="N"/>
<point x="117.94" y="23.98" b="A"/>
<point x="125.45" y="24.19" b="N"/>
<point x="133.00" y="24.19" b="N"/>
<point x="140.56" y="24.19" b="N"/>
<point x="148.12" y="24.19" b="N"/>
<point x="155.69" y="24.19" b="N"/>
<point x="163.25" y="24.19" b="N"/>
<point x="170.80" y="24.19" b="N"/>
<point x="178.42" y="23.98" b="Y"/>
<point x="185.92" y="24.19" b="N"/>
<point x="193.54" y="23.98" b="Y"/>
<point x="200.90" y="23.98" b="U"/>
<point x="208.46" y="23.98" b="C"/>
<point x="216.22" y="23.98" b="A"/>
<point x="223.37" y="23.98" b="G"/>
<point x="231.13" y="23.98" b="U"/>
<point x="238.69" y="23.98" b="U"/>
<point x="246.25" y="23.98" b="C"/>
<point x="253.81" y="23.98" b="U"/>
<point x="261.17" y="23.98" b="G"/>
<point x="268.94" y="23.98" b="C"/>
<point x="276.50" y="23.98" b="U"/>
<point x="284.20" y="24.19" b="N"/>
<point x="291.62" y="23.98" b="C"/>
<point x="299.18" y="23.98" b="U"/>
<point x="306.52" y="23.98" b="G"/>
<point x="314.50" y="23.98" b="A"/>
<point x="322.06" y="23.98" b="A"/>
<point x="329.56" y="24.19" b="N"/>
<point x="337.12" y="24.19" b="N"/>
<point x="344.69" y="24.19" b="N"/>
<point x="352.25" y="24.19" b="N"/>
<point x="359.81" y="24.19" b="N"/>
<point x="367.37" y="24.19" b="N"/>
<point x="374.93" y="24.19" b="N"/>
<point x="382.49" y="24.19" b="N"/>
<point x="389.69" y="23.98" b="G"/>
<point x="397.66" y="23.98" b="A"/>
<point x="405.16" y="24.19" b="N"/>
<point x="412.37" y="23.98" b="G"/>
<point x="420.34" y="23.98" b="A"/>
<point x="427.90" y="23.98" b="Y"/>
<point x="435.46" y="23.98" b="A"/>
<point x="442.81" y="23.98" b="R"/>
<point x="450.38" y="23.98" b="C"/>
<point x="458.08" y="24.19" b="N"/>
<point x="465.64" y="24.19" b="N"/>
<point x="473.20" y="24.19" b="N"/>
<point x="480.76" y="24.19" b="N"/>
<point x="488.32" y="24.19" b="N"/>
<point x="495.74" y="23.98" b="U"/>
<point x="503.50" y="23.98" b="A"/>
<point x="510.86" y="23.98" b="C"/>
<point x="518.41" y="23.98" b="C"/>
<point x="526.18" y="23.98" b="A"/>
<point x="533.74" y="23.98" b="A"/>
<point x="541.10" y="23.98" b="R"/>
<point x="548.80" y="24.19" b="N"/>
<point x="556.37" y="24.19" b="N"/>
<point x="563.92" y="24.19" b="N"/>
<point x="571.49" y="24.19" b="N"/>
<point x="579.04" y="24.19" b="N"/>
<point x="586.61" y="24.19" b="N"/>
<point x="594.16" y="24.19" b="N"/>
<point x="601.78" y="23.98" b="Y"/>
<point x="609.13" y="23.98" b="C"/>
<point x="616.70" y="23.98" b="U"/>
<point x="624.04" y="23.98" b="G"/>
<point x="632.02" y="23.98" b="A"/>
<point x="639.52" y="24.19" b="N"/>
<point x="647.09" y="24.19" b="N"/>
<point x="654.64" y="24.19" b="N"/>
</structure>