<structure>
<point x="89.99" y="246.35" b="Y"/>
<point x="89.93" y="239.00" b="N"/>
<point x="89.93" y="231.44" b="N"/>
<point x="89.99" y="223.67" b="A"/>
<point x="89.78" y="216.11" b="R"/>
<point x="89.93" y="208.75" b="N"/>
<point x="89.93" y="201.19" b="N"/>
<point x="82.42" y="200.35" b="N"/>
<point x="74.86" y="198.66" b="R"/>
<point x="67.60" y="196.56" b="U"/>
<point x="60.33" y="193.84" b="G"/>
<point x="53.95" y="190.53" b="A"/>
<point x="47.26" y="186.65" b="U"/>
<point x="40.91" y="182.23" b="G"/>
<point x="35.53" y="177.52" b="N"/>
<point x="30.29" y="171.92" b="A"/>
<point x="25.42" y="166.30" b="N"/>
<point x="21.12" y="160.08" b="N"/>
<point x="17.41" y="153.31" b="Y"/>
<point x="14.17" y="146.66" b="N"/>
<point x="11.59" y="139.56" b="N"/>
<point x="9.67" y="132.06" b="Y"/>
<point x="8.27" y="124.83" b="N"/>
<point x="7.62" y="117.09" b="Y"/>
<point x="7.50" y="109.74" b="N"/>
<point x="8.08" y="102.20" b="N"/>
<point x="9.16" y="94.53" b="U"/>
<point x="11.01" y="87.20" b="U"/>
<point x="13.64" y="80.27" b="N"/>
<point x="16.56" y="73.15" b="R"/>
<point x="20.42" y="66.53" b="Y"/>
<point x="24.62" y="60.25" b="Y"/>
<point x="28.92" y="54.34" b="G"/>
<point x="34.55" y="48.86" b="A"/>
<point x="40.15" y="44.06" b="N"/>
<point x="46.06" y="39.33" b="U"/>
<point x="52.64" y="35.56" b="N"/>
<point x="59.38" y="32.14" b="N"/>
<point x="66.39" y="29.31" b="N"/>
<point x="73.46" y="26.87" b="C"/>
<point x="81.00" y="25.48" b="N"/>
<point x="88.50" y="24.51" b="N"/>
<point x="95.90" y="23.98" b="U"/>
<point x="103.25" y="24.31" b="G"/>
<point x="111.16" y="25.27" b="A"/>
<point x="118.55" y="26.87" b="Y"/>
<point x="125.72" y="29.31" b="N"/>
<point x="132.78" y="31.93" b="A"/>
<point x="139.32" y="35.35" b="U"/>
<point x="145.90" y="39.54" b="N"/>
<point x="151.96" y="44.06" b="N"/>
<point x="157.67" y="48.86" b="Y"/>
<point x="162.68" y="54.34" b="R"/>
<point x="167.55" y="60.46" b="N"/>
<point x="171.81" y="66.53" b="Y"/>
<point x="175.40" y="73.36" b="N"/>
<point x="178.47" y="80.27" b="N"/>
<point x="181.00" y="87.20" b="A"/>
<point x="182.65" y="94.53" b="R"/>
<point x="184.08" y="101.99" b="A"/>
<point x="184.46" y="109.53" b="U"/>
<point x="184.60" y="117.09" b="Y"/>
<point x="183.90" y="124.62" b="A"/>
<point x="182.35" y="132.06" b="C"/>
<point x="180.37" y="139.35" b="C"/>
<point x="177.99" y="146.46" b="A"/>
<point x="174.60" y="153.31" b="U"/>
<point x="170.84" y="159.87" b="C"/>
<point x="166.54" y="166.09" b="U"/>
<point x="161.72" y="171.92" b="U"/>
<point x="156.43" y="177.31" b="U"/>
<point x="150.69" y="182.23" b="C"/>
<point x="144.34" y="186.65" b="G"/>
<point x="138.06" y="190.53" b="R"/>
<point x="131.26" y="193.84" b="C"/>
<point x="124.21" y="196.56" b="U"/>
<point x="116.74" y="198.66" b="G"/>
<point x="109.74" y="200.14" b="A"/>
<point x="102.17" y="201.19" b="N"/>
<point x="102.17" y="208.75" b="N"/>
<point x="102.23" y="216.11" b="Y"/>
<point x="102.02" y="223.67" b="U"/>
<point x="102.17" y="231.44" b="N"/>
<point x="102.17" y="239.00" b="N"/>
<point x="102.17" y="246.56" b="N"/>
</structure>