<structure>
<point x="78.22" y="238.97" b="N"/>
<point x="85.78" y="238.97" b="N"/>
<point x="91.18" y="233.42" b="Y"/>
<point x="90.77" y="225.86" b="G"/>
<point x="90.77" y="218.30" b="G"/>
<point x="90.98" y="210.74" b="C"/>
<point x="91.18" y="203.18" b="A"/>
<point x="83.46" y="202.35" b="R"/>
<point x="76.04" y="200.89" b="R"/>
<point x="68.78" y="198.81" b="U"/>
<point x="61.50" y="196.12" b="G"/>
<point x="55.10" y="192.86" b="A"/>
<point x="48.37" y="189.03" b="U"/>
<point x="41.99" y="184.66" b="G"/>
<point x="36.57" y="180.00" b="N"/>
<point x="31.06" y="174.45" b="R"/>
<point x="26.33" y="168.89" b="N"/>
<point x="21.95" y="162.73" b="N"/>
<point x="18.10" y="156.23" b="N"/>
<point x="14.66" y="149.21" b="R"/>
<point x="12.10" y="142.36" b="N"/>
<point x="10.06" y="134.89" b="Y"/>
<point x="8.57" y="127.48" b="Y"/>
<point x="7.51" y="119.97" b="U"/>
<point x="7.50" y="112.41" b="Y"/>
<point x="7.92" y="104.86" b="A"/>
<point x="8.97" y="97.37" b="Y"/>
<point x="10.64" y="90.00" b="Y"/>
<point x="12.93" y="82.80" b="Y"/>
<point x="15.61" y="75.81" b="U"/>
<point x="19.29" y="69.09" b="A"/>
<point x="23.25" y="62.89" b="N"/>
<point x="27.85" y="56.64" b="A"/>
<point x="32.67" y="51.00" b="C"/>
<point x="38.37" y="45.81" b="A"/>
<point x="44.07" y="41.09" b="C"/>
<point x="50.36" y="36.89" b="U"/>
<point x="56.76" y="33.23" b="G"/>
<point x="64.02" y="30.35" b="N"/>
<point x="71.22" y="27.64" b="A"/>
<point x="78.48" y="25.96" b="N"/>
<point x="85.93" y="24.69" b="N"/>
<point x="93.47" y="24.06" b="N"/>
<point x="101.03" y="24.06" b="N"/>
<point x="108.56" y="24.69" b="N"/>
<point x="116.01" y="25.96" b="N"/>
<point x="123.33" y="27.85" b="N"/>
<point x="130.47" y="30.35" b="N"/>
<point x="137.01" y="33.23" b="G"/>
<point x="143.83" y="36.89" b="U"/>
<point x="149.91" y="41.09" b="G"/>
<point x="156.03" y="45.81" b="U"/>
<point x="161.67" y="51.21" b="N"/>
<point x="166.34" y="56.64" b="G"/>
<point x="171.30" y="62.69" b="A"/>
<point x="175.11" y="69.09" b="C"/>
<point x="178.73" y="76.02" b="N"/>
<point x="181.67" y="82.80" b="A"/>
<point x="183.91" y="90.21" b="N"/>
<point x="185.64" y="97.37" b="Y"/>
<point x="186.69" y="104.86" b="A"/>
<point x="187.05" y="112.62" b="N"/>
<point x="186.68" y="119.97" b="C"/>
<point x="185.82" y="127.48" b="U"/>
<point x="184.34" y="134.89" b="C"/>
<point x="182.24" y="142.15" b="C"/>
<point x="179.32" y="149.21" b="G"/>
<point x="176.25" y="156.02" b="C"/>
<point x="172.40" y="162.53" b="U"/>
<point x="168.01" y="168.69" b="U"/>
<point x="163.33" y="174.45" b="A"/>
<point x="157.77" y="179.79" b="U"/>
<point x="151.99" y="184.66" b="U"/>
<point x="146.02" y="189.03" b="A"/>
<point x="139.30" y="192.86" b="U"/>
<point x="132.48" y="196.12" b="C"/>
<point x="125.42" y="198.81" b="U"/>
<point x="117.94" y="200.89" b="G"/>
<point x="110.94" y="202.35" b="A"/>
<point x="103.22" y="203.18" b="U"/>
<point x="103.01" y="210.74" b="G"/>
<point x="103.22" y="218.30" b="C"/>
<point x="103.22" y="225.86" b="C"/>
<point x="103.37" y="233.63" b="N"/>
<point x="108.77" y="238.77" b="Y"/>
<point x="116.27" y="238.97" b="N"/>
</structure>