<structure>
<point x="19.45" y="424.60" b="U"/>
<point x="27.16" y="424.81" b="N"/>
<point x="34.73" y="424.81" b="N"/>
<point x="42.28" y="424.81" b="N"/>
<point x="49.90" y="424.60" b="Y"/>
<point x="57.26" y="424.60" b="U"/>
<point x="64.81" y="424.60" b="U"/>
<point x="72.17" y="424.60" b="G"/>
<point x="80.14" y="424.60" b="A"/>
<point x="87.28" y="424.60" b="G"/>
<point x="95.06" y="424.60" b="R"/>
<point x="102.61" y="424.60" b="R"/>
<point x="110.33" y="424.81" b="N"/>
<point x="117.89" y="424.81" b="N"/>
<point x="125.45" y="424.81" b="N"/>
<point x="133.06" y="424.60" b="Y"/>
<point x="140.56" y="424.81" b="N"/>
<point x="147.97" y="424.60" b="R"/>
<point x="155.32" y="424.60" b="G"/>
<point x="163.25" y="424.81" b="N"/>
<point x="170.86" y="424.60" b="Y"/>
<point x="178.36" y="424.81" b="N"/>
<point x="185.78" y="424.60" b="U"/>
<point x="193.34" y="424.60" b="U"/>
<point x="200.90" y="424.60" b="R"/>
<point x="208.46" y="424.60" b="U"/>
<point x="216.01" y="424.60" b="C"/>
<point x="223.57" y="424.60" b="U"/>
<point x="231.28" y="424.81" b="N"/>
<point x="238.49" y="424.60" b="G"/>
<point x="246.46" y="424.60" b="A"/>
<point x="253.81" y="424.60" b="C"/>
<point x="261.52" y="424.81" b="N"/>
<point x="269.14" y="424.60" b="A"/>
<point x="276.50" y="424.60" b="R"/>
<point x="284.20" y="424.81" b="N"/>
<point x="291.62" y="424.60" b="C"/>
<point x="299.38" y="424.60" b="A"/>
<point x="306.94" y="424.60" b="A"/>
<point x="314.08" y="424.60" b="G"/>
<point x="321.86" y="424.60" b="C"/>
<point x="329.42" y="424.60" b="U"/>
<point x="336.98" y="424.60" b="C"/>
<point x="344.54" y="424.60" b="U"/>
<point x="349.67" y="419.26" b="G"/>
<point x="349.67" y="411.70" b="G"/>
<point x="350.09" y="404.14" b="A"/>
<point x="349.88" y="396.58" b="R"/>
<point x="350.09" y="389.02" b="A"/>
<point x="342.30" y="387.36" b="G"/>
<point x="335.51" y="384.49" b="C"/>
<point x="329.31" y="380.48" b="A"/>
<point x="323.66" y="375.45" b="A"/>
<point x="318.94" y="369.55" b="Y"/>
<point x="314.86" y="362.94" b="G"/>
<point x="312.77" y="355.80" b="Y"/>
<point x="311.50" y="348.35" b="Y"/>
<point x="311.08" y="340.79" b="G"/>
<point x="312.77" y="333.34" b="A"/>
<point x="315.07" y="326.20" b="R"/>
<point x="318.73" y="319.59" b="U"/>
<point x="323.45" y="313.69" b="C"/>
<point x="329.31" y="308.66" b="Y"/>
<point x="335.51" y="304.66" b="C"/>
<point x="342.50" y="301.78" b="U"/>
<point x="349.67" y="300.12" b="G"/>
<point x="350.09" y="292.56" b="A"/>
<point x="349.67" y="285.00" b="G"/>
<point x="350.09" y="277.44" b="A"/>
<point x="350.09" y="269.88" b="A"/>
<point x="349.67" y="262.32" b="G"/>
<point x="350.09" y="254.76" b="A"/>
<point x="349.67" y="247.21" b="G"/>
<point x="349.88" y="239.65" b="R"/>
<point x="349.67" y="232.09" b="G"/>
<point x="350.09" y="224.53" b="A"/>
<point x="349.67" y="216.97" b="G"/>
<point x="346.78" y="210.07" b="C"/>
<point x="350.09" y="203.17" b="A"/>
<point x="349.88" y="195.61" b="U"/>
<point x="349.67" y="188.05" b="G"/>
<point x="349.67" y="180.49" b="G"/>
<point x="349.67" y="172.93" b="G"/>
<point x="349.67" y="165.37" b="G"/>
<point x="350.09" y="157.81" b="Y"/>
<point x="349.67" y="150.25" b="G"/>
<point x="343.33" y="146.47" b="U"/>
<point x="349.67" y="142.69" b="G"/>
<point x="349.88" y="135.13" b="C"/>
<point x="349.88" y="127.57" b="U"/>
<point x="344.96" y="121.66" b="G"/>
<point x="345.38" y="114.10" b="A"/>
<point x="349.88" y="108.18" b="U"/>
<point x="349.88" y="100.62" b="U"/>
<point x="349.88" y="93.06" b="U"/>
<point x="342.83" y="90.93" b="A"/>
<point x="336.21" y="87.29" b="A"/>
<point x="330.53" y="82.30" b="A"/>
<point x="326.06" y="76.20" b="A"/>
<point x="323.01" y="69.28" b="A"/>
<point x="321.33" y="61.87" b="C"/>
<point x="314.00" y="61.20" b="A"/>
<point x="306.06" y="60.53" b="G"/>
<point x="298.94" y="59.86" b="A"/>
<point x="297.98" y="67.36" b="A"/>
<point x="291.08" y="70.46" b="A"/>
<point x="284.84" y="66.20" b="A"/>
<point x="285.00" y="58.65" b="U"/>
<point x="277.26" y="57.98" b="G"/>
<point x="269.94" y="57.31" b="C"/>
<point x="273.33" y="64.17" b="A"/>
<point x="268.99" y="70.36" b="A"/>
<point x="261.46" y="69.69" b="A"/>
<point x="257.86" y="62.83" b="G"/>
<point x="262.41" y="56.65" b="U"/>
<point x="254.88" y="55.98" b="U"/>
<point x="247.14" y="55.31" b="G"/>
<point x="239.61" y="54.64" b="G"/>
<point x="232.49" y="53.98" b="A"/>
<point x="228.57" y="60.56" b="C"/>
<point x="221.04" y="59.90" b="U"/>
<point x="218.34" y="52.76" b="G"/>
<point x="211.22" y="52.09" b="A"/>
<point x="206.62" y="58.09" b="A"/>
<point x="199.94" y="61.62" b="A"/>
<point x="192.39" y="62.06" b="A"/>
<point x="185.14" y="59.31" b="U"/>
<point x="180.08" y="53.89" b="A"/>
<point x="177.35" y="46.76" b="U"/>
<point x="178.02" y="39.23" b="C"/>
<point x="181.76" y="32.66" b="C"/>
<point x="188.10" y="28.24" b="Y"/>
<point x="195.46" y="26.99" b="N"/>
<point x="202.81" y="28.74" b="N"/>
<point x="208.41" y="33.19" b="G"/>
<point x="212.10" y="39.90" b="U"/>
<point x="219.63" y="40.57" b="C"/>
<point x="226.77" y="38.09" b="U"/>
<point x="233.37" y="41.78" b="U"/>
<point x="240.90" y="42.45" b="C"/>
<point x="248.63" y="43.12" b="Y"/>
<point x="256.16" y="43.79" b="A"/>
<point x="263.69" y="44.45" b="A"/>
<point x="270.81" y="45.12" b="G"/>
<point x="278.55" y="45.79" b="C"/>
<point x="286.29" y="46.45" b="A"/>
<point x="293.43" y="43.98" b="A"/>
<point x="299.82" y="47.67" b="U"/>
<point x="307.35" y="48.34" b="C"/>
<point x="314.88" y="49.01" b="U"/>
<point x="322.20" y="49.67" b="G"/>
<point x="325.17" y="42.64" b="C"/>
<point x="329.38" y="36.36" b="U"/>
<point x="334.86" y="31.14" b="U"/>
<point x="341.53" y="27.23" b="A"/>
<point x="348.69" y="24.81" b="A"/>
<point x="355.79" y="23.98" b="G"/>
<point x="363.31" y="24.81" b="G"/>
<point x="370.83" y="27.44" b="N"/>
<point x="377.14" y="31.14" b="U"/>
<point x="382.62" y="36.36" b="U"/>
<point x="386.83" y="42.64" b="C"/>
<point x="389.59" y="49.67" b="C"/>
<point x="390.98" y="57.14" b="A"/>
<point x="390.51" y="64.69" b="A"/>
<point x="388.43" y="71.95" b="A"/>
<point x="384.62" y="78.60" b="C"/>
<point x="389.99" y="83.93" b="U"/>
<point x="395.35" y="89.26" b="U"/>
<point x="400.92" y="94.59" b="A"/>
<point x="406.08" y="99.91" b="C"/>
<point x="411.44" y="105.24" b="C"/>
<point x="418.98" y="105.84" b="U"/>
<point x="424.62" y="110.87" b="U"/>
<point x="426.27" y="118.30" b="A"/>
<point x="422.93" y="125.08" b="A"/>
<point x="415.96" y="128.46" b="U"/>
<point x="408.53" y="127.06" b="U"/>
<point x="403.46" y="121.46" b="U"/>
<point x="402.60" y="113.93" b="G"/>
<point x="397.24" y="108.60" b="G"/>
<point x="392.09" y="103.27" b="U"/>
<point x="386.72" y="97.94" b="R"/>
<point x="381.57" y="92.61" b="A"/>
<point x="375.79" y="87.29" b="G"/>
<point x="369.58" y="90.93" b="A"/>
<point x="362.33" y="93.06" b="A"/>
<point x="362.33" y="100.62" b="A"/>
<point x="362.33" y="108.18" b="A"/>
<point x="366.98" y="114.31" b="N"/>
<point x="367.03" y="121.66" b="A"/>
<point x="362.33" y="127.57" b="A"/>
<point x="361.91" y="135.13" b="G"/>
<point x="362.12" y="142.69" b="C"/>
<point x="362.12" y="150.25" b="U"/>
<point x="361.91" y="157.81" b="G"/>
<point x="362.12" y="165.37" b="C"/>
<point x="362.12" y="172.93" b="C"/>
<point x="362.12" y="180.49" b="C"/>
<point x="362.12" y="188.05" b="U"/>
<point x="362.33" y="195.61" b="A"/>
<point x="362.12" y="203.17" b="U"/>
<point x="369.01" y="206.29" b="U"/>
<point x="369.01" y="213.85" b="U"/>
<point x="362.12" y="216.97" b="U"/>
<point x="362.12" y="224.53" b="U"/>
<point x="362.12" y="232.09" b="C"/>
<point x="362.12" y="239.65" b="U"/>
<point x="362.12" y="247.21" b="U"/>
<point x="362.12" y="254.76" b="U"/>
<point x="362.12" y="262.32" b="C"/>
<point x="362.12" y="269.88" b="U"/>
<point x="362.12" y="277.44" b="U"/>
<point x="362.12" y="285.00" b="C"/>
<point x="362.12" y="292.56" b="U"/>
<point x="362.12" y="300.12" b="U"/>
<point x="369.50" y="298.49" b="C"/>
<point x="377.05" y="298.06" b="U"/>
<point x="384.77" y="298.87" b="Y"/>
<point x="392.06" y="300.88" b="Y"/>
<point x="398.72" y="304.05" b="U"/>
<point x="405.19" y="308.28" b="A"/>
<point x="410.47" y="313.48" b="C"/>
<point x="415.26" y="319.49" b="A"/>
<point x="418.80" y="326.17" b="A"/>
<point x="421.01" y="333.33" b="C"/>
<point x="422.24" y="340.79" b="U"/>
<point x="422.03" y="348.35" b="G"/>
<point x="420.80" y="355.81" b="G"/>
<point x="418.80" y="362.98" b="A"/>
<point x="415.26" y="369.65" b="A"/>
<point x="410.47" y="375.67" b="C"/>
<point x="404.98" y="380.86" b="C"/>
<point x="398.93" y="385.10" b="A"/>
<point x="391.64" y="388.26" b="G"/>
<point x="384.57" y="390.28" b="C"/>
<point x="377.05" y="391.08" b="C"/>
<point x="369.71" y="390.66" b="A"/>
<point x="362.12" y="389.02" b="U"/>
<point x="362.12" y="396.58" b="U"/>
<point x="362.12" y="404.14" b="U"/>
<point x="362.12" y="411.70" b="C"/>
<point x="362.12" y="419.26" b="C"/>
<point x="367.62" y="424.81" b="N"/>
<point x="375.18" y="424.81" b="N"/>
<point x="382.79" y="424.60" b="A"/>
<point x="390.35" y="424.60" b="A"/>
<point x="397.91" y="424.60" b="A"/>
<point x="405.27" y="424.60" b="C"/>
<point x="412.83" y="424.60" b="C"/>
<point x="420.59" y="424.60" b="A"/>
<point x="427.95" y="424.60" b="C"/>
<point x="435.51" y="424.60" b="C"/>
<point x="443.27" y="424.60" b="A"/>
<point x="450.63" y="424.60" b="C"/>
<point x="458.19" y="424.60" b="C"/>
<point x="465.95" y="424.60" b="A"/>
<point x="473.31" y="424.60" b="U"/>
<point x="480.66" y="424.60" b="G"/>
</structure>