<structure>
<point x="19.45" y="167.66" b="R"/>
<point x="27.16" y="167.87" b="N"/>
<point x="34.78" y="167.66" b="A"/>
<point x="41.92" y="167.66" b="G"/>
<point x="49.90" y="167.66" b="A"/>
<point x="55.04" y="162.31" b="C"/>
<point x="55.25" y="154.75" b="A"/>
<point x="55.04" y="147.19" b="U"/>
<point x="55.04" y="139.63" b="U"/>
<point x="55.04" y="132.07" b="U"/>
<point x="55.04" y="124.51" b="C"/>
<point x="49.12" y="120.09" b="A"/>
<point x="45.47" y="113.36" b="C"/>
<point x="45.67" y="105.80" b="A"/>
<point x="48.91" y="99.07" b="U"/>
<point x="55.04" y="94.64" b="C"/>
<point x="55.25" y="87.08" b="A"/>
<point x="55.04" y="79.52" b="U"/>
<point x="55.04" y="71.96" b="U"/>
<point x="55.04" y="64.40" b="C"/>
<point x="54.83" y="56.84" b="G"/>
<point x="55.04" y="49.28" b="C"/>
<point x="50.15" y="43.52" b="C"/>
<point x="49.75" y="35.97" b="R"/>
<point x="53.79" y="29.71" b="G"/>
<point x="60.95" y="27.30" b="G"/>
<point x="68.53" y="29.71" b="A"/>
<point x="72.57" y="35.97" b="U"/>
<point x="72.32" y="43.72" b="N"/>
<point x="67.28" y="49.28" b="R"/>
<point x="67.28" y="56.84" b="C"/>
<point x="67.07" y="64.40" b="G"/>
<point x="74.84" y="64.40" b="C"/>
<point x="75.05" y="71.96" b="A"/>
<point x="67.49" y="71.96" b="A"/>
<point x="67.49" y="79.52" b="A"/>
<point x="67.28" y="87.08" b="U"/>
<point x="67.07" y="94.64" b="G"/>
<point x="74.80" y="93.82" b="U"/>
<point x="81.84" y="96.55" b="U"/>
<point x="86.62" y="102.23" b="G"/>
<point x="88.63" y="109.58" b="C"/>
<point x="86.83" y="116.92" b="U"/>
<point x="81.84" y="122.61" b="U"/>
<point x="74.80" y="125.34" b="U"/>
<point x="67.07" y="124.51" b="G"/>
<point x="67.49" y="132.07" b="A"/>
<point x="67.49" y="139.63" b="A"/>
<point x="67.07" y="147.19" b="G"/>
<point x="67.28" y="154.75" b="U"/>
<point x="67.07" y="162.31" b="G"/>
<point x="72.63" y="167.66" b="U"/>
<point x="80.19" y="167.66" b="U"/>
<point x="87.90" y="167.87" b="N"/>
<point x="95.46" y="167.87" b="N"/>
<point x="103.07" y="167.66" b="A"/>
<point x="110.63" y="167.66" b="A"/>
<point x="118.19" y="167.66" b="A"/>
<point x="125.55" y="167.66" b="C"/>
<point x="133.31" y="167.66" b="A"/>
<point x="140.67" y="167.66" b="U"/>
<point x="148.02" y="167.66" b="G"/>
<point x="155.79" y="167.66" b="C"/>
<point x="163.14" y="167.66" b="G"/>
<point x="171.11" y="167.66" b="A"/>
<point x="178.67" y="167.66" b="A"/>
<point x="186.03" y="167.66" b="U"/>
<point x="193.79" y="167.66" b="Y"/>
<point x="201.15" y="167.66" b="C"/>
<point x="208.91" y="167.66" b="Y"/>
<point x="216.42" y="167.87" b="N"/>
<point x="223.98" y="167.87" b="N"/>
<point x="231.54" y="167.87" b="N"/>
<point x="239.10" y="167.87" b="N"/>
<point x="246.71" y="167.66" b="Y"/>
<point x="253.86" y="167.66" b="G"/>
<point x="261.42" y="167.66" b="G"/>
<point x="269.19" y="167.66" b="U"/>
<point x="276.95" y="167.66" b="Y"/>
<point x="284.31" y="167.66" b="C"/>
<point x="292.07" y="167.66" b="A"/>
<point x="299.58" y="167.87" b="N"/>
<point x="306.99" y="167.66" b="R"/>
<point x="314.55" y="167.66" b="R"/>
<point x="322.11" y="167.66" b="C"/>
<point x="329.82" y="167.87" b="N"/>
<point x="337.43" y="167.66" b="Y"/>
<point x="344.99" y="167.66" b="Y"/>
<point x="350.28" y="162.52" b="N"/>
<point x="350.34" y="154.75" b="Y"/>
<point x="350.28" y="147.40" b="N"/>
<point x="350.28" y="139.84" b="N"/>
<point x="350.28" y="132.28" b="N"/>
<point x="350.28" y="124.72" b="N"/>
<point x="343.08" y="121.78" b="U"/>
<point x="340.29" y="115.03" b="N"/>
<point x="343.29" y="107.86" b="A"/>
<point x="349.92" y="105.12" b="G"/>
<point x="350.13" y="97.56" b="U"/>
<point x="350.13" y="90.00" b="U"/>
<point x="350.13" y="82.44" b="U"/>
<point x="350.28" y="75.09" b="N"/>
<point x="350.28" y="67.53" b="N"/>
<point x="347.18" y="60.63" b="N"/>
<point x="350.13" y="53.53" b="R"/>
<point x="350.28" y="46.18" b="N"/>
<point x="345.25" y="40.20" b="C"/>
<point x="344.84" y="32.65" b="U"/>
<point x="349.29" y="26.40" b="Y"/>
<point x="356.46" y="23.98" b="A"/>
<point x="363.57" y="26.61" b="N"/>
<point x="367.81" y="32.86" b="N"/>
<point x="367.47" y="40.20" b="Y"/>
<point x="362.52" y="46.18" b="N"/>
<point x="362.52" y="53.74" b="N"/>
<point x="365.62" y="60.63" b="N"/>
<point x="362.52" y="67.53" b="N"/>
<point x="362.52" y="75.09" b="N"/>
<point x="362.58" y="82.44" b="A"/>
<point x="362.58" y="90.00" b="A"/>
<point x="362.52" y="97.77" b="N"/>
<point x="362.58" y="105.12" b="Y"/>
<point x="367.28" y="111.04" b="Y"/>
<point x="367.28" y="118.60" b="Y"/>
<point x="362.52" y="124.72" b="N"/>
<point x="362.52" y="132.28" b="N"/>
<point x="362.52" y="139.84" b="N"/>
<point x="362.52" y="147.40" b="N"/>
<point x="362.16" y="154.75" b="G"/>
<point x="362.52" y="162.52" b="N"/>
</structure>