<structure>
<point x="19.60" y="126.27" b="N"/>
<point x="27.02" y="126.06" b="R"/>
<point x="34.78" y="126.06" b="Y"/>
<point x="42.13" y="126.06" b="R"/>
<point x="49.84" y="126.27" b="N"/>
<point x="57.26" y="126.06" b="R"/>
<point x="64.97" y="126.27" b="N"/>
<point x="72.53" y="126.27" b="N"/>
<point x="80.09" y="126.27" b="N"/>
<point x="87.65" y="126.27" b="N"/>
<point x="95.20" y="126.27" b="N"/>
<point x="102.77" y="126.27" b="N"/>
<point x="107.96" y="120.71" b="U"/>
<point x="107.75" y="113.15" b="G"/>
<point x="107.96" y="105.59" b="U"/>
<point x="108.17" y="98.03" b="A"/>
<point x="101.12" y="95.30" b="A"/>
<point x="97.76" y="88.34" b="G"/>
<point x="100.91" y="81.37" b="U"/>
<point x="107.96" y="78.64" b="C"/>
<point x="107.75" y="71.08" b="G"/>
<point x="107.96" y="63.52" b="C"/>
<point x="107.96" y="55.96" b="U"/>
<point x="108.17" y="48.40" b="Y"/>
<point x="107.96" y="40.84" b="U"/>
<point x="104.35" y="34.09" b="G"/>
<point x="106.93" y="26.98" b="G"/>
<point x="114.29" y="23.98" b="A"/>
<point x="121.02" y="26.98" b="U"/>
<point x="123.81" y="34.09" b="A"/>
<point x="120.41" y="40.84" b="A"/>
<point x="120.20" y="48.40" b="R"/>
<point x="120.41" y="55.96" b="A"/>
<point x="119.99" y="63.52" b="G"/>
<point x="120.20" y="71.08" b="C"/>
<point x="119.99" y="78.64" b="G"/>
<point x="124.91" y="84.56" b="U"/>
<point x="124.91" y="92.12" b="C"/>
<point x="120.20" y="98.03" b="U"/>
<point x="119.99" y="105.59" b="G"/>
<point x="120.20" y="113.15" b="C"/>
<point x="126.75" y="116.93" b="U"/>
<point x="120.41" y="120.71" b="A"/>
<point x="125.75" y="126.06" b="A"/>
<point x="133.31" y="126.06" b="A"/>
<point x="140.67" y="126.06" b="U"/>
<point x="148.02" y="126.06" b="G"/>
<point x="155.79" y="126.06" b="R"/>
<point x="163.35" y="126.06" b="C"/>
<point x="171.06" y="126.27" b="N"/>
<point x="178.62" y="126.27" b="N"/>
<point x="186.18" y="126.27" b="N"/>
<point x="193.74" y="126.27" b="N"/>
<point x="201.30" y="126.27" b="N"/>
</structure>