<structure>
<point x="19.60" y="57.96" b="N"/>
<point x="27.02" y="57.76" b="R"/>
<point x="34.73" y="57.96" b="N"/>
<point x="42.34" y="57.76" b="A"/>
<point x="49.70" y="57.76" b="U"/>
<point x="57.05" y="57.76" b="G"/>
<point x="65.02" y="57.76" b="A"/>
<point x="72.38" y="57.76" b="U"/>
<point x="79.72" y="57.76" b="G"/>
<point x="87.70" y="57.76" b="A"/>
<point x="95.26" y="57.76" b="Y"/>
<point x="102.61" y="57.76" b="U"/>
<point x="109.97" y="57.76" b="G"/>
<point x="117.94" y="57.76" b="A"/>
<point x="125.30" y="57.76" b="C"/>
<point x="133.00" y="57.96" b="N"/>
<point x="140.56" y="57.96" b="N"/>
<point x="148.12" y="57.96" b="N"/>
<point x="155.74" y="57.76" b="A"/>
<point x="163.30" y="57.76" b="A"/>
<point x="170.66" y="57.76" b="C"/>
<point x="178.42" y="57.76" b="A"/>
<point x="185.78" y="57.76" b="U"/>
<point x="193.34" y="57.76" b="C"/>
<point x="201.10" y="57.76" b="A"/>
<point x="208.46" y="57.76" b="C"/>
<point x="216.22" y="57.76" b="A"/>
<point x="223.37" y="57.76" b="G"/>
<point x="231.34" y="57.76" b="A"/>
<point x="238.69" y="57.76" b="C"/>
<point x="246.25" y="57.76" b="U"/>
<point x="253.81" y="57.76" b="U"/>
<point x="261.38" y="57.76" b="U"/>
<point x="268.73" y="57.76" b="G"/>
<point x="274.49" y="52.41" b="A"/>
<point x="274.43" y="45.06" b="N"/>
<point x="274.43" y="37.50" b="N"/>
<point x="272.26" y="30.26" b="N"/>
<point x="276.77" y="24.19" b="N"/>
<point x="284.18" y="23.98" b="C"/>
<point x="288.69" y="30.05" b="C"/>
<point x="286.67" y="37.50" b="N"/>
<point x="286.52" y="44.85" b="R"/>
<point x="286.52" y="52.41" b="U"/>
<point x="291.66" y="57.76" b="G"/>
<point x="299.63" y="57.76" b="A"/>
<point x="306.99" y="57.76" b="R"/>
<point x="314.70" y="57.96" b="N"/>
<point x="322.26" y="57.96" b="N"/>
<point x="329.87" y="57.76" b="A"/>
<point x="337.02" y="57.76" b="G"/>
<point x="344.94" y="57.96" b="N"/>
<point x="352.55" y="57.76" b="A"/>
<point x="360.11" y="57.76" b="A"/>
<point x="367.62" y="57.96" b="N"/>
<point x="375.18" y="57.96" b="N"/>
<point x="382.74" y="57.96" b="N"/>
<point x="390.15" y="57.76" b="U"/>
<point x="397.50" y="57.76" b="G"/>
<point x="405.27" y="57.76" b="U"/>
<point x="413.03" y="57.76" b="Y"/>
<point x="420.18" y="57.76" b="G"/>
<point x="428.10" y="57.96" b="N"/>
<point x="435.71" y="57.76" b="Y"/>
<point x="443.07" y="57.76" b="C"/>
<point x="450.63" y="57.76" b="C"/>
<point x="458.39" y="57.76" b="A"/>
<point x="465.54" y="57.76" b="G"/>
<point x="473.46" y="57.96" b="N"/>
<point x="480.87" y="57.76" b="C"/>
<point x="488.43" y="57.76" b="U"/>
<point x="495.78" y="57.76" b="G"/>
<point x="503.75" y="57.76" b="A"/>
<point x="511.31" y="57.76" b="Y"/>
<point x="518.82" y="57.96" b="N"/>
<point x="526.38" y="57.96" b="N"/>
</structure>