<structure>
<point x="131.95" y="595.11" b="R"/>
<point x="132.16" y="587.55" b="Y"/>
<point x="132.10" y="580.20" b="N"/>
<point x="125.94" y="575.14" b="G"/>
<point x="118.71" y="576.47" b="R"/>
<point x="111.27" y="577.80" b="R"/>
<point x="103.98" y="579.34" b="N"/>
<point x="96.54" y="580.68" b="N"/>
<point x="89.09" y="582.01" b="N"/>
<point x="81.65" y="583.34" b="N"/>
<point x="74.21" y="584.67" b="N"/>
<point x="67.47" y="588.09" b="N"/>
<point x="60.34" y="584.51" b="G"/>
<point x="59.22" y="577.07" b="R"/>
<point x="64.54" y="571.76" b="N"/>
<point x="71.69" y="572.42" b="G"/>
<point x="79.50" y="571.29" b="N"/>
<point x="86.94" y="569.96" b="N"/>
<point x="94.44" y="568.42" b="Y"/>
<point x="101.82" y="567.30" b="N"/>
<point x="109.32" y="565.76" b="Y"/>
<point x="116.56" y="564.42" b="C"/>
<point x="124.00" y="563.09" b="U"/>
<point x="127.54" y="556.53" b="G"/>
<point x="134.29" y="552.74" b="U"/>
<point x="142.06" y="552.74" b="A"/>
<point x="148.60" y="556.53" b="A"/>
<point x="152.29" y="563.30" b="N"/>
<point x="159.74" y="564.63" b="N"/>
<point x="167.18" y="565.96" b="N"/>
<point x="173.23" y="561.43" b="R"/>
<point x="180.79" y="561.28" b="R"/>
<point x="187.36" y="565.35" b="Y"/>
<point x="190.39" y="572.28" b="Y"/>
<point x="189.00" y="579.93" b="N"/>
<point x="183.61" y="585.17" b="C"/>
<point x="176.37" y="586.99" b="N"/>
<point x="169.33" y="584.22" b="N"/>
<point x="165.02" y="578.01" b="N"/>
<point x="157.58" y="576.68" b="N"/>
<point x="150.14" y="575.35" b="N"/>
<point x="144.19" y="579.99" b="R"/>
<point x="143.98" y="587.55" b="G"/>
<point x="144.40" y="595.11" b="Y"/>
<point x="149.69" y="600.67" b="N"/>
<point x="155.03" y="595.32" b="N"/>
<point x="154.88" y="587.55" b="R"/>
<point x="155.03" y="580.20" b="N"/>
<point x="155.03" y="572.64" b="N"/>
<point x="155.03" y="565.08" b="N"/>
<point x="155.03" y="557.52" b="N"/>
<point x="155.03" y="549.96" b="N"/>
<point x="155.03" y="542.40" b="N"/>
<point x="155.03" y="534.84" b="N"/>
<point x="155.03" y="527.28" b="N"/>
<point x="148.34" y="523.29" b="R"/>
<point x="154.88" y="519.51" b="R"/>
<point x="155.09" y="511.95" b="Y"/>
<point x="155.03" y="504.60" b="N"/>
<point x="155.03" y="497.04" b="N"/>
<point x="155.03" y="489.48" b="N"/>
<point x="155.03" y="481.92" b="N"/>
<point x="154.88" y="474.15" b="U"/>
<point x="155.03" y="466.80" b="N"/>
<point x="155.03" y="459.24" b="N"/>
<point x="154.88" y="451.47" b="R"/>
<point x="155.03" y="444.12" b="N"/>
<point x="155.03" y="436.56" b="N"/>
<point x="155.03" y="429.00" b="N"/>
<point x="154.88" y="421.23" b="R"/>
<point x="154.67" y="413.67" b="G"/>
<point x="154.88" y="406.11" b="R"/>
<point x="148.34" y="409.89" b="R"/>
<point x="141.94" y="406.32" b="N"/>
<point x="141.94" y="398.76" b="N"/>
<point x="148.48" y="394.98" b="N"/>
<point x="155.09" y="398.55" b="Y"/>
<point x="155.03" y="391.20" b="N"/>
<point x="155.03" y="383.64" b="N"/>
<point x="155.03" y="376.08" b="N"/>
<point x="155.03" y="368.52" b="N"/>
<point x="155.03" y="360.96" b="N"/>
<point x="155.03" y="353.40" b="N"/>
<point x="155.03" y="345.84" b="N"/>
<point x="148.48" y="342.06" b="N"/>
<point x="155.03" y="338.28" b="N"/>
<point x="155.03" y="330.72" b="N"/>
<point x="155.03" y="323.16" b="N"/>
<point x="155.03" y="315.60" b="N"/>
<point x="155.03" y="308.04" b="N"/>
<point x="148.48" y="304.26" b="N"/>
<point x="155.03" y="300.48" b="N"/>
<point x="155.03" y="292.92" b="N"/>
<point x="155.03" y="285.36" b="N"/>
<point x="155.03" y="277.80" b="N"/>
<point x="155.03" y="270.24" b="N"/>
<point x="155.03" y="262.68" b="N"/>
<point x="155.03" y="255.12" b="N"/>
<point x="147.90" y="257.25" b="Y"/>
<point x="143.04" y="251.13" b="G"/>
<point x="147.90" y="245.02" b="A"/>
<point x="155.09" y="247.35" b="Y"/>
<point x="155.03" y="240.00" b="N"/>
<point x="154.67" y="232.23" b="G"/>
<point x="154.88" y="224.67" b="R"/>
<point x="154.88" y="217.11" b="R"/>
<point x="155.09" y="209.55" b="Y"/>
<point x="154.67" y="201.99" b="G"/>
<point x="154.88" y="194.43" b="U"/>
<point x="154.88" y="186.87" b="C"/>
<point x="155.09" y="179.31" b="Y"/>
<point x="148.34" y="175.53" b="R"/>
<point x="155.09" y="171.75" b="Y"/>
<point x="155.03" y="164.40" b="N"/>
<point x="155.09" y="156.63" b="Y"/>
<point x="155.09" y="149.07" b="Y"/>
<point x="154.88" y="141.51" b="R"/>
<point x="155.09" y="133.95" b="A"/>
<point x="154.88" y="126.39" b="R"/>
<point x="155.09" y="118.83" b="Y"/>
<point x="155.03" y="111.48" b="N"/>
<point x="155.03" y="103.92" b="N"/>
<point x="155.03" y="96.36" b="N"/>
<point x="154.88" y="88.59" b="R"/>
<point x="155.09" y="81.03" b="Y"/>
<point x="154.88" y="73.47" b="R"/>
<point x="154.88" y="65.91" b="U"/>
<point x="149.74" y="60.57" b="Y"/>
<point x="141.98" y="60.57" b="R"/>
<point x="134.42" y="60.57" b="R"/>
<point x="127.06" y="60.57" b="Y"/>
<point x="119.50" y="60.57" b="A"/>
<point x="111.89" y="60.77" b="N"/>
<point x="104.18" y="60.57" b="R"/>
<point x="96.41" y="60.57" b="G"/>
<point x="89.21" y="60.77" b="N"/>
<point x="81.65" y="60.77" b="N"/>
<point x="74.09" y="60.77" b="N"/>
<point x="66.53" y="60.77" b="N"/>
<point x="58.97" y="60.77" b="N"/>
<point x="51.41" y="60.77" b="N"/>
<point x="43.90" y="60.57" b="Y"/>
<point x="36.29" y="60.77" b="N"/>
<point x="28.73" y="60.77" b="N"/>
<point x="21.17" y="60.77" b="N"/>
<point x="13.57" y="62.74" b="G"/>
<point x="7.50" y="58.23" b="G"/>
<point x="7.92" y="50.67" b="A"/>
<point x="13.57" y="46.15" b="G"/>
<point x="21.17" y="48.53" b="N"/>
<point x="28.73" y="48.53" b="N"/>
<point x="36.29" y="48.53" b="N"/>
<point x="43.70" y="48.33" b="R"/>
<point x="51.26" y="48.33" b="R"/>
<point x="58.97" y="48.53" b="N"/>
<point x="66.53" y="48.53" b="N"/>
<point x="74.09" y="48.53" b="N"/>
<point x="81.65" y="48.53" b="N"/>
<point x="89.21" y="48.53" b="N"/>
<point x="96.62" y="48.33" b="C"/>
<point x="104.38" y="48.33" b="Y"/>
<point x="111.89" y="48.53" b="N"/>
<point x="119.09" y="48.33" b="G"/>
<point x="126.65" y="48.33" b="G"/>
<point x="134.62" y="48.33" b="Y"/>
<point x="142.18" y="48.33" b="Y"/>
<point x="149.54" y="48.33" b="R"/>
<point x="155.03" y="43.19" b="N"/>
<point x="155.09" y="35.42" b="Y"/>
<point x="154.72" y="27.87" b="Y"/>
<point x="161.21" y="23.98" b="A"/>
<point x="167.69" y="27.87" b="A"/>
<point x="167.12" y="35.42" b="R"/>
<point x="166.91" y="42.98" b="G"/>
<point x="172.67" y="48.33" b="A"/>
<point x="179.82" y="48.33" b="G"/>
<point x="187.59" y="48.33" b="R"/>
<point x="195.15" y="48.33" b="R"/>
<point x="202.71" y="48.33" b="R"/>
<point x="210.47" y="48.33" b="Y"/>
<point x="217.62" y="48.33" b="G"/>
<point x="218.28" y="40.98" b="N"/>
<point x="224.93" y="37.08" b="A"/>
<point x="231.53" y="40.77" b="Y"/>
<point x="231.82" y="48.33" b="Y"/>
<point x="238.97" y="48.33" b="G"/>
<point x="246.74" y="48.33" b="R"/>
<point x="254.45" y="48.53" b="N"/>
<point x="262.06" y="48.33" b="Y"/>
<point x="266.43" y="42.40" b="N"/>
<point x="273.22" y="38.75" b="A"/>
<point x="280.36" y="38.75" b="G"/>
<point x="287.10" y="42.20" b="G"/>
<point x="291.88" y="48.53" b="N"/>
<point x="299.44" y="48.53" b="N"/>
<point x="307.00" y="48.53" b="N"/>
<point x="313.88" y="46.15" b="G"/>
<point x="320.36" y="50.67" b="A"/>
<point x="320.36" y="58.23" b="A"/>
<point x="314.30" y="62.74" b="A"/>
<point x="307.00" y="60.77" b="N"/>
<point x="299.44" y="60.77" b="N"/>
<point x="291.88" y="60.77" b="N"/>
<point x="287.51" y="66.70" b="A"/>
<point x="280.36" y="70.14" b="G"/>
<point x="273.01" y="70.14" b="C"/>
<point x="266.49" y="66.70" b="A"/>
<point x="261.65" y="60.57" b="G"/>
<point x="254.45" y="60.77" b="N"/>
<point x="246.94" y="60.57" b="Y"/>
<point x="239.38" y="60.57" b="A"/>
<point x="231.82" y="60.57" b="A"/>
<point x="224.93" y="63.67" b="A"/>
<point x="218.03" y="60.57" b="A"/>
<point x="210.42" y="60.77" b="N"/>
<point x="202.91" y="60.57" b="Y"/>
<point x="195.35" y="60.57" b="Y"/>
<point x="187.79" y="60.57" b="Y"/>
<point x="180.03" y="60.57" b="C"/>
<point x="172.47" y="60.57" b="C"/>
<point x="166.91" y="65.91" b="G"/>
<point x="167.33" y="73.47" b="Y"/>
<point x="167.12" y="81.03" b="R"/>
<point x="167.33" y="88.59" b="Y"/>
<point x="167.27" y="96.36" b="N"/>
<point x="167.12" y="103.71" b="R"/>
<point x="167.27" y="111.48" b="N"/>
<point x="167.27" y="119.04" b="N"/>
<point x="167.33" y="126.39" b="Y"/>
<point x="167.33" y="133.95" b="A"/>
<point x="173.46" y="137.73" b="G"/>
<point x="167.12" y="141.51" b="U"/>
<point x="167.12" y="149.07" b="R"/>
<point x="167.12" y="156.63" b="R"/>
<point x="167.27" y="164.40" b="N"/>
<point x="167.27" y="171.96" b="N"/>
<point x="167.12" y="179.31" b="R"/>
<point x="166.91" y="186.87" b="G"/>
<point x="174.52" y="184.54" b="A"/>
<point x="178.76" y="190.65" b="U"/>
<point x="174.46" y="196.98" b="N"/>
<point x="166.91" y="194.43" b="G"/>
<point x="167.12" y="201.99" b="C"/>
<point x="167.12" y="209.55" b="R"/>
<point x="167.33" y="217.11" b="Y"/>
<point x="167.33" y="224.67" b="Y"/>
<point x="167.33" y="232.23" b="Y"/>
<point x="167.27" y="240.00" b="N"/>
<point x="167.27" y="247.56" b="N"/>
<point x="166.91" y="254.91" b="G"/>
<point x="167.27" y="262.68" b="N"/>
<point x="167.12" y="270.03" b="R"/>
<point x="167.27" y="277.80" b="N"/>
<point x="167.27" y="285.36" b="N"/>
<point x="167.27" y="292.92" b="N"/>
<point x="167.27" y="300.48" b="N"/>
<point x="167.33" y="307.83" b="Y"/>
<point x="167.27" y="315.60" b="N"/>
<point x="167.27" y="323.16" b="N"/>
<point x="167.33" y="330.51" b="Y"/>
<point x="167.27" y="338.28" b="N"/>
<point x="167.27" y="345.84" b="N"/>
<point x="167.27" y="353.40" b="N"/>
<point x="167.27" y="360.96" b="N"/>
<point x="167.27" y="368.52" b="N"/>
<point x="167.27" y="376.08" b="N"/>
<point x="167.27" y="383.64" b="N"/>
<point x="167.27" y="391.20" b="N"/>
<point x="166.91" y="398.55" b="G"/>
<point x="167.33" y="406.11" b="Y"/>
<point x="167.12" y="413.67" b="C"/>
<point x="167.33" y="421.23" b="Y"/>
<point x="167.27" y="429.00" b="N"/>
<point x="167.27" y="436.56" b="N"/>
<point x="167.27" y="444.12" b="N"/>
<point x="167.33" y="451.47" b="Y"/>
<point x="167.12" y="459.03" b="R"/>
<point x="167.33" y="466.59" b="A"/>
<point x="174.83" y="466.80" b="N"/>
<point x="174.68" y="474.15" b="R"/>
<point x="167.27" y="474.36" b="N"/>
<point x="167.27" y="481.92" b="N"/>
<point x="167.27" y="489.48" b="N"/>
<point x="167.27" y="497.04" b="N"/>
<point x="167.27" y="504.60" b="N"/>
<point x="167.27" y="512.16" b="N"/>
<point x="167.27" y="519.72" b="N"/>
<point x="167.27" y="527.28" b="N"/>
<point x="167.27" y="534.84" b="N"/>
<point x="167.27" y="542.40" b="N"/>
<point x="167.27" y="549.96" b="N"/>
<point x="167.27" y="557.52" b="N"/>
<point x="167.27" y="565.08" b="N"/>
<point x="167.27" y="572.64" b="N"/>
<point x="167.27" y="580.20" b="N"/>
<point x="167.27" y="587.76" b="N"/>
<point x="167.27" y="595.32" b="N"/>
<point x="172.62" y="600.67" b="N"/>
<point x="180.18" y="600.67" b="N"/>
</structure>