<structure>
<point x="94.26" y="286.37" b="C"/>
<point x="94.47" y="278.81" b="Y"/>
<point x="94.26" y="271.25" b="C"/>
<point x="94.26" y="263.69" b="C"/>
<point x="86.90" y="263.09" b="N"/>
<point x="79.32" y="261.47" b="R"/>
<point x="72.03" y="259.46" b="U"/>
<point x="64.72" y="256.86" b="G"/>
<point x="58.27" y="253.70" b="A"/>
<point x="51.48" y="249.98" b="U"/>
<point x="45.01" y="245.75" b="G"/>
<point x="39.53" y="241.02" b="A"/>
<point x="33.83" y="235.82" b="R"/>
<point x="28.77" y="230.20" b="U"/>
<point x="24.19" y="224.19" b="U"/>
<point x="19.91" y="217.82" b="G"/>
<point x="16.57" y="211.14" b="C"/>
<point x="13.58" y="204.20" b="C"/>
<point x="11.37" y="197.04" b="A"/>
<point x="9.34" y="189.70" b="U"/>
<point x="7.90" y="182.24" b="G"/>
<point x="7.50" y="174.71" b="C"/>
<point x="7.50" y="167.15" b="U"/>
<point x="8.32" y="159.61" b="A"/>
<point x="9.55" y="152.15" b="A"/>
<point x="11.17" y="144.81" b="U"/>
<point x="13.79" y="137.65" b="A"/>
<point x="16.57" y="130.71" b="C"/>
<point x="20.32" y="124.03" b="Y"/>
<point x="23.98" y="117.66" b="G"/>
<point x="28.98" y="111.65" b="A"/>
<point x="33.62" y="106.03" b="G"/>
<point x="39.47" y="101.04" b="N"/>
<point x="45.22" y="96.10" b="C"/>
<point x="51.69" y="91.87" b="A"/>
<point x="58.07" y="88.15" b="C"/>
<point x="64.93" y="84.99" b="C"/>
<point x="72.24" y="82.39" b="A"/>
<point x="79.11" y="80.38" b="G"/>
<point x="86.54" y="78.97" b="G"/>
<point x="94.47" y="78.17" b="Y"/>
<point x="94.26" y="70.61" b="R"/>
<point x="94.05" y="63.05" b="G"/>
<point x="94.26" y="55.49" b="R"/>
<point x="94.05" y="47.93" b="G"/>
<point x="89.06" y="42.79" b="N"/>
<point x="87.58" y="35.38" b="N"/>
<point x="90.47" y="28.39" b="N"/>
<point x="96.60" y="23.98" b="U"/>
<point x="104.31" y="24.19" b="N"/>
<point x="110.45" y="28.19" b="U"/>
<point x="113.34" y="35.17" b="U"/>
<point x="112.01" y="42.79" b="N"/>
<point x="106.71" y="47.93" b="Y"/>
<point x="106.71" y="55.49" b="Y"/>
<point x="106.50" y="63.05" b="C"/>
<point x="106.50" y="70.61" b="U"/>
<point x="106.50" y="78.17" b="R"/>
<point x="113.96" y="76.43" b="N"/>
<point x="121.40" y="75.06" b="N"/>
<point x="128.97" y="74.07" b="Y"/>
<point x="136.32" y="73.87" b="U"/>
<point x="143.66" y="74.26" b="G"/>
<point x="151.16" y="75.24" b="G"/>
<point x="158.56" y="76.79" b="G"/>
<point x="166.02" y="78.92" b="U"/>
<point x="172.88" y="81.61" b="G"/>
<point x="180.13" y="84.83" b="Y"/>
<point x="186.69" y="88.58" b="Y"/>
<point x="192.74" y="92.83" b="R"/>
<point x="198.79" y="97.77" b="N"/>
<point x="204.16" y="102.73" b="U"/>
<point x="209.05" y="108.31" b="G"/>
<point x="214.11" y="114.27" b="A"/>
<point x="217.87" y="120.58" b="G"/>
<point x="221.74" y="127.19" b="U"/>
<point x="224.88" y="134.06" b="U"/>
<point x="227.63" y="141.37" b="N"/>
<point x="229.72" y="148.45" b="A"/>
<point x="231.19" y="155.86" b="A"/>
<point x="232.07" y="163.37" b="Y"/>
<point x="232.31" y="171.13" b="N"/>
<point x="232.01" y="178.69" b="N"/>
<point x="231.13" y="186.20" b="N"/>
<point x="229.52" y="193.41" b="R"/>
<point x="227.48" y="200.69" b="C"/>
<point x="224.88" y="207.79" b="U"/>
<point x="221.74" y="214.66" b="U"/>
<point x="218.08" y="221.27" b="C"/>
<point x="213.91" y="227.58" b="U"/>
<point x="209.26" y="233.54" b="C"/>
<point x="204.16" y="239.12" b="R"/>
<point x="198.85" y="244.29" b="Y"/>
<point x="192.74" y="249.02" b="R"/>
<point x="186.64" y="253.47" b="N"/>
<point x="180.07" y="257.22" b="N"/>
<point x="173.24" y="260.45" b="N"/>
<point x="166.17" y="263.14" b="N"/>
<point x="158.92" y="265.27" b="N"/>
<point x="151.52" y="266.82" b="N"/>
<point x="144.02" y="267.80" b="N"/>
<point x="136.32" y="267.98" b="C"/>
<point x="128.76" y="267.78" b="U"/>
<point x="121.03" y="267.00" b="G"/>
<point x="114.02" y="265.63" b="A"/>
<point x="106.29" y="263.69" b="G"/>
<point x="106.29" y="271.25" b="G"/>
<point x="106.65" y="279.01" b="N"/>
<point x="106.50" y="286.37" b="R"/>
<point x="112.00" y="291.92" b="N"/>
</structure>