<structure>
<point x="94.75" y="256.05" b="N"/>
<point x="94.60" y="248.29" b="U"/>
<point x="94.60" y="240.73" b="U"/>
<point x="94.39" y="233.17" b="G"/>
<point x="94.39" y="225.61" b="G"/>
<point x="94.39" y="218.05" b="G"/>
<point x="94.80" y="210.49" b="A"/>
<point x="87.23" y="209.89" b="N"/>
<point x="79.65" y="208.28" b="R"/>
<point x="72.36" y="206.28" b="U"/>
<point x="65.05" y="203.69" b="G"/>
<point x="58.59" y="200.54" b="A"/>
<point x="51.79" y="196.85" b="U"/>
<point x="45.31" y="192.63" b="G"/>
<point x="39.81" y="187.92" b="A"/>
<point x="34.24" y="182.96" b="N"/>
<point x="29.16" y="177.35" b="N"/>
<point x="24.61" y="171.15" b="A"/>
<point x="20.30" y="164.81" b="R"/>
<point x="16.87" y="158.35" b="N"/>
<point x="13.84" y="151.43" b="N"/>
<point x="11.38" y="144.28" b="N"/>
<point x="9.50" y="136.96" b="N"/>
<point x="8.23" y="129.50" b="N"/>
<point x="7.56" y="121.97" b="N"/>
<point x="7.50" y="114.41" b="N"/>
<point x="8.05" y="106.88" b="N"/>
<point x="9.21" y="99.40" b="N"/>
<point x="10.98" y="92.05" b="N"/>
<point x="13.38" y="84.66" b="A"/>
<point x="16.25" y="77.90" b="N"/>
<point x="19.58" y="70.97" b="R"/>
<point x="23.74" y="64.77" b="N"/>
<point x="28.25" y="58.71" b="N"/>
<point x="33.30" y="52.82" b="Y"/>
<point x="38.73" y="47.56" b="Y"/>
<point x="44.51" y="42.97" b="N"/>
<point x="50.57" y="38.45" b="R"/>
<point x="57.32" y="34.65" b="A"/>
<point x="64.08" y="31.61" b="N"/>
<point x="70.79" y="28.70" b="G"/>
<point x="78.40" y="26.80" b="N"/>
<point x="85.66" y="25.07" b="R"/>
<point x="93.31" y="24.36" b="N"/>
<point x="100.87" y="24.06" b="N"/>
<point x="108.42" y="24.36" b="N"/>
<point x="115.93" y="25.28" b="N"/>
<point x="123.39" y="26.59" b="Y"/>
<point x="130.65" y="28.70" b="Y"/>
<point x="137.66" y="31.61" b="N"/>
<point x="144.33" y="34.65" b="U"/>
<point x="151.01" y="38.66" b="N"/>
<point x="157.28" y="42.76" b="Y"/>
<point x="163.06" y="47.77" b="N"/>
<point x="168.35" y="52.82" b="R"/>
<point x="173.34" y="58.50" b="R"/>
<point x="178.06" y="64.57" b="Y"/>
<point x="182.01" y="71.18" b="N"/>
<point x="185.54" y="77.69" b="A"/>
<point x="188.41" y="84.87" b="N"/>
<point x="190.76" y="92.05" b="N"/>
<point x="192.52" y="99.40" b="N"/>
<point x="193.68" y="106.88" b="N"/>
<point x="194.24" y="114.41" b="N"/>
<point x="194.24" y="121.77" b="A"/>
<point x="193.36" y="129.30" b="U"/>
<point x="192.08" y="136.75" b="U"/>
<point x="190.21" y="144.07" b="U"/>
<point x="187.54" y="151.22" b="G"/>
<point x="184.72" y="158.15" b="C"/>
<point x="181.34" y="164.81" b="A"/>
<point x="177.03" y="171.15" b="C"/>
<point x="172.21" y="177.15" b="G"/>
<point x="167.35" y="182.75" b="U"/>
<point x="161.83" y="187.92" b="C"/>
<point x="156.13" y="192.63" b="A"/>
<point x="149.44" y="196.85" b="G"/>
<point x="143.05" y="200.54" b="U"/>
<point x="136.18" y="203.69" b="C"/>
<point x="129.07" y="206.28" b="U"/>
<point x="121.57" y="208.28" b="G"/>
<point x="114.56" y="209.69" b="A"/>
<point x="106.84" y="210.49" b="U"/>
<point x="106.84" y="218.05" b="C"/>
<point x="106.84" y="225.61" b="C"/>
<point x="106.84" y="233.17" b="C"/>
<point x="107.05" y="240.73" b="A"/>
<point x="106.99" y="248.49" b="N"/>
<point x="106.99" y="256.05" b="N"/>
</structure>