<structure>
<point x="97.99" y="356.71" b="N"/>
<point x="105.55" y="356.71" b="N"/>
<point x="113.11" y="356.71" b="N"/>
<point x="120.67" y="356.71" b="N"/>
<point x="126.01" y="351.37" b="N"/>
<point x="126.01" y="343.81" b="N"/>
<point x="126.01" y="336.25" b="N"/>
<point x="126.07" y="328.48" b="Y"/>
<point x="126.07" y="320.92" b="Y"/>
<point x="126.07" y="313.36" b="Y"/>
<point x="125.65" y="305.80" b="G"/>
<point x="126.01" y="298.45" b="N"/>
<point x="119.32" y="302.02" b="U"/>
<point x="112.98" y="298.24" b="A"/>
<point x="112.56" y="290.68" b="G"/>
<point x="119.11" y="286.90" b="G"/>
<point x="125.86" y="290.68" b="U"/>
<point x="125.65" y="283.12" b="G"/>
<point x="126.07" y="275.56" b="A"/>
<point x="125.65" y="268.00" b="G"/>
<point x="125.65" y="260.44" b="G"/>
<point x="125.86" y="252.88" b="C"/>
<point x="118.97" y="249.77" b="U"/>
<point x="119.12" y="242.41" b="N"/>
<point x="125.86" y="239.09" b="C"/>
<point x="126.07" y="231.53" b="Y"/>
<point x="125.86" y="223.97" b="R"/>
<point x="126.07" y="216.41" b="Y"/>
<point x="125.86" y="208.85" b="R"/>
<point x="126.01" y="201.50" b="N"/>
<point x="125.86" y="193.73" b="R"/>
<point x="125.86" y="186.17" b="R"/>
<point x="119.22" y="182.97" b="A"/>
<point x="113.80" y="177.70" b="Y"/>
<point x="110.38" y="170.96" b="A"/>
<point x="109.36" y="163.47" b="Y"/>
<point x="110.84" y="156.05" b="A"/>
<point x="114.60" y="149.74" b="N"/>
<point x="119.98" y="144.61" b="G"/>
<point x="118.37" y="137.32" b="Y"/>
<point x="116.35" y="130.04" b="Y"/>
<point x="114.11" y="122.76" b="R"/>
<point x="112.09" y="115.47" b="C"/>
<point x="105.20" y="112.35" b="U"/>
<point x="98.18" y="115.63" b="G"/>
<point x="91.58" y="118.91" b="C"/>
<point x="84.97" y="122.18" b="Y"/>
<point x="78.10" y="125.67" b="N"/>
<point x="71.29" y="128.95" b="N"/>
<point x="69.81" y="136.18" b="R"/>
<point x="65.24" y="142.20" b="R"/>
<point x="58.63" y="145.48" b="A"/>
<point x="51.07" y="145.29" b="A"/>
<point x="44.43" y="141.69" b="Y"/>
<point x="37.41" y="144.97" b="R"/>
<point x="30.60" y="148.24" b="U"/>
<point x="23.78" y="151.52" b="C"/>
<point x="17.99" y="156.62" b="G"/>
<point x="10.98" y="155.18" b="A"/>
<point x="7.50" y="148.37" b="R"/>
<point x="11.22" y="141.67" b="A"/>
<point x="18.63" y="140.70" b="N"/>
<point x="25.50" y="137.21" b="A"/>
<point x="32.31" y="133.94" b="Y"/>
<point x="38.91" y="130.66" b="R"/>
<point x="40.45" y="123.22" b="Y"/>
<point x="45.02" y="117.20" b="Y"/>
<point x="51.78" y="114.13" b="N"/>
<point x="59.19" y="114.10" b="R"/>
<point x="65.98" y="117.92" b="N"/>
<point x="72.44" y="114.43" b="G"/>
<point x="79.46" y="111.15" b="R"/>
<point x="86.06" y="107.88" b="G"/>
<point x="79.67" y="104.59" b="Y"/>
<point x="77.93" y="97.43" b="N"/>
<point x="82.65" y="91.52" b="N"/>
<point x="90.26" y="91.32" b="A"/>
<point x="94.77" y="97.23" b="R"/>
<point x="93.08" y="104.60" b="C"/>
<point x="100.10" y="101.32" b="A"/>
<point x="101.55" y="93.99" b="G"/>
<point x="97.33" y="87.87" b="R"/>
<point x="93.05" y="81.94" b="N"/>
<point x="88.63" y="75.82" b="N"/>
<point x="81.40" y="73.57" b="Y"/>
<point x="76.98" y="67.44" b="Y"/>
<point x="77.12" y="59.89" b="R"/>
<point x="72.90" y="53.76" b="Y"/>
<point x="68.27" y="47.63" b="C"/>
<point x="60.72" y="45.82" b="G"/>
<point x="56.18" y="39.93" b="R"/>
<point x="56.11" y="32.58" b="N"/>
<point x="60.56" y="26.22" b="Y"/>
<point x="67.78" y="23.98" b="Y"/>
<point x="74.89" y="26.57" b="A"/>
<point x="78.98" y="32.93" b="A"/>
<point x="77.98" y="40.46" b="G"/>
<point x="82.41" y="46.59" b="G"/>
<point x="87.25" y="52.72" b="Y"/>
<point x="94.47" y="54.97" b="N"/>
<point x="98.95" y="60.89" b="Y"/>
<point x="98.55" y="68.65" b="N"/>
<point x="102.97" y="74.78" b="N"/>
<point x="107.46" y="80.70" b="Y"/>
<point x="111.88" y="86.83" b="Y"/>
<point x="119.42" y="87.37" b="Y"/>
<point x="125.68" y="91.62" b="A"/>
<point x="128.96" y="98.43" b="A"/>
<point x="128.32" y="106.17" b="N"/>
<point x="123.67" y="112.19" b="G"/>
<point x="126.11" y="119.48" b="Y"/>
<point x="127.93" y="126.76" b="R"/>
<point x="129.96" y="134.04" b="R"/>
<point x="131.98" y="141.33" b="C"/>
<point x="139.44" y="142.58" b="U"/>
<point x="146.23" y="146.40" b="N"/>
<point x="152.32" y="141.92" b="N"/>
<point x="158.41" y="137.44" b="N"/>
<point x="160.15" y="130.09" b="N"/>
<point x="166.00" y="125.29" b="N"/>
<point x="173.55" y="125.00" b="N"/>
<point x="179.74" y="129.34" b="N"/>
<point x="182.04" y="136.54" b="N"/>
<point x="179.52" y="143.67" b="N"/>
<point x="173.20" y="147.82" b="N"/>
<point x="165.66" y="147.30" b="N"/>
<point x="159.57" y="151.78" b="N"/>
<point x="153.48" y="156.26" b="N"/>
<point x="155.02" y="163.47" b="Y"/>
<point x="154.00" y="170.96" b="A"/>
<point x="150.59" y="177.70" b="Y"/>
<point x="144.74" y="182.97" b="G"/>
<point x="138.31" y="186.17" b="Y"/>
<point x="138.31" y="193.73" b="Y"/>
<point x="138.25" y="201.50" b="N"/>
<point x="138.10" y="208.85" b="U"/>
<point x="138.10" y="216.41" b="R"/>
<point x="138.31" y="223.97" b="Y"/>
<point x="138.10" y="231.53" b="R"/>
<point x="137.89" y="239.09" b="G"/>
<point x="141.20" y="245.99" b="U"/>
<point x="137.89" y="252.88" b="G"/>
<point x="138.10" y="260.44" b="C"/>
<point x="144.22" y="255.73" b="Y"/>
<point x="151.59" y="257.41" b="A"/>
<point x="154.87" y="264.22" b="A"/>
<point x="151.59" y="271.03" b="A"/>
<point x="144.01" y="272.71" b="R"/>
<point x="138.10" y="268.00" b="C"/>
<point x="138.10" y="275.56" b="U"/>
<point x="138.31" y="283.12" b="Y"/>
<point x="144.80" y="287.11" b="N"/>
<point x="138.10" y="290.68" b="R"/>
<point x="138.31" y="298.24" b="A"/>
<point x="138.10" y="305.80" b="C"/>
<point x="144.44" y="302.02" b="G"/>
<point x="151.20" y="305.80" b="R"/>
<point x="151.35" y="313.57" b="N"/>
<point x="144.80" y="317.35" b="N"/>
<point x="138.10" y="313.36" b="R"/>
<point x="138.10" y="320.92" b="R"/>
<point x="138.10" y="328.48" b="R"/>
<point x="138.10" y="336.04" b="R"/>
<point x="138.25" y="343.81" b="N"/>
<point x="138.25" y="351.37" b="N"/>
<point x="143.60" y="356.71" b="N"/>
<point x="151.16" y="356.71" b="N"/>
<point x="158.72" y="356.71" b="N"/>
<point x="166.28" y="356.71" b="N"/>
</structure>