<structure>
<point x="85.78" y="239.11" b="N"/>
<point x="91.13" y="233.76" b="N"/>
<point x="91.18" y="226.00" b="Y"/>
<point x="91.13" y="218.64" b="N"/>
<point x="91.13" y="211.08" b="N"/>
<point x="90.98" y="203.32" b="C"/>
<point x="83.61" y="202.69" b="N"/>
<point x="76.04" y="201.02" b="R"/>
<point x="68.78" y="198.94" b="U"/>
<point x="61.50" y="196.26" b="G"/>
<point x="55.10" y="192.99" b="A"/>
<point x="48.37" y="189.16" b="U"/>
<point x="41.99" y="184.80" b="G"/>
<point x="36.62" y="179.93" b="A"/>
<point x="30.85" y="174.59" b="G"/>
<point x="26.33" y="169.03" b="N"/>
<point x="21.80" y="162.66" b="C"/>
<point x="17.95" y="156.15" b="C"/>
<point x="14.81" y="149.55" b="N"/>
<point x="11.95" y="142.29" b="U"/>
<point x="10.00" y="135.23" b="N"/>
<point x="8.52" y="127.82" b="N"/>
<point x="7.51" y="120.10" b="C"/>
<point x="7.50" y="112.54" b="A"/>
<point x="7.86" y="105.20" b="N"/>
<point x="8.97" y="97.51" b="A"/>
<point x="10.59" y="90.34" b="N"/>
<point x="12.88" y="83.14" b="N"/>
<point x="15.82" y="75.94" b="Y"/>
<point x="19.23" y="69.43" b="N"/>
<point x="23.10" y="62.82" b="U"/>
<point x="27.64" y="56.78" b="R"/>
<point x="32.82" y="51.35" b="N"/>
<point x="38.32" y="46.15" b="N"/>
<point x="44.22" y="41.43" b="N"/>
<point x="50.51" y="37.23" b="N"/>
<point x="57.12" y="33.57" b="N"/>
<point x="64.02" y="30.48" b="N"/>
<point x="71.16" y="27.98" b="N"/>
<point x="78.33" y="25.89" b="C"/>
<point x="85.93" y="24.83" b="N"/>
<point x="93.11" y="23.98" b="G"/>
<point x="100.88" y="23.98" b="R"/>
<point x="108.56" y="24.83" b="N"/>
<point x="116.07" y="25.89" b="A"/>
<point x="123.18" y="27.78" b="U"/>
<point x="130.32" y="30.28" b="R"/>
<point x="137.37" y="33.57" b="N"/>
<point x="143.98" y="37.23" b="N"/>
<point x="150.27" y="41.43" b="N"/>
<point x="156.18" y="46.15" b="N"/>
<point x="161.67" y="51.35" b="N"/>
<point x="166.70" y="56.99" b="N"/>
<point x="171.24" y="63.03" b="N"/>
<point x="175.26" y="69.43" b="N"/>
<point x="178.73" y="76.15" b="N"/>
<point x="181.47" y="82.93" b="C"/>
<point x="183.91" y="90.34" b="N"/>
<point x="185.43" y="97.51" b="R"/>
<point x="186.63" y="105.20" b="N"/>
<point x="186.69" y="112.54" b="G"/>
<point x="186.88" y="120.10" b="A"/>
<point x="185.82" y="127.61" b="R"/>
<point x="184.49" y="135.23" b="N"/>
<point x="182.45" y="142.29" b="A"/>
<point x="179.53" y="149.35" b="U"/>
<point x="176.40" y="156.36" b="N"/>
<point x="172.55" y="162.87" b="N"/>
<point x="168.01" y="168.82" b="R"/>
<point x="163.28" y="174.80" b="N"/>
<point x="157.77" y="179.93" b="R"/>
<point x="151.99" y="184.80" b="R"/>
<point x="145.97" y="189.37" b="N"/>
<point x="139.45" y="193.20" b="N"/>
<point x="132.48" y="196.26" b="C"/>
<point x="125.42" y="198.94" b="U"/>
<point x="117.94" y="201.02" b="G"/>
<point x="110.94" y="202.48" b="A"/>
<point x="103.01" y="203.32" b="G"/>
<point x="103.37" y="211.08" b="N"/>
<point x="103.37" y="218.64" b="N"/>
<point x="103.22" y="226.00" b="R"/>
<point x="103.37" y="233.76" b="N"/>
<point x="108.77" y="238.90" b="Y"/>
</structure>