<structure>
<point x="17.45" y="108.74" b="Y"/>
<point x="17.24" y="101.18" b="C"/>
<point x="17.24" y="93.62" b="R"/>
<point x="17.03" y="86.06" b="G"/>
<point x="17.39" y="78.71" b="N"/>
<point x="17.45" y="70.94" b="Y"/>
<point x="10.48" y="67.16" b="G"/>
<point x="17.24" y="63.38" b="C"/>
<point x="17.45" y="55.82" b="Y"/>
<point x="15.22" y="48.79" b="N"/>
<point x="19.73" y="42.72" b="N"/>
<point x="27.29" y="42.72" b="N"/>
<point x="31.80" y="48.79" b="N"/>
<point x="29.27" y="55.82" b="G"/>
<point x="29.27" y="63.38" b="G"/>
<point x="29.27" y="70.94" b="G"/>
<point x="29.63" y="78.71" b="N"/>
<point x="29.48" y="86.06" b="C"/>
<point x="29.69" y="93.62" b="Y"/>
<point x="29.27" y="101.18" b="G"/>
<point x="29.27" y="108.74" b="G"/>
<point x="34.98" y="114.30" b="N"/>
<point x="42.54" y="114.30" b="N"/>
<point x="50.10" y="114.30" b="N"/>
<point x="57.66" y="114.30" b="N"/>
<point x="65.22" y="114.30" b="N"/>
<point x="72.78" y="114.30" b="N"/>
<point x="78.12" y="108.95" b="N"/>
<point x="77.97" y="101.18" b="R"/>
<point x="78.12" y="93.83" b="N"/>
<point x="78.12" y="86.27" b="N"/>
<point x="78.12" y="78.71" b="N"/>
<point x="77.97" y="70.94" b="R"/>
<point x="78.12" y="63.59" b="N"/>
<point x="78.12" y="56.03" b="N"/>
<point x="78.12" y="48.47" b="N"/>
<point x="78.12" y="40.91" b="N"/>
<point x="74.72" y="34.16" b="N"/>
<point x="77.30" y="27.05" b="N"/>
<point x="84.24" y="24.06" b="N"/>
<point x="91.24" y="26.85" b="Y"/>
<point x="93.76" y="34.16" b="N"/>
<point x="90.36" y="40.91" b="N"/>
<point x="90.36" y="48.47" b="N"/>
<point x="90.36" y="56.03" b="N"/>
<point x="90.36" y="63.59" b="N"/>
<point x="90.42" y="70.94" b="Y"/>
<point x="90.36" y="78.71" b="N"/>
<point x="90.42" y="86.06" b="Y"/>
<point x="90.36" y="93.83" b="N"/>
<point x="90.36" y="101.39" b="N"/>
<point x="90.36" y="108.95" b="N"/>
<point x="100.90" y="119.44" b="C"/>
<point x="108.46" y="119.44" b="U"/>
<point x="116.02" y="119.44" b="C"/>
<point x="123.58" y="119.44" b="R"/>
<point x="131.14" y="119.44" b="U"/>
<point x="138.91" y="119.44" b="A"/>
<point x="145.81" y="116.34" b="Y"/>
<point x="152.49" y="119.44" b="C"/>
<point x="160.05" y="119.44" b="C"/>
<point x="167.82" y="119.44" b="A"/>
<point x="175.17" y="119.44" b="U"/>
<point x="182.73" y="119.44" b="R"/>
<point x="190.29" y="119.44" b="U"/>
<point x="197.85" y="119.44" b="U"/>
<point x="201.42" y="112.89" b="G"/>
<point x="205.41" y="119.44" b="C"/>
<point x="212.97" y="119.44" b="U"/>
<point x="220.74" y="119.44" b="Y"/>
<point x="227.92" y="117.47" b="N"/>
<point x="233.84" y="121.78" b="R"/>
<point x="233.99" y="129.54" b="N"/>
<point x="227.56" y="133.85" b="G"/>
<point x="220.32" y="131.68" b="G"/>
<point x="213.18" y="131.68" b="A"/>
<point x="205.20" y="131.68" b="G"/>
<point x="197.64" y="131.68" b="G"/>
<point x="190.50" y="131.68" b="A"/>
<point x="182.73" y="131.68" b="U"/>
<point x="175.17" y="131.68" b="R"/>
<point x="167.61" y="131.68" b="U"/>
<point x="159.84" y="131.68" b="G"/>
<point x="152.28" y="131.68" b="G"/>
<point x="145.60" y="134.78" b="C"/>
<point x="138.70" y="131.68" b="U"/>
<point x="131.35" y="131.68" b="A"/>
<point x="123.58" y="131.68" b="U"/>
<point x="115.81" y="131.68" b="G"/>
<point x="108.46" y="131.68" b="R"/>
<point x="100.69" y="131.68" b="G"/>
<point x="95.76" y="137.02" b="A"/>
<point x="95.76" y="144.58" b="A"/>
</structure>