<structure>
<point x="19.60" y="95.55" b="N"/>
<point x="27.16" y="95.55" b="N"/>
<point x="34.73" y="95.55" b="N"/>
<point x="42.13" y="95.35" b="R"/>
<point x="49.48" y="95.35" b="G"/>
<point x="57.26" y="95.35" b="C"/>
<point x="62.81" y="90.00" b="A"/>
<point x="62.60" y="82.44" b="C"/>
<point x="62.39" y="74.88" b="G"/>
<point x="62.81" y="67.32" b="A"/>
<point x="55.22" y="68.94" b="C"/>
<point x="49.53" y="64.21" b="A"/>
<point x="49.33" y="56.65" b="U"/>
<point x="55.22" y="51.91" b="U"/>
<point x="62.39" y="53.53" b="G"/>
<point x="62.60" y="45.97" b="C"/>
<point x="57.71" y="40.20" b="U"/>
<point x="57.31" y="32.65" b="C"/>
<point x="61.76" y="26.40" b="A"/>
<point x="68.72" y="23.98" b="C"/>
<point x="76.09" y="26.40" b="A"/>
<point x="80.13" y="32.65" b="U"/>
<point x="79.73" y="40.20" b="U"/>
<point x="74.63" y="45.97" b="G"/>
<point x="74.84" y="53.53" b="C"/>
<point x="77.94" y="60.43" b="U"/>
<point x="74.84" y="67.32" b="U"/>
<point x="74.84" y="74.88" b="C"/>
<point x="82.40" y="74.88" b="C"/>
<point x="82.61" y="82.44" b="A"/>
<point x="74.63" y="82.44" b="G"/>
<point x="74.84" y="90.00" b="U"/>
<point x="80.19" y="95.35" b="R"/>
<point x="87.75" y="95.35" b="U"/>
<point x="95.46" y="95.55" b="N"/>
<point x="103.02" y="95.55" b="N"/>
<point x="110.58" y="95.55" b="N"/>
<point x="118.14" y="95.55" b="N"/>
<point x="125.70" y="95.55" b="N"/>
<point x="131.04" y="90.21" b="N"/>
<point x="130.89" y="82.44" b="R"/>
<point x="131.04" y="75.09" b="N"/>
<point x="130.89" y="67.32" b="C"/>
<point x="131.04" y="59.97" b="N"/>
<point x="131.04" y="52.41" b="N"/>
<point x="131.10" y="44.64" b="Y"/>
<point x="127.70" y="37.89" b="Y"/>
<point x="130.28" y="30.78" b="Y"/>
<point x="137.16" y="27.99" b="N"/>
<point x="144.10" y="30.99" b="N"/>
<point x="146.53" y="37.89" b="U"/>
<point x="143.28" y="44.85" b="N"/>
<point x="143.28" y="52.41" b="N"/>
<point x="143.28" y="59.97" b="N"/>
<point x="142.92" y="67.32" b="G"/>
<point x="143.28" y="75.09" b="N"/>
<point x="143.34" y="82.44" b="Y"/>
<point x="143.34" y="90.00" b="Y"/>
<point x="148.68" y="95.35" b="Y"/>
<point x="156.04" y="95.35" b="U"/>
<point x="163.80" y="95.35" b="Y"/>
<point x="171.16" y="95.35" b="U"/>
<point x="178.72" y="95.35" b="U"/>
<point x="186.28" y="95.35" b="U"/>
<point x="193.84" y="95.35" b="U"/>
</structure>