<structure>
<point x="19.60" y="323.56" b="N"/>
<point x="27.22" y="323.35" b="Y"/>
<point x="34.73" y="323.56" b="N"/>
<point x="42.28" y="323.56" b="N"/>
<point x="49.84" y="323.56" b="N"/>
<point x="57.41" y="323.56" b="N"/>
<point x="64.61" y="323.35" b="G"/>
<point x="72.58" y="323.35" b="Y"/>
<point x="80.09" y="323.56" b="N"/>
<point x="85.07" y="318.00" b="G"/>
<point x="85.43" y="310.65" b="N"/>
<point x="85.28" y="302.88" b="U"/>
<point x="85.07" y="295.32" b="G"/>
<point x="85.43" y="287.97" b="N"/>
<point x="85.28" y="280.20" b="R"/>
<point x="85.07" y="272.64" b="G"/>
<point x="85.28" y="265.08" b="C"/>
<point x="85.49" y="257.52" b="A"/>
<point x="85.49" y="249.96" b="Y"/>
<point x="85.28" y="242.40" b="C"/>
<point x="85.49" y="234.84" b="A"/>
<point x="85.28" y="227.28" b="U"/>
<point x="85.28" y="219.72" b="C"/>
<point x="85.49" y="212.16" b="A"/>
<point x="85.49" y="204.60" b="A"/>
<point x="85.07" y="197.04" b="G"/>
<point x="85.49" y="189.48" b="A"/>
<point x="85.28" y="181.92" b="U"/>
<point x="85.28" y="174.36" b="U"/>
<point x="85.28" y="166.80" b="C"/>
<point x="82.39" y="159.91" b="A"/>
<point x="85.28" y="153.01" b="C"/>
<point x="85.49" y="145.45" b="A"/>
<point x="77.97" y="144.44" b="N"/>
<point x="70.72" y="142.30" b="N"/>
<point x="63.79" y="139.28" b="N"/>
<point x="57.13" y="135.22" b="R"/>
<point x="51.31" y="130.79" b="N"/>
<point x="45.95" y="125.46" b="N"/>
<point x="41.30" y="119.50" b="N"/>
<point x="37.41" y="113.02" b="N"/>
<point x="34.42" y="105.89" b="Y"/>
<point x="32.20" y="98.86" b="N"/>
<point x="30.94" y="91.40" b="N"/>
<point x="30.62" y="83.85" b="N"/>
<point x="31.23" y="76.31" b="N"/>
<point x="32.77" y="68.91" b="N"/>
<point x="35.07" y="61.55" b="R"/>
<point x="38.53" y="54.96" b="N"/>
<point x="42.66" y="48.63" b="N"/>
<point x="47.39" y="42.65" b="R"/>
<point x="53.10" y="37.73" b="N"/>
<point x="59.25" y="33.34" b="N"/>
<point x="65.90" y="29.74" b="N"/>
<point x="73.00" y="26.78" b="Y"/>
<point x="80.27" y="25.13" b="N"/>
<point x="87.83" y="23.98" b="Y"/>
<point x="95.33" y="24.19" b="N"/>
<point x="102.83" y="25.13" b="N"/>
<point x="110.01" y="26.78" b="U"/>
<point x="117.26" y="29.53" b="Y"/>
<point x="123.85" y="33.34" b="N"/>
<point x="130.00" y="37.73" b="N"/>
<point x="135.56" y="42.86" b="N"/>
<point x="140.44" y="48.63" b="N"/>
<point x="144.57" y="54.96" b="N"/>
<point x="147.88" y="61.76" b="N"/>
<point x="150.33" y="68.91" b="N"/>
<point x="151.87" y="76.31" b="N"/>
<point x="152.34" y="83.64" b="U"/>
<point x="152.16" y="91.40" b="N"/>
<point x="150.91" y="98.86" b="N"/>
<point x="148.74" y="106.10" b="N"/>
<point x="145.74" y="112.81" b="Y"/>
<point x="141.81" y="119.50" b="N"/>
<point x="137.00" y="125.25" b="U"/>
<point x="131.79" y="130.79" b="N"/>
<point x="125.87" y="135.22" b="Y"/>
<point x="119.16" y="139.07" b="R"/>
<point x="112.38" y="142.30" b="N"/>
<point x="105.13" y="144.44" b="N"/>
<point x="97.52" y="145.45" b="U"/>
<point x="97.31" y="153.01" b="G"/>
<point x="100.62" y="159.91" b="R"/>
<point x="97.31" y="166.80" b="G"/>
<point x="97.73" y="174.36" b="A"/>
<point x="97.73" y="181.92" b="A"/>
<point x="97.52" y="189.48" b="U"/>
<point x="97.52" y="197.04" b="C"/>
<point x="97.52" y="204.60" b="U"/>
<point x="97.52" y="212.16" b="U"/>
<point x="97.31" y="219.72" b="G"/>
<point x="97.73" y="227.28" b="A"/>
<point x="97.52" y="234.84" b="U"/>
<point x="97.31" y="242.40" b="G"/>
<point x="97.73" y="249.96" b="A"/>
<point x="97.52" y="257.52" b="U"/>
<point x="97.31" y="265.08" b="G"/>
<point x="97.52" y="272.64" b="C"/>
<point x="97.52" y="280.20" b="U"/>
<point x="97.31" y="287.76" b="G"/>
<point x="97.52" y="295.32" b="C"/>
<point x="97.73" y="302.88" b="A"/>
<point x="97.67" y="310.65" b="N"/>
<point x="97.52" y="318.00" b="C"/>
<point x="102.87" y="323.35" b="R"/>
<point x="110.22" y="323.35" b="G"/>
<point x="117.99" y="323.35" b="C"/>
<point x="125.70" y="323.56" b="N"/>
<point x="133.26" y="323.56" b="N"/>
<point x="140.82" y="323.56" b="N"/>
<point x="148.38" y="323.56" b="N"/>
<point x="155.94" y="323.56" b="N"/>
<point x="163.50" y="323.56" b="N"/>
</structure>