<structure>
<point x="108.45" y="299.86" b="G"/>
<point x="114.00" y="294.51" b="C"/>
<point x="114.21" y="286.95" b="A"/>
<point x="113.79" y="279.39" b="G"/>
<point x="114.00" y="271.83" b="C"/>
<point x="113.79" y="264.27" b="G"/>
<point x="114.00" y="256.71" b="C"/>
<point x="114.00" y="249.15" b="C"/>
<point x="106.26" y="248.49" b="G"/>
<point x="99.21" y="247.32" b="A"/>
<point x="91.63" y="245.65" b="U"/>
<point x="84.17" y="243.50" b="G"/>
<point x="77.50" y="240.86" b="A"/>
<point x="70.41" y="237.75" b="U"/>
<point x="63.53" y="234.19" b="G"/>
<point x="57.53" y="230.19" b="A"/>
<point x="50.98" y="225.77" b="G"/>
<point x="45.37" y="220.94" b="U"/>
<point x="39.89" y="215.74" b="U"/>
<point x="34.76" y="210.18" b="C"/>
<point x="30.23" y="204.29" b="A"/>
<point x="25.69" y="198.10" b="C"/>
<point x="21.99" y="191.62" b="A"/>
<point x="18.52" y="184.91" b="A"/>
<point x="15.52" y="177.97" b="A"/>
<point x="12.77" y="170.85" b="U"/>
<point x="10.51" y="163.57" b="G"/>
<point x="9.16" y="156.17" b="U"/>
<point x="8.31" y="148.69" b="A"/>
<point x="7.55" y="141.15" b="C"/>
<point x="7.50" y="133.59" b="U"/>
<point x="8.17" y="126.04" b="A"/>
<point x="8.71" y="118.55" b="G"/>
<point x="10.18" y="111.13" b="G"/>
<point x="12.35" y="103.83" b="U"/>
<point x="14.79" y="96.67" b="U"/>
<point x="17.50" y="89.70" b="G"/>
<point x="21.29" y="82.94" b="A"/>
<point x="25.12" y="76.41" b="A"/>
<point x="29.17" y="70.16" b="U"/>
<point x="33.83" y="64.21" b="U"/>
<point x="38.88" y="58.59" b="C"/>
<point x="44.30" y="53.32" b="U"/>
<point x="49.85" y="48.42" b="G"/>
<point x="56.34" y="43.92" b="A"/>
<point x="62.50" y="39.84" b="U"/>
<point x="69.12" y="36.19" b="C"/>
<point x="75.76" y="33.00" b="G"/>
<point x="83.23" y="30.27" b="A"/>
<point x="90.45" y="28.02" b="A"/>
<point x="97.38" y="26.26" b="G"/>
<point x="105.25" y="25.00" b="A"/>
<point x="112.77" y="24.24" b="A"/>
<point x="120.12" y="23.98" b="C"/>
<point x="127.68" y="24.24" b="C"/>
<point x="135.20" y="25.00" b="U"/>
<point x="142.66" y="26.26" b="C"/>
<point x="150.01" y="28.02" b="U"/>
<point x="157.22" y="30.27" b="C"/>
<point x="164.28" y="33.00" b="U"/>
<point x="171.13" y="36.19" b="U"/>
<point x="177.54" y="39.84" b="G"/>
<point x="183.90" y="43.92" b="G"/>
<point x="190.19" y="48.42" b="U"/>
<point x="195.95" y="53.32" b="U"/>
<point x="201.37" y="58.59" b="C"/>
<point x="206.21" y="64.21" b="G"/>
<point x="211.29" y="70.16" b="A"/>
<point x="215.54" y="76.41" b="A"/>
<point x="219.16" y="82.94" b="C"/>
<point x="222.33" y="89.70" b="G"/>
<point x="225.66" y="96.67" b="A"/>
<point x="227.90" y="103.83" b="U"/>
<point x="229.65" y="111.13" b="G"/>
<point x="231.32" y="118.55" b="R"/>
<point x="232.29" y="126.04" b="C"/>
<point x="232.75" y="133.59" b="C"/>
<point x="232.91" y="141.15" b="A"/>
<point x="232.14" y="148.69" b="C"/>
<point x="231.08" y="156.17" b="C"/>
<point x="229.53" y="163.57" b="U"/>
<point x="227.26" y="170.85" b="G"/>
<point x="224.94" y="177.97" b="U"/>
<point x="221.72" y="184.91" b="G"/>
<point x="218.47" y="191.62" b="U"/>
<point x="214.56" y="198.10" b="U"/>
<point x="210.22" y="204.29" b="C"/>
<point x="205.49" y="210.18" b="C"/>
<point x="200.36" y="215.74" b="U"/>
<point x="194.88" y="220.94" b="C"/>
<point x="189.06" y="225.77" b="U"/>
<point x="182.92" y="230.19" b="C"/>
<point x="176.30" y="234.19" b="G"/>
<point x="170.05" y="237.75" b="A"/>
<point x="162.95" y="240.86" b="U"/>
<point x="155.86" y="243.50" b="C"/>
<point x="148.62" y="245.65" b="U"/>
<point x="141.03" y="247.32" b="G"/>
<point x="133.98" y="248.49" b="A"/>
<point x="126.03" y="249.15" b="G"/>
<point x="126.03" y="256.71" b="G"/>
<point x="126.24" y="264.27" b="C"/>
<point x="126.03" y="271.83" b="G"/>
<point x="126.24" y="279.39" b="C"/>
<point x="126.24" y="286.95" b="U"/>
<point x="126.03" y="294.51" b="G"/>
<point x="131.59" y="299.86" b="C"/>
</structure>