<structure>
<point x="59.12" y="217.38" b="U"/>
<point x="66.68" y="217.38" b="U"/>
<point x="72.03" y="212.04" b="U"/>
<point x="72.03" y="204.48" b="U"/>
<point x="71.82" y="196.92" b="G"/>
<point x="71.82" y="189.36" b="G"/>
<point x="72.23" y="181.80" b="A"/>
<point x="64.33" y="180.74" b="G"/>
<point x="57.41" y="178.90" b="A"/>
<point x="50.12" y="176.28" b="U"/>
<point x="43.13" y="172.92" b="G"/>
<point x="37.17" y="168.87" b="A"/>
<point x="31.06" y="164.15" b="U"/>
<point x="25.47" y="158.83" b="G"/>
<point x="21.11" y="152.97" b="A"/>
<point x="16.78" y="146.63" b="U"/>
<point x="13.36" y="139.89" b="U"/>
<point x="10.67" y="132.83" b="U"/>
<point x="8.75" y="125.52" b="R"/>
<point x="7.62" y="118.04" b="U"/>
<point x="7.50" y="110.49" b="A"/>
<point x="7.77" y="102.94" b="U"/>
<point x="9.05" y="95.49" b="C"/>
<point x="11.33" y="88.22" b="A"/>
<point x="13.74" y="81.21" b="G"/>
<point x="17.72" y="74.54" b="A"/>
<point x="21.55" y="68.29" b="G"/>
<point x="26.45" y="62.53" b="G"/>
<point x="32.14" y="57.32" b="C"/>
<point x="38.14" y="52.72" b="U"/>
<point x="44.39" y="48.79" b="G"/>
<point x="51.44" y="45.58" b="U"/>
<point x="58.58" y="43.10" b="U"/>
<point x="65.95" y="41.41" b="U"/>
<point x="73.46" y="40.51" b="C"/>
<point x="81.02" y="40.41" b="U"/>
<point x="88.33" y="41.12" b="G"/>
<point x="96.16" y="42.62" b="A"/>
<point x="102.95" y="44.91" b="G"/>
<point x="109.87" y="47.95" b="G"/>
<point x="116.84" y="51.72" b="A"/>
<point x="122.96" y="56.16" b="Y"/>
<point x="127.79" y="50.71" b="G"/>
<point x="133.25" y="45.27" b="R"/>
<point x="138.29" y="39.83" b="G"/>
<point x="143.75" y="34.39" b="C"/>
<point x="145.99" y="27.17" b="C"/>
<point x="152.93" y="24.06" b="N"/>
<point x="160.01" y="26.72" b="N"/>
<point x="162.92" y="33.70" b="N"/>
<point x="159.70" y="40.39" b="R"/>
<point x="152.35" y="42.89" b="G"/>
<point x="147.31" y="48.33" b="C"/>
<point x="142.06" y="53.77" b="U"/>
<point x="136.81" y="59.21" b="C"/>
<point x="131.71" y="64.86" b="N"/>
<point x="136.22" y="70.61" b="C"/>
<point x="140.21" y="77.03" b="C"/>
<point x="143.50" y="83.84" b="C"/>
<point x="146.25" y="90.96" b="A"/>
<point x="147.61" y="98.30" b="G"/>
<point x="148.79" y="105.80" b="U"/>
<point x="148.76" y="113.36" b="G"/>
<point x="148.34" y="120.89" b="C"/>
<point x="146.91" y="128.32" b="U"/>
<point x="144.48" y="135.54" b="G"/>
<point x="151.54" y="138.75" b="C"/>
<point x="158.59" y="141.94" b="A"/>
<point x="165.44" y="145.15" b="A"/>
<point x="172.29" y="148.35" b="A"/>
<point x="179.34" y="145.97" b="N"/>
<point x="186.32" y="147.55" b="G"/>
<point x="191.85" y="153.13" b="A"/>
<point x="192.99" y="160.60" b="A"/>
<point x="189.59" y="167.45" b="C"/>
<point x="183.12" y="171.37" b="U"/>
<point x="175.36" y="171.03" b="G"/>
<point x="169.68" y="166.54" b="A"/>
<point x="166.91" y="159.44" b="U"/>
<point x="160.06" y="156.24" b="U"/>
<point x="153.21" y="153.03" b="U"/>
<point x="146.15" y="149.83" b="G"/>
<point x="139.51" y="146.63" b="C"/>
<point x="135.38" y="152.97" b="C"/>
<point x="130.40" y="158.83" b="G"/>
<point x="125.24" y="164.15" b="U"/>
<point x="119.33" y="168.87" b="U"/>
<point x="112.95" y="172.92" b="C"/>
<point x="106.18" y="176.28" b="U"/>
<point x="98.87" y="178.90" b="G"/>
<point x="91.96" y="180.74" b="A"/>
<point x="84.27" y="181.80" b="U"/>
<point x="84.27" y="189.36" b="C"/>
<point x="84.27" y="196.92" b="C"/>
<point x="84.47" y="204.48" b="A"/>
<point x="84.47" y="212.04" b="A"/>
<point x="89.76" y="217.59" b="N"/>
<point x="97.32" y="217.59" b="N"/>
</structure>