<structure>
<point x="19.45" y="306.98" b="U"/>
<point x="24.95" y="301.84" b="N"/>
<point x="24.95" y="294.28" b="N"/>
<point x="24.95" y="286.72" b="N"/>
<point x="24.80" y="278.96" b="C"/>
<point x="18.48" y="275.26" b="N"/>
<point x="14.16" y="268.89" b="Y"/>
<point x="12.62" y="261.49" b="Y"/>
<point x="14.16" y="254.09" b="Y"/>
<point x="18.48" y="248.13" b="N"/>
<point x="24.80" y="244.02" b="R"/>
<point x="24.59" y="236.46" b="G"/>
<point x="24.95" y="229.10" b="N"/>
<point x="25.01" y="221.34" b="Y"/>
<point x="24.95" y="213.98" b="N"/>
<point x="25.01" y="206.22" b="A"/>
<point x="24.80" y="198.66" b="R"/>
<point x="24.59" y="191.10" b="G"/>
<point x="24.80" y="183.54" b="U"/>
<point x="24.80" y="175.98" b="U"/>
<point x="24.80" y="168.42" b="C"/>
<point x="24.80" y="160.86" b="U"/>
<point x="24.59" y="153.30" b="G"/>
<point x="24.95" y="145.94" b="N"/>
<point x="18.82" y="141.52" b="N"/>
<point x="15.43" y="134.58" b="A"/>
<point x="15.38" y="127.23" b="N"/>
<point x="18.88" y="120.29" b="A"/>
<point x="24.80" y="115.86" b="C"/>
<point x="25.01" y="108.31" b="A"/>
<point x="24.80" y="100.75" b="C"/>
<point x="24.80" y="93.18" b="U"/>
<point x="17.24" y="93.18" b="C"/>
<point x="17.39" y="85.83" b="N"/>
<point x="24.59" y="85.62" b="G"/>
<point x="24.80" y="78.06" b="R"/>
<point x="24.80" y="70.50" b="C"/>
<point x="24.80" y="62.94" b="U"/>
<point x="18.31" y="59.54" b="N"/>
<point x="13.46" y="53.74" b="N"/>
<point x="10.74" y="46.35" b="G"/>
<point x="11.41" y="38.80" b="R"/>
<point x="14.76" y="32.16" b="N"/>
<point x="20.11" y="26.77" b="U"/>
<point x="27.29" y="24.19" b="N"/>
<point x="34.70" y="23.98" b="U"/>
<point x="41.88" y="26.98" b="N"/>
<point x="47.38" y="32.16" b="N"/>
<point x="50.59" y="39.01" b="N"/>
<point x="51.10" y="46.35" b="A"/>
<point x="48.68" y="53.74" b="N"/>
<point x="43.83" y="59.54" b="N"/>
<point x="37.25" y="62.94" b="A"/>
<point x="36.83" y="70.50" b="G"/>
<point x="37.04" y="78.06" b="U"/>
<point x="37.04" y="85.62" b="C"/>
<point x="37.25" y="93.18" b="A"/>
<point x="36.83" y="100.75" b="G"/>
<point x="37.04" y="108.31" b="U"/>
<point x="36.83" y="115.86" b="G"/>
<point x="43.17" y="120.29" b="C"/>
<point x="46.82" y="127.02" b="A"/>
<point x="46.82" y="134.58" b="Y"/>
<point x="43.32" y="141.52" b="N"/>
<point x="37.25" y="145.74" b="A"/>
<point x="37.04" y="153.30" b="C"/>
<point x="37.25" y="160.86" b="A"/>
<point x="36.83" y="168.42" b="G"/>
<point x="37.25" y="175.98" b="A"/>
<point x="37.25" y="183.54" b="A"/>
<point x="37.04" y="191.10" b="C"/>
<point x="37.04" y="198.66" b="U"/>
<point x="37.04" y="206.22" b="U"/>
<point x="37.19" y="213.98" b="N"/>
<point x="36.83" y="221.34" b="G"/>
<point x="37.19" y="229.10" b="N"/>
<point x="37.04" y="236.46" b="C"/>
<point x="37.25" y="244.02" b="Y"/>
<point x="43.51" y="247.92" b="C"/>
<point x="48.04" y="254.29" b="N"/>
<point x="49.43" y="261.49" b="R"/>
<point x="47.89" y="268.89" b="R"/>
<point x="43.72" y="275.05" b="A"/>
<point x="36.83" y="278.96" b="G"/>
<point x="37.19" y="286.72" b="N"/>
<point x="37.19" y="294.28" b="N"/>
<point x="37.25" y="301.64" b="Y"/>
<point x="42.54" y="307.19" b="N"/>
</structure>