<structure>
<point x="88.69" y="228.94" b="N"/>
<point x="88.75" y="221.18" b="Y"/>
<point x="88.69" y="213.83" b="N"/>
<point x="88.75" y="206.06" b="Y"/>
<point x="88.75" y="198.50" b="Y"/>
<point x="81.03" y="197.64" b="C"/>
<point x="73.82" y="196.14" b="Y"/>
<point x="66.52" y="194.21" b="N"/>
<point x="59.53" y="191.25" b="Y"/>
<point x="52.70" y="188.11" b="N"/>
<point x="46.09" y="183.97" b="U"/>
<point x="40.14" y="179.71" b="N"/>
<point x="34.30" y="174.53" b="U"/>
<point x="28.85" y="169.07" b="G"/>
<point x="24.52" y="163.19" b="A"/>
<point x="20.10" y="156.92" b="U"/>
<point x="16.23" y="150.30" b="G"/>
<point x="13.57" y="143.40" b="A"/>
<point x="11.10" y="136.25" b="A"/>
<point x="9.05" y="128.92" b="R"/>
<point x="8.00" y="121.66" b="N"/>
<point x="7.50" y="113.92" b="Y"/>
<point x="7.60" y="106.36" b="Y"/>
<point x="8.15" y="98.83" b="R"/>
<point x="9.55" y="91.41" b="U"/>
<point x="11.38" y="84.13" b="G"/>
<point x="14.25" y="77.05" b="U"/>
<point x="17.51" y="70.23" b="U"/>
<point x="21.14" y="63.72" b="G"/>
<point x="25.52" y="57.56" b="G"/>
<point x="30.64" y="51.80" b="U"/>
<point x="36.23" y="46.49" b="A"/>
<point x="41.63" y="41.67" b="G"/>
<point x="47.84" y="37.37" b="G"/>
<point x="54.41" y="33.61" b="G"/>
<point x="61.69" y="30.44" b="A"/>
<point x="68.59" y="27.88" b="C"/>
<point x="76.11" y="25.94" b="A"/>
<point x="83.35" y="24.64" b="U"/>
<point x="90.88" y="23.98" b="C"/>
<point x="98.44" y="23.98" b="U"/>
<point x="105.76" y="24.64" b="G"/>
<point x="113.62" y="25.94" b="A"/>
<point x="120.52" y="27.88" b="G"/>
<point x="128.04" y="30.44" b="A"/>
<point x="134.85" y="33.82" b="N"/>
<point x="141.41" y="37.57" b="N"/>
<point x="147.48" y="41.67" b="R"/>
<point x="153.51" y="46.49" b="Y"/>
<point x="158.68" y="51.80" b="U"/>
<point x="163.37" y="57.56" b="G"/>
<point x="168.18" y="63.72" b="A"/>
<point x="171.81" y="70.23" b="U"/>
<point x="174.86" y="77.05" b="G"/>
<point x="177.94" y="84.13" b="A"/>
<point x="179.97" y="91.41" b="A"/>
<point x="181.17" y="98.83" b="U"/>
<point x="181.71" y="106.36" b="G"/>
<point x="182.02" y="113.92" b="C"/>
<point x="181.47" y="121.46" b="C"/>
<point x="180.48" y="128.92" b="A"/>
<point x="178.63" y="136.25" b="A"/>
<point x="175.96" y="143.40" b="C"/>
<point x="172.88" y="150.30" b="R"/>
<point x="169.37" y="157.12" b="N"/>
<point x="165.21" y="163.19" b="Y"/>
<point x="160.25" y="169.07" b="U"/>
<point x="155.02" y="174.53" b="C"/>
<point x="149.33" y="179.50" b="U"/>
<point x="143.02" y="183.97" b="G"/>
<point x="136.97" y="187.90" b="A"/>
<point x="130.20" y="191.25" b="Y"/>
<point x="123.10" y="194.21" b="N"/>
<point x="115.85" y="196.35" b="N"/>
<point x="108.44" y="197.85" b="N"/>
<point x="100.78" y="198.50" b="R"/>
<point x="100.57" y="206.06" b="G"/>
<point x="100.93" y="213.83" b="N"/>
<point x="100.78" y="221.18" b="R"/>
<point x="100.93" y="228.94" b="N"/>
</structure>