<structure>
<point x="19.66" y="237.90" b="Y"/>
<point x="27.16" y="238.10" b="N"/>
<point x="34.73" y="238.10" b="N"/>
<point x="42.13" y="237.90" b="U"/>
<point x="49.48" y="237.90" b="G"/>
<point x="55.04" y="232.55" b="C"/>
<point x="55.25" y="224.99" b="Y"/>
<point x="55.25" y="217.43" b="Y"/>
<point x="55.04" y="209.87" b="U"/>
<point x="55.04" y="202.31" b="C"/>
<point x="51.94" y="195.41" b="R"/>
<point x="54.83" y="188.52" b="G"/>
<point x="55.04" y="180.96" b="C"/>
<point x="47.80" y="178.78" b="U"/>
<point x="42.55" y="173.34" b="U"/>
<point x="40.64" y="166.02" b="C"/>
<point x="42.55" y="158.71" b="U"/>
<point x="47.80" y="153.27" b="U"/>
<point x="55.04" y="151.09" b="U"/>
<point x="55.25" y="143.53" b="A"/>
<point x="55.04" y="135.97" b="C"/>
<point x="55.25" y="128.41" b="A"/>
<point x="54.83" y="120.85" b="G"/>
<point x="55.04" y="113.29" b="U"/>
<point x="54.83" y="105.73" b="G"/>
<point x="55.25" y="98.17" b="Y"/>
<point x="55.04" y="90.61" b="U"/>
<point x="54.83" y="83.05" b="G"/>
<point x="55.04" y="75.49" b="C"/>
<point x="48.03" y="72.67" b="C"/>
<point x="42.11" y="67.96" b="U"/>
<point x="37.79" y="61.76" b="U"/>
<point x="35.22" y="54.58" b="G"/>
<point x="35.23" y="47.02" b="U"/>
<point x="37.20" y="39.72" b="R"/>
<point x="40.96" y="33.29" b="G"/>
<point x="46.83" y="28.27" b="C"/>
<point x="53.89" y="25.08" b="A"/>
<point x="61.16" y="23.98" b="U"/>
<point x="68.79" y="25.29" b="N"/>
<point x="75.64" y="28.48" b="N"/>
<point x="81.30" y="33.50" b="N"/>
<point x="84.91" y="39.72" b="G"/>
<point x="87.09" y="47.02" b="R"/>
<point x="86.89" y="54.58" b="U"/>
<point x="84.53" y="61.76" b="C"/>
<point x="80.42" y="67.96" b="A"/>
<point x="74.50" y="72.67" b="A"/>
<point x="67.07" y="75.49" b="G"/>
<point x="67.28" y="83.05" b="C"/>
<point x="67.49" y="90.61" b="A"/>
<point x="67.07" y="98.17" b="G"/>
<point x="67.28" y="105.73" b="C"/>
<point x="67.49" y="113.29" b="A"/>
<point x="67.28" y="120.85" b="U"/>
<point x="67.28" y="128.41" b="U"/>
<point x="67.07" y="135.97" b="G"/>
<point x="67.28" y="143.53" b="U"/>
<point x="67.49" y="151.09" b="A"/>
<point x="73.41" y="155.51" b="C"/>
<point x="77.06" y="162.24" b="A"/>
<point x="76.64" y="169.80" b="G"/>
<point x="73.20" y="176.53" b="G"/>
<point x="67.07" y="180.96" b="G"/>
<point x="67.28" y="188.52" b="C"/>
<point x="74.83" y="188.82" b="U"/>
<point x="78.73" y="195.41" b="A"/>
<point x="74.83" y="202.01" b="U"/>
<point x="67.43" y="202.52" b="N"/>
<point x="67.49" y="209.87" b="A"/>
<point x="67.49" y="217.43" b="A"/>
<point x="67.28" y="224.99" b="R"/>
<point x="67.07" y="232.55" b="G"/>
<point x="72.63" y="237.90" b="C"/>
<point x="80.39" y="237.90" b="A"/>
<point x="87.95" y="237.90" b="Y"/>
<point x="95.46" y="238.10" b="N"/>
<point x="102.87" y="237.90" b="R"/>
</structure>