<structure>
<point x="19.45" y="248.57" b="R"/>
<point x="27.02" y="248.57" b="R"/>
<point x="32.36" y="243.23" b="C"/>
<point x="32.36" y="235.67" b="U"/>
<point x="32.36" y="228.11" b="R"/>
<point x="32.57" y="220.55" b="A"/>
<point x="32.57" y="212.99" b="A"/>
<point x="32.15" y="205.43" b="G"/>
<point x="32.57" y="197.87" b="A"/>
<point x="32.15" y="190.31" b="G"/>
<point x="32.57" y="182.75" b="A"/>
<point x="32.15" y="175.19" b="G"/>
<point x="32.36" y="167.63" b="C"/>
<point x="27.80" y="161.92" b="N"/>
<point x="27.66" y="154.15" b="R"/>
<point x="32.36" y="148.23" b="U"/>
<point x="32.36" y="140.67" b="C"/>
<point x="32.57" y="133.11" b="Y"/>
<point x="32.36" y="125.55" b="R"/>
<point x="32.36" y="117.99" b="U"/>
<point x="26.02" y="114.21" b="Y"/>
<point x="32.15" y="110.43" b="G"/>
<point x="32.57" y="102.87" b="A"/>
<point x="32.36" y="95.31" b="C"/>
<point x="32.57" y="87.75" b="A"/>
<point x="32.15" y="80.19" b="G"/>
<point x="32.36" y="72.63" b="U"/>
<point x="25.61" y="69.69" b="Y"/>
<point x="19.79" y="65.00" b="N"/>
<point x="15.41" y="58.39" b="G"/>
<point x="13.85" y="51.28" b="N"/>
<point x="14.21" y="43.73" b="N"/>
<point x="16.82" y="36.64" b="N"/>
<point x="21.44" y="30.65" b="N"/>
<point x="27.64" y="26.32" b="N"/>
<point x="34.85" y="24.06" b="N"/>
<point x="42.41" y="24.06" b="N"/>
<point x="49.62" y="26.32" b="N"/>
<point x="55.82" y="30.65" b="N"/>
<point x="60.44" y="36.64" b="N"/>
<point x="63.05" y="43.73" b="N"/>
<point x="63.41" y="51.28" b="N"/>
<point x="61.49" y="58.59" b="N"/>
<point x="57.47" y="65.00" b="N"/>
<point x="51.77" y="69.69" b="Y"/>
<point x="44.81" y="72.63" b="A"/>
<point x="44.60" y="80.19" b="C"/>
<point x="44.60" y="87.75" b="U"/>
<point x="44.39" y="95.31" b="G"/>
<point x="44.60" y="102.87" b="U"/>
<point x="44.60" y="110.43" b="C"/>
<point x="44.81" y="117.99" b="A"/>
<point x="44.60" y="125.55" b="U"/>
<point x="44.39" y="133.11" b="G"/>
<point x="44.39" y="140.67" b="G"/>
<point x="44.81" y="148.23" b="A"/>
<point x="51.44" y="150.97" b="G"/>
<point x="54.59" y="157.93" b="U"/>
<point x="51.86" y="164.89" b="Y"/>
<point x="44.39" y="167.63" b="G"/>
<point x="44.60" y="175.19" b="C"/>
<point x="44.60" y="182.75" b="U"/>
<point x="44.60" y="190.31" b="C"/>
<point x="44.60" y="197.87" b="U"/>
<point x="44.60" y="205.43" b="C"/>
<point x="44.60" y="212.99" b="U"/>
<point x="44.60" y="220.55" b="U"/>
<point x="44.81" y="228.11" b="Y"/>
<point x="44.60" y="235.67" b="R"/>
<point x="44.39" y="243.23" b="G"/>
<point x="49.95" y="248.57" b="R"/>
<point x="57.71" y="248.57" b="Y"/>
<point x="65.07" y="248.57" b="R"/>
<point x="72.83" y="248.57" b="A"/>
</structure>