<structure>
<point x="19.15" y="124.59" b="Y"/>
<point x="18.73" y="117.03" b="G"/>
<point x="19.15" y="109.47" b="A"/>
<point x="18.94" y="101.91" b="C"/>
<point x="18.94" y="94.35" b="C"/>
<point x="18.94" y="86.79" b="C"/>
<point x="12.56" y="82.73" b="U"/>
<point x="8.45" y="76.39" b="U"/>
<point x="7.50" y="69.12" b="N"/>
<point x="9.67" y="61.65" b="Y"/>
<point x="14.56" y="56.14" b="N"/>
<point x="21.49" y="52.78" b="A"/>
<point x="28.84" y="52.78" b="R"/>
<point x="35.86" y="56.14" b="N"/>
<point x="40.86" y="61.65" b="Y"/>
<point x="42.92" y="69.12" b="N"/>
<point x="41.67" y="76.39" b="R"/>
<point x="37.71" y="82.94" b="N"/>
<point x="30.97" y="86.79" b="G"/>
<point x="30.97" y="94.35" b="G"/>
<point x="30.97" y="101.91" b="G"/>
<point x="31.18" y="109.47" b="U"/>
<point x="31.18" y="117.03" b="C"/>
<point x="31.39" y="124.59" b="A"/>
<point x="36.53" y="129.94" b="C"/>
<point x="44.09" y="129.94" b="C"/>
<point x="51.65" y="129.94" b="U"/>
<point x="59.41" y="129.94" b="A"/>
<point x="66.56" y="129.94" b="G"/>
<point x="74.33" y="129.94" b="C"/>
<point x="81.89" y="129.94" b="C"/>
<point x="89.65" y="129.94" b="A"/>
<point x="97.21" y="129.94" b="A"/>
<point x="104.56" y="129.94" b="C"/>
<point x="112.12" y="129.94" b="U"/>
<point x="119.47" y="129.94" b="G"/>
<point x="127.45" y="129.94" b="A"/>
<point x="134.81" y="129.94" b="C"/>
<point x="142.16" y="129.94" b="G"/>
<point x="147.71" y="124.59" b="U"/>
<point x="147.71" y="117.03" b="U"/>
<point x="147.50" y="109.47" b="G"/>
<point x="147.71" y="101.91" b="U"/>
<point x="143.00" y="95.99" b="U"/>
<point x="143.21" y="88.43" b="A"/>
<point x="147.50" y="82.52" b="G"/>
<point x="147.71" y="74.96" b="U"/>
<point x="147.50" y="67.40" b="G"/>
<point x="147.92" y="59.84" b="A"/>
<point x="147.92" y="52.28" b="A"/>
<point x="147.92" y="44.72" b="Y"/>
<point x="147.86" y="37.36" b="N"/>
<point x="145.69" y="30.12" b="N"/>
<point x="150.20" y="24.06" b="N"/>
<point x="157.76" y="24.06" b="N"/>
<point x="162.27" y="30.12" b="N"/>
<point x="159.95" y="37.16" b="U"/>
<point x="159.74" y="44.72" b="G"/>
<point x="159.95" y="52.28" b="U"/>
<point x="159.95" y="59.84" b="U"/>
<point x="159.95" y="67.40" b="C"/>
<point x="160.16" y="74.96" b="A"/>
<point x="159.95" y="82.52" b="C"/>
<point x="166.94" y="79.17" b="A"/>
<point x="174.39" y="80.30" b="N"/>
<point x="180.16" y="85.18" b="N"/>
<point x="182.32" y="92.42" b="N"/>
<point x="180.16" y="99.67" b="N"/>
<point x="174.39" y="104.54" b="N"/>
<point x="166.88" y="105.46" b="N"/>
<point x="160.16" y="101.91" b="A"/>
<point x="159.95" y="109.47" b="U"/>
<point x="160.16" y="117.03" b="A"/>
<point x="160.10" y="124.80" b="N"/>
<point x="165.45" y="130.14" b="N"/>
<point x="172.65" y="129.94" b="G"/>
<point x="178.20" y="124.59" b="C"/>
<point x="178.20" y="117.03" b="C"/>
<point x="178.41" y="109.47" b="A"/>
<point x="178.41" y="101.91" b="A"/>
<point x="178.20" y="94.35" b="U"/>
<point x="178.20" y="86.79" b="C"/>
<point x="178.20" y="79.23" b="R"/>
<point x="178.35" y="71.88" b="N"/>
<point x="174.09" y="65.63" b="N"/>
<point x="175.02" y="58.13" b="N"/>
<point x="180.75" y="52.92" b="Y"/>
<point x="188.25" y="53.13" b="N"/>
<point x="193.77" y="57.93" b="U"/>
<point x="194.71" y="65.43" b="U"/>
<point x="190.59" y="71.88" b="N"/>
<point x="190.65" y="79.23" b="Y"/>
<point x="190.23" y="86.79" b="G"/>
<point x="190.44" y="94.35" b="R"/>
<point x="190.44" y="101.91" b="U"/>
<point x="190.44" y="109.47" b="U"/>
<point x="190.23" y="117.03" b="G"/>
<point x="190.23" y="124.59" b="G"/>
<point x="195.79" y="129.94" b="C"/>
<point x="203.35" y="129.94" b="U"/>
<point x="211.06" y="130.14" b="N"/>
<point x="218.47" y="129.94" b="U"/>
<point x="226.03" y="129.94" b="U"/>
<point x="233.59" y="129.94" b="U"/>
<point x="241.15" y="129.94" b="U"/>
<point x="248.71" y="129.94" b="U"/>
<point x="256.27" y="129.94" b="U"/>
<point x="263.98" y="130.14" b="N"/>
</structure>