<structure>
<point x="19.45" y="361.48" b="C"/>
<point x="27.22" y="361.48" b="A"/>
<point x="34.58" y="361.48" b="U"/>
<point x="42.13" y="361.48" b="U"/>
<point x="49.84" y="361.69" b="N"/>
<point x="57.26" y="361.48" b="U"/>
<point x="64.81" y="361.48" b="U"/>
<point x="72.38" y="361.48" b="C"/>
<point x="79.94" y="361.48" b="U"/>
<point x="87.28" y="361.48" b="G"/>
<point x="95.26" y="361.48" b="A"/>
<point x="102.61" y="361.48" b="U"/>
<point x="110.17" y="361.48" b="C"/>
<point x="117.94" y="361.48" b="A"/>
<point x="123.08" y="356.13" b="U"/>
<point x="123.08" y="348.57" b="C"/>
<point x="123.08" y="341.01" b="U"/>
<point x="122.87" y="333.45" b="G"/>
<point x="123.23" y="326.10" b="N"/>
<point x="123.29" y="318.33" b="A"/>
<point x="122.87" y="310.77" b="G"/>
<point x="123.29" y="303.21" b="A"/>
<point x="118.38" y="297.30" b="U"/>
<point x="118.38" y="289.74" b="C"/>
<point x="123.29" y="283.82" b="A"/>
<point x="122.87" y="276.26" b="G"/>
<point x="123.08" y="268.70" b="C"/>
<point x="123.23" y="261.35" b="N"/>
<point x="123.29" y="253.58" b="A"/>
<point x="116.19" y="250.47" b="U"/>
<point x="116.19" y="242.91" b="U"/>
<point x="123.08" y="239.79" b="R"/>
<point x="122.87" y="232.23" b="G"/>
<point x="123.29" y="224.67" b="A"/>
<point x="123.29" y="217.11" b="A"/>
<point x="123.08" y="209.55" b="R"/>
<point x="116.13" y="207.12" b="A"/>
<point x="111.31" y="200.97" b="G"/>
<point x="111.72" y="193.41" b="A"/>
<point x="116.13" y="187.27" b="A"/>
<point x="123.29" y="184.84" b="A"/>
<point x="122.87" y="177.28" b="G"/>
<point x="123.29" y="169.72" b="A"/>
<point x="123.08" y="162.16" b="U"/>
<point x="123.08" y="154.60" b="C"/>
<point x="123.29" y="147.04" b="A"/>
<point x="122.87" y="139.48" b="G"/>
<point x="123.29" y="131.92" b="Y"/>
<point x="115.73" y="131.92" b="Y"/>
<point x="115.73" y="124.36" b="A"/>
<point x="123.23" y="124.57" b="N"/>
<point x="123.23" y="117.01" b="N"/>
<point x="123.08" y="109.24" b="U"/>
<point x="116.19" y="106.12" b="C"/>
<point x="116.19" y="98.56" b="C"/>
<point x="123.08" y="95.45" b="U"/>
<point x="123.08" y="87.89" b="U"/>
<point x="123.23" y="80.54" b="N"/>
<point x="122.87" y="72.77" b="G"/>
<point x="115.91" y="69.82" b="G"/>
<point x="110.57" y="64.92" b="A"/>
<point x="106.34" y="58.52" b="C"/>
<point x="104.42" y="51.21" b="C"/>
<point x="104.78" y="43.66" b="U"/>
<point x="107.18" y="36.56" b="G"/>
<point x="112.22" y="30.58" b="A"/>
<point x="118.21" y="26.25" b="U"/>
<point x="125.42" y="23.98" b="C"/>
<point x="133.19" y="23.98" b="A"/>
<point x="140.34" y="26.46" b="N"/>
<point x="146.54" y="30.79" b="N"/>
<point x="151.16" y="36.77" b="N"/>
<point x="153.62" y="43.66" b="U"/>
<point x="153.98" y="51.21" b="R"/>
<point x="152.27" y="58.52" b="A"/>
<point x="148.25" y="64.92" b="Y"/>
<point x="142.49" y="69.82" b="A"/>
<point x="135.32" y="72.77" b="C"/>
<point x="135.32" y="80.33" b="R"/>
<point x="135.32" y="87.89" b="R"/>
<point x="135.11" y="95.45" b="G"/>
<point x="138.63" y="102.34" b="A"/>
<point x="135.32" y="109.24" b="R"/>
<point x="135.32" y="116.80" b="C"/>
<point x="135.32" y="124.36" b="U"/>
<point x="135.53" y="131.92" b="A"/>
<point x="135.32" y="139.48" b="C"/>
<point x="135.53" y="147.04" b="Y"/>
<point x="135.11" y="154.60" b="G"/>
<point x="135.53" y="162.16" b="A"/>
<point x="135.32" y="169.72" b="U"/>
<point x="135.32" y="177.28" b="U"/>
<point x="135.32" y="184.84" b="U"/>
<point x="140.92" y="189.92" b="C"/>
<point x="143.19" y="197.19" b="A"/>
<point x="141.12" y="204.47" b="A"/>
<point x="135.32" y="209.55" b="C"/>
<point x="135.32" y="217.11" b="U"/>
<point x="135.47" y="224.88" b="N"/>
<point x="135.32" y="232.23" b="C"/>
<point x="135.32" y="239.79" b="U"/>
<point x="138.63" y="246.69" b="Y"/>
<point x="135.53" y="253.58" b="Y"/>
<point x="135.11" y="261.14" b="G"/>
<point x="135.11" y="268.70" b="G"/>
<point x="135.32" y="276.26" b="C"/>
<point x="135.53" y="283.82" b="Y"/>
<point x="143.02" y="284.45" b="N"/>
<point x="148.27" y="289.74" b="A"/>
<point x="148.06" y="297.30" b="R"/>
<point x="143.07" y="302.79" b="Y"/>
<point x="135.32" y="303.21" b="U"/>
<point x="135.32" y="310.77" b="C"/>
<point x="135.32" y="318.33" b="U"/>
<point x="141.87" y="322.11" b="C"/>
<point x="135.32" y="325.89" b="U"/>
<point x="135.32" y="333.45" b="C"/>
<point x="135.47" y="341.22" b="N"/>
<point x="135.47" y="348.78" b="N"/>
<point x="135.53" y="356.13" b="A"/>
<point x="146.22" y="366.82" b="A"/>
<point x="153.78" y="366.82" b="A"/>
<point x="161.13" y="366.82" b="C"/>
<point x="168.69" y="366.82" b="R"/>
<point x="176.46" y="366.82" b="A"/>
<point x="183.81" y="366.82" b="U"/>
<point x="191.16" y="366.82" b="G"/>
<point x="195.34" y="360.27" b="A"/>
<point x="201.33" y="355.66" b="A"/>
<point x="208.64" y="353.71" b="A"/>
<point x="210.38" y="346.41" b="U"/>
<point x="212.53" y="339.10" b="A"/>
<point x="214.27" y="331.80" b="U"/>
<point x="216.42" y="324.49" b="A"/>
<point x="214.67" y="317.09" b="C"/>
<point x="219.20" y="310.89" b="A"/>
<point x="226.67" y="309.78" b="A"/>
<point x="232.19" y="314.46" b="G"/>
<point x="233.28" y="322.00" b="Y"/>
<point x="228.04" y="327.64" b="U"/>
<point x="226.30" y="334.95" b="A"/>
<point x="224.15" y="342.25" b="U"/>
<point x="222.36" y="349.77" b="N"/>
<point x="220.26" y="356.87" b="U"/>
<point x="225.63" y="362.19" b="C"/>
<point x="228.54" y="369.17" b="U"/>
<point x="228.54" y="376.73" b="U"/>
<point x="225.63" y="383.70" b="R"/>
<point x="230.03" y="389.70" b="G"/>
<point x="234.84" y="395.69" b="C"/>
<point x="239.45" y="401.69" b="U"/>
<point x="245.58" y="406.10" b="U"/>
<point x="245.70" y="413.66" b="U"/>
<point x="239.86" y="418.48" b="N"/>
<point x="232.43" y="416.21" b="C"/>
<point x="229.89" y="409.35" b="N"/>
<point x="224.93" y="403.15" b="G"/>
<point x="220.53" y="397.16" b="C"/>
<point x="215.92" y="391.16" b="U"/>
<point x="208.43" y="392.18" b="C"/>
<point x="201.13" y="390.23" b="U"/>
<point x="194.92" y="385.62" b="G"/>
<point x="191.58" y="379.06" b="Y"/>
<point x="183.81" y="379.06" b="R"/>
<point x="176.40" y="379.27" b="N"/>
<point x="168.84" y="379.27" b="N"/>
<point x="161.28" y="379.27" b="N"/>
<point x="153.57" y="379.06" b="U"/>
<point x="146.01" y="379.06" b="U"/>
</structure>