<structure>
<point x="48.82" y="172.83" b="C"/>
<point x="56.38" y="172.83" b="C"/>
<point x="63.94" y="172.83" b="U"/>
<point x="69.08" y="167.49" b="G"/>
<point x="69.44" y="160.14" b="N"/>
<point x="61.80" y="158.83" b="R"/>
<point x="54.49" y="156.91" b="U"/>
<point x="47.23" y="154.20" b="G"/>
<point x="40.93" y="150.72" b="A"/>
<point x="34.44" y="146.52" b="U"/>
<point x="28.45" y="141.65" b="G"/>
<point x="23.66" y="136.16" b="A"/>
<point x="19.09" y="130.14" b="Y"/>
<point x="15.22" y="123.65" b="A"/>
<point x="12.09" y="116.77" b="A"/>
<point x="9.33" y="109.58" b="G"/>
<point x="8.00" y="102.18" b="C"/>
<point x="7.50" y="94.65" b="A"/>
<point x="7.63" y="87.09" b="A"/>
<point x="8.60" y="79.59" b="A"/>
<point x="10.18" y="72.25" b="U"/>
<point x="12.77" y="65.15" b="R"/>
<point x="16.14" y="58.38" b="C"/>
<point x="20.23" y="52.02" b="U"/>
<point x="24.79" y="46.16" b="G"/>
<point x="30.60" y="40.86" b="A"/>
<point x="36.34" y="36.19" b="C"/>
<point x="42.76" y="32.20" b="U"/>
<point x="49.74" y="29.16" b="N"/>
<point x="56.94" y="26.49" b="A"/>
<point x="64.32" y="24.82" b="A"/>
<point x="71.78" y="24.19" b="N"/>
<point x="79.19" y="23.98" b="R"/>
<point x="86.70" y="24.82" b="U"/>
<point x="93.86" y="26.49" b="G"/>
<point x="101.42" y="28.96" b="A"/>
<point x="108.25" y="32.20" b="A"/>
<point x="114.26" y="36.19" b="G"/>
<point x="120.42" y="40.86" b="R"/>
<point x="125.81" y="46.16" b="U"/>
<point x="130.58" y="52.02" b="C"/>
<point x="134.67" y="58.38" b="U"/>
<point x="138.04" y="65.15" b="U"/>
<point x="140.84" y="72.25" b="A"/>
<point x="142.57" y="79.80" b="N"/>
<point x="143.39" y="87.09" b="U"/>
<point x="143.52" y="94.65" b="U"/>
<point x="143.01" y="102.18" b="A"/>
<point x="141.06" y="109.58" b="G"/>
<point x="138.92" y="116.77" b="C"/>
<point x="135.80" y="123.65" b="U"/>
<point x="131.92" y="130.14" b="C"/>
<point x="127.36" y="136.16" b="U"/>
<point x="122.36" y="141.65" b="A"/>
<point x="116.52" y="146.73" b="N"/>
<point x="110.09" y="150.72" b="C"/>
<point x="103.37" y="154.20" b="U"/>
<point x="96.11" y="156.91" b="G"/>
<point x="89.21" y="158.83" b="A"/>
<point x="81.68" y="160.14" b="N"/>
<point x="81.53" y="167.49" b="U"/>
</structure>