<structure>
<point x="34.25" y="210.43" b="N"/>
<point x="39.24" y="204.88" b="G"/>
<point x="39.45" y="197.31" b="C"/>
<point x="39.45" y="189.75" b="C"/>
<point x="36.35" y="182.86" b="U"/>
<point x="39.45" y="175.96" b="C"/>
<point x="39.65" y="168.40" b="A"/>
<point x="39.45" y="160.84" b="U"/>
<point x="31.90" y="160.46" b="U"/>
<point x="24.89" y="158.19" b="Y"/>
<point x="18.48" y="154.19" b="Y"/>
<point x="13.21" y="148.92" b="N"/>
<point x="9.54" y="142.31" b="N"/>
<point x="7.50" y="134.78" b="R"/>
<point x="7.50" y="127.22" b="U"/>
<point x="9.39" y="119.90" b="R"/>
<point x="13.27" y="113.29" b="A"/>
<point x="18.27" y="107.81" b="R"/>
<point x="24.69" y="103.81" b="R"/>
<point x="31.90" y="101.55" b="R"/>
<point x="39.45" y="101.16" b="U"/>
<point x="39.24" y="93.60" b="G"/>
<point x="39.24" y="86.04" b="G"/>
<point x="39.45" y="78.48" b="R"/>
<point x="39.45" y="70.92" b="C"/>
<point x="39.65" y="63.36" b="A"/>
<point x="39.45" y="55.80" b="C"/>
<point x="33.40" y="51.69" b="N"/>
<point x="29.61" y="44.85" b="R"/>
<point x="29.30" y="37.30" b="U"/>
<point x="32.59" y="30.39" b="Y"/>
<point x="38.21" y="25.58" b="R"/>
<point x="45.72" y="24.06" b="N"/>
<point x="53.13" y="25.58" b="Y"/>
<point x="58.96" y="30.39" b="Y"/>
<point x="61.98" y="37.50" b="N"/>
<point x="61.52" y="44.85" b="U"/>
<point x="57.89" y="51.48" b="R"/>
<point x="51.48" y="55.80" b="G"/>
<point x="51.69" y="63.36" b="U"/>
<point x="51.48" y="70.92" b="G"/>
<point x="51.69" y="78.48" b="U"/>
<point x="51.69" y="86.04" b="C"/>
<point x="51.69" y="93.60" b="C"/>
<point x="51.89" y="101.16" b="A"/>
<point x="58.85" y="103.59" b="R"/>
<point x="65.40" y="107.70" b="A"/>
<point x="70.32" y="113.25" b="R"/>
<point x="74.08" y="120.10" b="N"/>
<point x="75.94" y="127.43" b="N"/>
<point x="75.94" y="134.99" b="N"/>
<point x="74.08" y="142.32" b="N"/>
<point x="70.47" y="148.96" b="N"/>
<point x="65.34" y="154.51" b="N"/>
<point x="59.05" y="158.42" b="A"/>
<point x="51.89" y="160.84" b="A"/>
<point x="51.69" y="168.40" b="U"/>
<point x="51.48" y="175.96" b="G"/>
<point x="54.79" y="182.86" b="U"/>
<point x="51.48" y="189.75" b="G"/>
<point x="51.48" y="197.31" b="G"/>
<point x="51.69" y="204.88" b="C"/>
<point x="57.03" y="210.22" b="U"/>
<point x="64.80" y="210.22" b="A"/>
<point x="72.30" y="210.43" b="N"/>
<point x="79.92" y="210.22" b="A"/>
<point x="87.42" y="210.43" b="N"/>
<point x="94.83" y="210.22" b="U"/>
<point x="102.18" y="210.22" b="G"/>
<point x="110.16" y="210.22" b="A"/>
<point x="117.66" y="210.43" b="N"/>
<point x="125.22" y="210.43" b="N"/>
<point x="132.78" y="210.43" b="N"/>
<point x="138.19" y="204.88" b="A"/>
<point x="137.98" y="197.31" b="C"/>
<point x="138.19" y="189.75" b="A"/>
<point x="137.77" y="182.19" b="G"/>
<point x="137.77" y="174.63" b="G"/>
<point x="130.89" y="172.01" b="U"/>
<point x="124.76" y="167.58" b="U"/>
<point x="120.03" y="161.68" b="R"/>
<point x="117.05" y="154.74" b="U"/>
<point x="115.82" y="147.25" b="G"/>
<point x="117.05" y="139.75" b="C"/>
<point x="120.03" y="132.81" b="U"/>
<point x="124.76" y="126.91" b="U"/>
<point x="130.89" y="122.48" b="C"/>
<point x="137.98" y="119.86" b="C"/>
<point x="138.19" y="112.30" b="A"/>
<point x="137.98" y="104.73" b="U"/>
<point x="137.98" y="97.17" b="C"/>
<point x="138.19" y="89.61" b="A"/>
<point x="137.98" y="82.05" b="C"/>
<point x="131.44" y="78.64" b="A"/>
<point x="125.90" y="73.08" b="G"/>
<point x="123.45" y="66.09" b="Y"/>
<point x="123.20" y="58.53" b="A"/>
<point x="125.55" y="51.57" b="N"/>
<point x="130.15" y="45.48" b="R"/>
<point x="136.87" y="41.63" b="Y"/>
<point x="144.25" y="40.50" b="N"/>
<point x="151.75" y="41.63" b="Y"/>
<point x="158.25" y="45.48" b="A"/>
<point x="162.80" y="51.36" b="U"/>
<point x="165.20" y="58.53" b="U"/>
<point x="164.96" y="66.09" b="R"/>
<point x="162.09" y="73.08" b="C"/>
<point x="157.17" y="78.64" b="A"/>
<point x="150.01" y="82.05" b="G"/>
<point x="150.22" y="89.61" b="U"/>
<point x="150.01" y="97.17" b="G"/>
<point x="150.01" y="104.73" b="G"/>
<point x="150.22" y="112.30" b="U"/>
<point x="150.01" y="119.86" b="G"/>
<point x="157.51" y="122.48" b="A"/>
<point x="163.44" y="126.91" b="C"/>
<point x="168.37" y="132.81" b="A"/>
<point x="171.35" y="139.75" b="A"/>
<point x="172.16" y="147.25" b="U"/>
<point x="170.94" y="154.74" b="G"/>
<point x="168.37" y="161.68" b="A"/>
<point x="163.23" y="167.58" b="G"/>
<point x="157.51" y="172.01" b="A"/>
<point x="150.22" y="174.63" b="C"/>
<point x="150.22" y="182.19" b="C"/>
<point x="150.22" y="189.75" b="U"/>
<point x="150.01" y="197.31" b="G"/>
<point x="150.22" y="204.88" b="U"/>
<point x="155.77" y="210.22" b="A"/>
<point x="163.33" y="210.22" b="A"/>
<point x="170.69" y="210.22" b="C"/>
<point x="178.45" y="210.22" b="A"/>
<point x="185.95" y="210.43" b="N"/>
<point x="193.51" y="210.43" b="N"/>
<point x="200.93" y="210.22" b="U"/>
</structure>