<structure>
<point x="87.50" y="270.59" b="U"/>
<point x="87.50" y="263.03" b="U"/>
<point x="79.94" y="262.83" b="U"/>
<point x="72.44" y="261.91" b="R"/>
<point x="65.26" y="260.27" b="A"/>
<point x="57.87" y="257.93" b="U"/>
<point x="50.73" y="254.90" b="G"/>
<point x="44.54" y="251.22" b="A"/>
<point x="38.12" y="246.92" b="U"/>
<point x="32.14" y="242.04" b="G"/>
<point x="27.28" y="236.63" b="A"/>
<point x="22.34" y="230.73" b="U"/>
<point x="18.20" y="224.41" b="U"/>
<point x="14.89" y="217.71" b="A"/>
<point x="11.84" y="210.71" b="C"/>
<point x="9.89" y="203.46" b="A"/>
<point x="8.23" y="196.04" b="C"/>
<point x="7.50" y="188.52" b="U"/>
<point x="7.50" y="180.96" b="C"/>
<point x="8.23" y="173.43" b="C"/>
<point x="9.89" y="166.01" b="A"/>
<point x="11.84" y="158.77" b="U"/>
<point x="14.48" y="151.77" b="G"/>
<point x="18.20" y="145.07" b="C"/>
<point x="22.34" y="138.75" b="U"/>
<point x="27.28" y="132.85" b="A"/>
<point x="32.55" y="127.44" b="A"/>
<point x="38.12" y="122.56" b="U"/>
<point x="44.34" y="118.25" b="C"/>
<point x="51.15" y="114.58" b="A"/>
<point x="57.87" y="111.55" b="U"/>
<point x="64.85" y="109.20" b="G"/>
<point x="72.64" y="107.56" b="A"/>
<point x="80.15" y="106.64" b="A"/>
<point x="87.70" y="106.45" b="Y"/>
<point x="87.29" y="98.89" b="G"/>
<point x="87.50" y="91.33" b="U"/>
<point x="87.29" y="83.77" b="G"/>
<point x="87.50" y="76.21" b="U"/>
<point x="87.50" y="68.65" b="U"/>
<point x="87.50" y="61.09" b="C"/>
<point x="87.50" y="53.53" b="R"/>
<point x="87.70" y="45.97" b="A"/>
<point x="82.61" y="40.20" b="U"/>
<point x="82.21" y="32.65" b="R"/>
<point x="86.45" y="26.40" b="U"/>
<point x="93.82" y="23.98" b="A"/>
<point x="100.93" y="26.61" b="N"/>
<point x="105.23" y="32.65" b="A"/>
<point x="104.63" y="40.20" b="U"/>
<point x="99.74" y="45.97" b="U"/>
<point x="99.74" y="53.53" b="U"/>
<point x="99.53" y="61.09" b="G"/>
<point x="99.74" y="68.65" b="R"/>
<point x="99.94" y="76.21" b="A"/>
<point x="99.74" y="83.77" b="U"/>
<point x="99.74" y="91.33" b="R"/>
<point x="99.74" y="98.89" b="C"/>
<point x="99.53" y="106.45" b="G"/>
<point x="107.44" y="107.40" b="A"/>
<point x="114.61" y="109.07" b="U"/>
<point x="121.58" y="111.44" b="G"/>
<point x="128.91" y="114.49" b="A"/>
<point x="135.30" y="118.19" b="U"/>
<point x="141.51" y="122.50" b="U"/>
<point x="147.48" y="127.40" b="A"/>
<point x="152.74" y="132.82" b="A"/>
<point x="157.46" y="138.73" b="A"/>
<point x="161.59" y="145.06" b="A"/>
<point x="164.89" y="151.76" b="U"/>
<point x="167.73" y="158.77" b="U"/>
<point x="169.67" y="166.01" b="G"/>
<point x="171.33" y="173.43" b="U"/>
<point x="172.06" y="180.96" b="U"/>
<point x="171.84" y="188.52" b="G"/>
<point x="171.33" y="196.04" b="U"/>
<point x="169.88" y="203.46" b="U"/>
<point x="167.73" y="210.71" b="U"/>
<point x="165.09" y="217.72" b="A"/>
<point x="161.38" y="224.42" b="C"/>
<point x="157.04" y="230.75" b="G"/>
<point x="152.74" y="236.66" b="Y"/>
<point x="147.27" y="242.08" b="U"/>
<point x="141.51" y="246.97" b="U"/>
<point x="135.30" y="251.29" b="U"/>
<point x="128.71" y="254.99" b="C"/>
<point x="121.79" y="258.04" b="U"/>
<point x="114.40" y="260.41" b="G"/>
<point x="107.44" y="262.08" b="A"/>
<point x="99.94" y="263.03" b="A"/>
<point x="99.94" y="270.59" b="A"/>
</structure>