<structure>
<point x="19.60" y="217.61" b="N"/>
<point x="26.80" y="217.41" b="G"/>
<point x="34.58" y="217.41" b="U"/>
<point x="42.13" y="217.41" b="C"/>
<point x="49.90" y="217.41" b="A"/>
<point x="57.46" y="217.41" b="A"/>
<point x="64.61" y="217.41" b="G"/>
<point x="72.53" y="217.61" b="N"/>
<point x="77.51" y="212.06" b="G"/>
<point x="77.72" y="204.50" b="U"/>
<point x="77.93" y="196.94" b="Y"/>
<point x="77.93" y="189.38" b="Y"/>
<point x="77.72" y="181.82" b="U"/>
<point x="77.93" y="174.26" b="Y"/>
<point x="69.95" y="174.26" b="G"/>
<point x="69.95" y="166.70" b="G"/>
<point x="77.72" y="166.70" b="C"/>
<point x="77.72" y="159.14" b="R"/>
<point x="77.93" y="151.58" b="Y"/>
<point x="77.72" y="144.02" b="C"/>
<point x="71.17" y="140.24" b="R"/>
<point x="77.72" y="136.46" b="U"/>
<point x="77.72" y="128.90" b="U"/>
<point x="77.72" y="121.34" b="U"/>
<point x="77.93" y="113.78" b="Y"/>
<point x="77.51" y="106.22" b="G"/>
<point x="77.51" y="98.66" b="G"/>
<point x="74.83" y="91.76" b="Y"/>
<point x="77.51" y="84.87" b="G"/>
<point x="74.83" y="77.97" b="A"/>
<point x="77.51" y="71.08" b="G"/>
<point x="77.93" y="63.52" b="Y"/>
<point x="77.72" y="55.96" b="R"/>
<point x="77.51" y="48.40" b="G"/>
<point x="77.72" y="40.84" b="R"/>
<point x="74.32" y="34.09" b="U"/>
<point x="76.90" y="26.98" b="U"/>
<point x="83.84" y="23.98" b="U"/>
<point x="90.78" y="26.98" b="C"/>
<point x="93.36" y="34.09" b="U"/>
<point x="89.96" y="40.84" b="U"/>
<point x="89.96" y="48.40" b="U"/>
<point x="89.96" y="55.96" b="U"/>
<point x="89.75" y="63.52" b="G"/>
<point x="89.96" y="71.08" b="C"/>
<point x="93.06" y="77.97" b="C"/>
<point x="89.96" y="84.87" b="U"/>
<point x="93.21" y="91.97" b="N"/>
<point x="90.11" y="98.87" b="N"/>
<point x="90.11" y="106.43" b="N"/>
<point x="89.96" y="113.78" b="R"/>
<point x="89.96" y="121.34" b="R"/>
<point x="90.17" y="128.90" b="A"/>
<point x="90.17" y="136.46" b="A"/>
<point x="89.75" y="144.02" b="G"/>
<point x="89.75" y="151.58" b="G"/>
<point x="89.96" y="159.14" b="U"/>
<point x="89.75" y="166.70" b="G"/>
<point x="90.17" y="174.26" b="A"/>
<point x="89.96" y="181.82" b="R"/>
<point x="89.96" y="189.38" b="R"/>
<point x="89.75" y="196.94" b="G"/>
<point x="90.17" y="204.50" b="A"/>
<point x="90.11" y="212.27" b="N"/>
<point x="95.51" y="217.41" b="A"/>
<point x="102.87" y="217.41" b="U"/>
<point x="110.22" y="217.41" b="G"/>
</structure>