<structure>
<point x="104.17" y="260.13" b="R"/>
<point x="104.17" y="252.57" b="R"/>
<point x="103.96" y="245.01" b="G"/>
<point x="104.17" y="237.45" b="C"/>
<point x="104.17" y="229.89" b="U"/>
<point x="96.65" y="229.16" b="U"/>
<point x="89.20" y="227.88" b="R"/>
<point x="81.86" y="226.07" b="U"/>
<point x="74.46" y="223.72" b="G"/>
<point x="67.89" y="220.84" b="A"/>
<point x="60.92" y="217.47" b="U"/>
<point x="54.21" y="213.60" b="G"/>
<point x="48.43" y="209.27" b="A"/>
<point x="42.36" y="204.50" b="U"/>
<point x="37.01" y="199.52" b="N"/>
<point x="31.91" y="193.94" b="N"/>
<point x="27.28" y="187.79" b="A"/>
<point x="22.85" y="181.53" b="R"/>
<point x="19.09" y="174.97" b="R"/>
<point x="15.97" y="168.36" b="N"/>
<point x="13.05" y="161.12" b="C"/>
<point x="11.02" y="153.90" b="A"/>
<point x="9.32" y="146.53" b="A"/>
<point x="8.11" y="139.27" b="N"/>
<point x="7.50" y="131.73" b="N"/>
<point x="7.50" y="123.97" b="A"/>
<point x="7.80" y="116.42" b="U"/>
<point x="8.85" y="108.94" b="C"/>
<point x="10.45" y="101.55" b="U"/>
<point x="12.59" y="94.30" b="U"/>
<point x="15.46" y="87.22" b="A"/>
<point x="18.22" y="80.36" b="G"/>
<point x="22.09" y="73.75" b="C"/>
<point x="26.03" y="67.43" b="G"/>
<point x="30.62" y="61.42" b="G"/>
<point x="36.06" y="55.77" b="A"/>
<point x="41.28" y="50.51" b="U"/>
<point x="47.08" y="45.65" b="U"/>
<point x="53.22" y="41.24" b="U"/>
<point x="59.66" y="37.28" b="C"/>
<point x="66.53" y="34.02" b="N"/>
<point x="73.12" y="30.84" b="G"/>
<point x="80.48" y="28.39" b="U"/>
<point x="87.58" y="26.47" b="G"/>
<point x="95.43" y="25.09" b="A"/>
<point x="102.53" y="24.26" b="G"/>
<point x="110.08" y="23.98" b="G"/>
<point x="118.06" y="24.26" b="Y"/>
<point x="125.51" y="25.30" b="N"/>
<point x="132.95" y="26.68" b="N"/>
<point x="140.11" y="28.39" b="U"/>
<point x="147.26" y="30.84" b="U"/>
<point x="154.42" y="33.81" b="Y"/>
<point x="161.08" y="37.49" b="N"/>
<point x="167.52" y="41.45" b="N"/>
<point x="173.66" y="45.86" b="N"/>
<point x="179.45" y="50.72" b="N"/>
<point x="184.73" y="55.77" b="R"/>
<point x="189.75" y="61.42" b="U"/>
<point x="194.35" y="67.43" b="C"/>
<point x="198.49" y="73.75" b="R"/>
<point x="202.31" y="80.57" b="N"/>
<point x="205.34" y="87.22" b="U"/>
<point x="207.79" y="94.30" b="G"/>
<point x="210.34" y="101.55" b="A"/>
<point x="211.74" y="108.94" b="U"/>
<point x="212.79" y="116.42" b="C"/>
<point x="213.29" y="123.97" b="U"/>
<point x="213.39" y="131.73" b="N"/>
<point x="212.84" y="139.06" b="A"/>
<point x="211.68" y="146.53" b="A"/>
<point x="209.77" y="153.90" b="U"/>
<point x="207.53" y="161.12" b="U"/>
<point x="204.77" y="168.16" b="U"/>
<point x="201.29" y="174.97" b="G"/>
<point x="197.74" y="181.53" b="U"/>
<point x="193.51" y="187.79" b="U"/>
<point x="189.03" y="193.73" b="A"/>
<point x="183.73" y="199.31" b="C"/>
<point x="178.44" y="204.50" b="A"/>
<point x="172.37" y="209.27" b="C"/>
<point x="166.38" y="213.60" b="A"/>
<point x="159.67" y="217.47" b="C"/>
<point x="153.11" y="220.84" b="A"/>
<point x="145.91" y="223.72" b="C"/>
<point x="138.73" y="226.07" b="U"/>
<point x="131.18" y="227.88" b="G"/>
<point x="124.14" y="229.16" b="A"/>
<point x="116.41" y="229.89" b="R"/>
<point x="116.20" y="237.45" b="G"/>
<point x="116.41" y="245.01" b="C"/>
<point x="116.62" y="252.57" b="Y"/>
<point x="116.41" y="260.13" b="U"/>
</structure>