<structure>
<point x="19.45" y="23.98" b="U"/>
<point x="27.22" y="23.98" b="Y"/>
<point x="34.78" y="23.98" b="A"/>
<point x="42.28" y="24.19" b="N"/>
<point x="49.84" y="24.19" b="N"/>
<point x="57.26" y="23.98" b="U"/>
<point x="64.61" y="23.98" b="G"/>
<point x="72.58" y="23.98" b="A"/>
<point x="79.94" y="23.98" b="U"/>
<point x="87.28" y="23.98" b="G"/>
<point x="95.26" y="23.98" b="A"/>
<point x="102.82" y="23.98" b="A"/>
<point x="110.38" y="23.98" b="Y"/>
<point x="117.73" y="23.98" b="R"/>
<point x="125.45" y="24.19" b="N"/>
<point x="133.00" y="24.19" b="N"/>
<point x="140.41" y="23.98" b="U"/>
<point x="147.97" y="23.98" b="U"/>
<point x="155.69" y="24.19" b="N"/>
<point x="163.09" y="23.98" b="C"/>
<point x="170.86" y="23.98" b="A"/>
<point x="178.22" y="23.98" b="C"/>
<point x="185.78" y="23.98" b="R"/>
<point x="193.48" y="24.19" b="N"/>
<point x="200.90" y="23.98" b="C"/>
<point x="208.60" y="24.19" b="N"/>
<point x="216.01" y="23.98" b="U"/>
<point x="223.57" y="23.98" b="U"/>
<point x="231.28" y="24.19" b="N"/>
<point x="238.84" y="24.19" b="N"/>
<point x="246.41" y="24.19" b="N"/>
<point x="254.02" y="23.98" b="Y"/>
<point x="261.52" y="24.19" b="N"/>
<point x="269.14" y="23.98" b="A"/>
<point x="276.50" y="23.98" b="U"/>
<point x="284.06" y="23.98" b="C"/>
<point x="291.62" y="23.98" b="C"/>
<point x="298.96" y="23.98" b="G"/>
<point x="306.52" y="23.98" b="G"/>
<point x="314.50" y="23.98" b="Y"/>
<point x="321.64" y="23.98" b="G"/>
<point x="329.62" y="23.98" b="A"/>
<point x="337.12" y="24.19" b="N"/>
<point x="344.54" y="23.98" b="R"/>
<point x="352.30" y="23.98" b="A"/>
<point x="359.86" y="23.98" b="Y"/>
<point x="367.37" y="24.19" b="N"/>
<point x="374.93" y="24.19" b="N"/>
<point x="382.49" y="24.19" b="N"/>
<point x="390.05" y="24.19" b="N"/>
<point x="397.61" y="24.19" b="N"/>
<point x="405.16" y="24.19" b="N"/>
<point x="412.72" y="24.19" b="N"/>
<point x="420.28" y="24.19" b="N"/>
<point x="427.84" y="24.19" b="N"/>
<point x="435.40" y="24.19" b="N"/>
<point x="442.81" y="23.98" b="U"/>
<point x="450.17" y="23.98" b="G"/>
<point x="458.08" y="24.19" b="N"/>
<point x="465.29" y="23.98" b="G"/>
<point x="473.06" y="23.98" b="C"/>
<point x="480.62" y="23.98" b="C"/>
<point x="488.32" y="24.19" b="N"/>
<point x="495.88" y="24.19" b="N"/>
<point x="503.08" y="23.98" b="G"/>
<point x="510.64" y="23.98" b="G"/>
<point x="518.62" y="23.98" b="A"/>
<point x="525.98" y="23.98" b="U"/>
<point x="533.68" y="24.19" b="N"/>
<point x="541.30" y="23.98" b="A"/>
<point x="548.80" y="24.19" b="N"/>
<point x="556.42" y="23.98" b="A"/>
<point x="563.92" y="24.19" b="N"/>
<point x="571.34" y="23.98" b="C"/>
<point x="579.10" y="23.98" b="A"/>
<point x="586.46" y="23.98" b="U"/>
<point x="593.80" y="23.98" b="G"/>
<point x="601.58" y="23.98" b="C"/>
<point x="609.34" y="23.98" b="A"/>
<point x="616.70" y="23.98" b="U"/>
<point x="624.25" y="23.98" b="C"/>
<point x="632.02" y="23.98" b="A"/>
<point x="639.38" y="23.98" b="C"/>
<point x="646.93" y="23.98" b="C"/>
<point x="654.70" y="23.98" b="A"/>
<point x="662.05" y="23.98" b="U"/>
<point x="669.62" y="23.98" b="C"/>
<point x="677.17" y="23.98" b="U"/>
<point x="684.52" y="23.98" b="G"/>
<point x="692.50" y="23.98" b="A"/>
<point x="700.06" y="23.98" b="Y"/>
<point x="707.56" y="24.19" b="N"/>
</structure>