<structure>
<point x="19.66" y="115.12" b="Y"/>
<point x="27.02" y="115.12" b="U"/>
<point x="34.58" y="115.12" b="R"/>
<point x="42.13" y="115.12" b="C"/>
<point x="49.48" y="115.12" b="G"/>
<point x="57.26" y="115.12" b="U"/>
<point x="64.61" y="115.12" b="G"/>
<point x="72.58" y="115.12" b="A"/>
<point x="79.94" y="115.12" b="C"/>
<point x="87.28" y="115.12" b="G"/>
<point x="95.26" y="115.12" b="A"/>
<point x="102.82" y="115.12" b="A"/>
<point x="109.97" y="115.12" b="G"/>
<point x="117.73" y="115.12" b="C"/>
<point x="122.87" y="109.78" b="G"/>
<point x="123.08" y="102.22" b="C"/>
<point x="122.87" y="94.66" b="G"/>
<point x="120.19" y="87.76" b="Y"/>
<point x="122.87" y="80.87" b="G"/>
<point x="123.23" y="73.51" b="N"/>
<point x="123.29" y="65.75" b="Y"/>
<point x="116.54" y="62.33" b="A"/>
<point x="111.42" y="56.77" b="A"/>
<point x="108.55" y="49.78" b="A"/>
<point x="107.89" y="42.22" b="G"/>
<point x="110.50" y="35.05" b="U"/>
<point x="115.05" y="29.18" b="G"/>
<point x="121.55" y="25.32" b="G"/>
<point x="129.41" y="23.98" b="A"/>
<point x="136.64" y="25.32" b="C"/>
<point x="143.35" y="29.18" b="A"/>
<point x="148.11" y="35.05" b="A"/>
<point x="150.31" y="42.22" b="U"/>
<point x="150.26" y="49.78" b="A"/>
<point x="147.40" y="56.77" b="A"/>
<point x="142.27" y="62.33" b="A"/>
<point x="135.11" y="65.75" b="G"/>
<point x="135.47" y="73.51" b="N"/>
<point x="135.32" y="80.87" b="C"/>
<point x="138.77" y="74.14" b="U"/>
<point x="144.24" y="68.92" b="R"/>
<point x="151.31" y="65.77" b="A"/>
<point x="158.42" y="65.04" b="G"/>
<point x="166.19" y="66.82" b="Y"/>
<point x="172.50" y="71.11" b="N"/>
<point x="177.17" y="77.05" b="N"/>
<point x="179.70" y="83.98" b="Y"/>
<point x="179.50" y="91.54" b="R"/>
<point x="177.23" y="98.69" b="A"/>
<point x="172.34" y="104.63" b="R"/>
<point x="165.98" y="108.71" b="U"/>
<point x="158.78" y="110.69" b="N"/>
<point x="151.31" y="109.76" b="A"/>
<point x="144.03" y="106.61" b="G"/>
<point x="138.77" y="101.38" b="U"/>
<point x="135.32" y="94.66" b="C"/>
<point x="135.11" y="102.22" b="G"/>
<point x="142.07" y="106.00" b="Y"/>
<point x="135.32" y="109.78" b="C"/>
<point x="140.82" y="115.33" b="N"/>
<point x="145.80" y="109.78" b="G"/>
<point x="146.22" y="102.22" b="A"/>
<point x="146.01" y="94.66" b="C"/>
<point x="145.80" y="87.10" b="G"/>
<point x="146.01" y="79.54" b="C"/>
<point x="146.01" y="71.98" b="C"/>
<point x="145.80" y="64.42" b="G"/>
<point x="145.80" y="56.86" b="G"/>
<point x="142.82" y="50.11" b="Y"/>
<point x="145.19" y="43.00" b="U"/>
<point x="152.28" y="40.21" b="N"/>
<point x="159.22" y="43.21" b="N"/>
<point x="161.44" y="50.11" b="G"/>
<point x="158.25" y="56.86" b="C"/>
<point x="158.25" y="64.42" b="C"/>
<point x="158.04" y="71.98" b="G"/>
<point x="158.04" y="79.54" b="G"/>
<point x="158.25" y="87.10" b="C"/>
<point x="158.04" y="94.66" b="G"/>
<point x="158.25" y="102.22" b="U"/>
<point x="158.25" y="109.78" b="U"/>
<point x="163.60" y="115.12" b="U"/>
<point x="171.16" y="115.12" b="U"/>
<point x="178.72" y="115.12" b="U"/>
<point x="186.28" y="115.12" b="U"/>
<point x="193.99" y="115.33" b="N"/>
</structure>