<structure>
<point x="87.37" y="233.97" b="C"/>
<point x="87.37" y="226.41" b="U"/>
<point x="87.16" y="218.85" b="G"/>
<point x="87.37" y="211.29" b="U"/>
<point x="87.37" y="203.73" b="R"/>
<point x="87.58" y="196.17" b="A"/>
<point x="79.65" y="195.30" b="G"/>
<point x="72.25" y="193.78" b="G"/>
<point x="65.00" y="191.62" b="G"/>
<point x="57.98" y="188.83" b="G"/>
<point x="51.64" y="185.43" b="A"/>
<point x="45.21" y="181.46" b="A"/>
<point x="38.94" y="176.93" b="U"/>
<point x="33.10" y="171.90" b="G"/>
<point x="28.34" y="166.39" b="A"/>
<point x="23.46" y="160.44" b="U"/>
<point x="19.11" y="154.11" b="G"/>
<point x="15.76" y="147.45" b="U"/>
<point x="13.00" y="140.49" b="A"/>
<point x="10.66" y="133.31" b="Y"/>
<point x="8.74" y="125.94" b="U"/>
<point x="7.89" y="118.45" b="A"/>
<point x="7.50" y="110.91" b="Y"/>
<point x="7.56" y="103.35" b="U"/>
<point x="8.70" y="95.85" b="A"/>
<point x="10.28" y="88.45" b="Y"/>
<point x="12.45" y="81.44" b="N"/>
<point x="14.94" y="74.23" b="G"/>
<point x="18.60" y="67.50" b="R"/>
<point x="22.42" y="61.10" b="G"/>
<point x="27.20" y="55.08" b="C"/>
<point x="32.28" y="49.49" b="U"/>
<point x="37.84" y="44.36" b="C"/>
<point x="43.82" y="39.73" b="U"/>
<point x="50.39" y="35.65" b="Y"/>
<point x="57.09" y="32.15" b="A"/>
<point x="64.07" y="29.24" b="A"/>
<point x="70.86" y="26.95" b="G"/>
<point x="78.65" y="25.31" b="A"/>
<point x="85.94" y="24.32" b="U"/>
<point x="93.28" y="23.98" b="G"/>
<point x="101.05" y="24.32" b="C"/>
<point x="108.54" y="25.31" b="U"/>
<point x="116.07" y="27.16" b="N"/>
<point x="122.92" y="29.24" b="G"/>
<point x="130.10" y="32.15" b="C"/>
<point x="137.01" y="35.65" b="Y"/>
<point x="143.16" y="39.73" b="U"/>
<point x="149.15" y="44.36" b="U"/>
<point x="154.70" y="49.49" b="U"/>
<point x="159.78" y="55.08" b="C"/>
<point x="164.35" y="61.10" b="U"/>
<point x="168.38" y="67.50" b="U"/>
<point x="171.62" y="74.23" b="G"/>
<point x="174.89" y="81.23" b="A"/>
<point x="176.91" y="88.45" b="U"/>
<point x="178.49" y="95.85" b="U"/>
<point x="179.42" y="103.35" b="C"/>
<point x="179.69" y="110.91" b="U"/>
<point x="179.09" y="118.45" b="G"/>
<point x="178.24" y="125.94" b="C"/>
<point x="176.54" y="133.31" b="R"/>
<point x="174.19" y="140.49" b="U"/>
<point x="171.22" y="147.45" b="C"/>
<point x="167.81" y="154.32" b="N"/>
<point x="163.32" y="160.44" b="G"/>
<point x="159.06" y="166.39" b="A"/>
<point x="153.88" y="171.90" b="A"/>
<point x="148.04" y="176.93" b="R"/>
<point x="142.13" y="181.66" b="N"/>
<point x="135.55" y="185.43" b="R"/>
<point x="128.59" y="188.83" b="G"/>
<point x="121.98" y="191.62" b="A"/>
<point x="114.53" y="193.78" b="C"/>
<point x="107.27" y="195.51" b="N"/>
<point x="99.61" y="196.17" b="U"/>
<point x="99.61" y="203.73" b="U"/>
<point x="99.61" y="211.29" b="R"/>
<point x="99.76" y="219.06" b="N"/>
<point x="99.61" y="226.41" b="R"/>
<point x="99.40" y="233.97" b="G"/>
</structure>