<structure>
<point x="19.42" y="216.92" b="N"/>
<point x="19.27" y="209.15" b="C"/>
<point x="19.27" y="201.59" b="C"/>
<point x="19.27" y="194.03" b="U"/>
<point x="19.06" y="186.47" b="G"/>
<point x="19.48" y="178.91" b="Y"/>
<point x="19.48" y="171.35" b="A"/>
<point x="19.27" y="163.79" b="U"/>
<point x="19.27" y="156.23" b="U"/>
<point x="12.11" y="153.80" b="C"/>
<point x="7.50" y="147.66" b="G"/>
<point x="7.92" y="140.10" b="A"/>
<point x="12.32" y="133.95" b="A"/>
<point x="19.48" y="131.53" b="A"/>
<point x="19.06" y="123.97" b="G"/>
<point x="19.27" y="116.41" b="U"/>
<point x="19.06" y="108.84" b="G"/>
<point x="19.48" y="101.28" b="A"/>
<point x="19.27" y="93.72" b="U"/>
<point x="19.27" y="86.16" b="C"/>
<point x="19.27" y="78.60" b="R"/>
<point x="12.73" y="74.82" b="U"/>
<point x="19.06" y="71.04" b="G"/>
<point x="19.06" y="63.48" b="G"/>
<point x="19.42" y="56.13" b="N"/>
<point x="19.48" y="48.36" b="Y"/>
<point x="14.39" y="42.60" b="U"/>
<point x="13.98" y="35.05" b="R"/>
<point x="18.23" y="28.79" b="C"/>
<point x="25.60" y="26.38" b="Y"/>
<point x="32.76" y="28.79" b="Y"/>
<point x="36.59" y="35.05" b="G"/>
<point x="36.40" y="42.60" b="U"/>
<point x="31.30" y="48.36" b="G"/>
<point x="31.66" y="56.13" b="N"/>
<point x="31.51" y="63.48" b="C"/>
<point x="31.51" y="71.04" b="C"/>
<point x="31.72" y="78.60" b="Y"/>
<point x="31.30" y="86.16" b="G"/>
<point x="31.30" y="93.72" b="G"/>
<point x="31.51" y="101.28" b="U"/>
<point x="31.51" y="108.84" b="C"/>
<point x="31.72" y="116.41" b="A"/>
<point x="31.51" y="123.97" b="U"/>
<point x="31.51" y="131.53" b="U"/>
<point x="36.90" y="136.61" b="G"/>
<point x="39.39" y="143.88" b="A"/>
<point x="37.11" y="151.15" b="U"/>
<point x="31.72" y="156.23" b="A"/>
<point x="31.30" y="163.79" b="G"/>
<point x="31.51" y="171.35" b="U"/>
<point x="31.30" y="178.91" b="G"/>
<point x="31.51" y="186.47" b="C"/>
<point x="31.72" y="194.03" b="A"/>
<point x="31.30" y="201.59" b="G"/>
<point x="31.30" y="209.15" b="G"/>
<point x="31.51" y="216.71" b="R"/>
<point x="37.06" y="222.06" b="A"/>
<point x="44.21" y="222.06" b="G"/>
<point x="52.18" y="222.06" b="A"/>
<point x="59.33" y="222.06" b="G"/>
<point x="67.10" y="222.06" b="R"/>
<point x="74.86" y="222.06" b="A"/>
<point x="82.22" y="222.06" b="R"/>
<point x="89.93" y="222.27" b="N"/>
<point x="97.54" y="222.06" b="Y"/>
<point x="102.68" y="216.71" b="R"/>
<point x="96.29" y="213.14" b="N"/>
<point x="102.83" y="209.36" b="N"/>
<point x="102.47" y="201.59" b="G"/>
<point x="102.89" y="194.03" b="A"/>
<point x="102.89" y="186.47" b="A"/>
<point x="102.89" y="178.91" b="A"/>
<point x="102.47" y="171.35" b="G"/>
<point x="102.89" y="163.79" b="Y"/>
<point x="95.42" y="165.49" b="N"/>
<point x="88.01" y="164.12" b="Y"/>
<point x="81.20" y="160.43" b="U"/>
<point x="76.29" y="154.69" b="U"/>
<point x="73.87" y="147.60" b="Y"/>
<point x="73.67" y="140.04" b="C"/>
<point x="76.29" y="132.95" b="C"/>
<point x="81.20" y="127.20" b="C"/>
<point x="87.59" y="123.52" b="G"/>
<point x="95.27" y="122.35" b="U"/>
<point x="102.47" y="123.84" b="G"/>
<point x="102.68" y="116.28" b="U"/>
<point x="102.68" y="108.72" b="U"/>
<point x="102.68" y="101.16" b="U"/>
<point x="102.47" y="93.60" b="G"/>
<point x="102.68" y="86.04" b="R"/>
<point x="102.89" y="78.48" b="A"/>
<point x="102.47" y="70.92" b="G"/>
<point x="102.47" y="63.36" b="G"/>
<point x="102.47" y="55.80" b="G"/>
<point x="96.48" y="51.48" b="U"/>
<point x="92.85" y="44.85" b="C"/>
<point x="92.74" y="37.30" b="Y"/>
<point x="95.62" y="30.39" b="R"/>
<point x="101.65" y="25.58" b="Y"/>
<point x="108.95" y="24.06" b="N"/>
<point x="116.32" y="25.78" b="N"/>
<point x="121.99" y="30.39" b="C"/>
<point x="125.07" y="37.30" b="U"/>
<point x="124.76" y="44.85" b="R"/>
<point x="121.13" y="51.48" b="U"/>
<point x="114.92" y="55.80" b="C"/>
<point x="114.92" y="63.36" b="C"/>
<point x="114.92" y="70.92" b="C"/>
<point x="114.92" y="78.48" b="U"/>
<point x="115.13" y="86.04" b="Y"/>
<point x="121.68" y="89.82" b="Y"/>
<point x="114.92" y="93.60" b="C"/>
<point x="115.13" y="101.16" b="A"/>
<point x="114.92" y="108.72" b="R"/>
<point x="115.13" y="116.28" b="A"/>
<point x="114.92" y="123.84" b="C"/>
<point x="121.84" y="127.33" b="Y"/>
<point x="126.66" y="132.97" b="C"/>
<point x="129.35" y="140.04" b="U"/>
<point x="129.14" y="147.60" b="G"/>
<point x="126.66" y="154.66" b="R"/>
<point x="121.78" y="160.52" b="N"/>
<point x="114.71" y="163.79" b="G"/>
<point x="114.92" y="171.35" b="C"/>
<point x="114.92" y="178.91" b="U"/>
<point x="114.92" y="186.47" b="U"/>
<point x="114.92" y="194.03" b="U"/>
<point x="114.92" y="201.59" b="C"/>
<point x="115.07" y="209.36" b="N"/>
<point x="115.13" y="216.71" b="Y"/>
<point x="120.48" y="222.06" b="A"/>
<point x="127.83" y="222.06" b="C"/>
<point x="135.60" y="222.06" b="A"/>
</structure>