<structure>
<point x="19.60" y="163.46" b="N"/>
<point x="27.16" y="163.46" b="N"/>
<point x="34.73" y="163.46" b="N"/>
<point x="42.34" y="163.25" b="A"/>
<point x="49.84" y="163.46" b="N"/>
<point x="57.26" y="163.25" b="C"/>
<point x="64.81" y="163.25" b="R"/>
<point x="70.37" y="157.91" b="Y"/>
<point x="70.31" y="150.55" b="N"/>
<point x="70.37" y="142.79" b="Y"/>
<point x="70.37" y="135.23" b="Y"/>
<point x="70.37" y="127.67" b="A"/>
<point x="70.31" y="120.31" b="N"/>
<point x="70.16" y="112.55" b="C"/>
<point x="69.95" y="104.99" b="G"/>
<point x="70.37" y="97.43" b="A"/>
<point x="70.16" y="89.87" b="C"/>
<point x="70.16" y="82.31" b="R"/>
<point x="62.76" y="82.21" b="N"/>
<point x="59.06" y="75.62" b="N"/>
<point x="62.61" y="68.81" b="C"/>
<point x="70.31" y="68.72" b="N"/>
<point x="70.31" y="61.16" b="N"/>
<point x="70.16" y="53.39" b="R"/>
<point x="70.31" y="46.04" b="N"/>
<point x="65.42" y="40.27" b="N"/>
<point x="65.02" y="32.73" b="N"/>
<point x="69.12" y="26.26" b="U"/>
<point x="76.43" y="24.06" b="N"/>
<point x="83.60" y="26.47" b="N"/>
<point x="87.69" y="32.52" b="C"/>
<point x="87.44" y="40.27" b="N"/>
<point x="82.55" y="46.04" b="N"/>
<point x="82.55" y="53.60" b="N"/>
<point x="82.55" y="61.16" b="N"/>
<point x="82.55" y="68.72" b="N"/>
<point x="85.65" y="75.62" b="N"/>
<point x="82.40" y="82.31" b="U"/>
<point x="82.19" y="89.87" b="G"/>
<point x="88.95" y="93.65" b="U"/>
<point x="82.40" y="97.43" b="U"/>
<point x="82.40" y="104.99" b="C"/>
<point x="82.19" y="112.55" b="G"/>
<point x="82.40" y="120.11" b="R"/>
<point x="82.40" y="127.67" b="U"/>
<point x="82.61" y="135.23" b="A"/>
<point x="82.55" y="142.99" b="N"/>
<point x="82.40" y="150.35" b="U"/>
<point x="82.61" y="157.91" b="A"/>
<point x="87.95" y="163.25" b="A"/>
<point x="95.51" y="163.25" b="A"/>
<point x="103.07" y="163.25" b="A"/>
<point x="110.43" y="163.25" b="U"/>
<point x="117.99" y="163.25" b="R"/>
<point x="125.75" y="163.25" b="A"/>
<point x="133.11" y="163.25" b="C"/>
<point x="138.45" y="157.91" b="C"/>
<point x="138.45" y="150.35" b="U"/>
<point x="138.24" y="142.79" b="G"/>
<point x="138.45" y="135.23" b="R"/>
<point x="131.04" y="133.75" b="C"/>
<point x="123.93" y="131.18" b="U"/>
<point x="117.28" y="127.58" b="U"/>
<point x="112.66" y="133.39" b="A"/>
<point x="107.62" y="139.20" b="U"/>
<point x="102.78" y="145.01" b="U"/>
<point x="100.96" y="152.30" b="A"/>
<point x="93.76" y="155.62" b="G"/>
<point x="89.13" y="161.43" b="U"/>
<point x="84.30" y="167.25" b="C"/>
<point x="82.27" y="174.53" b="C"/>
<point x="75.27" y="177.85" b="G"/>
<point x="72.73" y="184.81" b="A"/>
<point x="65.38" y="186.59" b="A"/>
<point x="59.36" y="181.75" b="U"/>
<point x="59.77" y="174.20" b="U"/>
<point x="66.07" y="170.02" b="C"/>
<point x="68.30" y="162.74" b="A"/>
<point x="74.68" y="159.42" b="G"/>
<point x="79.93" y="153.61" b="A"/>
<point x="84.55" y="147.79" b="C"/>
<point x="86.79" y="140.51" b="A"/>
<point x="93.58" y="137.19" b="A"/>
<point x="98.41" y="131.38" b="A"/>
<point x="103.04" y="125.56" b="U"/>
<point x="108.08" y="119.75" b="A"/>
<point x="103.11" y="113.87" b="U"/>
<point x="99.50" y="107.35" b="A"/>
<point x="96.69" y="100.33" b="A"/>
<point x="94.96" y="92.97" b="A"/>
<point x="94.15" y="85.44" b="C"/>
<point x="94.89" y="77.89" b="A"/>
<point x="96.54" y="70.52" b="A"/>
<point x="99.22" y="63.68" b="N"/>
<point x="102.83" y="56.91" b="U"/>
<point x="107.73" y="50.98" b="Y"/>
<point x="113.26" y="45.83" b="Y"/>
<point x="119.50" y="41.56" b="Y"/>
<point x="125.89" y="38.27" b="G"/>
<point x="133.32" y="36.03" b="C"/>
<point x="140.79" y="34.90" b="U"/>
<point x="148.56" y="34.90" b="Y"/>
<point x="156.03" y="36.03" b="A"/>
<point x="163.25" y="38.27" b="A"/>
<point x="170.01" y="41.77" b="N"/>
<point x="176.30" y="45.83" b="A"/>
<point x="181.62" y="50.98" b="U"/>
<point x="186.32" y="56.91" b="U"/>
<point x="190.28" y="63.47" b="A"/>
<point x="193.02" y="70.52" b="A"/>
<point x="194.67" y="77.89" b="A"/>
<point x="195.20" y="85.44" b="A"/>
<point x="194.59" y="92.97" b="A"/>
<point x="192.66" y="100.33" b="U"/>
<point x="190.00" y="107.56" b="N"/>
<point x="186.03" y="113.87" b="C"/>
<point x="181.27" y="119.75" b="U"/>
<point x="175.90" y="124.85" b="A"/>
<point x="169.62" y="129.06" b="A"/>
<point x="172.31" y="136.04" b="C"/>
<point x="175.21" y="143.02" b="C"/>
<point x="177.90" y="150.00" b="G"/>
<point x="181.00" y="156.99" b="R"/>
<point x="183.90" y="163.97" b="U"/>
<point x="191.65" y="163.40" b="A"/>
<point x="199.10" y="164.67" b="A"/>
<point x="206.03" y="167.69" b="A"/>
<point x="212.03" y="172.29" b="A"/>
<point x="216.34" y="178.19" b="G"/>
<point x="223.84" y="175.56" b="A"/>
<point x="227.54" y="169.09" b="U"/>
<point x="234.84" y="166.46" b="A"/>
<point x="241.81" y="168.81" b="U"/>
<point x="248.90" y="166.18" b="U"/>
<point x="256.20" y="163.55" b="A"/>
<point x="263.08" y="160.92" b="C"/>
<point x="266.22" y="154.04" b="U"/>
<point x="272.65" y="150.07" b="U"/>
<point x="280.21" y="150.35" b="R"/>
<point x="286.54" y="154.78" b="A"/>
<point x="289.17" y="161.87" b="A"/>
<point x="287.37" y="169.43" b="N"/>
<point x="281.88" y="174.36" b="A"/>
<point x="274.21" y="175.55" b="U"/>
<point x="267.13" y="172.39" b="G"/>
<point x="260.25" y="175.02" b="U"/>
<point x="253.37" y="177.66" b="A"/>
<point x="246.28" y="180.29" b="A"/>
<point x="242.37" y="186.76" b="A"/>
<point x="235.08" y="189.39" b="U"/>
<point x="227.89" y="187.03" b="U"/>
<point x="220.81" y="189.67" b="C"/>
<point x="221.29" y="197.22" b="A"/>
<point x="219.54" y="204.62" b="C"/>
<point x="216.26" y="211.43" b="U"/>
<point x="211.43" y="217.25" b="U"/>
<point x="205.35" y="221.75" b="U"/>
<point x="198.58" y="224.65" b="Y"/>
<point x="191.05" y="225.99" b="N"/>
<point x="183.37" y="225.08" b="U"/>
<point x="176.23" y="222.60" b="U"/>
<point x="169.90" y="218.47" b="U"/>
<point x="164.95" y="212.94" b="A"/>
<point x="161.27" y="206.33" b="A"/>
<point x="159.30" y="199.03" b="A"/>
<point x="159.08" y="191.68" b="N"/>
<point x="160.79" y="184.10" b="A"/>
<point x="154.31" y="180.21" b="A"/>
<point x="147.62" y="176.33" b="C"/>
<point x="141.34" y="172.44" b="A"/>
<point x="134.85" y="168.56" b="A"/>
<point x="128.37" y="164.67" b="A"/>
<point x="120.86" y="163.79" b="A"/>
<point x="116.54" y="157.58" b="A"/>
<point x="110.05" y="153.70" b="A"/>
<point x="103.36" y="149.81" b="C"/>
<point x="96.88" y="145.93" b="C"/>
<point x="90.18" y="142.04" b="G"/>
<point x="83.91" y="138.15" b="C"/>
<point x="77.42" y="134.27" b="C"/>
<point x="70.17" y="135.50" b="A"/>
<point x="63.48" y="131.96" b="A"/>
<point x="60.30" y="125.11" b="A"/>
<point x="61.91" y="117.72" b="A"/>
<point x="67.61" y="113.02" b="N"/>
<point x="75.01" y="112.39" b="C"/>
<point x="81.48" y="116.61" b="A"/>
<point x="83.50" y="123.77" b="G"/>
<point x="89.99" y="127.66" b="G"/>
<point x="96.68" y="131.54" b="C"/>
<point x="102.96" y="135.43" b="G"/>
<point x="109.44" y="139.31" b="G"/>
<point x="116.14" y="143.20" b="U"/>
<point x="122.62" y="147.08" b="U"/>
<point x="130.34" y="147.97" b="A"/>
<point x="134.45" y="154.17" b="U"/>
<point x="140.94" y="158.06" b="U"/>
<point x="147.42" y="161.94" b="U"/>
<point x="153.70" y="165.83" b="G"/>
<point x="160.39" y="169.72" b="U"/>
<point x="166.88" y="173.60" b="U"/>
<point x="172.39" y="168.66" b="G"/>
<point x="169.70" y="161.68" b="C"/>
<point x="167.01" y="154.69" b="Y"/>
<point x="163.69" y="147.71" b="G"/>
<point x="160.79" y="140.73" b="G"/>
<point x="158.11" y="133.75" b="U"/>
<point x="150.90" y="135.23" b="Y"/>
<point x="150.90" y="142.79" b="Y"/>
<point x="150.48" y="150.35" b="G"/>
<point x="150.48" y="157.91" b="G"/>
<point x="156.04" y="163.25" b="U"/>
</structure>