<structure>
<point x="33.14" y="222.71" b="N"/>
<point x="40.70" y="222.71" b="N"/>
<point x="48.32" y="222.50" b="Y"/>
<point x="53.25" y="217.16" b="G"/>
<point x="53.46" y="209.60" b="C"/>
<point x="53.66" y="202.04" b="A"/>
<point x="53.46" y="194.48" b="C"/>
<point x="53.66" y="186.92" b="A"/>
<point x="53.46" y="179.36" b="C"/>
<point x="53.61" y="172.00" b="N"/>
<point x="46.03" y="170.37" b="R"/>
<point x="38.89" y="167.88" b="U"/>
<point x="32.19" y="164.38" b="U"/>
<point x="26.07" y="159.95" b="R"/>
<point x="20.65" y="154.67" b="R"/>
<point x="16.26" y="148.67" b="A"/>
<point x="12.37" y="142.07" b="R"/>
<point x="9.68" y="135.00" b="C"/>
<point x="8.05" y="127.62" b="U"/>
<point x="7.50" y="120.08" b="U"/>
<point x="7.84" y="112.54" b="G"/>
<point x="9.47" y="105.16" b="G"/>
<point x="12.37" y="98.09" b="R"/>
<point x="15.84" y="91.49" b="G"/>
<point x="20.86" y="85.49" b="Y"/>
<point x="26.07" y="80.22" b="U"/>
<point x="31.98" y="75.79" b="G"/>
<point x="39.10" y="72.29" b="A"/>
<point x="45.82" y="69.80" b="G"/>
<point x="53.25" y="68.37" b="G"/>
<point x="53.66" y="60.81" b="Y"/>
<point x="53.46" y="53.25" b="C"/>
<point x="53.46" y="45.69" b="R"/>
<point x="50.20" y="39.14" b="N"/>
<point x="52.84" y="31.83" b="Y"/>
<point x="59.78" y="28.83" b="Y"/>
<point x="66.72" y="31.83" b="Y"/>
<point x="69.25" y="39.14" b="N"/>
<point x="65.90" y="45.69" b="Y"/>
<point x="65.49" y="53.25" b="G"/>
<point x="65.49" y="60.81" b="G"/>
<point x="65.70" y="68.37" b="C"/>
<point x="73.25" y="68.14" b="C"/>
<point x="80.76" y="69.01" b="R"/>
<point x="88.27" y="70.96" b="A"/>
<point x="95.01" y="73.95" b="U"/>
<point x="101.24" y="77.91" b="G"/>
<point x="107.45" y="82.77" b="A"/>
<point x="112.48" y="88.42" b="A"/>
<point x="116.43" y="94.73" b="C"/>
<point x="119.62" y="101.58" b="U"/>
<point x="121.94" y="109.03" b="N"/>
<point x="123.10" y="116.30" b="Y"/>
<point x="123.10" y="123.86" b="Y"/>
<point x="121.79" y="131.34" b="R"/>
<point x="119.83" y="138.59" b="A"/>
<point x="116.22" y="145.44" b="G"/>
<point x="112.27" y="151.75" b="U"/>
<point x="107.03" y="157.40" b="G"/>
<point x="101.45" y="162.25" b="U"/>
<point x="95.16" y="166.42" b="N"/>
<point x="87.86" y="169.21" b="G"/>
<point x="80.55" y="171.16" b="G"/>
<point x="73.40" y="172.23" b="N"/>
<point x="65.85" y="172.00" b="N"/>
<point x="65.49" y="179.36" b="G"/>
<point x="65.70" y="186.92" b="U"/>
<point x="65.49" y="194.48" b="G"/>
<point x="65.70" y="202.04" b="U"/>
<point x="65.49" y="209.60" b="G"/>
<point x="65.70" y="217.16" b="C"/>
<point x="71.04" y="222.50" b="U"/>
<point x="78.81" y="222.50" b="A"/>
<point x="86.16" y="222.50" b="C"/>
<point x="93.93" y="222.50" b="A"/>
<point x="101.43" y="222.71" b="N"/>
<point x="108.99" y="222.71" b="N"/>
<point x="116.61" y="222.50" b="A"/>
<point x="124.17" y="222.50" b="A"/>
<point x="131.67" y="222.71" b="N"/>
<point x="139.23" y="222.71" b="N"/>
<point x="146.85" y="222.50" b="Y"/>
<point x="151.78" y="217.16" b="G"/>
<point x="151.78" y="209.60" b="G"/>
<point x="151.99" y="202.04" b="C"/>
<point x="152.19" y="194.48" b="A"/>
<point x="151.78" y="186.92" b="G"/>
<point x="144.45" y="185.06" b="G"/>
<point x="137.96" y="182.07" b="N"/>
<point x="131.68" y="177.44" b="U"/>
<point x="126.50" y="171.94" b="U"/>
<point x="122.44" y="165.56" b="U"/>
<point x="119.64" y="158.53" b="U"/>
<point x="118.22" y="151.11" b="C"/>
<point x="118.02" y="143.55" b="G"/>
<point x="119.64" y="136.12" b="C"/>
<point x="122.44" y="129.09" b="U"/>
<point x="126.70" y="122.72" b="A"/>
<point x="131.89" y="117.22" b="A"/>
<point x="138.01" y="112.79" b="Y"/>
<point x="144.66" y="109.59" b="R"/>
<point x="151.99" y="107.73" b="C"/>
<point x="151.99" y="100.17" b="C"/>
<point x="152.14" y="92.82" b="N"/>
<point x="152.14" y="85.26" b="N"/>
<point x="147.28" y="79.14" b="R"/>
<point x="147.49" y="71.58" b="A"/>
<point x="151.78" y="65.66" b="G"/>
<point x="151.99" y="58.10" b="R"/>
<point x="151.99" y="50.54" b="R"/>
<point x="152.14" y="43.19" b="N"/>
<point x="152.14" y="35.63" b="N"/>
<point x="151.62" y="27.87" b="U"/>
<point x="158.31" y="23.98" b="Y"/>
<point x="164.59" y="27.87" b="U"/>
<point x="164.02" y="35.42" b="G"/>
<point x="164.38" y="43.19" b="N"/>
<point x="164.43" y="50.54" b="Y"/>
<point x="164.43" y="58.10" b="Y"/>
<point x="164.23" y="65.66" b="C"/>
<point x="171.84" y="64.63" b="N"/>
<point x="178.21" y="68.25" b="R"/>
<point x="180.78" y="75.36" b="U"/>
<point x="178.00" y="82.47" b="G"/>
<point x="171.89" y="86.29" b="A"/>
<point x="164.38" y="85.26" b="N"/>
<point x="164.23" y="92.61" b="U"/>
<point x="164.02" y="100.17" b="G"/>
<point x="164.02" y="107.73" b="G"/>
<point x="171.99" y="108.06" b="A"/>
<point x="178.92" y="109.81" b="G"/>
<point x="186.02" y="112.93" b="U"/>
<point x="192.19" y="117.30" b="U"/>
<point x="197.42" y="122.76" b="U"/>
<point x="201.31" y="129.11" b="G"/>
<point x="204.34" y="136.12" b="R"/>
<point x="205.77" y="143.55" b="U"/>
<point x="205.98" y="151.11" b="A"/>
<point x="204.13" y="158.53" b="G"/>
<point x="201.52" y="165.54" b="U"/>
<point x="197.42" y="171.90" b="R"/>
<point x="192.34" y="177.56" b="N"/>
<point x="186.17" y="181.93" b="N"/>
<point x="179.34" y="184.84" b="Y"/>
<point x="171.99" y="186.59" b="Y"/>
<point x="164.43" y="186.92" b="Y"/>
<point x="164.23" y="194.48" b="U"/>
<point x="164.02" y="202.04" b="G"/>
<point x="164.23" y="209.60" b="C"/>
<point x="164.43" y="217.16" b="Y"/>
<point x="169.78" y="222.50" b="A"/>
<point x="177.13" y="222.50" b="C"/>
<point x="184.90" y="222.50" b="A"/>
<point x="192.40" y="222.71" b="N"/>
<point x="199.96" y="222.71" b="N"/>
<point x="207.52" y="222.71" b="N"/>
</structure>