<structure>
<point x="19.60" y="240.91" b="N"/>
<point x="27.22" y="240.71" b="Y"/>
<point x="34.73" y="240.91" b="N"/>
<point x="42.28" y="240.91" b="N"/>
<point x="49.70" y="240.71" b="R"/>
<point x="57.26" y="240.71" b="R"/>
<point x="64.81" y="240.71" b="R"/>
<point x="70.31" y="235.57" b="N"/>
<point x="70.31" y="228.01" b="N"/>
<point x="70.16" y="220.24" b="R"/>
<point x="70.16" y="212.68" b="C"/>
<point x="70.37" y="205.12" b="A"/>
<point x="70.16" y="197.56" b="U"/>
<point x="70.16" y="190.00" b="R"/>
<point x="70.16" y="182.44" b="C"/>
<point x="70.16" y="174.88" b="U"/>
<point x="70.16" y="167.32" b="U"/>
<point x="70.16" y="159.76" b="C"/>
<point x="70.37" y="152.20" b="Y"/>
<point x="70.16" y="144.64" b="U"/>
<point x="70.16" y="137.08" b="U"/>
<point x="70.37" y="129.52" b="A"/>
<point x="70.37" y="121.96" b="Y"/>
<point x="70.16" y="114.40" b="R"/>
<point x="70.16" y="106.84" b="U"/>
<point x="67.21" y="100.15" b="N"/>
<point x="70.16" y="93.05" b="C"/>
<point x="70.16" y="85.49" b="C"/>
<point x="63.61" y="81.71" b="C"/>
<point x="70.37" y="77.93" b="A"/>
<point x="70.16" y="70.37" b="U"/>
<point x="70.37" y="62.81" b="A"/>
<point x="63.72" y="59.20" b="Y"/>
<point x="58.82" y="53.60" b="N"/>
<point x="56.31" y="46.21" b="R"/>
<point x="56.97" y="38.67" b="A"/>
<point x="60.12" y="32.03" b="N"/>
<point x="65.62" y="26.85" b="N"/>
<point x="72.65" y="24.06" b="N"/>
<point x="80.21" y="24.06" b="N"/>
<point x="87.24" y="26.85" b="N"/>
<point x="92.74" y="32.03" b="N"/>
<point x="95.95" y="38.88" b="N"/>
<point x="96.40" y="46.42" b="N"/>
<point x="94.04" y="53.60" b="N"/>
<point x="89.25" y="59.20" b="Y"/>
<point x="82.40" y="62.81" b="U"/>
<point x="82.61" y="70.37" b="A"/>
<point x="82.40" y="77.93" b="U"/>
<point x="82.19" y="85.49" b="G"/>
<point x="82.19" y="93.05" b="G"/>
<point x="85.71" y="99.95" b="A"/>
<point x="82.61" y="106.84" b="A"/>
<point x="82.40" y="114.40" b="U"/>
<point x="82.19" y="121.96" b="G"/>
<point x="82.40" y="129.52" b="U"/>
<point x="82.61" y="137.08" b="A"/>
<point x="82.61" y="144.64" b="A"/>
<point x="82.61" y="152.20" b="A"/>
<point x="82.19" y="159.76" b="G"/>
<point x="82.61" y="167.32" b="A"/>
<point x="82.61" y="174.88" b="A"/>
<point x="82.19" y="182.44" b="G"/>
<point x="82.40" y="190.00" b="U"/>
<point x="82.40" y="197.56" b="R"/>
<point x="82.40" y="205.12" b="U"/>
<point x="82.19" y="212.68" b="G"/>
<point x="82.40" y="220.24" b="U"/>
<point x="82.40" y="227.80" b="R"/>
<point x="82.55" y="235.57" b="N"/>
<point x="87.95" y="240.71" b="Y"/>
<point x="95.46" y="240.91" b="N"/>
<point x="103.02" y="240.91" b="N"/>
<point x="110.58" y="240.91" b="N"/>
<point x="117.99" y="240.71" b="R"/>
<point x="125.55" y="240.71" b="R"/>
<point x="133.26" y="240.91" b="N"/>
</structure>