<structure>
<point x="89.87" y="223.67" b="G"/>
<point x="89.87" y="216.11" b="G"/>
<point x="90.08" y="208.55" b="U"/>
<point x="90.08" y="200.99" b="C"/>
<point x="82.78" y="200.14" b="A"/>
<point x="75.36" y="198.66" b="A"/>
<point x="68.05" y="196.76" b="N"/>
<point x="60.99" y="194.05" b="N"/>
<point x="54.25" y="190.53" b="A"/>
<point x="47.55" y="186.65" b="U"/>
<point x="41.21" y="182.23" b="G"/>
<point x="35.68" y="177.31" b="U"/>
<point x="30.54" y="172.12" b="N"/>
<point x="25.72" y="166.30" b="N"/>
<point x="21.27" y="159.87" b="U"/>
<point x="17.30" y="153.31" b="G"/>
<point x="14.11" y="146.46" b="G"/>
<point x="11.73" y="139.35" b="C"/>
<point x="9.97" y="132.06" b="A"/>
<point x="8.42" y="124.62" b="U"/>
<point x="7.50" y="117.09" b="G"/>
<point x="7.65" y="109.53" b="U"/>
<point x="8.44" y="101.99" b="A"/>
<point x="9.46" y="94.53" b="U"/>
<point x="11.31" y="87.20" b="U"/>
<point x="13.99" y="80.06" b="A"/>
<point x="17.01" y="73.36" b="N"/>
<point x="20.51" y="66.53" b="C"/>
<point x="24.71" y="60.25" b="U"/>
<point x="29.22" y="54.34" b="G"/>
<point x="34.85" y="48.86" b="A"/>
<point x="40.50" y="43.85" b="A"/>
<point x="46.36" y="39.33" b="U"/>
<point x="52.99" y="35.35" b="Y"/>
<point x="59.73" y="31.93" b="Y"/>
<point x="66.74" y="29.10" b="A"/>
<point x="73.91" y="27.08" b="N"/>
<point x="81.30" y="25.48" b="N"/>
<point x="88.44" y="24.31" b="G"/>
<point x="96.41" y="23.98" b="Y"/>
<point x="103.76" y="24.31" b="U"/>
<point x="111.04" y="25.27" b="G"/>
<point x="118.85" y="26.87" b="A"/>
<point x="125.87" y="29.10" b="U"/>
<point x="132.67" y="31.93" b="G"/>
<point x="139.77" y="35.56" b="N"/>
<point x="146.20" y="39.54" b="N"/>
<point x="152.26" y="44.06" b="N"/>
<point x="157.92" y="49.07" b="N"/>
<point x="163.12" y="54.55" b="N"/>
<point x="167.85" y="60.46" b="N"/>
<point x="172.05" y="66.74" b="N"/>
<point x="175.70" y="73.36" b="N"/>
<point x="178.77" y="80.27" b="N"/>
<point x="181.09" y="87.20" b="U"/>
<point x="183.10" y="94.74" b="N"/>
<point x="184.38" y="101.99" b="A"/>
<point x="184.76" y="109.53" b="R"/>
<point x="184.90" y="117.09" b="Y"/>
<point x="183.99" y="124.62" b="U"/>
<point x="182.65" y="132.06" b="C"/>
<point x="180.67" y="139.35" b="U"/>
<point x="178.29" y="146.46" b="A"/>
<point x="174.90" y="153.31" b="R"/>
<point x="171.35" y="159.87" b="A"/>
<point x="167.04" y="166.09" b="A"/>
<point x="162.02" y="171.92" b="U"/>
<point x="156.72" y="177.31" b="U"/>
<point x="151.19" y="182.23" b="A"/>
<point x="145.06" y="186.65" b="Y"/>
<point x="138.36" y="190.53" b="R"/>
<point x="131.56" y="193.84" b="C"/>
<point x="124.72" y="196.56" b="Y"/>
<point x="117.04" y="198.66" b="G"/>
<point x="110.04" y="200.14" b="A"/>
<point x="102.32" y="200.99" b="R"/>
<point x="102.32" y="208.55" b="R"/>
<point x="102.53" y="216.11" b="Y"/>
<point x="102.53" y="223.67" b="Y"/>
<point x="107.82" y="229.22" b="N"/>
<point x="115.38" y="229.22" b="N"/>
</structure>