<structure>
<point x="32.44" y="168.24" b="U"/>
<point x="39.79" y="168.24" b="G"/>
<point x="45.14" y="162.89" b="G"/>
<point x="45.35" y="155.33" b="U"/>
<point x="45.55" y="147.77" b="Y"/>
<point x="45.35" y="140.21" b="R"/>
<point x="45.35" y="132.65" b="U"/>
<point x="40.64" y="126.74" b="U"/>
<point x="40.85" y="119.18" b="A"/>
<point x="45.35" y="113.26" b="C"/>
<point x="45.35" y="105.70" b="C"/>
<point x="45.55" y="98.14" b="A"/>
<point x="40.74" y="103.97" b="A"/>
<point x="33.70" y="107.62" b="G"/>
<point x="26.20" y="108.57" b="G"/>
<point x="19.09" y="106.69" b="C"/>
<point x="13.12" y="102.46" b="N"/>
<point x="8.92" y="95.87" b="U"/>
<point x="7.50" y="88.44" b="U"/>
<point x="8.92" y="81.02" b="U"/>
<point x="13.18" y="74.63" b="A"/>
<point x="18.88" y="70.19" b="G"/>
<point x="26.56" y="68.52" b="N"/>
<point x="34.12" y="69.27" b="A"/>
<point x="40.53" y="72.92" b="U"/>
<point x="45.14" y="78.75" b="G"/>
<point x="45.35" y="71.19" b="C"/>
<point x="45.55" y="63.63" b="A"/>
<point x="45.35" y="56.07" b="R"/>
<point x="39.99" y="50.73" b="U"/>
<point x="38.51" y="43.31" b="U"/>
<point x="41.40" y="36.33" b="U"/>
<point x="47.69" y="32.12" b="C"/>
<point x="55.25" y="32.12" b="U"/>
<point x="61.53" y="36.33" b="C"/>
<point x="64.63" y="43.31" b="A"/>
<point x="62.94" y="50.73" b="U"/>
<point x="57.59" y="56.07" b="U"/>
<point x="57.59" y="63.63" b="U"/>
<point x="57.38" y="71.19" b="G"/>
<point x="57.59" y="78.75" b="C"/>
<point x="62.29" y="84.66" b="U"/>
<point x="62.08" y="92.22" b="G"/>
<point x="57.59" y="98.14" b="U"/>
<point x="57.38" y="105.70" b="G"/>
<point x="57.38" y="113.26" b="G"/>
<point x="62.50" y="119.18" b="A"/>
<point x="62.29" y="126.74" b="C"/>
<point x="57.79" y="132.65" b="A"/>
<point x="57.79" y="140.21" b="Y"/>
<point x="57.38" y="147.77" b="G"/>
<point x="57.79" y="155.33" b="A"/>
<point x="57.59" y="162.89" b="C"/>
<point x="63.08" y="168.45" b="N"/>
<point x="70.70" y="168.24" b="A"/>
<point x="78.20" y="168.45" b="N"/>
<point x="85.82" y="168.24" b="A"/>
<point x="93.38" y="168.24" b="A"/>
<point x="100.73" y="168.24" b="R"/>
<point x="108.29" y="168.24" b="R"/>
<point x="115.85" y="168.24" b="R"/>
<point x="123.62" y="168.24" b="A"/>
<point x="131.18" y="168.24" b="A"/>
<point x="138.68" y="168.45" b="N"/>
<point x="146.09" y="168.24" b="U"/>
<point x="153.86" y="168.24" b="Y"/>
<point x="159.00" y="162.89" b="C"/>
<point x="159.20" y="155.33" b="Y"/>
<point x="159.00" y="147.77" b="C"/>
<point x="159.20" y="140.21" b="A"/>
<point x="153.61" y="135.13" b="Y"/>
<point x="151.48" y="128.07" b="N"/>
<point x="153.55" y="120.80" b="N"/>
<point x="158.79" y="115.50" b="G"/>
<point x="158.79" y="107.94" b="G"/>
<point x="159.00" y="100.38" b="U"/>
<point x="159.00" y="92.82" b="U"/>
<point x="151.73" y="94.92" b="U"/>
<point x="144.41" y="93.07" b="U"/>
<point x="139.22" y="87.77" b="Y"/>
<point x="137.25" y="80.47" b="Y"/>
<point x="139.01" y="73.17" b="R"/>
<point x="144.41" y="67.87" b="U"/>
<point x="151.88" y="66.22" b="N"/>
<point x="159.00" y="68.11" b="U"/>
<point x="158.79" y="60.55" b="G"/>
<point x="159.00" y="52.99" b="C"/>
<point x="153.22" y="48.37" b="Y"/>
<point x="150.16" y="41.46" b="A"/>
<point x="150.56" y="33.92" b="C"/>
<point x="154.90" y="27.59" b="Y"/>
<point x="161.34" y="23.98" b="U"/>
<point x="169.05" y="24.19" b="N"/>
<point x="175.54" y="27.59" b="R"/>
<point x="179.67" y="33.92" b="C"/>
<point x="180.28" y="41.46" b="U"/>
<point x="177.43" y="48.37" b="A"/>
<point x="171.03" y="52.99" b="G"/>
<point x="171.24" y="60.55" b="C"/>
<point x="171.24" y="68.11" b="R"/>
<point x="176.83" y="73.20" b="R"/>
<point x="178.91" y="80.47" b="U"/>
<point x="177.04" y="87.74" b="Y"/>
<point x="171.44" y="92.82" b="A"/>
<point x="171.24" y="100.38" b="R"/>
<point x="171.24" y="107.94" b="C"/>
<point x="171.24" y="115.50" b="C"/>
<point x="177.04" y="120.59" b="Y"/>
<point x="178.91" y="127.86" b="R"/>
<point x="177.04" y="135.13" b="Y"/>
<point x="171.24" y="140.21" b="U"/>
<point x="171.03" y="147.77" b="G"/>
<point x="171.03" y="155.33" b="G"/>
<point x="171.03" y="162.89" b="G"/>
<point x="176.79" y="168.24" b="A"/>
<point x="184.35" y="168.24" b="A"/>
<point x="191.70" y="168.24" b="C"/>
<point x="199.47" y="168.24" b="A"/>
<point x="207.03" y="168.24" b="Y"/>
<point x="214.38" y="168.24" b="U"/>
<point x="221.94" y="168.24" b="U"/>
</structure>