<structure>
<point x="127.43" y="306.80" b="N"/>
<point x="127.43" y="299.24" b="N"/>
<point x="127.43" y="291.68" b="N"/>
<point x="127.49" y="283.91" b="Y"/>
<point x="120.09" y="285.91" b="N"/>
<point x="112.47" y="286.90" b="R"/>
<point x="104.94" y="287.49" b="U"/>
<point x="97.17" y="287.48" b="G"/>
<point x="90.05" y="286.86" b="A"/>
<point x="82.38" y="285.63" b="U"/>
<point x="74.84" y="283.81" b="G"/>
<point x="68.03" y="281.61" b="N"/>
<point x="61.08" y="278.64" b="N"/>
<point x="54.39" y="275.11" b="N"/>
<point x="48.00" y="271.06" b="N"/>
<point x="41.82" y="266.31" b="R"/>
<point x="36.31" y="261.50" b="N"/>
<point x="31.08" y="256.04" b="N"/>
<point x="26.30" y="250.18" b="N"/>
<point x="21.87" y="243.75" b="U"/>
<point x="18.09" y="237.20" b="U"/>
<point x="15.06" y="230.36" b="Y"/>
<point x="12.18" y="223.29" b="C"/>
<point x="10.22" y="216.24" b="N"/>
<point x="8.71" y="208.83" b="N"/>
<point x="7.80" y="201.33" b="N"/>
<point x="7.50" y="193.77" b="N"/>
<point x="7.80" y="186.22" b="N"/>
<point x="8.56" y="178.51" b="C"/>
<point x="10.28" y="171.10" b="A"/>
<point x="12.18" y="163.84" b="U"/>
<point x="14.85" y="156.77" b="U"/>
<point x="18.09" y="149.94" b="C"/>
<point x="21.66" y="143.38" b="G"/>
<point x="26.15" y="137.16" b="C"/>
<point x="31.14" y="131.30" b="A"/>
<point x="35.95" y="125.84" b="G"/>
<point x="41.82" y="120.82" b="U"/>
<point x="47.85" y="116.27" b="U"/>
<point x="54.39" y="112.43" b="N"/>
<point x="60.93" y="108.70" b="C"/>
<point x="67.88" y="105.73" b="C"/>
<point x="75.05" y="103.32" b="R"/>
<point x="82.38" y="101.50" b="C"/>
<point x="89.84" y="100.28" b="C"/>
<point x="97.53" y="99.86" b="N"/>
<point x="104.94" y="99.64" b="R"/>
<point x="112.68" y="100.23" b="A"/>
<point x="120.09" y="101.63" b="N"/>
<point x="127.43" y="103.43" b="N"/>
<point x="127.43" y="95.86" b="N"/>
<point x="127.43" y="88.30" b="N"/>
<point x="127.43" y="80.74" b="N"/>
<point x="127.43" y="73.18" b="N"/>
<point x="127.43" y="65.62" b="N"/>
<point x="127.43" y="58.06" b="N"/>
<point x="121.05" y="54.01" b="N"/>
<point x="116.94" y="47.66" b="N"/>
<point x="115.84" y="40.18" b="N"/>
<point x="118.01" y="32.72" b="Y"/>
<point x="122.90" y="27.20" b="N"/>
<point x="129.77" y="24.06" b="N"/>
<point x="137.33" y="24.06" b="N"/>
<point x="144.21" y="27.20" b="N"/>
<point x="148.79" y="32.72" b="G"/>
<point x="151.26" y="40.18" b="N"/>
<point x="150.22" y="47.46" b="Y"/>
<point x="145.90" y="53.80" b="U"/>
<point x="139.67" y="58.06" b="N"/>
<point x="139.67" y="65.62" b="N"/>
<point x="139.67" y="73.18" b="N"/>
<point x="139.67" y="80.74" b="N"/>
<point x="139.67" y="88.30" b="N"/>
<point x="139.67" y="95.86" b="N"/>
<point x="139.67" y="103.43" b="N"/>
<point x="147.19" y="104.25" b="N"/>
<point x="154.61" y="105.70" b="N"/>
<point x="161.88" y="107.76" b="N"/>
<point x="168.96" y="110.43" b="N"/>
<point x="175.78" y="113.67" b="N"/>
<point x="182.32" y="117.47" b="N"/>
<point x="188.51" y="121.80" b="N"/>
<point x="193.97" y="126.43" b="G"/>
<point x="199.56" y="131.74" b="C"/>
<point x="204.49" y="137.47" b="U"/>
<point x="209.07" y="143.80" b="N"/>
<point x="212.98" y="150.28" b="N"/>
<point x="216.33" y="157.05" b="N"/>
<point x="219.10" y="164.08" b="N"/>
<point x="221.28" y="171.32" b="N"/>
<point x="222.85" y="178.72" b="N"/>
<point x="223.79" y="186.22" b="N"/>
<point x="223.96" y="193.57" b="C"/>
<point x="223.64" y="201.12" b="C"/>
<point x="222.70" y="208.62" b="U"/>
<point x="221.13" y="216.02" b="U"/>
<point x="218.95" y="223.25" b="C"/>
<point x="216.18" y="230.29" b="C"/>
<point x="212.83" y="237.06" b="U"/>
<point x="208.92" y="243.54" b="U"/>
<point x="204.28" y="249.66" b="G"/>
<point x="199.35" y="255.40" b="G"/>
<point x="194.38" y="260.70" b="A"/>
<point x="188.36" y="265.54" b="U"/>
<point x="181.96" y="269.87" b="G"/>
<point x="175.63" y="273.67" b="U"/>
<point x="168.81" y="276.91" b="C"/>
<point x="161.73" y="279.58" b="U"/>
<point x="154.25" y="281.64" b="G"/>
<point x="147.24" y="283.09" b="A"/>
<point x="139.67" y="284.12" b="N"/>
<point x="139.67" y="291.68" b="N"/>
<point x="139.67" y="299.24" b="N"/>
<point x="139.67" y="306.80" b="N"/>
</structure>