<structure>
<point x="25.27" y="229.86" b="G"/>
<point x="25.48" y="222.30" b="U"/>
<point x="18.64" y="219.57" b="A"/>
<point x="15.27" y="212.61" b="G"/>
<point x="18.64" y="205.64" b="A"/>
<point x="25.48" y="202.91" b="U"/>
<point x="25.27" y="195.35" b="G"/>
<point x="25.48" y="187.79" b="C"/>
<point x="25.48" y="180.23" b="U"/>
<point x="25.48" y="172.67" b="C"/>
<point x="25.68" y="165.11" b="A"/>
<point x="25.48" y="157.55" b="U"/>
<point x="25.68" y="149.99" b="Y"/>
<point x="25.48" y="142.43" b="C"/>
<point x="25.48" y="134.87" b="C"/>
<point x="19.21" y="130.97" b="A"/>
<point x="14.84" y="124.80" b="Y"/>
<point x="13.29" y="117.40" b="Y"/>
<point x="14.63" y="110.00" b="U"/>
<point x="19.15" y="104.04" b="N"/>
<point x="25.48" y="99.93" b="U"/>
<point x="25.48" y="92.37" b="U"/>
<point x="25.68" y="84.81" b="A"/>
<point x="25.48" y="77.25" b="U"/>
<point x="25.27" y="69.69" b="G"/>
<point x="18.58" y="67.16" b="N"/>
<point x="15.69" y="59.99" b="Y"/>
<point x="18.58" y="53.24" b="N"/>
<point x="25.27" y="50.29" b="G"/>
<point x="25.48" y="42.73" b="C"/>
<point x="21.42" y="36.49" b="Y"/>
<point x="22.15" y="28.99" b="U"/>
<point x="27.97" y="24.19" b="N"/>
<point x="35.38" y="23.98" b="R"/>
<point x="41.20" y="29.20" b="N"/>
<point x="42.13" y="36.70" b="N"/>
<point x="37.51" y="42.73" b="G"/>
<point x="37.72" y="50.29" b="C"/>
<point x="42.63" y="56.21" b="Y"/>
<point x="42.42" y="63.77" b="U"/>
<point x="37.72" y="69.69" b="C"/>
<point x="37.92" y="77.25" b="A"/>
<point x="37.72" y="84.81" b="U"/>
<point x="37.92" y="92.37" b="A"/>
<point x="37.92" y="99.93" b="A"/>
<point x="44.40" y="103.83" b="A"/>
<point x="48.57" y="110.00" b="C"/>
<point x="50.32" y="117.40" b="Y"/>
<point x="48.57" y="124.80" b="C"/>
<point x="44.34" y="131.17" b="N"/>
<point x="37.51" y="134.87" b="G"/>
<point x="37.51" y="142.43" b="G"/>
<point x="37.72" y="149.99" b="R"/>
<point x="37.92" y="157.55" b="A"/>
<point x="37.72" y="165.11" b="U"/>
<point x="37.51" y="172.67" b="G"/>
<point x="37.92" y="180.23" b="A"/>
<point x="44.47" y="184.01" b="Y"/>
<point x="37.51" y="187.79" b="G"/>
<point x="37.72" y="195.35" b="C"/>
<point x="37.92" y="202.91" b="A"/>
<point x="42.21" y="208.83" b="G"/>
<point x="42.63" y="216.39" b="A"/>
<point x="37.51" y="222.30" b="G"/>
<point x="37.72" y="229.86" b="C"/>
<point x="43.06" y="235.21" b="C"/>
<point x="50.62" y="235.21" b="R"/>
<point x="58.33" y="235.42" b="N"/>
<point x="65.74" y="235.21" b="U"/>
<point x="73.45" y="235.42" b="N"/>
<point x="81.01" y="235.42" b="N"/>
<point x="88.42" y="235.21" b="U"/>
<point x="95.98" y="235.21" b="R"/>
<point x="103.69" y="235.42" b="N"/>
<point x="108.68" y="229.86" b="G"/>
<point x="108.68" y="222.30" b="G"/>
<point x="108.89" y="214.74" b="U"/>
<point x="108.68" y="207.18" b="G"/>
<point x="108.89" y="199.62" b="C"/>
<point x="109.10" y="192.06" b="Y"/>
<point x="108.89" y="184.50" b="U"/>
<point x="102.67" y="180.51" b="A"/>
<point x="98.24" y="174.25" b="U"/>
<point x="97.15" y="166.80" b="Y"/>
<point x="98.59" y="159.47" b="G"/>
<point x="93.56" y="154.03" b="U"/>
<point x="88.31" y="148.58" b="C"/>
<point x="83.07" y="143.13" b="C"/>
<point x="76.82" y="147.06" b="A"/>
<point x="69.37" y="148.84" b="N"/>
<point x="61.87" y="147.87" b="N"/>
<point x="54.97" y="144.26" b="U"/>
<point x="49.87" y="139.02" b="N"/>
<point x="46.79" y="131.94" b="A"/>
<point x="46.04" y="124.62" b="N"/>
<point x="47.89" y="117.29" b="N"/>
<point x="51.70" y="110.77" b="G"/>
<point x="46.88" y="105.33" b="A"/>
<point x="41.43" y="99.88" b="U"/>
<point x="35.97" y="94.43" b="G"/>
<point x="29.05" y="96.65" b="N"/>
<point x="21.53" y="95.83" b="N"/>
<point x="14.70" y="92.08" b="R"/>
<point x="9.94" y="86.54" b="N"/>
<point x="7.50" y="79.39" b="N"/>
<point x="7.87" y="71.83" b="N"/>
<point x="11.00" y="64.95" b="N"/>
<point x="16.50" y="59.50" b="Y"/>
<point x="23.44" y="56.84" b="N"/>
<point x="31.06" y="56.55" b="Y"/>
<point x="38.06" y="59.47" b="N"/>
<point x="43.62" y="64.59" b="N"/>
<point x="46.90" y="71.40" b="N"/>
<point x="47.43" y="78.95" b="N"/>
<point x="45.00" y="85.94" b="C"/>
<point x="50.45" y="91.39" b="A"/>
<point x="55.49" y="96.84" b="U"/>
<point x="60.73" y="102.28" b="C"/>
<point x="67.87" y="99.78" b="R"/>
<point x="75.43" y="99.70" b="C"/>
<point x="82.76" y="102.25" b="N"/>
<point x="88.88" y="106.56" b="Y"/>
<point x="93.11" y="113.00" b="N"/>
<point x="95.03" y="120.06" b="C"/>
<point x="94.86" y="127.61" b="Y"/>
<point x="91.68" y="134.65" b="G"/>
<point x="96.92" y="140.09" b="G"/>
<point x="102.37" y="145.54" b="R"/>
<point x="107.62" y="150.98" b="C"/>
<point x="115.22" y="149.40" b="A"/>
<point x="122.61" y="150.98" b="Y"/>
<point x="128.71" y="155.45" b="A"/>
<point x="132.45" y="162.02" b="A"/>
<point x="139.80" y="162.30" b="C"/>
<point x="146.47" y="159.16" b="G"/>
<point x="153.68" y="162.01" b="U"/>
<point x="156.41" y="169.06" b="U"/>
<point x="152.94" y="175.88" b="G"/>
<point x="146.16" y="178.19" b="A"/>
<point x="139.13" y="174.53" b="G"/>
<point x="131.78" y="174.25" b="U"/>
<point x="127.34" y="180.51" b="G"/>
<point x="121.34" y="184.50" b="A"/>
<point x="121.13" y="192.06" b="R"/>
<point x="120.92" y="199.62" b="G"/>
<point x="121.13" y="207.18" b="C"/>
<point x="121.34" y="214.74" b="A"/>
<point x="121.13" y="222.30" b="C"/>
<point x="121.13" y="229.86" b="C"/>
<point x="126.63" y="235.42" b="N"/>
<point x="134.24" y="235.21" b="A"/>
<point x="141.80" y="235.21" b="Y"/>
<point x="149.31" y="235.42" b="N"/>
<point x="156.92" y="235.21" b="Y"/>
<point x="164.28" y="235.21" b="U"/>
<point x="171.63" y="235.21" b="G"/>
<point x="179.40" y="235.21" b="U"/>
<point x="186.96" y="235.21" b="U"/>
<point x="192.09" y="229.86" b="G"/>
<point x="192.30" y="222.30" b="U"/>
<point x="192.30" y="214.74" b="C"/>
<point x="190.28" y="207.71" b="N"/>
<point x="194.79" y="201.64" b="N"/>
<point x="202.35" y="201.64" b="N"/>
<point x="206.86" y="207.71" b="N"/>
<point x="204.33" y="214.74" b="G"/>
<point x="204.75" y="222.30" b="A"/>
<point x="204.54" y="229.86" b="C"/>
<point x="209.89" y="235.21" b="C"/>
<point x="217.45" y="235.21" b="U"/>
<point x="224.80" y="235.21" b="G"/>
<point x="232.72" y="235.42" b="N"/>
<point x="240.28" y="235.42" b="N"/>
<point x="247.84" y="235.42" b="N"/>
<point x="255.40" y="235.42" b="N"/>
<point x="262.96" y="235.42" b="N"/>
<point x="270.37" y="235.21" b="U"/>
<point x="277.93" y="235.21" b="U"/>
<point x="285.49" y="235.21" b="U"/>
<point x="293.20" y="235.42" b="N"/>
<point x="298.54" y="230.07" b="N"/>
<point x="298.60" y="222.30" b="A"/>
<point x="298.39" y="214.74" b="C"/>
<point x="298.39" y="207.18" b="R"/>
<point x="298.39" y="199.62" b="C"/>
<point x="298.60" y="192.06" b="Y"/>
<point x="298.39" y="184.50" b="U"/>
<point x="298.39" y="176.94" b="R"/>
<point x="298.39" y="169.38" b="C"/>
<point x="298.39" y="161.82" b="C"/>
<point x="298.54" y="154.47" b="N"/>
<point x="296.43" y="147.02" b="Y"/>
<point x="300.88" y="141.16" b="N"/>
<point x="308.44" y="141.16" b="N"/>
<point x="312.96" y="147.23" b="N"/>
<point x="310.78" y="154.47" b="N"/>
<point x="310.42" y="161.82" b="G"/>
<point x="310.42" y="169.38" b="G"/>
<point x="310.84" y="176.94" b="Y"/>
<point x="310.84" y="184.50" b="A"/>
<point x="310.63" y="192.06" b="R"/>
<point x="310.42" y="199.62" b="G"/>
<point x="310.84" y="207.18" b="Y"/>
<point x="310.42" y="214.74" b="G"/>
<point x="310.63" y="222.30" b="U"/>
<point x="310.63" y="229.86" b="U"/>
<point x="315.98" y="235.21" b="U"/>
<point x="323.54" y="235.21" b="U"/>
<point x="331.10" y="235.21" b="U"/>
<point x="338.66" y="235.21" b="U"/>
<point x="346.22" y="235.21" b="U"/>
</structure>