<structure>
<point x="34.48" y="171.98" b="N"/>
<point x="42.04" y="171.98" b="N"/>
<point x="49.66" y="171.78" b="A"/>
<point x="57.01" y="171.78" b="C"/>
<point x="64.57" y="171.78" b="U"/>
<point x="72.13" y="171.78" b="U"/>
<point x="79.90" y="171.78" b="A"/>
<point x="87.25" y="171.78" b="C"/>
<point x="94.81" y="171.78" b="C"/>
<point x="102.37" y="171.78" b="U"/>
<point x="109.72" y="171.78" b="G"/>
<point x="115.07" y="166.43" b="G"/>
<point x="115.43" y="159.08" b="N"/>
<point x="115.43" y="151.52" b="N"/>
<point x="115.43" y="143.96" b="N"/>
<point x="109.09" y="139.41" b="R"/>
<point x="101.77" y="141.98" b="G"/>
<point x="94.66" y="144.55" b="G"/>
<point x="87.91" y="147.33" b="N"/>
<point x="80.80" y="149.90" b="N"/>
<point x="73.69" y="152.47" b="N"/>
<point x="72.37" y="159.92" b="N"/>
<point x="66.58" y="155.05" b="N"/>
<point x="59.47" y="157.62" b="N"/>
<point x="52.37" y="160.19" b="N"/>
<point x="45.26" y="162.76" b="N"/>
<point x="38.20" y="165.13" b="Y"/>
<point x="35.48" y="172.32" b="G"/>
<point x="30.43" y="177.55" b="A"/>
<point x="22.93" y="179.54" b="U"/>
<point x="15.57" y="177.82" b="C"/>
<point x="10.13" y="172.79" b="A"/>
<point x="7.50" y="165.89" b="N"/>
<point x="8.63" y="158.42" b="N"/>
<point x="13.24" y="152.18" b="A"/>
<point x="20.12" y="149.04" b="A"/>
<point x="27.24" y="149.56" b="G"/>
<point x="33.83" y="153.62" b="R"/>
<point x="41.09" y="151.25" b="N"/>
<point x="48.20" y="148.68" b="N"/>
<point x="55.31" y="146.11" b="N"/>
<point x="62.42" y="143.54" b="N"/>
<point x="69.53" y="140.97" b="N"/>
<point x="76.64" y="138.39" b="N"/>
<point x="83.75" y="135.82" b="N"/>
<point x="90.91" y="133.04" b="Y"/>
<point x="98.02" y="130.47" b="Y"/>
<point x="105.13" y="127.90" b="Y"/>
<point x="106.90" y="120.60" b="R"/>
<point x="101.86" y="114.79" b="G"/>
<point x="97.02" y="108.98" b="G"/>
<point x="90.51" y="112.34" b="N"/>
<point x="82.95" y="112.31" b="N"/>
<point x="75.96" y="108.87" b="R"/>
<point x="70.92" y="103.06" b="G"/>
<point x="69.34" y="95.96" b="N"/>
<point x="70.68" y="88.52" b="N"/>
<point x="75.02" y="82.33" b="N"/>
<point x="70.24" y="76.32" b="Y"/>
<point x="65.35" y="70.71" b="N"/>
<point x="58.56" y="67.40" b="N"/>
<point x="56.53" y="60.12" b="N"/>
<point x="51.54" y="54.10" b="C"/>
<point x="44.19" y="54.37" b="A"/>
<point x="37.21" y="51.01" b="U"/>
<point x="32.86" y="44.83" b="U"/>
<point x="31.77" y="37.33" b="G"/>
<point x="34.78" y="30.30" b="C"/>
<point x="40.80" y="25.47" b="A"/>
<point x="48.00" y="23.98" b="C"/>
<point x="55.23" y="26.21" b="U"/>
<point x="60.72" y="31.62" b="Y"/>
<point x="62.74" y="39.09" b="N"/>
<point x="60.74" y="46.27" b="G"/>
<point x="65.93" y="52.28" b="N"/>
<point x="73.22" y="50.27" b="N"/>
<point x="78.06" y="56.08" b="N"/>
<point x="74.76" y="62.88" b="N"/>
<point x="79.44" y="68.49" b="R"/>
<point x="87.04" y="67.41" b="N"/>
<point x="84.43" y="74.50" b="N"/>
<point x="91.90" y="73.36" b="N"/>
<point x="99.27" y="75.09" b="Y"/>
<point x="105.13" y="80.00" b="N"/>
<point x="108.68" y="86.68" b="N"/>
<point x="109.26" y="94.22" b="N"/>
<point x="106.64" y="101.15" b="C"/>
<point x="111.68" y="106.96" b="Y"/>
<point x="116.52" y="112.77" b="Y"/>
<point x="123.99" y="112.36" b="N"/>
<point x="131.01" y="115.16" b="N"/>
<point x="136.04" y="120.81" b="N"/>
<point x="143.19" y="119.73" b="G"/>
<point x="150.91" y="118.86" b="R"/>
<point x="157.61" y="114.98" b="Y"/>
<point x="164.76" y="117.47" b="N"/>
<point x="172.27" y="116.60" b="N"/>
<point x="178.76" y="112.72" b="N"/>
<point x="185.82" y="114.80" b="C"/>
<point x="193.33" y="113.93" b="C"/>
<point x="199.64" y="109.77" b="C"/>
<point x="207.15" y="111.72" b="N"/>
<point x="210.98" y="118.06" b="A"/>
<point x="208.75" y="125.51" b="N"/>
<point x="202.04" y="128.68" b="Y"/>
<point x="194.53" y="126.08" b="G"/>
<point x="187.02" y="126.96" b="G"/>
<point x="180.89" y="131.04" b="N"/>
<point x="173.68" y="128.76" b="N"/>
<point x="166.02" y="129.42" b="R"/>
<point x="166.75" y="137.17" b="N"/>
<point x="160.47" y="141.39" b="R"/>
<point x="153.64" y="138.69" b="N"/>
<point x="152.53" y="131.01" b="Y"/>
<point x="144.81" y="131.89" b="C"/>
<point x="137.45" y="132.97" b="N"/>
<point x="133.71" y="139.41" b="R"/>
<point x="127.67" y="143.96" b="N"/>
<point x="127.67" y="151.52" b="N"/>
<point x="127.67" y="159.08" b="N"/>
<point x="127.72" y="166.43" b="Y"/>
<point x="133.07" y="171.78" b="A"/>
<point x="140.42" y="171.78" b="U"/>
<point x="148.19" y="171.78" b="A"/>
<point x="155.75" y="171.78" b="A"/>
<point x="163.10" y="171.78" b="U"/>
<point x="170.66" y="171.78" b="U"/>
<point x="178.22" y="171.78" b="U"/>
<point x="185.93" y="171.98" b="N"/>
<point x="193.34" y="171.78" b="U"/>
<point x="200.69" y="171.78" b="G"/>
<point x="208.61" y="171.98" b="N"/>
<point x="216.23" y="171.78" b="Y"/>
<point x="223.73" y="171.98" b="N"/>
<point x="230.93" y="171.78" b="G"/>
<point x="238.85" y="171.98" b="N"/>
<point x="244.20" y="166.64" b="N"/>
<point x="244.20" y="159.08" b="N"/>
<point x="243.84" y="151.31" b="G"/>
<point x="243.84" y="143.75" b="G"/>
<point x="244.05" y="136.19" b="R"/>
<point x="237.31" y="133.28" b="N"/>
<point x="237.31" y="125.72" b="N"/>
<point x="244.20" y="122.61" b="N"/>
<point x="244.20" y="115.05" b="N"/>
<point x="243.84" y="107.28" b="G"/>
<point x="244.05" y="99.72" b="C"/>
<point x="244.05" y="92.16" b="R"/>
<point x="241.88" y="84.92" b="U"/>
<point x="246.39" y="78.85" b="U"/>
<point x="254.16" y="78.85" b="Y"/>
<point x="258.25" y="84.92" b="G"/>
<point x="256.29" y="92.16" b="C"/>
<point x="256.08" y="99.72" b="G"/>
<point x="256.29" y="107.28" b="C"/>
<point x="256.44" y="115.05" b="N"/>
<point x="256.44" y="122.61" b="N"/>
<point x="259.54" y="129.50" b="N"/>
<point x="256.50" y="136.19" b="Y"/>
<point x="256.29" y="143.75" b="C"/>
<point x="256.29" y="151.31" b="C"/>
<point x="256.44" y="159.08" b="N"/>
<point x="256.44" y="166.64" b="N"/>
<point x="261.78" y="171.98" b="N"/>
</structure>