<structure>
<point x="19.60" y="237.29" b="N"/>
<point x="27.22" y="237.08" b="A"/>
<point x="34.78" y="237.08" b="A"/>
<point x="42.28" y="237.29" b="N"/>
<point x="49.84" y="237.29" b="N"/>
<point x="57.41" y="237.29" b="N"/>
<point x="62.75" y="231.94" b="N"/>
<point x="62.81" y="224.18" b="A"/>
<point x="62.39" y="216.62" b="G"/>
<point x="62.60" y="209.06" b="R"/>
<point x="62.39" y="201.50" b="G"/>
<point x="62.81" y="193.94" b="A"/>
<point x="62.81" y="186.38" b="A"/>
<point x="62.81" y="178.82" b="Y"/>
<point x="62.75" y="171.47" b="N"/>
<point x="62.39" y="163.70" b="G"/>
<point x="62.81" y="156.14" b="Y"/>
<point x="62.81" y="148.58" b="Y"/>
<point x="62.39" y="141.02" b="G"/>
<point x="62.60" y="133.46" b="C"/>
<point x="62.60" y="125.90" b="U"/>
<point x="62.39" y="118.34" b="G"/>
<point x="56.20" y="114.77" b="N"/>
<point x="62.60" y="110.78" b="U"/>
<point x="62.39" y="103.22" b="G"/>
<point x="62.75" y="95.86" b="N"/>
<point x="62.60" y="88.10" b="U"/>
<point x="62.60" y="80.54" b="R"/>
<point x="62.60" y="72.98" b="U"/>
<point x="62.81" y="65.42" b="A"/>
<point x="62.75" y="58.06" b="N"/>
<point x="56.37" y="54.01" b="N"/>
<point x="52.26" y="47.66" b="N"/>
<point x="51.22" y="39.98" b="Y"/>
<point x="53.27" y="32.92" b="N"/>
<point x="58.22" y="27.20" b="N"/>
<point x="65.09" y="24.06" b="N"/>
<point x="72.65" y="24.06" b="N"/>
<point x="79.53" y="27.20" b="N"/>
<point x="84.47" y="32.92" b="N"/>
<point x="86.58" y="40.18" b="N"/>
<point x="85.48" y="47.66" b="N"/>
<point x="81.37" y="54.01" b="N"/>
<point x="74.99" y="58.06" b="N"/>
<point x="82.18" y="55.73" b="N"/>
<point x="86.68" y="61.64" b="Y"/>
<point x="82.18" y="67.96" b="N"/>
<point x="74.84" y="65.42" b="U"/>
<point x="75.05" y="72.98" b="A"/>
<point x="74.84" y="80.54" b="U"/>
<point x="75.05" y="88.10" b="A"/>
<point x="74.84" y="95.66" b="U"/>
<point x="74.84" y="103.22" b="C"/>
<point x="75.05" y="110.78" b="A"/>
<point x="74.84" y="118.34" b="C"/>
<point x="75.05" y="125.90" b="A"/>
<point x="74.63" y="133.46" b="G"/>
<point x="74.84" y="141.02" b="U"/>
<point x="74.63" y="148.58" b="G"/>
<point x="74.63" y="156.14" b="G"/>
<point x="74.84" y="163.70" b="C"/>
<point x="74.84" y="171.26" b="U"/>
<point x="74.63" y="178.82" b="G"/>
<point x="74.84" y="186.38" b="U"/>
<point x="74.84" y="193.94" b="U"/>
<point x="74.84" y="201.50" b="C"/>
<point x="74.84" y="209.06" b="U"/>
<point x="74.84" y="216.62" b="U"/>
<point x="74.84" y="224.18" b="U"/>
<point x="74.84" y="231.74" b="U"/>
<point x="80.19" y="237.08" b="U"/>
<point x="87.90" y="237.29" b="N"/>
<point x="95.46" y="237.29" b="N"/>
<point x="103.02" y="237.29" b="N"/>
<point x="110.63" y="237.08" b="Y"/>
<point x="118.14" y="237.29" b="N"/>
<point x="125.70" y="237.29" b="N"/>
</structure>