<structure>
<point x="130.71" y="335.84" b="N"/>
<point x="135.91" y="330.28" b="C"/>
<point x="135.70" y="322.72" b="G"/>
<point x="135.91" y="315.16" b="U"/>
<point x="135.70" y="307.60" b="G"/>
<point x="135.91" y="300.04" b="C"/>
<point x="136.11" y="292.48" b="Y"/>
<point x="128.37" y="291.93" b="R"/>
<point x="120.87" y="290.95" b="R"/>
<point x="113.44" y="289.55" b="U"/>
<point x="105.89" y="287.73" b="G"/>
<point x="99.09" y="285.50" b="A"/>
<point x="91.79" y="282.88" b="U"/>
<point x="84.65" y="279.85" b="G"/>
<point x="78.32" y="276.44" b="A"/>
<point x="71.57" y="272.66" b="U"/>
<point x="65.45" y="268.51" b="Y"/>
<point x="59.17" y="264.02" b="R"/>
<point x="53.56" y="259.19" b="A"/>
<point x="48.02" y="254.04" b="A"/>
<point x="42.58" y="248.59" b="R"/>
<point x="37.86" y="242.85" b="A"/>
<point x="33.06" y="236.85" b="R"/>
<point x="28.97" y="230.80" b="N"/>
<point x="25.08" y="224.31" b="N"/>
<point x="21.56" y="217.62" b="N"/>
<point x="18.43" y="210.74" b="N"/>
<point x="15.69" y="203.70" b="N"/>
<point x="13.34" y="196.51" b="N"/>
<point x="11.41" y="189.20" b="N"/>
<point x="9.89" y="181.80" b="N"/>
<point x="8.85" y="174.11" b="Y"/>
<point x="7.75" y="166.58" b="G"/>
<point x="7.50" y="159.02" b="G"/>
<point x="7.88" y="151.47" b="U"/>
<point x="8.27" y="143.93" b="G"/>
<point x="9.71" y="136.44" b="A"/>
<point x="11.15" y="129.02" b="A"/>
<point x="12.80" y="121.69" b="U"/>
<point x="15.27" y="114.47" b="Y"/>
<point x="17.73" y="107.40" b="C"/>
<point x="20.94" y="100.70" b="N"/>
<point x="24.38" y="93.97" b="N"/>
<point x="27.84" y="87.23" b="G"/>
<point x="32.44" y="80.93" b="A"/>
<point x="36.76" y="74.88" b="U"/>
<point x="41.41" y="69.09" b="G"/>
<point x="47.00" y="63.58" b="A"/>
<point x="52.48" y="58.37" b="A"/>
<point x="58.04" y="53.48" b="U"/>
<point x="64.22" y="49.13" b="N"/>
<point x="70.55" y="44.71" b="Y"/>
<point x="76.64" y="40.86" b="G"/>
<point x="83.77" y="37.38" b="Y"/>
<point x="90.46" y="34.28" b="U"/>
<point x="97.73" y="31.57" b="Y"/>
<point x="104.51" y="29.27" b="G"/>
<point x="112.25" y="27.38" b="Y"/>
<point x="119.24" y="25.90" b="G"/>
<point x="127.14" y="24.84" b="Y"/>
<point x="134.47" y="24.20" b="R"/>
<point x="142.03" y="23.98" b="C"/>
<point x="149.59" y="24.20" b="C"/>
<point x="156.91" y="24.84" b="G"/>
<point x="164.75" y="26.10" b="N"/>
<point x="172.22" y="27.38" b="Y"/>
<point x="179.48" y="29.48" b="N"/>
<point x="186.69" y="31.78" b="N"/>
<point x="193.38" y="34.28" b="G"/>
<point x="200.49" y="37.38" b="U"/>
<point x="207.35" y="41.06" b="N"/>
<point x="213.86" y="44.92" b="N"/>
<point x="220.13" y="49.13" b="N"/>
<point x="226.16" y="53.69" b="N"/>
<point x="231.93" y="58.58" b="N"/>
<point x="237.41" y="63.79" b="N"/>
<point x="242.59" y="69.30" b="N"/>
<point x="247.45" y="75.09" b="N"/>
<point x="251.97" y="81.14" b="N"/>
<point x="256.00" y="87.23" b="R"/>
<point x="259.97" y="93.97" b="N"/>
<point x="263.47" y="100.49" b="Y"/>
<point x="266.33" y="107.40" b="R"/>
<point x="269.14" y="114.68" b="N"/>
<point x="271.41" y="121.90" b="N"/>
<point x="273.26" y="129.22" b="N"/>
<point x="274.56" y="136.44" b="R"/>
<point x="275.58" y="143.93" b="U"/>
<point x="276.32" y="151.67" b="N"/>
<point x="276.50" y="159.23" b="N"/>
<point x="276.09" y="166.58" b="U"/>
<point x="275.56" y="174.32" b="N"/>
<point x="274.46" y="181.80" b="N"/>
<point x="272.94" y="189.20" b="N"/>
<point x="271.01" y="196.51" b="N"/>
<point x="268.67" y="203.70" b="N"/>
<point x="265.98" y="210.54" b="Y"/>
<point x="262.79" y="217.62" b="N"/>
<point x="259.33" y="224.11" b="Y"/>
<point x="255.44" y="230.59" b="Y"/>
<point x="250.99" y="236.85" b="U"/>
<point x="246.55" y="243.06" b="N"/>
<point x="241.48" y="248.59" b="C"/>
<point x="236.39" y="254.25" b="N"/>
<point x="230.91" y="259.19" b="Y"/>
<point x="225.04" y="264.23" b="N"/>
<point x="218.81" y="268.51" b="R"/>
<point x="212.49" y="272.66" b="U"/>
<point x="206.09" y="276.65" b="N"/>
<point x="199.19" y="279.85" b="C"/>
<point x="192.41" y="283.08" b="N"/>
<point x="185.18" y="285.50" b="U"/>
<point x="178.10" y="287.94" b="N"/>
<point x="170.61" y="289.55" b="U"/>
<point x="162.97" y="290.95" b="G"/>
<point x="155.89" y="291.93" b="A"/>
<point x="147.94" y="292.48" b="G"/>
<point x="148.30" y="300.25" b="N"/>
<point x="148.35" y="307.60" b="Y"/>
<point x="148.30" y="315.37" b="N"/>
<point x="148.35" y="322.72" b="Y"/>
<point x="148.30" y="330.49" b="N"/>
<point x="153.49" y="335.63" b="C"/>
</structure>