<structure>
<point x="19.25" y="125.71" b="G"/>
<point x="27.02" y="125.71" b="R"/>
<point x="34.58" y="125.71" b="U"/>
<point x="42.13" y="125.71" b="C"/>
<point x="49.70" y="125.71" b="R"/>
<point x="57.26" y="125.71" b="R"/>
<point x="64.81" y="125.71" b="U"/>
<point x="72.17" y="125.71" b="G"/>
<point x="80.14" y="125.71" b="A"/>
<point x="87.50" y="125.71" b="U"/>
<point x="94.84" y="125.71" b="G"/>
<point x="102.82" y="125.71" b="A"/>
<point x="110.38" y="125.71" b="A"/>
<point x="117.94" y="125.71" b="A"/>
<point x="125.50" y="125.71" b="A"/>
<point x="132.85" y="125.71" b="U"/>
<point x="140.62" y="125.71" b="A"/>
<point x="147.76" y="125.71" b="G"/>
<point x="155.53" y="125.71" b="C"/>
<point x="163.09" y="125.71" b="C"/>
<point x="170.86" y="125.71" b="A"/>
<point x="178.42" y="125.71" b="A"/>
<point x="185.98" y="125.71" b="A"/>
<point x="193.34" y="125.71" b="U"/>
<point x="200.90" y="125.71" b="C"/>
<point x="208.46" y="125.71" b="U"/>
<point x="215.81" y="125.71" b="G"/>
<point x="223.78" y="125.71" b="A"/>
<point x="228.71" y="120.36" b="G"/>
<point x="228.92" y="112.80" b="C"/>
<point x="229.13" y="105.24" b="A"/>
<point x="229.13" y="97.68" b="Y"/>
<point x="228.92" y="90.12" b="C"/>
<point x="223.53" y="85.04" b="A"/>
<point x="221.04" y="77.77" b="G"/>
<point x="223.33" y="70.50" b="R"/>
<point x="229.13" y="65.41" b="A"/>
<point x="228.71" y="57.85" b="G"/>
<point x="229.13" y="50.29" b="A"/>
<point x="229.13" y="42.73" b="Y"/>
<point x="224.86" y="36.49" b="Y"/>
<point x="225.74" y="29.20" b="N"/>
<point x="231.47" y="23.98" b="Y"/>
<point x="238.97" y="24.19" b="N"/>
<point x="244.69" y="28.99" b="Y"/>
<point x="245.42" y="36.49" b="R"/>
<point x="241.16" y="42.73" b="R"/>
<point x="241.16" y="50.29" b="U"/>
<point x="241.16" y="57.85" b="C"/>
<point x="241.16" y="65.41" b="U"/>
<point x="248.47" y="68.05" b="N"/>
<point x="252.72" y="73.99" b="C"/>
<point x="252.93" y="81.55" b="Y"/>
<point x="248.32" y="87.69" b="U"/>
<point x="240.95" y="90.12" b="G"/>
<point x="241.16" y="97.68" b="R"/>
<point x="241.16" y="105.24" b="U"/>
<point x="240.95" y="112.80" b="G"/>
<point x="241.37" y="120.36" b="Y"/>
<point x="246.71" y="125.71" b="A"/>
<point x="254.07" y="125.71" b="U"/>
<point x="261.42" y="125.71" b="G"/>
<point x="269.39" y="125.71" b="A"/>
<point x="276.75" y="125.71" b="U"/>
<point x="284.51" y="125.71" b="Y"/>
<point x="291.87" y="125.71" b="U"/>
<point x="299.58" y="125.92" b="N"/>
<point x="306.99" y="125.71" b="U"/>
<point x="314.55" y="125.71" b="R"/>
<point x="322.31" y="125.71" b="Y"/>
<point x="329.87" y="125.71" b="A"/>
<point x="337.38" y="125.92" b="N"/>
<point x="344.79" y="125.71" b="U"/>
<point x="352.35" y="125.71" b="U"/>
<point x="359.91" y="125.71" b="C"/>
<point x="367.47" y="125.71" b="U"/>
<point x="374.82" y="125.71" b="G"/>
<point x="382.79" y="125.71" b="A"/>
<point x="389.94" y="125.71" b="G"/>
<point x="397.91" y="125.71" b="A"/>
</structure>