<structure>
<point x="94.75" y="233.30" b="R"/>
<point x="94.75" y="225.74" b="R"/>
<point x="94.54" y="218.18" b="G"/>
<point x="94.90" y="210.83" b="N"/>
<point x="87.38" y="210.03" b="N"/>
<point x="79.59" y="208.42" b="G"/>
<point x="72.72" y="206.41" b="Y"/>
<point x="65.20" y="203.83" b="G"/>
<point x="58.74" y="200.68" b="A"/>
<point x="51.94" y="196.98" b="U"/>
<point x="45.46" y="192.77" b="G"/>
<point x="39.96" y="188.06" b="A"/>
<point x="34.39" y="183.09" b="N"/>
<point x="29.31" y="177.49" b="N"/>
<point x="24.35" y="171.29" b="G"/>
<point x="20.66" y="164.94" b="A"/>
<point x="16.87" y="158.28" b="R"/>
<point x="13.99" y="151.56" b="N"/>
<point x="11.53" y="144.41" b="N"/>
<point x="9.71" y="136.88" b="A"/>
<point x="8.02" y="129.43" b="G"/>
<point x="7.56" y="121.90" b="U"/>
<point x="7.50" y="114.34" b="C"/>
<point x="8.26" y="106.80" b="A"/>
<point x="9.21" y="99.33" b="U"/>
<point x="10.77" y="91.98" b="G"/>
<point x="13.33" y="84.79" b="C"/>
<point x="16.46" y="77.82" b="A"/>
<point x="19.73" y="71.11" b="C"/>
<point x="23.74" y="64.70" b="C"/>
<point x="28.46" y="58.64" b="A"/>
<point x="33.24" y="52.96" b="C"/>
<point x="38.67" y="47.70" b="U"/>
<point x="44.51" y="42.90" b="C"/>
<point x="50.72" y="38.59" b="U"/>
<point x="57.05" y="34.79" b="G"/>
<point x="64.29" y="31.53" b="A"/>
<point x="71.30" y="29.05" b="N"/>
<point x="78.61" y="26.73" b="Y"/>
<point x="85.81" y="25.21" b="U"/>
<point x="93.31" y="24.29" b="U"/>
<point x="101.08" y="23.98" b="Y"/>
<point x="108.63" y="24.29" b="Y"/>
<point x="116.08" y="25.41" b="N"/>
<point x="123.33" y="26.73" b="U"/>
<point x="130.38" y="28.84" b="G"/>
<point x="137.66" y="31.53" b="C"/>
<point x="144.48" y="34.79" b="U"/>
<point x="150.81" y="38.59" b="G"/>
<point x="157.43" y="42.90" b="A"/>
<point x="163.27" y="47.70" b="Y"/>
<point x="168.70" y="52.96" b="A"/>
<point x="173.69" y="58.64" b="A"/>
<point x="178.15" y="64.91" b="N"/>
<point x="182.22" y="71.11" b="Y"/>
<point x="185.64" y="78.03" b="N"/>
<point x="188.62" y="84.79" b="Y"/>
<point x="190.97" y="91.98" b="Y"/>
<point x="192.52" y="99.33" b="U"/>
<point x="193.83" y="107.01" b="N"/>
<point x="194.39" y="114.55" b="N"/>
<point x="194.18" y="121.90" b="U"/>
<point x="193.72" y="129.43" b="A"/>
<point x="192.23" y="136.88" b="C"/>
<point x="190.36" y="144.21" b="C"/>
<point x="187.90" y="151.36" b="C"/>
<point x="185.07" y="158.28" b="A"/>
<point x="181.29" y="164.94" b="U"/>
<point x="177.33" y="171.50" b="N"/>
<point x="172.72" y="177.49" b="N"/>
<point x="167.50" y="182.88" b="U"/>
<point x="162.19" y="188.06" b="Y"/>
<point x="156.22" y="192.97" b="N"/>
<point x="149.95" y="197.19" b="N"/>
<point x="143.20" y="200.68" b="U"/>
<point x="136.33" y="203.83" b="C"/>
<point x="129.22" y="206.41" b="U"/>
<point x="121.72" y="208.42" b="G"/>
<point x="114.71" y="209.82" b="A"/>
<point x="106.78" y="210.62" b="G"/>
<point x="106.99" y="218.18" b="C"/>
<point x="107.19" y="225.74" b="Y"/>
<point x="107.19" y="233.30" b="Y"/>
</structure>