<structure>
<point x="17.45" y="83.23" b="Y"/>
<point x="17.03" y="75.67" b="G"/>
<point x="17.45" y="68.11" b="Y"/>
<point x="17.03" y="60.55" b="G"/>
<point x="17.45" y="52.99" b="Y"/>
<point x="11.41" y="48.58" b="N"/>
<point x="8.35" y="41.67" b="N"/>
<point x="9.02" y="33.92" b="A"/>
<point x="13.08" y="27.80" b="N"/>
<point x="19.37" y="23.98" b="G"/>
<point x="26.93" y="23.98" b="G"/>
<point x="33.99" y="27.59" b="A"/>
<point x="38.12" y="33.92" b="Y"/>
<point x="38.67" y="41.67" b="N"/>
<point x="35.61" y="48.58" b="N"/>
<point x="29.48" y="52.99" b="R"/>
<point x="29.48" y="60.55" b="C"/>
<point x="29.48" y="68.11" b="R"/>
<point x="29.48" y="75.67" b="C"/>
<point x="29.63" y="83.44" b="N"/>
<point x="34.83" y="88.58" b="R"/>
<point x="40.32" y="83.44" b="N"/>
<point x="40.17" y="75.67" b="C"/>
<point x="40.38" y="68.11" b="Y"/>
<point x="40.32" y="60.76" b="N"/>
<point x="40.38" y="52.99" b="Y"/>
<point x="40.17" y="45.43" b="C"/>
<point x="36.06" y="39.40" b="N"/>
<point x="36.85" y="31.69" b="R"/>
<point x="42.30" y="26.69" b="G"/>
<point x="49.86" y="26.69" b="G"/>
<point x="55.95" y="31.69" b="A"/>
<point x="56.88" y="39.19" b="Y"/>
<point x="52.20" y="45.43" b="G"/>
<point x="52.41" y="52.99" b="R"/>
<point x="52.56" y="60.76" b="N"/>
<point x="52.20" y="68.11" b="G"/>
<point x="52.20" y="75.67" b="G"/>
<point x="52.56" y="83.44" b="N"/>
<point x="57.91" y="88.79" b="N"/>
<point x="65.52" y="88.58" b="A"/>
<point x="72.88" y="88.58" b="R"/>
<point x="80.23" y="88.58" b="G"/>
<point x="88.00" y="88.58" b="R"/>
<point x="95.71" y="88.79" b="N"/>
<point x="103.32" y="88.58" b="Y"/>
<point x="108.61" y="83.44" b="N"/>
<point x="108.46" y="75.67" b="U"/>
<point x="108.46" y="68.11" b="C"/>
<point x="108.25" y="60.55" b="G"/>
<point x="108.46" y="52.99" b="C"/>
<point x="105.27" y="46.24" b="A"/>
<point x="107.43" y="39.14" b="G"/>
<point x="114.37" y="36.14" b="G"/>
<point x="121.73" y="39.14" b="A"/>
<point x="124.26" y="46.45" b="N"/>
<point x="120.49" y="52.99" b="G"/>
<point x="120.70" y="60.55" b="C"/>
<point x="120.49" y="68.11" b="G"/>
<point x="120.91" y="75.67" b="A"/>
<point x="120.70" y="83.23" b="U"/>
<point x="131.40" y="93.93" b="U"/>
<point x="138.96" y="93.93" b="C"/>
<point x="146.72" y="93.93" b="A"/>
<point x="154.07" y="93.93" b="U"/>
<point x="161.63" y="93.93" b="C"/>
<point x="168.59" y="90.52" b="A"/>
<point x="175.28" y="93.11" b="G"/>
<point x="178.28" y="100.05" b="G"/>
<point x="175.70" y="106.99" b="A"/>
<point x="168.59" y="109.57" b="Y"/>
<point x="161.43" y="106.17" b="G"/>
<point x="154.28" y="106.17" b="A"/>
<point x="146.51" y="106.17" b="U"/>
<point x="138.75" y="106.17" b="G"/>
<point x="131.60" y="106.17" b="A"/>
<point x="126.20" y="111.72" b="N"/>
<point x="126.20" y="119.28" b="N"/>
<point x="126.20" y="126.84" b="N"/>
<point x="126.20" y="134.40" b="N"/>
<point x="126.20" y="141.96" b="N"/>
<point x="125.84" y="149.31" b="G"/>
<point x="126.05" y="156.87" b="R"/>
<point x="126.20" y="164.64" b="N"/>
<point x="126.20" y="172.20" b="N"/>
<point x="126.05" y="179.55" b="R"/>
<point x="126.20" y="187.32" b="N"/>
<point x="126.26" y="194.67" b="A"/>
<point x="125.84" y="202.23" b="G"/>
<point x="125.84" y="209.79" b="G"/>
<point x="125.84" y="217.35" b="G"/>
<point x="126.26" y="224.91" b="A"/>
<point x="126.20" y="232.68" b="N"/>
<point x="126.05" y="240.03" b="U"/>
<point x="126.26" y="247.59" b="A"/>
<point x="126.20" y="255.36" b="N"/>
<point x="126.20" y="262.92" b="N"/>
<point x="126.20" y="270.48" b="N"/>
<point x="131.40" y="275.62" b="R"/>
<point x="139.10" y="275.82" b="N"/>
<point x="146.51" y="275.62" b="R"/>
<point x="154.28" y="275.62" b="A"/>
<point x="161.84" y="275.62" b="A"/>
<point x="169.19" y="275.62" b="R"/>
<point x="169.64" y="268.27" b="N"/>
<point x="175.88" y="264.37" b="G"/>
<point x="182.89" y="268.06" b="Y"/>
<point x="182.78" y="275.62" b="G"/>
<point x="190.34" y="275.62" b="G"/>
<point x="198.26" y="275.82" b="N"/>
<point x="205.82" y="275.82" b="N"/>
<point x="213.02" y="275.62" b="G"/>
<point x="220.58" y="275.62" b="G"/>
<point x="228.14" y="275.62" b="G"/>
<point x="235.74" y="273.65" b="N"/>
<point x="241.86" y="277.96" b="Y"/>
<point x="241.86" y="285.52" b="A"/>
<point x="235.74" y="290.24" b="N"/>
<point x="228.50" y="288.06" b="N"/>
<point x="220.79" y="287.86" b="C"/>
<point x="213.23" y="287.86" b="C"/>
<point x="205.82" y="288.06" b="N"/>
<point x="198.26" y="288.06" b="N"/>
<point x="190.55" y="287.86" b="C"/>
<point x="182.99" y="287.86" b="C"/>
<point x="176.30" y="290.96" b="Y"/>
<point x="169.40" y="287.86" b="Y"/>
<point x="161.63" y="287.86" b="U"/>
<point x="154.07" y="287.86" b="U"/>
<point x="146.51" y="287.86" b="U"/>
<point x="138.96" y="287.86" b="U"/>
<point x="131.40" y="287.86" b="U"/>
<point x="126.26" y="293.20" b="Y"/>
</structure>