<structure>
<point x="19.45" y="472.31" b="U"/>
<point x="26.80" y="472.31" b="G"/>
<point x="34.73" y="472.52" b="N"/>
<point x="41.92" y="472.31" b="G"/>
<point x="49.70" y="472.31" b="C"/>
<point x="57.41" y="472.52" b="N"/>
<point x="64.61" y="472.31" b="G"/>
<point x="72.53" y="472.52" b="N"/>
<point x="80.09" y="472.52" b="N"/>
<point x="87.50" y="472.31" b="R"/>
<point x="95.26" y="472.31" b="A"/>
<point x="102.61" y="472.31" b="C"/>
<point x="110.38" y="472.31" b="A"/>
<point x="117.94" y="472.31" b="A"/>
<point x="125.30" y="472.31" b="R"/>
<point x="133.06" y="472.31" b="Y"/>
<point x="140.21" y="472.31" b="G"/>
<point x="147.97" y="472.31" b="C"/>
<point x="155.32" y="472.31" b="G"/>
<point x="160.67" y="466.96" b="G"/>
<point x="160.67" y="459.40" b="G"/>
<point x="161.09" y="451.84" b="Y"/>
<point x="160.88" y="444.28" b="C"/>
<point x="160.88" y="436.72" b="U"/>
<point x="160.67" y="429.16" b="G"/>
<point x="160.67" y="421.60" b="G"/>
<point x="160.88" y="414.04" b="C"/>
<point x="155.00" y="418.81" b="N"/>
<point x="147.17" y="419.77" b="G"/>
<point x="140.46" y="417.26" b="A"/>
<point x="134.95" y="411.68" b="G"/>
<point x="133.31" y="404.35" b="C"/>
<point x="134.95" y="397.02" b="G"/>
<point x="140.25" y="391.43" b="C"/>
<point x="147.17" y="388.92" b="G"/>
<point x="154.64" y="390.09" b="G"/>
<point x="161.09" y="394.65" b="Y"/>
<point x="160.88" y="387.09" b="R"/>
<point x="160.67" y="379.53" b="G"/>
<point x="161.03" y="372.18" b="N"/>
<point x="160.67" y="364.41" b="G"/>
<point x="160.88" y="356.85" b="C"/>
<point x="153.69" y="353.94" b="G"/>
<point x="148.53" y="359.25" b="C"/>
<point x="142.94" y="364.57" b="G"/>
<point x="137.57" y="369.89" b="G"/>
<point x="132.67" y="375.46" b="R"/>
<point x="125.14" y="373.58" b="G"/>
<point x="123.75" y="366.24" b="A"/>
<point x="129.38" y="361.19" b="Y"/>
<point x="134.55" y="355.87" b="C"/>
<point x="139.92" y="350.55" b="R"/>
<point x="145.30" y="345.24" b="C"/>
<point x="142.25" y="338.23" b="G"/>
<point x="142.04" y="330.69" b="A"/>
<point x="143.25" y="323.31" b="G"/>
<point x="146.99" y="316.74" b="G"/>
<point x="152.72" y="311.58" b="C"/>
<point x="159.53" y="308.28" b="R"/>
<point x="167.21" y="307.15" b="A"/>
<point x="174.47" y="308.28" b="C"/>
<point x="178.40" y="301.82" b="C"/>
<point x="182.12" y="295.36" b="G"/>
<point x="186.04" y="288.90" b="G"/>
<point x="189.96" y="282.44" b="G"/>
<point x="194.31" y="275.98" b="A"/>
<point x="197.81" y="269.51" b="G"/>
<point x="201.95" y="263.05" b="C"/>
<point x="201.55" y="255.50" b="R"/>
<point x="206.03" y="249.58" b="G"/>
<point x="213.68" y="248.24" b="C"/>
<point x="220.14" y="252.17" b="U"/>
<point x="222.18" y="259.39" b="G"/>
<point x="219.09" y="266.28" b="G"/>
<point x="212.20" y="269.41" b="G"/>
<point x="208.63" y="276.07" b="N"/>
<point x="204.56" y="282.33" b="C"/>
<point x="200.64" y="288.79" b="C"/>
<point x="196.71" y="295.25" b="C"/>
<point x="192.79" y="301.71" b="C"/>
<point x="188.65" y="308.18" b="G"/>
<point x="184.73" y="314.64" b="G"/>
<point x="189.39" y="320.75" b="C"/>
<point x="191.98" y="328.11" b="N"/>
<point x="191.83" y="335.46" b="G"/>
<point x="190.00" y="342.74" b="C"/>
<point x="185.69" y="349.09" b="G"/>
<point x="180.10" y="353.94" b="C"/>
<point x="172.91" y="356.85" b="G"/>
<point x="173.12" y="364.41" b="C"/>
<point x="173.12" y="371.97" b="C"/>
<point x="173.12" y="379.53" b="C"/>
<point x="173.12" y="387.09" b="C"/>
<point x="173.12" y="394.65" b="U"/>
<point x="177.83" y="400.57" b="C"/>
<point x="177.62" y="408.13" b="G"/>
<point x="172.91" y="414.04" b="G"/>
<point x="173.12" y="421.60" b="C"/>
<point x="173.12" y="429.16" b="C"/>
<point x="173.27" y="436.93" b="N"/>
<point x="172.91" y="444.28" b="G"/>
<point x="173.27" y="452.05" b="N"/>
<point x="173.12" y="459.40" b="C"/>
<point x="173.12" y="466.96" b="C"/>
<point x="178.26" y="472.31" b="G"/>
<point x="185.82" y="472.31" b="G"/>
<point x="193.38" y="472.31" b="G"/>
<point x="201.35" y="472.31" b="A"/>
<point x="208.50" y="472.31" b="G"/>
<point x="216.27" y="472.31" b="C"/>
<point x="223.83" y="472.31" b="C"/>
<point x="231.18" y="472.31" b="G"/>
<point x="238.95" y="472.31" b="C"/>
<point x="246.30" y="472.31" b="G"/>
<point x="254.07" y="472.31" b="C"/>
<point x="261.63" y="472.31" b="C"/>
<point x="269.39" y="472.31" b="A"/>
<point x="276.54" y="472.31" b="G"/>
<point x="284.31" y="472.31" b="U"/>
<point x="291.87" y="472.31" b="C"/>
<point x="299.22" y="472.31" b="G"/>
<point x="306.78" y="472.31" b="G"/>
<point x="314.70" y="472.52" b="N"/>
<point x="321.90" y="472.31" b="G"/>
<point x="329.87" y="472.31" b="Y"/>
<point x="337.43" y="472.31" b="Y"/>
<point x="344.99" y="472.31" b="Y"/>
<point x="352.35" y="472.31" b="C"/>
<point x="360.06" y="472.52" b="N"/>
<point x="367.26" y="472.31" b="G"/>
<point x="374.82" y="472.31" b="G"/>
<point x="382.59" y="472.31" b="C"/>
<point x="390.15" y="472.31" b="C"/>
<point x="397.86" y="472.52" b="N"/>
<point x="405.47" y="472.31" b="A"/>
<point x="412.62" y="472.31" b="G"/>
<point x="420.39" y="472.31" b="C"/>
<point x="427.74" y="472.31" b="G"/>
<point x="435.71" y="472.31" b="Y"/>
<point x="442.86" y="472.31" b="G"/>
<point x="450.42" y="472.31" b="G"/>
<point x="458.39" y="472.31" b="Y"/>
<point x="465.95" y="472.31" b="Y"/>
<point x="471.30" y="466.96" b="Y"/>
<point x="470.88" y="459.40" b="G"/>
<point x="471.09" y="451.84" b="C"/>
<point x="471.09" y="444.28" b="C"/>
<point x="471.09" y="436.72" b="U"/>
<point x="471.09" y="429.16" b="C"/>
<point x="471.09" y="421.60" b="C"/>
<point x="463.54" y="421.18" b="C"/>
<point x="456.02" y="420.42" b="U"/>
<point x="448.54" y="419.35" b="C"/>
<point x="441.11" y="417.95" b="U"/>
<point x="433.75" y="416.23" b="C"/>
<point x="426.67" y="414.19" b="A"/>
<point x="419.07" y="411.85" b="G"/>
<point x="412.20" y="409.19" b="C"/>
<point x="405.04" y="406.23" b="G"/>
<point x="398.63" y="402.98" b="Y"/>
<point x="391.95" y="399.43" b="Y"/>
<point x="385.23" y="395.60" b="C"/>
<point x="378.88" y="391.49" b="R"/>
<point x="372.72" y="387.11" b="U"/>
<point x="366.76" y="382.46" b="C"/>
<point x="361.20" y="377.57" b="Y"/>
<point x="355.57" y="383.04" b="G"/>
<point x="350.77" y="388.52" b="Y"/>
<point x="345.36" y="393.99" b="C"/>
<point x="340.14" y="399.47" b="C"/>
<point x="334.72" y="404.94" b="G"/>
<point x="336.75" y="412.28" b="R"/>
<point x="335.56" y="419.71" b="A"/>
<point x="330.78" y="425.88" b="G"/>
<point x="324.66" y="429.68" b="Y"/>
<point x="316.93" y="430.42" b="R"/>
<point x="309.99" y="427.95" b="Y"/>
<point x="304.31" y="422.74" b="R"/>
<point x="301.29" y="415.72" b="G"/>
<point x="301.86" y="408.17" b="C"/>
<point x="305.34" y="401.46" b="C"/>
<point x="311.50" y="396.80" b="A"/>
<point x="318.44" y="395.04" b="G"/>
<point x="326.21" y="396.71" b="N"/>
<point x="331.07" y="391.02" b="G"/>
<point x="336.28" y="385.55" b="G"/>
<point x="341.70" y="380.08" b="R"/>
<point x="346.92" y="374.60" b="C"/>
<point x="352.34" y="369.13" b="A"/>
<point x="346.96" y="363.61" b="U"/>
<point x="341.82" y="357.88" b="G"/>
<point x="337.51" y="352.15" b="N"/>
<point x="332.94" y="345.80" b="C"/>
<point x="328.94" y="339.69" b="N"/>
<point x="324.72" y="332.99" b="G"/>
<point x="321.55" y="326.33" b="A"/>
<point x="318.25" y="319.52" b="Y"/>
<point x="315.05" y="312.58" b="C"/>
<point x="312.35" y="305.52" b="C"/>
<point x="310.17" y="298.35" b="A"/>
<point x="307.89" y="291.08" b="C"/>
<point x="306.13" y="283.73" b="C"/>
<point x="304.89" y="276.31" b="A"/>
<point x="303.36" y="268.83" b="G"/>
<point x="302.56" y="261.31" b="G"/>
<point x="295.01" y="261.68" b="G"/>
<point x="287.46" y="262.05" b="G"/>
<point x="280.12" y="262.42" b="C"/>
<point x="272.36" y="262.79" b="G"/>
<point x="265.02" y="263.16" b="C"/>
<point x="257.47" y="263.53" b="C"/>
<point x="249.71" y="263.89" b="G"/>
<point x="242.79" y="266.42" b="C"/>
<point x="236.51" y="262.21" b="C"/>
<point x="236.14" y="254.66" b="R"/>
<point x="241.98" y="249.85" b="C"/>
<point x="249.32" y="251.67" b="C"/>
<point x="256.66" y="251.30" b="G"/>
<point x="264.21" y="250.93" b="G"/>
<point x="271.97" y="250.56" b="C"/>
<point x="279.31" y="250.19" b="G"/>
<point x="287.07" y="249.82" b="C"/>
<point x="294.62" y="249.46" b="U"/>
<point x="302.18" y="249.09" b="C"/>
<point x="302.02" y="241.53" b="G"/>
<point x="302.62" y="233.98" b="C"/>
<point x="303.54" y="226.45" b="A"/>
<point x="304.36" y="218.96" b="R"/>
<point x="305.51" y="211.52" b="G"/>
<point x="307.40" y="204.15" b="C"/>
<point x="309.39" y="196.86" b="C"/>
<point x="311.49" y="189.66" b="G"/>
<point x="314.31" y="182.57" b="C"/>
<point x="317.02" y="175.59" b="G"/>
<point x="320.24" y="168.75" b="G"/>
<point x="323.75" y="162.06" b="G"/>
<point x="327.76" y="155.52" b="U"/>
<point x="331.62" y="149.15" b="G"/>
<point x="336.38" y="142.96" b="A"/>
<point x="340.99" y="136.97" b="A"/>
<point x="345.44" y="131.18" b="G"/>
<point x="350.96" y="125.61" b="A"/>
<point x="356.31" y="120.26" b="A"/>
<point x="361.46" y="115.15" b="G"/>
<point x="367.66" y="110.28" b="A"/>
<point x="373.65" y="105.67" b="A"/>
<point x="379.84" y="101.33" b="A"/>
<point x="386.00" y="97.25" b="R"/>
<point x="392.74" y="93.45" b="Y"/>
<point x="399.38" y="90.14" b="N"/>
<point x="406.07" y="86.71" b="C"/>
<point x="412.83" y="83.79" b="G"/>
<point x="420.28" y="81.38" b="N"/>
<point x="427.54" y="78.86" b="Y"/>
<point x="434.62" y="76.86" b="C"/>
<point x="442.20" y="75.18" b="Y"/>
<point x="449.43" y="73.82" b="C"/>
<point x="448.49" y="66.32" b="R"/>
<point x="447.55" y="58.82" b="C"/>
<point x="446.61" y="51.32" b="U"/>
<point x="445.68" y="43.82" b="C"/>
<point x="440.82" y="38.36" b="N"/>
<point x="440.67" y="30.59" b="R"/>
<point x="445.67" y="24.92" b="C"/>
<point x="453.17" y="23.98" b="C"/>
<point x="459.42" y="28.25" b="C"/>
<point x="461.28" y="35.57" b="R"/>
<point x="457.61" y="42.30" b="G"/>
<point x="458.97" y="49.80" b="A"/>
<point x="459.49" y="57.30" b="G"/>
<point x="460.64" y="64.80" b="C"/>
<point x="461.57" y="72.30" b="R"/>
<point x="469.32" y="71.79" b="A"/>
<point x="476.67" y="71.61" b="R"/>
<point x="484.23" y="71.75" b="R"/>
<point x="491.99" y="72.21" b="A"/>
<point x="499.09" y="73.00" b="G"/>
<point x="506.56" y="74.12" b="G"/>
<point x="514.20" y="75.56" b="U"/>
<point x="521.34" y="77.31" b="G"/>
<point x="528.97" y="79.59" b="N"/>
<point x="535.99" y="81.77" b="C"/>
<point x="543.26" y="84.46" b="Y"/>
<point x="550.00" y="87.46" b="C"/>
<point x="556.81" y="90.75" b="R"/>
<point x="563.25" y="94.33" b="G"/>
<point x="570.17" y="98.19" b="A"/>
<point x="576.28" y="102.34" b="R"/>
<point x="582.42" y="106.75" b="C"/>
<point x="588.37" y="111.42" b="R"/>
<point x="594.31" y="116.35" b="A"/>
<point x="599.62" y="121.52" b="R"/>
<point x="604.70" y="126.92" b="G"/>
<point x="610.16" y="132.54" b="A"/>
<point x="614.55" y="138.38" b="G"/>
<point x="619.46" y="144.63" b="N"/>
<point x="623.59" y="150.65" b="U"/>
<point x="627.39" y="157.06" b="G"/>
<point x="631.48" y="163.85" b="N"/>
<point x="634.77" y="170.37" b="C"/>
<point x="638.12" y="177.24" b="Y"/>
<point x="640.76" y="184.25" b="C"/>
<point x="643.45" y="191.58" b="N"/>
<point x="645.54" y="198.59" b="R"/>
<point x="647.66" y="205.90" b="A"/>
<point x="649.06" y="213.29" b="R"/>
<point x="650.54" y="220.74" b="Y"/>
<point x="651.29" y="228.24" b="R"/>
<point x="652.13" y="235.78" b="A"/>
<point x="652.23" y="243.33" b="R"/>
<point x="652.21" y="250.89" b="R"/>
<point x="652.08" y="258.44" b="A"/>
<point x="651.20" y="265.97" b="R"/>
<point x="650.20" y="273.46" b="R"/>
<point x="649.09" y="280.91" b="Y"/>
<point x="647.24" y="288.29" b="R"/>
<point x="645.44" y="295.80" b="N"/>
<point x="643.02" y="302.80" b="C"/>
<point x="640.64" y="309.91" b="Y"/>
<point x="637.76" y="316.90" b="Y"/>
<point x="634.37" y="323.76" b="R"/>
<point x="631.05" y="330.68" b="N"/>
<point x="627.34" y="337.03" b="A"/>
<point x="623.09" y="343.42" b="R"/>
<point x="618.99" y="349.62" b="Y"/>
<point x="614.20" y="355.64" b="R"/>
<point x="609.58" y="361.45" b="A"/>
<point x="604.29" y="367.05" b="R"/>
<point x="598.97" y="372.43" b="R"/>
<point x="593.63" y="377.57" b="A"/>
<point x="587.46" y="382.46" b="G"/>
<point x="581.49" y="387.11" b="G"/>
<point x="575.54" y="391.49" b="U"/>
<point x="568.99" y="395.60" b="G"/>
<point x="562.68" y="399.43" b="R"/>
<point x="556.21" y="402.98" b="Y"/>
<point x="549.18" y="406.23" b="C"/>
<point x="542.22" y="409.19" b="C"/>
<point x="535.29" y="412.05" b="N"/>
<point x="527.75" y="414.19" b="G"/>
<point x="520.68" y="416.23" b="R"/>
<point x="513.47" y="418.15" b="N"/>
<point x="506.03" y="419.55" b="N"/>
<point x="498.40" y="420.42" b="R"/>
<point x="491.09" y="421.18" b="A"/>
<point x="483.12" y="421.60" b="G"/>
<point x="483.12" y="429.16" b="G"/>
<point x="483.54" y="436.72" b="A"/>
<point x="483.12" y="444.28" b="G"/>
<point x="483.12" y="451.84" b="G"/>
<point x="483.54" y="459.40" b="Y"/>
<point x="483.12" y="466.96" b="G"/>
<point x="488.68" y="472.31" b="R"/>
<point x="496.24" y="472.31" b="C"/>
<point x="503.80" y="472.31" b="C"/>
<point x="511.36" y="472.31" b="C"/>
<point x="519.07" y="472.52" b="N"/>
<point x="526.27" y="472.31" b="G"/>
<point x="534.24" y="472.31" b="A"/>
<point x="541.75" y="472.52" b="N"/>
<point x="549.16" y="472.31" b="C"/>
<point x="556.51" y="472.31" b="G"/>
<point x="564.48" y="472.31" b="A"/>
<point x="571.84" y="472.31" b="R"/>
<point x="579.19" y="472.31" b="G"/>
<point x="587.16" y="472.31" b="A"/>
<point x="594.31" y="472.31" b="G"/>
<point x="602.08" y="472.31" b="R"/>
<point x="609.64" y="472.31" b="U"/>
<point x="616.99" y="472.31" b="G"/>
</structure>