<structure>
<point x="19.45" y="252.01" b="U"/>
<point x="26.80" y="252.01" b="G"/>
<point x="34.78" y="252.01" b="Y"/>
<point x="39.92" y="246.66" b="C"/>
<point x="39.92" y="239.10" b="C"/>
<point x="40.07" y="231.75" b="N"/>
<point x="40.07" y="224.19" b="N"/>
<point x="33.52" y="220.41" b="N"/>
<point x="40.13" y="216.43" b="Y"/>
<point x="39.92" y="208.87" b="U"/>
<point x="39.92" y="201.31" b="C"/>
<point x="39.92" y="193.75" b="R"/>
<point x="39.71" y="186.19" b="G"/>
<point x="39.92" y="178.62" b="U"/>
<point x="39.92" y="171.06" b="U"/>
<point x="40.13" y="163.50" b="A"/>
<point x="39.92" y="155.94" b="U"/>
<point x="39.92" y="148.38" b="C"/>
<point x="40.13" y="140.82" b="A"/>
<point x="40.13" y="133.26" b="Y"/>
<point x="39.92" y="125.70" b="R"/>
<point x="39.71" y="118.14" b="G"/>
<point x="39.92" y="110.58" b="U"/>
<point x="39.92" y="103.03" b="R"/>
<point x="39.92" y="95.46" b="C"/>
<point x="40.13" y="87.90" b="Y"/>
<point x="39.71" y="80.34" b="G"/>
<point x="32.82" y="77.76" b="R"/>
<point x="26.64" y="73.39" b="U"/>
<point x="21.62" y="67.56" b="G"/>
<point x="18.73" y="60.67" b="C"/>
<point x="17.54" y="53.20" b="U"/>
<point x="18.14" y="45.69" b="G"/>
<point x="21.12" y="38.65" b="U"/>
<point x="25.78" y="32.80" b="N"/>
<point x="31.79" y="27.92" b="Y"/>
<point x="38.70" y="25.19" b="N"/>
<point x="46.25" y="23.98" b="Y"/>
<point x="53.68" y="25.19" b="N"/>
<point x="60.71" y="27.92" b="Y"/>
<point x="66.60" y="32.80" b="N"/>
<point x="71.12" y="38.86" b="N"/>
<point x="73.88" y="45.90" b="N"/>
<point x="74.75" y="53.20" b="A"/>
<point x="73.36" y="60.67" b="R"/>
<point x="70.04" y="67.56" b="G"/>
<point x="65.44" y="73.39" b="U"/>
<point x="59.47" y="77.76" b="A"/>
<point x="52.16" y="80.34" b="C"/>
<point x="52.37" y="87.90" b="A"/>
<point x="51.95" y="95.46" b="G"/>
<point x="52.16" y="103.03" b="U"/>
<point x="52.37" y="110.58" b="A"/>
<point x="52.16" y="118.14" b="C"/>
<point x="52.16" y="125.70" b="U"/>
<point x="52.16" y="133.26" b="R"/>
<point x="52.16" y="140.82" b="U"/>
<point x="51.95" y="148.38" b="G"/>
<point x="52.37" y="155.94" b="A"/>
<point x="52.16" y="163.50" b="U"/>
<point x="52.37" y="171.06" b="A"/>
<point x="52.37" y="178.62" b="A"/>
<point x="52.16" y="186.19" b="C"/>
<point x="52.16" y="193.75" b="U"/>
<point x="51.95" y="201.31" b="G"/>
<point x="52.37" y="208.87" b="A"/>
<point x="58.91" y="212.65" b="A"/>
<point x="51.95" y="216.43" b="G"/>
<point x="52.16" y="223.99" b="R"/>
<point x="52.31" y="231.75" b="N"/>
<point x="58.71" y="235.32" b="U"/>
<point x="51.95" y="239.10" b="G"/>
<point x="51.95" y="246.66" b="G"/>
<point x="57.71" y="252.01" b="Y"/>
<point x="65.07" y="252.01" b="R"/>
</structure>