<structure>
<point x="19.45" y="218.62" b="R"/>
<point x="25.01" y="213.28" b="Y"/>
<point x="24.80" y="205.72" b="C"/>
<point x="24.59" y="198.16" b="G"/>
<point x="25.01" y="190.60" b="A"/>
<point x="24.59" y="183.04" b="G"/>
<point x="24.80" y="175.48" b="R"/>
<point x="24.80" y="167.92" b="C"/>
<point x="24.80" y="160.36" b="U"/>
<point x="20.30" y="154.44" b="A"/>
<point x="19.89" y="146.88" b="G"/>
<point x="25.01" y="140.96" b="A"/>
<point x="24.59" y="133.40" b="G"/>
<point x="18.25" y="129.62" b="U"/>
<point x="24.80" y="125.84" b="C"/>
<point x="25.01" y="118.28" b="A"/>
<point x="24.80" y="110.72" b="C"/>
<point x="24.80" y="103.16" b="R"/>
<point x="25.01" y="95.60" b="Y"/>
<point x="25.01" y="88.04" b="Y"/>
<point x="20.09" y="82.13" b="C"/>
<point x="20.24" y="74.77" b="N"/>
<point x="24.59" y="68.65" b="G"/>
<point x="24.80" y="61.09" b="R"/>
<point x="25.01" y="53.53" b="Y"/>
<point x="25.01" y="45.97" b="A"/>
<point x="20.12" y="40.20" b="Y"/>
<point x="19.51" y="32.65" b="R"/>
<point x="23.76" y="26.40" b="R"/>
<point x="31.13" y="23.98" b="Y"/>
<point x="38.24" y="26.61" b="N"/>
<point x="42.48" y="32.86" b="N"/>
<point x="41.93" y="40.20" b="U"/>
<point x="37.04" y="45.97" b="U"/>
<point x="36.83" y="53.53" b="G"/>
<point x="37.25" y="61.09" b="Y"/>
<point x="37.04" y="68.65" b="C"/>
<point x="41.95" y="74.57" b="Y"/>
<point x="41.75" y="82.13" b="U"/>
<point x="37.04" y="88.04" b="R"/>
<point x="36.83" y="95.60" b="G"/>
<point x="37.04" y="103.16" b="U"/>
<point x="36.83" y="110.72" b="G"/>
<point x="37.04" y="118.28" b="U"/>
<point x="36.83" y="125.84" b="G"/>
<point x="37.04" y="133.40" b="C"/>
<point x="37.04" y="140.96" b="U"/>
<point x="41.95" y="146.88" b="A"/>
<point x="41.90" y="154.65" b="N"/>
<point x="37.25" y="160.36" b="A"/>
<point x="36.83" y="167.92" b="G"/>
<point x="37.04" y="175.48" b="U"/>
<point x="43.74" y="179.47" b="N"/>
<point x="37.04" y="183.04" b="C"/>
<point x="37.04" y="190.60" b="U"/>
<point x="37.04" y="198.16" b="C"/>
<point x="36.83" y="205.72" b="G"/>
<point x="37.04" y="213.28" b="R"/>
<point x="42.59" y="218.62" b="A"/>
<point x="49.74" y="218.62" b="G"/>
<point x="57.71" y="218.62" b="A"/>
<point x="64.86" y="218.62" b="G"/>
<point x="72.78" y="218.83" b="N"/>
<point x="80.39" y="218.62" b="A"/>
<point x="87.90" y="218.83" b="N"/>
<point x="95.31" y="218.62" b="C"/>
<point x="103.02" y="218.83" b="N"/>
<point x="110.58" y="218.83" b="N"/>
<point x="115.77" y="213.28" b="C"/>
<point x="115.77" y="205.72" b="U"/>
<point x="115.56" y="198.16" b="G"/>
<point x="115.77" y="190.60" b="R"/>
<point x="115.98" y="183.04" b="Y"/>
<point x="115.77" y="175.48" b="C"/>
<point x="115.77" y="167.92" b="U"/>
<point x="112.67" y="161.02" b="U"/>
<point x="115.92" y="154.33" b="N"/>
<point x="108.42" y="153.83" b="A"/>
<point x="104.53" y="147.23" b="U"/>
<point x="108.22" y="140.63" b="U"/>
<point x="115.77" y="140.34" b="C"/>
<point x="115.98" y="132.78" b="A"/>
<point x="115.98" y="125.22" b="Y"/>
<point x="115.77" y="117.66" b="U"/>
<point x="115.56" y="110.10" b="G"/>
<point x="115.56" y="102.54" b="G"/>
<point x="112.88" y="95.64" b="Y"/>
<point x="115.92" y="88.95" b="N"/>
<point x="115.56" y="81.19" b="G"/>
<point x="115.92" y="73.83" b="N"/>
<point x="115.56" y="66.07" b="G"/>
<point x="115.56" y="58.51" b="G"/>
<point x="115.92" y="51.15" b="N"/>
<point x="111.04" y="45.38" b="N"/>
<point x="110.63" y="37.84" b="N"/>
<point x="114.73" y="31.37" b="U"/>
<point x="122.10" y="28.96" b="Y"/>
<point x="129.06" y="31.37" b="R"/>
<point x="133.45" y="37.84" b="N"/>
<point x="132.90" y="45.18" b="U"/>
<point x="127.80" y="50.95" b="G"/>
<point x="128.16" y="58.71" b="N"/>
<point x="128.01" y="66.07" b="C"/>
<point x="128.16" y="73.83" b="N"/>
<point x="128.01" y="81.19" b="C"/>
<point x="128.16" y="88.95" b="N"/>
<point x="131.26" y="95.85" b="N"/>
<point x="128.22" y="102.54" b="Y"/>
<point x="128.22" y="110.10" b="Y"/>
<point x="128.22" y="117.66" b="A"/>
<point x="127.80" y="125.22" b="G"/>
<point x="128.01" y="132.78" b="U"/>
<point x="128.16" y="140.54" b="N"/>
<point x="131.26" y="147.44" b="N"/>
<point x="128.01" y="154.13" b="C"/>
<point x="131.11" y="161.02" b="C"/>
<point x="128.22" y="167.92" b="A"/>
<point x="127.80" y="175.48" b="G"/>
<point x="128.01" y="183.04" b="R"/>
<point x="128.01" y="190.60" b="U"/>
<point x="128.22" y="198.16" b="Y"/>
<point x="128.22" y="205.72" b="A"/>
<point x="127.80" y="213.28" b="G"/>
<point x="133.56" y="218.62" b="A"/>
<point x="140.92" y="218.62" b="R"/>
<point x="148.68" y="218.62" b="A"/>
<point x="156.04" y="218.62" b="C"/>
<point x="163.80" y="218.62" b="A"/>
<point x="171.16" y="218.62" b="U"/>
<point x="178.72" y="218.62" b="R"/>
<point x="186.43" y="218.83" b="N"/>
</structure>