<structure>
<point x="152.68" y="341.17" b="A"/>
<point x="152.47" y="333.61" b="U"/>
<point x="152.26" y="326.05" b="G"/>
<point x="145.08" y="325.76" b="N"/>
<point x="137.63" y="324.68" b="A"/>
<point x="130.17" y="323.44" b="Y"/>
<point x="122.37" y="321.82" b="G"/>
<point x="115.49" y="319.84" b="A"/>
<point x="108.25" y="317.70" b="N"/>
<point x="101.04" y="314.79" b="R"/>
<point x="94.33" y="311.74" b="A"/>
<point x="87.37" y="308.34" b="R"/>
<point x="81.00" y="304.61" b="A"/>
<point x="74.56" y="300.77" b="N"/>
<point x="68.39" y="296.40" b="N"/>
<point x="62.29" y="291.53" b="R"/>
<point x="56.79" y="286.56" b="A"/>
<point x="51.14" y="281.32" b="U"/>
<point x="45.74" y="275.82" b="G"/>
<point x="41.26" y="270.06" b="A"/>
<point x="36.60" y="264.27" b="N"/>
<point x="32.30" y="258.06" b="N"/>
<point x="28.37" y="251.42" b="A"/>
<point x="24.51" y="244.81" b="R"/>
<point x="21.39" y="238.01" b="A"/>
<point x="18.36" y="231.27" b="N"/>
<point x="15.58" y="223.98" b="R"/>
<point x="13.31" y="216.77" b="R"/>
<point x="11.61" y="209.45" b="A"/>
<point x="10.08" y="202.05" b="A"/>
<point x="8.49" y="194.58" b="G"/>
<point x="7.91" y="187.06" b="U"/>
<point x="7.50" y="179.51" b="U"/>
<point x="7.67" y="171.95" b="Y"/>
<point x="7.81" y="164.40" b="C"/>
<point x="8.32" y="156.87" b="G"/>
<point x="9.41" y="149.39" b="G"/>
<point x="11.29" y="141.98" b="Y"/>
<point x="12.71" y="134.64" b="G"/>
<point x="15.33" y="127.41" b="A"/>
<point x="17.68" y="120.30" b="U"/>
<point x="20.38" y="113.32" b="G"/>
<point x="23.85" y="106.50" b="U"/>
<point x="27.45" y="99.85" b="U"/>
<point x="31.52" y="93.59" b="N"/>
<point x="35.81" y="87.12" b="Y"/>
<point x="40.31" y="81.29" b="N"/>
<point x="45.21" y="75.28" b="A"/>
<point x="50.13" y="69.73" b="C"/>
<point x="55.53" y="64.44" b="R"/>
<point x="61.39" y="59.42" b="Y"/>
<point x="67.09" y="54.70" b="U"/>
<point x="73.22" y="50.27" b="C"/>
<point x="79.77" y="46.16" b="A"/>
<point x="85.89" y="42.37" b="G"/>
<point x="92.61" y="38.91" b="G"/>
<point x="99.71" y="35.79" b="C"/>
<point x="106.75" y="33.02" b="R"/>
<point x="114.06" y="30.81" b="N"/>
<point x="121.33" y="28.76" b="N"/>
<point x="128.55" y="26.87" b="R"/>
<point x="136.20" y="25.55" b="A"/>
<point x="143.71" y="24.61" b="A"/>
<point x="151.04" y="24.04" b="C"/>
<point x="158.75" y="24.06" b="N"/>
<point x="166.15" y="24.04" b="C"/>
<point x="173.90" y="24.61" b="A"/>
<point x="180.98" y="25.55" b="G"/>
<point x="188.79" y="27.07" b="N"/>
<point x="196.01" y="28.55" b="C"/>
<point x="203.43" y="30.81" b="N"/>
<point x="210.24" y="33.02" b="G"/>
<point x="217.48" y="35.79" b="R"/>
<point x="224.37" y="38.91" b="R"/>
<point x="231.30" y="42.37" b="A"/>
<point x="237.78" y="46.37" b="N"/>
<point x="243.97" y="50.27" b="R"/>
<point x="250.31" y="54.70" b="A"/>
<point x="256.00" y="59.42" b="C"/>
<point x="261.45" y="64.44" b="G"/>
<point x="267.27" y="69.73" b="A"/>
<point x="271.98" y="75.28" b="G"/>
<point x="277.19" y="81.29" b="N"/>
<point x="281.58" y="87.12" b="U"/>
<point x="285.97" y="93.59" b="N"/>
<point x="289.95" y="99.85" b="A"/>
<point x="293.55" y="106.50" b="A"/>
<point x="296.60" y="113.32" b="R"/>
<point x="299.71" y="120.30" b="A"/>
<point x="302.27" y="127.41" b="A"/>
<point x="304.06" y="134.64" b="G"/>
<point x="306.10" y="141.98" b="C"/>
<point x="307.78" y="149.39" b="A"/>
<point x="308.87" y="156.87" b="A"/>
<point x="309.18" y="164.40" b="G"/>
<point x="309.52" y="171.95" b="G"/>
<point x="309.48" y="179.51" b="G"/>
<point x="309.48" y="187.06" b="A"/>
<point x="308.49" y="194.58" b="C"/>
<point x="307.11" y="202.05" b="G"/>
<point x="305.78" y="209.45" b="U"/>
<point x="303.88" y="216.77" b="U"/>
<point x="301.61" y="223.98" b="U"/>
<point x="298.98" y="231.07" b="C"/>
<point x="295.79" y="238.01" b="G"/>
<point x="292.68" y="244.81" b="U"/>
<point x="289.23" y="251.42" b="A"/>
<point x="285.04" y="257.85" b="U"/>
<point x="280.74" y="264.07" b="U"/>
<point x="276.13" y="270.06" b="U"/>
<point x="271.24" y="275.82" b="C"/>
<point x="266.06" y="281.32" b="C"/>
<point x="260.61" y="286.56" b="R"/>
<point x="254.90" y="291.53" b="U"/>
<point x="249.16" y="296.19" b="Y"/>
<point x="242.57" y="300.56" b="G"/>
<point x="236.61" y="304.61" b="A"/>
<point x="229.97" y="308.55" b="N"/>
<point x="222.86" y="311.74" b="G"/>
<point x="216.36" y="314.79" b="A"/>
<point x="209.09" y="317.49" b="U"/>
<point x="201.69" y="319.84" b="G"/>
<point x="194.61" y="321.82" b="C"/>
<point x="187.22" y="323.44" b="U"/>
<point x="179.56" y="324.68" b="G"/>
<point x="172.47" y="325.56" b="A"/>
<point x="164.72" y="326.05" b="C"/>
<point x="164.92" y="333.61" b="A"/>
<point x="164.72" y="341.17" b="U"/>
</structure>