<structure>
<point x="19.45" y="171.02" b="U"/>
<point x="26.80" y="171.02" b="G"/>
<point x="34.37" y="171.02" b="G"/>
<point x="42.13" y="171.02" b="C"/>
<point x="49.48" y="171.02" b="G"/>
<point x="55.04" y="165.67" b="C"/>
<point x="55.04" y="158.11" b="C"/>
<point x="55.04" y="150.55" b="C"/>
<point x="48.20" y="147.82" b="A"/>
<point x="45.25" y="140.86" b="A"/>
<point x="48.20" y="133.89" b="Y"/>
<point x="54.83" y="131.16" b="G"/>
<point x="55.25" y="123.60" b="Y"/>
<point x="54.83" y="116.04" b="G"/>
<point x="49.48" y="110.70" b="G"/>
<point x="48.21" y="103.29" b="R"/>
<point x="51.25" y="96.51" b="N"/>
<point x="57.38" y="92.10" b="C"/>
<point x="64.94" y="92.10" b="U"/>
<point x="71.02" y="96.30" b="G"/>
<point x="73.90" y="103.29" b="G"/>
<point x="72.84" y="110.70" b="A"/>
<point x="67.28" y="116.04" b="U"/>
<point x="67.49" y="123.60" b="A"/>
<point x="67.28" y="131.16" b="C"/>
<point x="71.99" y="137.08" b="R"/>
<point x="72.19" y="144.64" b="A"/>
<point x="67.07" y="150.55" b="G"/>
<point x="67.07" y="158.11" b="G"/>
<point x="67.07" y="165.67" b="G"/>
<point x="72.78" y="171.23" b="N"/>
<point x="80.34" y="171.23" b="N"/>
<point x="87.95" y="171.02" b="Y"/>
<point x="95.51" y="171.02" b="Y"/>
<point x="100.80" y="165.88" b="N"/>
<point x="100.86" y="158.11" b="Y"/>
<point x="100.44" y="150.55" b="G"/>
<point x="100.65" y="142.99" b="U"/>
<point x="95.55" y="137.23" b="G"/>
<point x="95.57" y="129.68" b="A"/>
<point x="99.40" y="123.42" b="G"/>
<point x="106.56" y="121.01" b="G"/>
<point x="114.14" y="123.42" b="A"/>
<point x="118.39" y="129.68" b="A"/>
<point x="117.57" y="137.23" b="G"/>
<point x="113.10" y="142.99" b="A"/>
<point x="113.04" y="150.76" b="N"/>
<point x="112.68" y="158.11" b="G"/>
<point x="112.89" y="165.67" b="R"/>
<point x="118.24" y="171.02" b="C"/>
<point x="125.59" y="171.02" b="G"/>
<point x="133.36" y="171.02" b="C"/>
<point x="141.07" y="171.23" b="N"/>
<point x="148.63" y="171.23" b="N"/>
<point x="156.19" y="171.23" b="N"/>
<point x="163.60" y="171.02" b="R"/>
<point x="170.95" y="171.02" b="G"/>
<point x="178.87" y="171.23" b="N"/>
<point x="186.43" y="171.23" b="N"/>
<point x="193.99" y="171.23" b="N"/>
<point x="201.19" y="171.02" b="G"/>
<point x="209.16" y="171.02" b="Y"/>
<point x="216.72" y="171.02" b="Y"/>
<point x="223.87" y="171.02" b="G"/>
<point x="231.43" y="171.02" b="G"/>
<point x="239.35" y="171.23" b="N"/>
<point x="246.91" y="171.23" b="N"/>
<point x="254.47" y="171.23" b="N"/>
<point x="262.03" y="171.23" b="N"/>
<point x="269.59" y="171.23" b="N"/>
<point x="277.15" y="171.23" b="N"/>
<point x="284.56" y="171.02" b="R"/>
<point x="292.27" y="171.23" b="N"/>
<point x="299.88" y="171.02" b="A"/>
<point x="307.39" y="171.23" b="N"/>
<point x="314.95" y="171.23" b="N"/>
<point x="322.51" y="171.23" b="N"/>
<point x="329.92" y="171.02" b="R"/>
<point x="337.68" y="171.02" b="A"/>
<point x="345.24" y="171.02" b="A"/>
<point x="352.75" y="171.23" b="N"/>
<point x="360.31" y="171.23" b="N"/>
<point x="367.87" y="171.23" b="N"/>
<point x="375.43" y="171.23" b="N"/>
<point x="383.04" y="171.02" b="A"/>
<point x="390.55" y="171.23" b="N"/>
<point x="395.89" y="165.88" b="N"/>
<point x="395.95" y="158.11" b="Y"/>
<point x="395.95" y="150.55" b="Y"/>
<point x="395.74" y="142.99" b="U"/>
<point x="395.74" y="135.43" b="U"/>
<point x="388.79" y="133.00" b="Y"/>
<point x="384.33" y="127.07" b="N"/>
<point x="384.33" y="119.51" b="N"/>
<point x="388.74" y="113.36" b="N"/>
<point x="395.89" y="110.93" b="N"/>
<point x="395.74" y="103.16" b="C"/>
<point x="395.89" y="95.81" b="N"/>
<point x="391.19" y="89.89" b="N"/>
<point x="391.24" y="82.13" b="Y"/>
<point x="395.74" y="76.21" b="C"/>
<point x="395.53" y="68.65" b="G"/>
<point x="395.74" y="61.09" b="C"/>
<point x="395.53" y="53.53" b="G"/>
<point x="395.53" y="45.97" b="G"/>
<point x="390.65" y="40.20" b="G"/>
<point x="390.66" y="32.65" b="A"/>
<point x="394.70" y="26.40" b="R"/>
<point x="401.86" y="23.98" b="C"/>
<point x="409.03" y="26.40" b="C"/>
<point x="413.27" y="32.65" b="U"/>
<point x="412.66" y="40.20" b="G"/>
<point x="407.98" y="45.97" b="C"/>
<point x="408.19" y="53.53" b="Y"/>
<point x="407.77" y="61.09" b="G"/>
<point x="407.98" y="68.65" b="C"/>
<point x="407.77" y="76.21" b="G"/>
<point x="412.90" y="82.13" b="Y"/>
<point x="412.90" y="89.69" b="Y"/>
<point x="408.13" y="95.81" b="N"/>
<point x="407.77" y="103.16" b="G"/>
<point x="414.68" y="107.15" b="N"/>
<point x="408.13" y="110.93" b="N"/>
<point x="413.73" y="116.02" b="N"/>
<point x="415.80" y="123.29" b="N"/>
<point x="413.73" y="130.56" b="N"/>
<point x="407.98" y="135.43" b="R"/>
<point x="408.19" y="142.99" b="A"/>
<point x="414.68" y="146.98" b="N"/>
<point x="407.77" y="150.55" b="G"/>
<point x="407.98" y="158.11" b="R"/>
<point x="408.13" y="165.88" b="N"/>
<point x="413.33" y="171.02" b="R"/>
<point x="421.10" y="171.02" b="A"/>
<point x="428.60" y="171.23" b="N"/>
<point x="436.16" y="171.23" b="N"/>
<point x="443.57" y="171.02" b="R"/>
<point x="449.06" y="165.88" b="N"/>
<point x="449.06" y="158.32" b="N"/>
<point x="448.70" y="150.55" b="G"/>
<point x="449.06" y="143.20" b="N"/>
<point x="442.16" y="139.21" b="G"/>
<point x="449.12" y="135.43" b="Y"/>
<point x="449.12" y="127.87" b="Y"/>
<point x="449.12" y="120.31" b="Y"/>
<point x="448.70" y="112.75" b="G"/>
<point x="446.74" y="105.51" b="R"/>
<point x="451.46" y="99.45" b="A"/>
<point x="458.96" y="99.65" b="N"/>
<point x="463.53" y="105.51" b="A"/>
<point x="461.15" y="112.75" b="U"/>
<point x="460.94" y="120.31" b="G"/>
<point x="460.94" y="127.87" b="G"/>
<point x="460.94" y="135.43" b="G"/>
<point x="461.15" y="142.99" b="R"/>
<point x="461.15" y="150.55" b="C"/>
<point x="461.36" y="158.11" b="A"/>
<point x="461.36" y="165.67" b="A"/>
<point x="466.29" y="171.02" b="G"/>
<point x="474.27" y="171.02" b="A"/>
<point x="481.83" y="171.02" b="A"/>
<point x="489.18" y="171.02" b="U"/>
<point x="494.53" y="165.67" b="U"/>
<point x="494.73" y="158.11" b="A"/>
<point x="494.73" y="150.55" b="A"/>
<point x="494.32" y="142.99" b="G"/>
<point x="494.53" y="135.43" b="C"/>
<point x="494.53" y="127.87" b="C"/>
<point x="487.40" y="126.04" b="A"/>
<point x="480.33" y="122.87" b="R"/>
<point x="474.17" y="118.49" b="C"/>
<point x="469.14" y="113.04" b="A"/>
<point x="464.80" y="106.70" b="U"/>
<point x="462.07" y="99.92" b="N"/>
<point x="460.59" y="92.31" b="A"/>
<point x="460.25" y="84.75" b="R"/>
<point x="461.67" y="77.51" b="N"/>
<point x="464.16" y="70.22" b="U"/>
<point x="468.27" y="63.74" b="Y"/>
<point x="473.11" y="58.11" b="U"/>
<point x="479.31" y="53.51" b="A"/>
<point x="485.86" y="50.11" b="U"/>
<point x="492.91" y="48.01" b="G"/>
<point x="500.65" y="47.31" b="U"/>
<point x="508.17" y="48.01" b="R"/>
<point x="515.44" y="50.11" b="R"/>
<point x="522.19" y="53.51" b="R"/>
<point x="528.39" y="58.11" b="A"/>
<point x="533.23" y="63.74" b="C"/>
<point x="537.34" y="70.22" b="A"/>
<point x="539.98" y="77.30" b="A"/>
<point x="541.04" y="84.75" b="U"/>
<point x="540.91" y="92.31" b="U"/>
<point x="539.38" y="99.72" b="R"/>
<point x="536.70" y="106.70" b="A"/>
<point x="532.57" y="113.04" b="A"/>
<point x="527.33" y="118.49" b="A"/>
<point x="520.97" y="122.87" b="R"/>
<point x="514.31" y="126.04" b="A"/>
<point x="506.56" y="127.87" b="G"/>
<point x="506.56" y="135.43" b="G"/>
<point x="506.77" y="142.99" b="C"/>
<point x="513.46" y="146.98" b="N"/>
<point x="506.77" y="150.55" b="U"/>
<point x="506.77" y="158.11" b="U"/>
<point x="506.97" y="165.67" b="A"/>
<point x="512.32" y="171.02" b="A"/>
<point x="519.88" y="171.02" b="A"/>
<point x="527.02" y="171.02" b="G"/>
<point x="534.79" y="171.02" b="R"/>
<point x="542.56" y="171.02" b="Y"/>
<point x="550.12" y="171.02" b="A"/>
<point x="555.26" y="165.67" b="C"/>
<point x="555.05" y="158.11" b="G"/>
<point x="555.26" y="150.55" b="R"/>
<point x="555.05" y="142.99" b="G"/>
<point x="555.05" y="135.43" b="G"/>
<point x="555.46" y="127.87" b="A"/>
<point x="555.05" y="120.31" b="G"/>
<point x="555.26" y="112.75" b="U"/>
<point x="550.76" y="106.84" b="A"/>
<point x="550.76" y="99.28" b="A"/>
<point x="555.46" y="93.36" b="A"/>
<point x="555.05" y="85.80" b="G"/>
<point x="555.05" y="78.24" b="G"/>
<point x="555.26" y="70.68" b="U"/>
<point x="555.41" y="63.33" b="N"/>
<point x="555.46" y="55.56" b="A"/>
<point x="550.58" y="49.79" b="A"/>
<point x="549.97" y="42.24" b="R"/>
<point x="554.36" y="36.19" b="N"/>
<point x="561.38" y="33.57" b="R"/>
<point x="568.75" y="35.99" b="Y"/>
<point x="572.79" y="42.24" b="R"/>
<point x="572.53" y="50.00" b="N"/>
<point x="567.65" y="55.77" b="N"/>
<point x="567.29" y="63.12" b="G"/>
<point x="567.70" y="70.68" b="A"/>
<point x="567.50" y="78.24" b="U"/>
<point x="567.70" y="85.80" b="Y"/>
<point x="567.50" y="93.36" b="U"/>
<point x="574.65" y="90.92" b="R"/>
<point x="581.87" y="93.18" b="U"/>
<point x="586.34" y="99.28" b="U"/>
<point x="586.54" y="106.84" b="Y"/>
<point x="582.07" y="112.93" b="A"/>
<point x="574.65" y="115.20" b="R"/>
<point x="567.70" y="112.75" b="A"/>
<point x="567.50" y="120.31" b="U"/>
<point x="567.50" y="127.87" b="U"/>
<point x="567.70" y="135.43" b="Y"/>
<point x="567.50" y="142.99" b="U"/>
<point x="567.50" y="150.55" b="U"/>
<point x="567.50" y="158.11" b="U"/>
<point x="567.29" y="165.67" b="G"/>
<point x="573.05" y="171.02" b="A"/>
<point x="580.40" y="171.02" b="U"/>
<point x="587.96" y="171.02" b="U"/>
<point x="595.52" y="171.02" b="U"/>
<point x="603.08" y="171.02" b="U"/>
<point x="610.64" y="171.02" b="R"/>
<point x="618.20" y="171.02" b="U"/>
<point x="625.97" y="171.02" b="A"/>
<point x="631.32" y="165.67" b="A"/>
<point x="631.32" y="158.11" b="A"/>
<point x="631.11" y="150.55" b="R"/>
<point x="630.90" y="142.99" b="G"/>
<point x="631.32" y="135.43" b="A"/>
<point x="631.11" y="127.87" b="U"/>
<point x="628.94" y="120.63" b="R"/>
<point x="633.66" y="114.57" b="Y"/>
<point x="641.16" y="114.77" b="N"/>
<point x="645.52" y="120.63" b="U"/>
<point x="643.14" y="127.87" b="G"/>
<point x="643.56" y="135.43" b="Y"/>
<point x="643.35" y="142.99" b="C"/>
<point x="643.35" y="150.55" b="C"/>
<point x="643.35" y="158.11" b="U"/>
<point x="643.35" y="165.67" b="U"/>
</structure>