<structure>
<point x="19.45" y="160.31" b="C"/>
<point x="27.02" y="160.31" b="U"/>
<point x="34.58" y="160.31" b="U"/>
<point x="40.13" y="154.97" b="A"/>
<point x="39.92" y="147.41" b="C"/>
<point x="39.92" y="139.84" b="U"/>
<point x="39.71" y="132.28" b="G"/>
<point x="35.42" y="126.37" b="A"/>
<point x="35.01" y="118.81" b="G"/>
<point x="40.13" y="112.89" b="A"/>
<point x="39.71" y="105.33" b="G"/>
<point x="39.92" y="97.77" b="C"/>
<point x="40.13" y="90.21" b="A"/>
<point x="39.92" y="82.65" b="C"/>
<point x="34.78" y="88.00" b="A"/>
<point x="27.22" y="88.00" b="A"/>
<point x="21.88" y="82.65" b="A"/>
<point x="21.46" y="75.09" b="G"/>
<point x="27.02" y="69.75" b="U"/>
<point x="34.58" y="69.75" b="U"/>
<point x="39.92" y="75.09" b="U"/>
<point x="39.92" y="67.53" b="C"/>
<point x="39.92" y="59.97" b="C"/>
<point x="39.92" y="52.41" b="C"/>
<point x="39.71" y="44.85" b="G"/>
<point x="39.92" y="37.29" b="U"/>
<point x="37.54" y="30.05" b="G"/>
<point x="42.26" y="23.98" b="C"/>
<point x="49.82" y="23.98" b="C"/>
<point x="54.54" y="30.05" b="A"/>
<point x="52.37" y="37.29" b="A"/>
<point x="52.16" y="44.85" b="C"/>
<point x="58.91" y="48.63" b="A"/>
<point x="51.95" y="52.41" b="G"/>
<point x="51.95" y="59.97" b="G"/>
<point x="51.95" y="67.53" b="G"/>
<point x="52.37" y="75.09" b="A"/>
<point x="51.95" y="82.65" b="G"/>
<point x="52.16" y="90.21" b="U"/>
<point x="51.95" y="97.77" b="G"/>
<point x="52.16" y="105.33" b="U"/>
<point x="52.16" y="112.89" b="U"/>
<point x="59.92" y="113.31" b="A"/>
<point x="64.90" y="118.81" b="U"/>
<point x="65.11" y="126.37" b="A"/>
<point x="59.71" y="131.86" b="R"/>
<point x="52.16" y="132.28" b="C"/>
<point x="51.95" y="139.84" b="G"/>
<point x="51.95" y="147.41" b="G"/>
<point x="52.16" y="154.97" b="U"/>
<point x="57.51" y="160.31" b="U"/>
<point x="65.07" y="160.31" b="U"/>
<point x="72.83" y="160.31" b="A"/>
<point x="80.19" y="160.31" b="U"/>
<point x="85.53" y="154.97" b="U"/>
<point x="85.74" y="147.41" b="A"/>
<point x="85.32" y="139.84" b="G"/>
<point x="85.53" y="132.28" b="U"/>
<point x="85.53" y="124.72" b="C"/>
<point x="85.53" y="117.17" b="U"/>
<point x="85.32" y="109.61" b="G"/>
<point x="80.43" y="103.84" b="G"/>
<point x="80.45" y="96.29" b="A"/>
<point x="84.28" y="90.03" b="G"/>
<point x="91.86" y="87.62" b="A"/>
<point x="98.82" y="90.03" b="C"/>
<point x="102.85" y="96.29" b="G"/>
<point x="102.45" y="103.84" b="G"/>
<point x="97.77" y="109.61" b="C"/>
<point x="97.98" y="117.17" b="A"/>
<point x="97.56" y="124.72" b="G"/>
<point x="97.98" y="132.28" b="A"/>
<point x="97.77" y="139.84" b="C"/>
<point x="97.77" y="147.41" b="U"/>
<point x="97.98" y="154.97" b="A"/>
<point x="103.12" y="160.31" b="U"/>
<point x="110.68" y="160.31" b="C"/>
<point x="118.24" y="160.31" b="C"/>
<point x="125.80" y="160.31" b="U"/>
<point x="133.36" y="160.31" b="C"/>
<point x="140.92" y="160.31" b="U"/>
<point x="148.48" y="160.31" b="U"/>
<point x="153.82" y="154.97" b="C"/>
<point x="153.82" y="147.41" b="C"/>
<point x="153.82" y="139.84" b="C"/>
<point x="153.61" y="132.28" b="G"/>
<point x="153.61" y="124.72" b="G"/>
<point x="153.82" y="117.17" b="U"/>
<point x="148.94" y="111.40" b="C"/>
<point x="148.53" y="103.85" b="C"/>
<point x="152.78" y="97.59" b="C"/>
<point x="159.94" y="95.18" b="C"/>
<point x="167.11" y="97.59" b="U"/>
<point x="171.56" y="103.85" b="A"/>
<point x="170.95" y="111.40" b="U"/>
<point x="165.85" y="117.17" b="G"/>
<point x="166.06" y="124.72" b="C"/>
<point x="166.06" y="132.28" b="C"/>
<point x="166.06" y="139.84" b="R"/>
<point x="165.85" y="147.41" b="G"/>
<point x="166.21" y="155.17" b="N"/>
<point x="171.41" y="160.31" b="U"/>
<point x="178.97" y="160.31" b="U"/>
<point x="186.53" y="160.31" b="U"/>
<point x="194.09" y="160.31" b="U"/>
<point x="201.65" y="160.31" b="U"/>
<point x="209.21" y="160.31" b="U"/>
<point x="216.77" y="160.31" b="U"/>
<point x="224.33" y="160.31" b="U"/>
<point x="232.10" y="160.31" b="A"/>
<point x="239.45" y="160.31" b="U"/>
<point x="246.80" y="160.31" b="G"/>
<point x="254.57" y="160.31" b="U"/>
<point x="262.13" y="160.31" b="C"/>
</structure>