<structure>
<point x="43.23" y="312.74" b="N"/>
<point x="43.29" y="304.97" b="Y"/>
<point x="43.08" y="297.41" b="R"/>
<point x="43.08" y="289.85" b="U"/>
<point x="42.87" y="282.29" b="G"/>
<point x="43.08" y="274.73" b="C"/>
<point x="39.98" y="267.83" b="C"/>
<point x="43.08" y="260.94" b="U"/>
<point x="42.87" y="253.38" b="G"/>
<point x="42.87" y="245.82" b="G"/>
<point x="43.08" y="238.26" b="C"/>
<point x="43.08" y="230.70" b="U"/>
<point x="43.08" y="223.14" b="C"/>
<point x="43.08" y="215.58" b="C"/>
<point x="39.98" y="208.68" b="C"/>
<point x="43.08" y="201.79" b="U"/>
<point x="42.87" y="194.23" b="G"/>
<point x="43.08" y="186.67" b="U"/>
<point x="43.29" y="179.11" b="A"/>
<point x="43.08" y="171.55" b="U"/>
<point x="42.87" y="163.99" b="G"/>
<point x="43.08" y="156.43" b="C"/>
<point x="43.08" y="148.87" b="C"/>
<point x="43.29" y="141.31" b="A"/>
<point x="38.37" y="135.39" b="C"/>
<point x="38.52" y="128.04" b="N"/>
<point x="43.23" y="122.12" b="N"/>
<point x="43.08" y="114.35" b="R"/>
<point x="43.29" y="106.79" b="Y"/>
<point x="35.88" y="105.22" b="N"/>
<point x="28.98" y="102.14" b="N"/>
<point x="22.80" y="97.66" b="A"/>
<point x="17.38" y="92.54" b="N"/>
<point x="13.07" y="86.33" b="N"/>
<point x="10.00" y="79.23" b="Y"/>
<point x="7.97" y="71.90" b="C"/>
<point x="7.50" y="64.35" b="R"/>
<point x="8.55" y="57.05" b="N"/>
<point x="10.84" y="49.62" b="Y"/>
<point x="14.29" y="43.13" b="N"/>
<point x="18.94" y="37.17" b="N"/>
<point x="24.60" y="32.16" b="N"/>
<point x="31.07" y="28.24" b="N"/>
<point x="38.13" y="25.56" b="N"/>
<point x="45.57" y="24.19" b="N"/>
<point x="53.19" y="23.98" b="Y"/>
<point x="60.56" y="25.56" b="N"/>
<point x="67.63" y="28.24" b="N"/>
<point x="74.10" y="32.16" b="N"/>
<point x="79.75" y="37.17" b="N"/>
<point x="84.41" y="43.13" b="N"/>
<point x="87.91" y="49.83" b="N"/>
<point x="90.15" y="57.05" b="N"/>
<point x="91.05" y="64.56" b="N"/>
<point x="90.58" y="72.10" b="N"/>
<point x="88.75" y="79.44" b="N"/>
<point x="85.48" y="86.12" b="C"/>
<point x="81.32" y="92.54" b="N"/>
<point x="75.81" y="97.66" b="R"/>
<point x="69.78" y="101.93" b="Y"/>
<point x="62.87" y="105.01" b="Y"/>
<point x="55.32" y="106.79" b="R"/>
<point x="55.53" y="114.35" b="Y"/>
<point x="55.47" y="122.12" b="N"/>
<point x="59.81" y="127.83" b="G"/>
<point x="60.02" y="135.39" b="R"/>
<point x="55.32" y="141.31" b="U"/>
<point x="55.11" y="148.87" b="G"/>
<point x="55.11" y="156.43" b="G"/>
<point x="55.32" y="163.99" b="C"/>
<point x="55.11" y="171.55" b="G"/>
<point x="55.32" y="179.11" b="U"/>
<point x="55.32" y="186.67" b="R"/>
<point x="55.32" y="194.23" b="C"/>
<point x="55.32" y="201.79" b="R"/>
<point x="58.62" y="208.68" b="A"/>
<point x="55.11" y="215.58" b="G"/>
<point x="55.11" y="223.14" b="G"/>
<point x="55.53" y="230.70" b="A"/>
<point x="55.11" y="238.26" b="G"/>
<point x="55.53" y="245.82" b="Y"/>
<point x="55.32" y="253.38" b="C"/>
<point x="55.53" y="260.94" b="A"/>
<point x="58.62" y="267.83" b="A"/>
<point x="55.11" y="274.73" b="G"/>
<point x="55.32" y="282.29" b="C"/>
<point x="55.53" y="289.85" b="A"/>
<point x="55.32" y="297.41" b="U"/>
<point x="55.32" y="304.97" b="R"/>
<point x="55.47" y="312.74" b="N"/>
</structure>