<structure>
<point x="19.66" y="156.93" b="Y"/>
<point x="27.22" y="156.93" b="Y"/>
<point x="34.73" y="157.13" b="N"/>
<point x="42.34" y="156.93" b="Y"/>
<point x="47.69" y="151.58" b="A"/>
<point x="47.63" y="144.23" b="N"/>
<point x="47.69" y="136.46" b="A"/>
<point x="47.27" y="128.90" b="G"/>
<point x="47.48" y="121.34" b="C"/>
<point x="41.66" y="125.91" b="A"/>
<point x="33.90" y="126.02" b="U"/>
<point x="27.74" y="121.63" b="U"/>
<point x="25.18" y="114.44" b="G"/>
<point x="27.95" y="107.26" b="Y"/>
<point x="34.10" y="102.87" b="A"/>
<point x="41.46" y="102.98" b="C"/>
<point x="47.48" y="107.55" b="C"/>
<point x="47.48" y="99.99" b="C"/>
<point x="47.69" y="92.43" b="A"/>
<point x="47.27" y="84.87" b="G"/>
<point x="44.59" y="77.97" b="A"/>
<point x="47.27" y="71.08" b="G"/>
<point x="47.48" y="63.52" b="U"/>
<point x="47.48" y="55.96" b="C"/>
<point x="47.48" y="48.40" b="U"/>
<point x="47.27" y="40.84" b="G"/>
<point x="44.23" y="34.29" b="N"/>
<point x="46.87" y="26.98" b="Y"/>
<point x="53.81" y="23.98" b="Y"/>
<point x="60.69" y="27.19" b="N"/>
<point x="63.33" y="34.09" b="Y"/>
<point x="59.72" y="40.84" b="C"/>
<point x="59.93" y="48.40" b="A"/>
<point x="59.51" y="55.96" b="G"/>
<point x="59.93" y="63.52" b="A"/>
<point x="59.72" y="71.08" b="C"/>
<point x="65.95" y="66.51" b="A"/>
<point x="73.30" y="66.40" b="U"/>
<point x="79.46" y="70.79" b="U"/>
<point x="81.61" y="77.97" b="G"/>
<point x="79.67" y="85.16" b="Y"/>
<point x="73.51" y="89.55" b="A"/>
<point x="65.74" y="89.44" b="C"/>
<point x="59.72" y="84.87" b="C"/>
<point x="59.72" y="92.43" b="U"/>
<point x="59.51" y="99.99" b="G"/>
<point x="59.51" y="107.55" b="G"/>
<point x="62.97" y="114.65" b="N"/>
<point x="59.51" y="121.34" b="G"/>
<point x="59.72" y="128.90" b="C"/>
<point x="59.72" y="136.46" b="U"/>
<point x="59.87" y="144.23" b="N"/>
<point x="59.72" y="151.58" b="U"/>
<point x="65.07" y="156.93" b="U"/>
<point x="72.78" y="157.13" b="N"/>
<point x="80.34" y="157.13" b="N"/>
<point x="87.90" y="157.13" b="N"/>
<point x="95.51" y="156.93" b="Y"/>
<point x="103.07" y="156.93" b="Y"/>
<point x="110.58" y="157.13" b="N"/>
<point x="118.14" y="157.13" b="N"/>
<point x="125.70" y="157.13" b="N"/>
<point x="133.11" y="156.93" b="R"/>
<point x="140.82" y="157.13" b="N"/>
<point x="148.23" y="156.93" b="U"/>
<point x="155.79" y="156.93" b="R"/>
<point x="163.55" y="156.93" b="A"/>
<point x="171.11" y="156.93" b="A"/>
<point x="178.47" y="156.93" b="R"/>
<point x="186.18" y="157.13" b="N"/>
<point x="193.74" y="157.13" b="N"/>
<point x="201.30" y="157.13" b="N"/>
<point x="208.86" y="157.13" b="N"/>
<point x="216.47" y="156.93" b="Y"/>
<point x="223.98" y="157.13" b="N"/>
</structure>