<structure>
<point x="19.60" y="216.28" b="N"/>
<point x="27.02" y="216.07" b="U"/>
<point x="34.58" y="216.07" b="C"/>
<point x="39.92" y="210.72" b="U"/>
<point x="39.92" y="203.16" b="U"/>
<point x="39.92" y="195.60" b="U"/>
<point x="39.71" y="188.04" b="G"/>
<point x="39.71" y="180.48" b="G"/>
<point x="39.92" y="172.92" b="U"/>
<point x="40.07" y="165.57" b="N"/>
<point x="40.13" y="157.80" b="A"/>
<point x="39.92" y="150.24" b="U"/>
<point x="39.92" y="142.68" b="C"/>
<point x="39.92" y="135.12" b="U"/>
<point x="40.13" y="127.56" b="A"/>
<point x="39.71" y="120.00" b="G"/>
<point x="39.92" y="112.44" b="C"/>
<point x="39.92" y="104.88" b="U"/>
<point x="35.01" y="98.97" b="G"/>
<point x="35.22" y="91.41" b="U"/>
<point x="40.13" y="85.49" b="A"/>
<point x="39.92" y="77.93" b="U"/>
<point x="39.71" y="70.37" b="G"/>
<point x="40.13" y="62.81" b="A"/>
<point x="33.28" y="59.20" b="R"/>
<point x="28.43" y="53.40" b="U"/>
<point x="26.07" y="46.21" b="R"/>
<point x="26.68" y="38.88" b="N"/>
<point x="29.88" y="32.03" b="N"/>
<point x="35.38" y="26.85" b="N"/>
<point x="42.41" y="24.06" b="N"/>
<point x="49.97" y="24.06" b="N"/>
<point x="57.00" y="26.85" b="N"/>
<point x="62.50" y="32.03" b="N"/>
<point x="65.71" y="38.88" b="N"/>
<point x="66.16" y="46.42" b="N"/>
<point x="63.85" y="53.40" b="Y"/>
<point x="58.95" y="59.41" b="N"/>
<point x="52.16" y="62.81" b="U"/>
<point x="52.16" y="70.37" b="C"/>
<point x="52.37" y="77.93" b="A"/>
<point x="52.16" y="85.49" b="U"/>
<point x="57.07" y="91.41" b="A"/>
<point x="57.07" y="98.97" b="A"/>
<point x="52.37" y="104.88" b="A"/>
<point x="51.95" y="112.44" b="G"/>
<point x="52.16" y="120.00" b="C"/>
<point x="52.16" y="127.56" b="U"/>
<point x="52.37" y="135.12" b="A"/>
<point x="51.95" y="142.68" b="G"/>
<point x="52.16" y="150.24" b="R"/>
<point x="52.16" y="157.80" b="U"/>
<point x="52.31" y="165.57" b="N"/>
<point x="52.37" y="172.92" b="A"/>
<point x="52.16" y="180.48" b="C"/>
<point x="52.16" y="188.04" b="C"/>
<point x="52.16" y="195.60" b="R"/>
<point x="52.37" y="203.16" b="A"/>
<point x="52.37" y="210.72" b="A"/>
<point x="57.51" y="216.07" b="R"/>
<point x="65.22" y="216.28" b="N"/>
<point x="72.63" y="216.07" b="U"/>
</structure>