<structure>
<point x="19.45" y="155.59" b="U"/>
<point x="26.80" y="155.59" b="G"/>
<point x="34.78" y="155.59" b="A"/>
<point x="42.13" y="155.59" b="U"/>
<point x="49.48" y="155.59" b="G"/>
<point x="55.25" y="150.25" b="Y"/>
<point x="55.04" y="142.69" b="C"/>
<point x="55.04" y="135.12" b="C"/>
<point x="55.04" y="127.56" b="C"/>
<point x="55.04" y="120.00" b="U"/>
<point x="55.04" y="112.44" b="C"/>
<point x="52.15" y="105.55" b="A"/>
<point x="55.04" y="98.65" b="C"/>
<point x="55.04" y="91.09" b="C"/>
<point x="55.04" y="83.53" b="C"/>
<point x="55.25" y="75.97" b="A"/>
<point x="55.04" y="68.41" b="C"/>
<point x="55.25" y="60.85" b="Y"/>
<point x="48.67" y="57.24" b="N"/>
<point x="44.16" y="51.17" b="N"/>
<point x="42.44" y="43.62" b="Y"/>
<point x="43.26" y="36.16" b="G"/>
<point x="47.73" y="29.78" b="A"/>
<point x="53.96" y="25.49" b="A"/>
<point x="60.95" y="23.98" b="G"/>
<point x="68.77" y="25.49" b="A"/>
<point x="74.80" y="29.78" b="U"/>
<point x="78.85" y="36.16" b="C"/>
<point x="80.09" y="43.62" b="C"/>
<point x="78.31" y="50.97" b="C"/>
<point x="73.95" y="57.24" b="N"/>
<point x="67.07" y="60.85" b="G"/>
<point x="67.07" y="68.41" b="G"/>
<point x="67.28" y="75.97" b="U"/>
<point x="67.07" y="83.53" b="G"/>
<point x="67.07" y="91.09" b="G"/>
<point x="67.07" y="98.65" b="G"/>
<point x="70.38" y="105.55" b="C"/>
<point x="67.07" y="112.44" b="G"/>
<point x="67.49" y="120.00" b="A"/>
<point x="67.07" y="127.56" b="G"/>
<point x="67.07" y="135.12" b="G"/>
<point x="67.07" y="142.69" b="G"/>
<point x="67.28" y="150.25" b="R"/>
<point x="72.63" y="155.59" b="R"/>
<point x="80.19" y="155.59" b="C"/>
<point x="87.75" y="155.59" b="R"/>
<point x="95.10" y="155.59" b="G"/>
<point x="103.02" y="155.80" b="N"/>
<point x="110.58" y="155.80" b="N"/>
<point x="118.14" y="155.80" b="N"/>
<point x="125.70" y="155.80" b="N"/>
<point x="133.26" y="155.80" b="N"/>
<point x="140.46" y="155.59" b="G"/>
<point x="148.02" y="155.59" b="G"/>
<point x="155.58" y="155.59" b="G"/>
<point x="163.55" y="155.59" b="A"/>
<point x="170.91" y="155.59" b="U"/>
<point x="178.47" y="155.59" b="C"/>
</structure>