<structure>
<point x="30.98" y="295.82" b="U"/>
<point x="31.13" y="288.47" b="N"/>
<point x="30.98" y="280.70" b="C"/>
<point x="28.08" y="273.81" b="Y"/>
<point x="30.77" y="266.91" b="G"/>
<point x="30.77" y="259.35" b="G"/>
<point x="30.98" y="251.79" b="C"/>
<point x="30.98" y="244.23" b="C"/>
<point x="30.98" y="236.67" b="R"/>
<point x="30.77" y="229.11" b="G"/>
<point x="28.08" y="222.22" b="A"/>
<point x="30.77" y="215.32" b="G"/>
<point x="30.98" y="207.76" b="C"/>
<point x="30.98" y="200.20" b="U"/>
<point x="30.98" y="192.64" b="C"/>
<point x="30.98" y="185.08" b="U"/>
<point x="30.98" y="177.52" b="U"/>
<point x="30.98" y="169.96" b="U"/>
<point x="30.98" y="162.40" b="U"/>
<point x="26.27" y="156.49" b="C"/>
<point x="26.48" y="148.93" b="A"/>
<point x="30.98" y="143.01" b="C"/>
<point x="31.18" y="135.45" b="A"/>
<point x="30.98" y="127.89" b="U"/>
<point x="30.98" y="120.33" b="U"/>
<point x="30.77" y="112.77" b="G"/>
<point x="30.98" y="105.21" b="U"/>
<point x="30.77" y="97.65" b="G"/>
<point x="30.98" y="90.09" b="C"/>
<point x="30.98" y="82.53" b="U"/>
<point x="24.04" y="80.04" b="A"/>
<point x="17.56" y="75.84" b="C"/>
<point x="12.54" y="70.18" b="U"/>
<point x="8.90" y="63.44" b="G"/>
<point x="7.50" y="56.05" b="U"/>
<point x="7.80" y="48.50" b="C"/>
<point x="10.00" y="41.27" b="U"/>
<point x="13.74" y="34.82" b="G"/>
<point x="19.61" y="29.59" b="Y"/>
<point x="26.00" y="25.89" b="R"/>
<point x="33.32" y="23.98" b="C"/>
<point x="40.88" y="23.98" b="C"/>
<point x="48.40" y="25.89" b="Y"/>
<point x="54.79" y="29.59" b="R"/>
<point x="60.45" y="34.82" b="Y"/>
<point x="64.19" y="41.27" b="C"/>
<point x="66.54" y="48.71" b="N"/>
<point x="66.69" y="56.05" b="C"/>
<point x="65.23" y="63.65" b="N"/>
<point x="61.86" y="70.18" b="A"/>
<point x="56.43" y="75.84" b="G"/>
<point x="50.36" y="80.04" b="C"/>
<point x="43.42" y="82.53" b="A"/>
<point x="43.01" y="90.09" b="G"/>
<point x="43.22" y="97.65" b="U"/>
<point x="43.01" y="105.21" b="G"/>
<point x="43.22" y="112.77" b="C"/>
<point x="43.42" y="120.33" b="A"/>
<point x="43.42" y="127.89" b="A"/>
<point x="43.22" y="135.45" b="U"/>
<point x="43.01" y="143.01" b="G"/>
<point x="47.92" y="148.93" b="U"/>
<point x="48.13" y="156.49" b="Y"/>
<point x="43.42" y="162.40" b="A"/>
<point x="43.42" y="169.96" b="A"/>
<point x="43.42" y="177.52" b="A"/>
<point x="43.42" y="185.08" b="A"/>
<point x="43.01" y="192.64" b="G"/>
<point x="43.01" y="200.20" b="G"/>
<point x="43.01" y="207.76" b="G"/>
<point x="43.22" y="215.32" b="C"/>
<point x="46.52" y="222.22" b="A"/>
<point x="43.22" y="229.11" b="U"/>
<point x="43.42" y="236.67" b="Y"/>
<point x="43.01" y="244.23" b="G"/>
<point x="43.01" y="251.79" b="G"/>
<point x="43.22" y="259.35" b="C"/>
<point x="43.42" y="266.91" b="Y"/>
<point x="50.11" y="270.03" b="R"/>
<point x="50.26" y="277.80" b="N"/>
<point x="43.01" y="280.70" b="G"/>
<point x="43.42" y="288.26" b="Y"/>
<point x="43.42" y="295.82" b="A"/>
</structure>