<structure>
<point x="20.08" y="216.87" b="N"/>
<point x="25.48" y="211.32" b="Y"/>
<point x="25.28" y="203.76" b="R"/>
<point x="25.48" y="196.20" b="Y"/>
<point x="25.48" y="188.64" b="A"/>
<point x="17.73" y="188.16" b="U"/>
<point x="11.35" y="184.11" b="R"/>
<point x="7.71" y="177.48" b="U"/>
<point x="7.50" y="169.92" b="G"/>
<point x="11.56" y="163.30" b="A"/>
<point x="17.73" y="159.24" b="U"/>
<point x="25.07" y="158.77" b="G"/>
<point x="25.43" y="151.41" b="N"/>
<point x="25.48" y="143.65" b="A"/>
<point x="25.28" y="136.09" b="R"/>
<point x="25.28" y="128.53" b="C"/>
<point x="19.15" y="124.10" b="R"/>
<point x="15.91" y="117.37" b="A"/>
<point x="15.91" y="109.81" b="A"/>
<point x="19.30" y="103.29" b="N"/>
<point x="25.28" y="98.65" b="C"/>
<point x="25.48" y="91.09" b="A"/>
<point x="25.07" y="83.53" b="G"/>
<point x="25.28" y="75.97" b="U"/>
<point x="25.48" y="68.41" b="A"/>
<point x="25.28" y="60.85" b="U"/>
<point x="18.54" y="57.03" b="G"/>
<point x="14.45" y="50.97" b="A"/>
<point x="12.47" y="43.62" b="R"/>
<point x="13.86" y="36.37" b="N"/>
<point x="17.91" y="29.99" b="N"/>
<point x="24.20" y="25.49" b="A"/>
<point x="31.60" y="23.98" b="A"/>
<point x="38.96" y="25.70" b="N"/>
<point x="45.24" y="29.78" b="Y"/>
<point x="49.30" y="36.16" b="Y"/>
<point x="50.33" y="43.62" b="R"/>
<point x="48.55" y="50.97" b="U"/>
<point x="43.83" y="57.03" b="G"/>
<point x="37.72" y="60.85" b="A"/>
<point x="37.52" y="68.41" b="U"/>
<point x="37.72" y="75.97" b="A"/>
<point x="37.52" y="83.53" b="C"/>
<point x="37.52" y="91.09" b="U"/>
<point x="37.31" y="98.65" b="G"/>
<point x="44.76" y="100.83" b="U"/>
<point x="50.21" y="106.28" b="A"/>
<point x="52.12" y="113.59" b="A"/>
<point x="50.21" y="120.90" b="A"/>
<point x="44.76" y="126.35" b="C"/>
<point x="37.31" y="128.53" b="G"/>
<point x="37.52" y="136.09" b="C"/>
<point x="37.52" y="143.65" b="U"/>
<point x="37.52" y="151.21" b="U"/>
<point x="37.52" y="158.77" b="U"/>
<point x="43.65" y="163.19" b="C"/>
<point x="47.09" y="169.92" b="U"/>
<point x="46.88" y="177.48" b="G"/>
<point x="43.85" y="184.21" b="A"/>
<point x="37.52" y="188.64" b="U"/>
<point x="37.31" y="196.20" b="G"/>
<point x="37.72" y="203.76" b="Y"/>
<point x="37.52" y="211.32" b="R"/>
</structure>