<structure>
<point x="65.16" y="332.56" b="G"/>
<point x="65.37" y="325.00" b="C"/>
<point x="65.57" y="317.44" b="A"/>
<point x="65.16" y="309.88" b="G"/>
<point x="65.37" y="302.32" b="C"/>
<point x="65.16" y="294.76" b="G"/>
<point x="57.90" y="293.60" b="C"/>
<point x="50.62" y="291.56" b="C"/>
<point x="43.41" y="288.68" b="G"/>
<point x="37.02" y="285.00" b="U"/>
<point x="30.69" y="280.57" b="G"/>
<point x="25.55" y="275.44" b="A"/>
<point x="20.42" y="269.70" b="U"/>
<point x="16.01" y="263.42" b="G"/>
<point x="12.99" y="256.69" b="A"/>
<point x="10.16" y="249.60" b="C"/>
<point x="8.39" y="242.25" b="C"/>
<point x="7.50" y="234.74" b="U"/>
<point x="7.50" y="227.18" b="U"/>
<point x="8.18" y="219.67" b="G"/>
<point x="10.16" y="212.32" b="U"/>
<point x="12.57" y="205.23" b="G"/>
<point x="16.01" y="198.50" b="G"/>
<point x="20.63" y="192.22" b="A"/>
<point x="25.55" y="186.47" b="A"/>
<point x="30.90" y="181.35" b="C"/>
<point x="36.81" y="176.91" b="G"/>
<point x="43.83" y="173.23" b="A"/>
<point x="50.62" y="170.35" b="C"/>
<point x="57.69" y="168.32" b="G"/>
<point x="65.37" y="167.15" b="C"/>
<point x="65.37" y="159.59" b="C"/>
<point x="65.16" y="152.03" b="G"/>
<point x="65.16" y="144.47" b="G"/>
<point x="65.37" y="136.91" b="C"/>
<point x="65.16" y="129.35" b="G"/>
<point x="65.57" y="121.79" b="A"/>
<point x="65.16" y="114.23" b="G"/>
<point x="60.10" y="109.02" b="A"/>
<point x="57.90" y="101.67" b="G"/>
<point x="51.36" y="97.89" b="G"/>
<point x="44.81" y="94.11" b="G"/>
<point x="38.47" y="90.33" b="C"/>
<point x="31.07" y="90.11" b="N"/>
<point x="25.85" y="84.11" b="G"/>
<point x="26.94" y="76.61" b="C"/>
<point x="32.79" y="72.09" b="G"/>
<point x="40.65" y="73.41" b="A"/>
<point x="44.38" y="79.73" b="G"/>
<point x="51.14" y="83.51" b="C"/>
<point x="57.69" y="87.29" b="U"/>
<point x="64.23" y="91.07" b="C"/>
<point x="71.49" y="88.94" b="C"/>
<point x="74.73" y="82.21" b="G"/>
<point x="78.40" y="75.49" b="C"/>
<point x="81.85" y="68.77" b="C"/>
<point x="85.10" y="62.04" b="G"/>
<point x="88.76" y="55.32" b="U"/>
<point x="92.22" y="48.59" b="C"/>
<point x="95.68" y="41.87" b="C"/>
<point x="94.17" y="34.51" b="A"/>
<point x="97.06" y="27.61" b="C"/>
<point x="103.69" y="23.98" b="C"/>
<point x="111.38" y="25.11" b="A"/>
<point x="116.59" y="30.74" b="N"/>
<point x="117.36" y="38.04" b="U"/>
<point x="113.55" y="44.57" b="C"/>
<point x="106.35" y="47.47" b="G"/>
<point x="102.90" y="54.19" b="G"/>
<point x="99.44" y="60.91" b="G"/>
<point x="96.20" y="67.64" b="C"/>
<point x="92.53" y="74.36" b="G"/>
<point x="89.07" y="81.08" b="G"/>
<point x="85.83" y="87.81" b="C"/>
<point x="82.16" y="94.53" b="G"/>
<point x="85.06" y="101.67" b="A"/>
<point x="83.08" y="109.02" b="C"/>
<point x="77.61" y="114.23" b="C"/>
<point x="77.61" y="121.79" b="U"/>
<point x="77.61" y="129.35" b="C"/>
<point x="77.40" y="136.91" b="G"/>
<point x="77.61" y="144.47" b="U"/>
<point x="77.61" y="152.03" b="C"/>
<point x="77.40" y="159.59" b="G"/>
<point x="77.40" y="167.15" b="G"/>
<point x="83.63" y="162.88" b="G"/>
<point x="90.65" y="159.20" b="A"/>
<point x="97.58" y="156.17" b="A"/>
<point x="104.55" y="153.81" b="C"/>
<point x="112.13" y="152.13" b="A"/>
<point x="119.21" y="151.16" b="G"/>
<point x="126.98" y="150.89" b="C"/>
<point x="134.73" y="151.34" b="A"/>
<point x="142.00" y="152.50" b="C"/>
<point x="149.32" y="154.36" b="C"/>
<point x="156.44" y="156.90" b="U"/>
<point x="163.29" y="160.11" b="C"/>
<point x="169.60" y="163.94" b="G"/>
<point x="175.93" y="168.37" b="U"/>
<point x="181.61" y="173.36" b="U"/>
<point x="186.79" y="178.86" b="R"/>
<point x="191.44" y="184.83" b="C"/>
<point x="195.70" y="191.21" b="A"/>
<point x="198.72" y="197.94" b="G"/>
<point x="201.93" y="204.97" b="A"/>
<point x="203.84" y="212.23" b="U"/>
<point x="205.26" y="219.65" b="C"/>
<point x="205.97" y="227.18" b="C"/>
<point x="205.97" y="234.74" b="U"/>
<point x="205.05" y="242.26" b="G"/>
<point x="204.04" y="249.69" b="A"/>
<point x="201.51" y="256.95" b="G"/>
<point x="198.94" y="263.98" b="C"/>
<point x="195.29" y="270.71" b="G"/>
<point x="191.44" y="277.09" b="C"/>
<point x="186.59" y="283.05" b="G"/>
<point x="181.82" y="288.56" b="A"/>
<point x="175.93" y="293.55" b="U"/>
<point x="170.01" y="297.98" b="A"/>
<point x="163.08" y="301.81" b="G"/>
<point x="156.44" y="305.01" b="C"/>
<point x="149.32" y="307.56" b="R"/>
<point x="142.00" y="309.42" b="U"/>
<point x="134.52" y="310.57" b="C"/>
<point x="127.18" y="311.02" b="A"/>
<point x="119.21" y="310.76" b="G"/>
<point x="111.92" y="309.79" b="C"/>
<point x="104.55" y="308.11" b="U"/>
<point x="97.16" y="305.75" b="G"/>
<point x="90.65" y="302.71" b="A"/>
<point x="83.84" y="299.04" b="U"/>
<point x="77.61" y="294.76" b="C"/>
<point x="77.40" y="302.32" b="G"/>
<point x="77.61" y="309.88" b="C"/>
<point x="77.61" y="317.44" b="U"/>
<point x="77.40" y="325.00" b="G"/>
<point x="77.61" y="332.56" b="C"/>
</structure>