<structure>
<point x="19.60" y="101.21" b="N"/>
<point x="27.02" y="101.00" b="U"/>
<point x="34.37" y="101.00" b="G"/>
<point x="39.92" y="95.65" b="C"/>
<point x="39.92" y="88.09" b="C"/>
<point x="39.92" y="80.53" b="U"/>
<point x="39.92" y="72.97" b="U"/>
<point x="40.13" y="65.41" b="A"/>
<point x="34.14" y="60.79" b="A"/>
<point x="31.09" y="53.88" b="A"/>
<point x="31.49" y="46.34" b="C"/>
<point x="35.61" y="40.01" b="U"/>
<point x="42.47" y="36.40" b="A"/>
<point x="50.03" y="36.40" b="A"/>
<point x="56.47" y="40.01" b="U"/>
<point x="60.38" y="46.34" b="G"/>
<point x="61.41" y="53.88" b="A"/>
<point x="57.93" y="60.79" b="G"/>
<point x="52.16" y="65.41" b="U"/>
<point x="52.37" y="72.97" b="A"/>
<point x="52.37" y="80.53" b="A"/>
<point x="51.95" y="88.09" b="G"/>
<point x="51.95" y="95.65" b="G"/>
<point x="57.71" y="101.00" b="A"/>
<point x="65.27" y="101.00" b="A"/>
<point x="72.83" y="101.00" b="A"/>
<point x="80.39" y="101.00" b="A"/>
<point x="87.95" y="101.00" b="Y"/>
<point x="95.51" y="101.00" b="A"/>
<point x="103.07" y="101.00" b="A"/>
<point x="110.58" y="101.21" b="N"/>
<point x="115.77" y="95.65" b="R"/>
<point x="115.92" y="88.30" b="N"/>
<point x="115.92" y="80.74" b="N"/>
<point x="115.98" y="72.97" b="Y"/>
<point x="115.98" y="65.41" b="Y"/>
<point x="115.92" y="58.06" b="N"/>
<point x="115.92" y="50.50" b="N"/>
<point x="115.56" y="42.73" b="G"/>
<point x="111.66" y="36.70" b="N"/>
<point x="112.44" y="28.99" b="U"/>
<point x="118.11" y="23.98" b="R"/>
<point x="125.88" y="23.98" b="A"/>
<point x="131.34" y="28.99" b="C"/>
<point x="132.07" y="36.49" b="G"/>
<point x="128.01" y="42.73" b="C"/>
<point x="128.22" y="50.29" b="Y"/>
<point x="128.16" y="58.06" b="N"/>
<point x="128.01" y="65.41" b="R"/>
<point x="128.01" y="72.97" b="R"/>
<point x="128.16" y="80.74" b="N"/>
<point x="128.16" y="88.30" b="N"/>
<point x="128.16" y="95.86" b="N"/>
<point x="138.85" y="106.55" b="N"/>
<point x="146.41" y="106.55" b="N"/>
<point x="154.03" y="106.34" b="Y"/>
<point x="161.53" y="106.55" b="N"/>
<point x="169.09" y="106.55" b="N"/>
<point x="174.43" y="101.20" b="N"/>
<point x="181.85" y="99.72" b="N"/>
<point x="188.83" y="102.61" b="N"/>
<point x="193.03" y="108.89" b="N"/>
<point x="193.03" y="116.45" b="N"/>
<point x="188.83" y="122.74" b="N"/>
<point x="181.85" y="125.63" b="N"/>
<point x="174.43" y="124.15" b="N"/>
<point x="169.09" y="118.79" b="N"/>
<point x="161.53" y="118.79" b="N"/>
<point x="153.82" y="118.58" b="R"/>
<point x="146.41" y="118.79" b="N"/>
<point x="138.85" y="118.79" b="N"/>
<point x="133.51" y="124.14" b="N"/>
<point x="133.51" y="131.70" b="N"/>
<point x="133.51" y="139.26" b="N"/>
<point x="133.56" y="146.61" b="A"/>
<point x="133.56" y="154.17" b="A"/>
<point x="133.36" y="161.73" b="U"/>
<point x="133.36" y="169.29" b="U"/>
<point x="133.36" y="176.85" b="U"/>
<point x="133.36" y="184.41" b="U"/>
<point x="133.36" y="191.97" b="U"/>
<point x="133.15" y="199.53" b="G"/>
<point x="133.51" y="207.30" b="N"/>
<point x="133.36" y="214.65" b="R"/>
<point x="138.70" y="220.00" b="R"/>
<point x="146.05" y="220.00" b="G"/>
<point x="153.61" y="220.00" b="G"/>
<point x="161.17" y="220.00" b="G"/>
<point x="169.09" y="220.20" b="N"/>
<point x="169.09" y="212.64" b="N"/>
<point x="176.65" y="212.64" b="N"/>
<point x="176.50" y="220.00" b="R"/>
<point x="183.85" y="220.00" b="G"/>
<point x="191.77" y="220.20" b="N"/>
<point x="199.39" y="220.00" b="Y"/>
<point x="206.95" y="220.00" b="Y"/>
<point x="214.30" y="220.00" b="R"/>
<point x="222.07" y="220.00" b="Y"/>
<point x="227.99" y="215.29" b="Y"/>
<point x="235.49" y="215.50" b="N"/>
<point x="241.46" y="220.00" b="Y"/>
<point x="248.97" y="220.20" b="N"/>
<point x="255.86" y="217.11" b="N"/>
<point x="262.76" y="220.20" b="N"/>
<point x="270.32" y="220.20" b="N"/>
<point x="277.73" y="220.00" b="R"/>
<point x="285.44" y="220.20" b="N"/>
<point x="293.00" y="220.20" b="N"/>
<point x="299.89" y="217.11" b="N"/>
<point x="306.79" y="220.20" b="N"/>
<point x="314.35" y="220.20" b="N"/>
<point x="321.96" y="220.00" b="Y"/>
<point x="329.11" y="220.00" b="G"/>
<point x="336.88" y="220.00" b="C"/>
<point x="342.85" y="215.11" b="Y"/>
<point x="350.20" y="214.71" b="U"/>
<point x="356.66" y="218.95" b="A"/>
<point x="358.86" y="226.12" b="C"/>
<point x="356.45" y="233.28" b="U"/>
<point x="350.20" y="237.53" b="U"/>
<point x="342.65" y="237.12" b="U"/>
<point x="336.67" y="232.24" b="G"/>
<point x="329.52" y="232.24" b="Y"/>
<point x="321.76" y="232.24" b="R"/>
<point x="314.35" y="232.44" b="N"/>
<point x="306.79" y="232.44" b="N"/>
<point x="299.89" y="235.54" b="N"/>
<point x="293.00" y="232.44" b="N"/>
<point x="285.44" y="232.44" b="N"/>
<point x="277.93" y="232.24" b="Y"/>
<point x="270.32" y="232.44" b="N"/>
<point x="262.76" y="232.44" b="N"/>
<point x="255.86" y="235.54" b="N"/>
<point x="248.97" y="232.44" b="N"/>
<point x="241.05" y="232.24" b="G"/>
<point x="240.98" y="239.99" b="N"/>
<point x="235.49" y="245.19" b="N"/>
<point x="227.93" y="245.19" b="N"/>
<point x="222.44" y="239.99" b="N"/>
<point x="221.86" y="232.24" b="R"/>
<point x="214.45" y="232.44" b="N"/>
<point x="206.53" y="232.24" b="G"/>
<point x="199.18" y="232.24" b="R"/>
<point x="191.77" y="232.44" b="N"/>
<point x="184.06" y="232.24" b="C"/>
<point x="176.50" y="232.24" b="U"/>
<point x="169.09" y="232.44" b="N"/>
<point x="161.59" y="232.24" b="Y"/>
<point x="153.82" y="232.24" b="C"/>
<point x="146.47" y="232.24" b="Y"/>
<point x="138.91" y="232.24" b="Y"/>
</structure>