<structure>
<point x="19.60" y="225.25" b="N"/>
<point x="27.02" y="225.04" b="R"/>
<point x="34.78" y="225.04" b="Y"/>
<point x="41.92" y="225.04" b="G"/>
<point x="49.90" y="225.04" b="Y"/>
<point x="57.41" y="225.25" b="N"/>
<point x="65.02" y="225.04" b="Y"/>
<point x="72.58" y="225.04" b="Y"/>
<point x="77.51" y="219.70" b="G"/>
<point x="77.72" y="212.14" b="C"/>
<point x="77.72" y="204.58" b="U"/>
<point x="73.17" y="198.87" b="N"/>
<point x="73.17" y="191.31" b="N"/>
<point x="77.72" y="185.18" b="R"/>
<point x="77.51" y="177.62" b="G"/>
<point x="77.72" y="170.06" b="C"/>
<point x="77.72" y="162.50" b="U"/>
<point x="77.51" y="154.94" b="G"/>
<point x="77.51" y="147.38" b="G"/>
<point x="77.72" y="139.82" b="U"/>
<point x="71.38" y="143.91" b="N"/>
<point x="63.98" y="142.47" b="A"/>
<point x="59.09" y="136.71" b="A"/>
<point x="59.09" y="129.15" b="A"/>
<point x="63.93" y="123.59" b="N"/>
<point x="71.38" y="122.36" b="N"/>
<point x="77.51" y="126.03" b="G"/>
<point x="77.72" y="118.47" b="R"/>
<point x="77.72" y="110.91" b="R"/>
<point x="77.93" y="103.35" b="Y"/>
<point x="77.72" y="95.79" b="C"/>
<point x="77.93" y="88.23" b="A"/>
<point x="77.72" y="80.67" b="R"/>
<point x="77.72" y="73.11" b="R"/>
<point x="77.72" y="65.55" b="U"/>
<point x="77.72" y="57.99" b="C"/>
<point x="71.49" y="54.14" b="N"/>
<point x="67.38" y="47.80" b="N"/>
<point x="66.34" y="40.11" b="Y"/>
<point x="68.39" y="33.06" b="N"/>
<point x="73.34" y="27.34" b="N"/>
<point x="80.27" y="23.98" b="Y"/>
<point x="87.83" y="23.98" b="Y"/>
<point x="94.65" y="27.34" b="N"/>
<point x="99.59" y="33.06" b="N"/>
<point x="101.55" y="40.11" b="R"/>
<point x="100.60" y="47.80" b="N"/>
<point x="96.49" y="54.14" b="N"/>
<point x="90.11" y="58.20" b="N"/>
<point x="89.96" y="65.55" b="R"/>
<point x="89.96" y="73.11" b="U"/>
<point x="89.96" y="80.67" b="U"/>
<point x="89.96" y="88.23" b="U"/>
<point x="89.75" y="95.79" b="G"/>
<point x="89.75" y="103.35" b="G"/>
<point x="89.96" y="110.91" b="U"/>
<point x="95.87" y="106.20" b="C"/>
<point x="103.24" y="107.88" b="C"/>
<point x="106.52" y="114.69" b="C"/>
<point x="103.24" y="121.50" b="C"/>
<point x="95.87" y="123.19" b="U"/>
<point x="89.96" y="118.47" b="U"/>
<point x="89.96" y="126.03" b="C"/>
<point x="93.27" y="132.93" b="A"/>
<point x="90.17" y="139.82" b="A"/>
<point x="89.96" y="147.38" b="C"/>
<point x="89.96" y="154.94" b="C"/>
<point x="90.17" y="162.50" b="A"/>
<point x="89.75" y="170.06" b="G"/>
<point x="89.96" y="177.62" b="C"/>
<point x="89.96" y="185.18" b="U"/>
<point x="94.67" y="191.10" b="R"/>
<point x="94.87" y="198.66" b="Y"/>
<point x="90.17" y="204.58" b="A"/>
<point x="89.75" y="212.14" b="G"/>
<point x="90.17" y="219.70" b="Y"/>
<point x="95.46" y="225.25" b="N"/>
<point x="102.87" y="225.04" b="R"/>
<point x="110.58" y="225.25" b="N"/>
<point x="118.14" y="225.25" b="N"/>
<point x="125.70" y="225.25" b="N"/>
<point x="133.26" y="225.25" b="N"/>
<point x="140.82" y="225.25" b="N"/>
<point x="148.38" y="225.25" b="N"/>
<point x="155.94" y="225.25" b="N"/>
<point x="163.50" y="225.25" b="N"/>
<point x="171.06" y="225.25" b="N"/>
</structure>