<structure>
<point x="19.66" y="132.03" b="A"/>
<point x="26.80" y="132.03" b="G"/>
<point x="34.78" y="132.03" b="A"/>
<point x="42.34" y="132.03" b="A"/>
<point x="47.48" y="126.68" b="R"/>
<point x="47.27" y="119.12" b="G"/>
<point x="47.27" y="111.56" b="G"/>
<point x="47.48" y="104.00" b="C"/>
<point x="47.48" y="96.44" b="U"/>
<point x="47.48" y="88.88" b="U"/>
<point x="47.48" y="81.32" b="C"/>
<point x="47.48" y="73.76" b="C"/>
<point x="40.59" y="70.65" b="R"/>
<point x="40.59" y="63.09" b="C"/>
<point x="47.27" y="59.97" b="G"/>
<point x="47.48" y="52.41" b="R"/>
<point x="47.48" y="44.85" b="C"/>
<point x="47.27" y="37.29" b="G"/>
<point x="45.46" y="30.26" b="N"/>
<point x="49.82" y="23.98" b="C"/>
<point x="57.38" y="23.98" b="R"/>
<point x="62.10" y="30.05" b="A"/>
<point x="59.72" y="37.29" b="C"/>
<point x="59.51" y="44.85" b="G"/>
<point x="59.72" y="52.41" b="U"/>
<point x="59.72" y="59.97" b="U"/>
<point x="62.97" y="67.07" b="N"/>
<point x="59.51" y="73.76" b="G"/>
<point x="59.51" y="81.32" b="G"/>
<point x="59.51" y="88.88" b="G"/>
<point x="59.72" y="96.44" b="R"/>
<point x="59.51" y="104.00" b="G"/>
<point x="59.72" y="111.56" b="C"/>
<point x="59.93" y="119.12" b="Y"/>
<point x="59.72" y="126.68" b="U"/>
<point x="65.07" y="132.03" b="U"/>
<point x="72.63" y="132.03" b="U"/>
<point x="80.19" y="132.03" b="U"/>
<point x="87.75" y="132.03" b="U"/>
<point x="95.31" y="132.03" b="C"/>
<point x="102.87" y="132.03" b="U"/>
<point x="110.43" y="132.03" b="U"/>
<point x="117.99" y="132.03" b="U"/>
<point x="125.55" y="132.03" b="U"/>
<point x="132.90" y="132.03" b="G"/>
<point x="140.67" y="132.03" b="C"/>
</structure>