<structure>
<point x="17.39" y="181.14" b="N"/>
<point x="17.03" y="173.37" b="G"/>
<point x="17.03" y="165.81" b="G"/>
<point x="10.69" y="162.03" b="U"/>
<point x="17.03" y="158.25" b="G"/>
<point x="17.03" y="150.69" b="G"/>
<point x="17.24" y="143.13" b="C"/>
<point x="17.24" y="135.57" b="U"/>
<point x="12.35" y="129.80" b="C"/>
<point x="11.95" y="122.25" b="C"/>
<point x="16.40" y="116.00" b="A"/>
<point x="23.36" y="113.59" b="U"/>
<point x="30.53" y="116.00" b="C"/>
<point x="34.77" y="122.25" b="U"/>
<point x="34.37" y="129.80" b="U"/>
<point x="29.69" y="135.57" b="A"/>
<point x="29.27" y="143.13" b="G"/>
<point x="29.48" y="150.69" b="C"/>
<point x="29.48" y="158.25" b="C"/>
<point x="29.48" y="165.81" b="C"/>
<point x="29.48" y="173.37" b="U"/>
<point x="29.69" y="180.93" b="A"/>
<point x="34.62" y="186.28" b="G"/>
<point x="40.17" y="180.93" b="U"/>
<point x="40.17" y="173.37" b="C"/>
<point x="40.38" y="165.81" b="A"/>
<point x="40.17" y="158.25" b="C"/>
<point x="39.96" y="150.69" b="G"/>
<point x="39.96" y="143.13" b="G"/>
<point x="32.98" y="145.47" b="C"/>
<point x="28.54" y="139.35" b="U"/>
<point x="33.19" y="133.24" b="A"/>
<point x="39.96" y="135.57" b="G"/>
<point x="40.17" y="128.01" b="C"/>
<point x="40.17" y="120.45" b="U"/>
<point x="35.70" y="114.21" b="G"/>
<point x="36.85" y="106.71" b="U"/>
<point x="42.30" y="101.70" b="G"/>
<point x="50.28" y="101.70" b="A"/>
<point x="55.95" y="106.71" b="A"/>
<point x="56.88" y="114.21" b="A"/>
<point x="52.20" y="120.45" b="G"/>
<point x="52.20" y="128.01" b="G"/>
<point x="52.41" y="135.57" b="U"/>
<point x="52.41" y="143.13" b="C"/>
<point x="52.41" y="150.69" b="C"/>
<point x="52.20" y="158.25" b="G"/>
<point x="52.41" y="165.81" b="U"/>
<point x="52.20" y="173.37" b="G"/>
<point x="52.62" y="180.93" b="A"/>
<point x="57.55" y="186.28" b="G"/>
<point x="65.32" y="186.28" b="C"/>
<point x="72.88" y="186.28" b="C"/>
<point x="78.01" y="180.93" b="G"/>
<point x="78.22" y="173.37" b="C"/>
<point x="78.43" y="165.81" b="A"/>
<point x="78.22" y="158.25" b="U"/>
<point x="78.01" y="150.69" b="G"/>
<point x="78.43" y="143.13" b="A"/>
<point x="78.22" y="135.57" b="C"/>
<point x="78.22" y="128.01" b="U"/>
<point x="78.01" y="120.45" b="G"/>
<point x="78.22" y="112.89" b="C"/>
<point x="78.43" y="105.33" b="A"/>
<point x="78.01" y="97.77" b="G"/>
<point x="78.43" y="90.21" b="A"/>
<point x="78.01" y="82.65" b="G"/>
<point x="78.43" y="75.09" b="A"/>
<point x="78.01" y="67.53" b="G"/>
<point x="71.68" y="63.75" b="U"/>
<point x="78.01" y="59.97" b="G"/>
<point x="78.22" y="52.41" b="C"/>
<point x="78.22" y="44.85" b="U"/>
<point x="78.01" y="37.29" b="G"/>
<point x="76.20" y="30.26" b="N"/>
<point x="80.71" y="24.19" b="N"/>
<point x="88.33" y="23.98" b="A"/>
<point x="92.64" y="30.05" b="C"/>
<point x="90.46" y="37.29" b="U"/>
<point x="90.25" y="44.85" b="G"/>
<point x="90.25" y="52.41" b="G"/>
<point x="90.46" y="59.97" b="C"/>
<point x="90.46" y="67.53" b="C"/>
<point x="90.46" y="75.09" b="U"/>
<point x="90.46" y="82.65" b="C"/>
<point x="90.46" y="90.21" b="U"/>
<point x="90.46" y="97.77" b="C"/>
<point x="90.46" y="105.33" b="U"/>
<point x="90.25" y="112.89" b="G"/>
<point x="90.46" y="120.45" b="C"/>
<point x="90.67" y="128.01" b="A"/>
<point x="90.25" y="135.57" b="G"/>
<point x="97.22" y="139.35" b="A"/>
<point x="90.46" y="143.13" b="U"/>
<point x="90.46" y="150.69" b="C"/>
<point x="90.67" y="158.25" b="A"/>
<point x="90.46" y="165.81" b="U"/>
<point x="90.25" y="173.37" b="G"/>
<point x="90.46" y="180.93" b="U"/>
</structure>