<structure>
<point x="32.11" y="499.91" b="A"/>
<point x="39.61" y="500.12" b="N"/>
<point x="47.23" y="499.91" b="A"/>
<point x="54.79" y="499.91" b="A"/>
<point x="60.08" y="494.77" b="N"/>
<point x="60.08" y="487.21" b="N"/>
<point x="59.93" y="479.44" b="R"/>
<point x="60.08" y="472.09" b="N"/>
<point x="60.13" y="464.32" b="Y"/>
<point x="57.03" y="457.43" b="A"/>
<point x="59.72" y="450.53" b="G"/>
<point x="59.93" y="442.97" b="C"/>
<point x="59.93" y="435.41" b="C"/>
<point x="59.93" y="427.85" b="U"/>
<point x="60.08" y="420.50" b="N"/>
<point x="59.93" y="412.73" b="R"/>
<point x="59.93" y="405.17" b="R"/>
<point x="59.72" y="397.61" b="G"/>
<point x="54.00" y="393.19" b="A"/>
<point x="50.15" y="386.46" b="G"/>
<point x="50.36" y="378.90" b="C"/>
<point x="53.80" y="372.17" b="U"/>
<point x="59.72" y="367.74" b="G"/>
<point x="60.08" y="360.39" b="N"/>
<point x="59.93" y="352.62" b="U"/>
<point x="59.93" y="345.06" b="R"/>
<point x="53.53" y="341.49" b="N"/>
<point x="59.93" y="337.50" b="R"/>
<point x="60.13" y="329.94" b="A"/>
<point x="52.78" y="328.18" b="N"/>
<point x="46.02" y="324.79" b="N"/>
<point x="40.08" y="320.12" b="N"/>
<point x="35.19" y="314.35" b="N"/>
<point x="31.39" y="307.52" b="C"/>
<point x="29.30" y="300.51" b="N"/>
<point x="28.39" y="292.78" b="R"/>
<point x="29.15" y="285.26" b="C"/>
<point x="31.39" y="278.04" b="U"/>
<point x="35.19" y="271.62" b="N"/>
<point x="40.08" y="265.86" b="N"/>
<point x="46.02" y="261.19" b="N"/>
<point x="52.63" y="257.59" b="U"/>
<point x="60.13" y="255.62" b="Y"/>
<point x="60.13" y="248.06" b="Y"/>
<point x="60.08" y="240.71" b="N"/>
<point x="56.98" y="233.81" b="N"/>
<point x="60.13" y="226.71" b="Y"/>
<point x="59.72" y="219.15" b="G"/>
<point x="60.13" y="211.59" b="A"/>
<point x="59.72" y="204.03" b="G"/>
<point x="53.09" y="201.30" b="A"/>
<point x="49.72" y="194.34" b="G"/>
<point x="53.09" y="187.37" b="Y"/>
<point x="59.93" y="184.64" b="R"/>
<point x="59.93" y="177.08" b="R"/>
<point x="59.93" y="169.52" b="C"/>
<point x="59.93" y="161.96" b="U"/>
<point x="60.13" y="154.40" b="Y"/>
<point x="52.97" y="157.34" b="C"/>
<point x="45.97" y="154.48" b="C"/>
<point x="42.85" y="147.50" b="G"/>
<point x="46.17" y="140.52" b="Y"/>
<point x="53.12" y="137.87" b="N"/>
<point x="59.72" y="140.61" b="G"/>
<point x="60.08" y="133.25" b="N"/>
<point x="59.93" y="125.49" b="C"/>
<point x="59.93" y="117.93" b="C"/>
<point x="52.92" y="115.10" b="C"/>
<point x="47.17" y="110.57" b="N"/>
<point x="42.88" y="104.35" b="N"/>
<point x="40.21" y="96.94" b="G"/>
<point x="40.07" y="89.38" b="G"/>
<point x="33.22" y="86.68" b="C"/>
<point x="26.16" y="83.99" b="U"/>
<point x="19.09" y="81.29" b="U"/>
<point x="11.76" y="80.73" b="Y"/>
<point x="7.50" y="74.35" b="C"/>
<point x="10.20" y="67.29" b="C"/>
<point x="17.68" y="65.24" b="A"/>
<point x="23.46" y="69.85" b="R"/>
<point x="30.73" y="72.55" b="A"/>
<point x="37.38" y="75.25" b="G"/>
<point x="44.80" y="78.16" b="N"/>
<point x="49.59" y="72.41" b="G"/>
<point x="56.53" y="68.59" b="A"/>
<point x="63.87" y="66.81" b="A"/>
<point x="71.22" y="67.22" b="C"/>
<point x="74.57" y="60.58" b="N"/>
<point x="77.84" y="53.53" b="Y"/>
<point x="80.99" y="46.89" b="N"/>
<point x="84.25" y="39.84" b="Y"/>
<point x="82.62" y="32.37" b="G"/>
<point x="87.01" y="26.18" b="N"/>
<point x="94.27" y="24.06" b="N"/>
<point x="101.11" y="27.26" b="N"/>
<point x="104.12" y="34.20" b="N"/>
<point x="101.79" y="41.39" b="N"/>
<point x="94.92" y="45.03" b="G"/>
<point x="92.07" y="52.08" b="N"/>
<point x="88.71" y="58.72" b="R"/>
<point x="85.30" y="65.57" b="G"/>
<point x="82.09" y="72.41" b="G"/>
<point x="87.45" y="77.95" b="C"/>
<point x="90.99" y="84.73" b="A"/>
<point x="92.02" y="92.19" b="C"/>
<point x="99.40" y="93.83" b="C"/>
<point x="106.78" y="95.48" b="R"/>
<point x="113.95" y="97.12" b="G"/>
<point x="119.42" y="91.76" b="N"/>
<point x="121.33" y="98.76" b="G"/>
<point x="128.92" y="100.41" b="C"/>
<point x="136.09" y="102.05" b="G"/>
<point x="143.68" y="103.69" b="U"/>
<point x="151.06" y="105.33" b="U"/>
<point x="158.59" y="107.18" b="N"/>
<point x="165.66" y="104.17" b="A"/>
<point x="172.37" y="106.72" b="G"/>
<point x="176.23" y="113.33" b="U"/>
<point x="174.59" y="120.71" b="U"/>
<point x="168.47" y="125.16" b="U"/>
<point x="161.15" y="124.44" b="Y"/>
<point x="155.78" y="118.92" b="C"/>
<point x="148.19" y="117.28" b="G"/>
<point x="140.81" y="115.64" b="G"/>
<point x="133.79" y="114.20" b="N"/>
<point x="126.05" y="112.35" b="G"/>
<point x="118.88" y="110.71" b="U"/>
<point x="111.71" y="109.07" b="Y"/>
<point x="104.12" y="107.42" b="C"/>
<point x="96.89" y="105.99" b="N"/>
<point x="89.15" y="104.14" b="G"/>
<point x="85.28" y="110.37" b="A"/>
<point x="79.38" y="115.10" b="A"/>
<point x="72.17" y="117.93" b="R"/>
<point x="71.96" y="125.49" b="G"/>
<point x="72.32" y="133.25" b="N"/>
<point x="72.17" y="140.61" b="C"/>
<point x="75.47" y="147.50" b="Y"/>
<point x="71.96" y="154.40" b="G"/>
<point x="72.37" y="161.96" b="A"/>
<point x="71.96" y="169.52" b="G"/>
<point x="78.72" y="173.30" b="C"/>
<point x="72.17" y="177.08" b="U"/>
<point x="72.37" y="184.64" b="Y"/>
<point x="77.08" y="190.56" b="Y"/>
<point x="76.87" y="198.12" b="U"/>
<point x="71.96" y="204.03" b="G"/>
<point x="72.17" y="211.59" b="U"/>
<point x="72.17" y="219.15" b="C"/>
<point x="71.96" y="226.71" b="G"/>
<point x="75.27" y="233.61" b="C"/>
<point x="72.17" y="240.50" b="R"/>
<point x="71.96" y="248.06" b="G"/>
<point x="72.17" y="255.62" b="R"/>
<point x="79.65" y="256.72" b="U"/>
<point x="86.75" y="259.31" b="C"/>
<point x="93.19" y="263.27" b="C"/>
<point x="98.89" y="268.46" b="Y"/>
<point x="103.17" y="274.86" b="N"/>
<point x="106.02" y="281.60" b="U"/>
<point x="107.75" y="289.00" b="Y"/>
<point x="107.54" y="296.56" b="C"/>
<point x="106.02" y="303.97" b="R"/>
<point x="103.02" y="310.91" b="C"/>
<point x="98.68" y="317.10" b="C"/>
<point x="92.98" y="322.29" b="G"/>
<point x="86.90" y="326.47" b="N"/>
<point x="79.65" y="328.85" b="U"/>
<point x="72.17" y="329.94" b="U"/>
<point x="72.37" y="337.50" b="Y"/>
<point x="72.17" y="345.06" b="C"/>
<point x="72.37" y="352.62" b="A"/>
<point x="71.96" y="360.18" b="G"/>
<point x="72.32" y="367.95" b="N"/>
<point x="79.92" y="368.22" b="Y"/>
<point x="86.30" y="372.27" b="Y"/>
<point x="89.94" y="378.90" b="Y"/>
<point x="89.89" y="386.66" b="N"/>
<point x="86.30" y="393.08" b="A"/>
<point x="79.92" y="397.13" b="A"/>
<point x="72.17" y="397.61" b="U"/>
<point x="72.17" y="405.17" b="C"/>
<point x="72.17" y="412.73" b="U"/>
<point x="72.17" y="420.29" b="C"/>
<point x="72.17" y="427.85" b="R"/>
<point x="71.96" y="435.41" b="G"/>
<point x="78.92" y="439.19" b="A"/>
<point x="71.96" y="442.97" b="G"/>
<point x="72.17" y="450.53" b="C"/>
<point x="75.42" y="457.64" b="N"/>
<point x="71.96" y="464.32" b="G"/>
<point x="78.92" y="468.10" b="A"/>
<point x="72.32" y="472.09" b="N"/>
<point x="72.32" y="479.65" b="N"/>
<point x="72.32" y="487.21" b="N"/>
<point x="72.17" y="494.56" b="R"/>
<point x="77.66" y="500.12" b="N"/>
<point x="85.22" y="500.12" b="N"/>
<point x="92.84" y="499.91" b="A"/>
<point x="99.98" y="499.91" b="G"/>
<point x="107.90" y="500.12" b="N"/>
<point x="115.31" y="499.91" b="R"/>
<point x="122.87" y="499.91" b="R"/>
<point x="130.22" y="499.91" b="G"/>
<point x="137.78" y="499.91" b="G"/>
<point x="145.55" y="499.91" b="C"/>
<point x="153.32" y="499.91" b="A"/>
<point x="160.67" y="499.91" b="C"/>
<point x="168.23" y="499.91" b="C"/>
<point x="175.58" y="499.91" b="G"/>
<point x="183.14" y="499.91" b="G"/>
<point x="190.91" y="499.91" b="C"/>
<point x="198.68" y="499.91" b="A"/>
<point x="206.03" y="499.91" b="U"/>
<point x="213.38" y="499.91" b="G"/>
<point x="220.94" y="499.91" b="G"/>
</structure>