<structure>
<point x="19.66" y="187.90" b="Y"/>
<point x="27.22" y="187.90" b="A"/>
<point x="34.37" y="187.90" b="G"/>
<point x="42.13" y="187.90" b="C"/>
<point x="49.90" y="187.90" b="A"/>
<point x="57.26" y="187.90" b="U"/>
<point x="64.61" y="187.90" b="G"/>
<point x="72.38" y="187.90" b="U"/>
<point x="79.94" y="187.90" b="U"/>
<point x="87.70" y="187.90" b="Y"/>
<point x="92.84" y="182.55" b="C"/>
<point x="92.84" y="174.99" b="C"/>
<point x="86.00" y="172.26" b="A"/>
<point x="83.05" y="165.30" b="A"/>
<point x="85.58" y="158.34" b="G"/>
<point x="92.63" y="155.60" b="G"/>
<point x="92.63" y="148.04" b="G"/>
<point x="92.84" y="140.48" b="C"/>
<point x="92.84" y="132.92" b="U"/>
<point x="92.63" y="125.36" b="G"/>
<point x="92.84" y="117.80" b="U"/>
<point x="92.63" y="110.24" b="G"/>
<point x="88.37" y="104.00" b="G"/>
<point x="89.51" y="96.50" b="C"/>
<point x="95.18" y="91.49" b="U"/>
<point x="102.74" y="91.49" b="R"/>
<point x="108.56" y="96.70" b="N"/>
<point x="109.49" y="104.21" b="N"/>
<point x="105.29" y="110.24" b="Y"/>
<point x="104.87" y="117.80" b="G"/>
<point x="105.08" y="125.36" b="U"/>
<point x="105.08" y="132.92" b="R"/>
<point x="104.87" y="140.48" b="G"/>
<point x="105.08" y="148.04" b="C"/>
<point x="105.08" y="155.60" b="C"/>
<point x="109.99" y="161.52" b="A"/>
<point x="109.99" y="169.08" b="Y"/>
<point x="104.87" y="174.99" b="G"/>
<point x="104.87" y="182.55" b="G"/>
<point x="110.22" y="187.90" b="G"/>
<point x="117.99" y="187.90" b="R"/>
<point x="125.55" y="187.90" b="U"/>
<point x="133.11" y="187.90" b="C"/>
<point x="140.67" y="187.90" b="U"/>
<point x="148.23" y="187.90" b="C"/>
<point x="155.79" y="187.90" b="C"/>
<point x="163.55" y="187.90" b="A"/>
<point x="171.11" y="187.90" b="A"/>
<point x="178.47" y="187.90" b="C"/>
<point x="186.03" y="187.90" b="U"/>
<point x="193.38" y="187.90" b="G"/>
<point x="201.15" y="187.90" b="C"/>
<point x="208.91" y="187.90" b="A"/>
<point x="216.27" y="187.90" b="U"/>
<point x="223.62" y="187.90" b="G"/>
<point x="231.39" y="187.90" b="C"/>
<point x="239.10" y="188.11" b="N"/>
<point x="246.71" y="187.90" b="A"/>
<point x="253.86" y="187.90" b="G"/>
<point x="261.83" y="187.90" b="A"/>
<point x="268.98" y="187.90" b="G"/>
<point x="276.75" y="187.90" b="C"/>
<point x="284.51" y="187.90" b="A"/>
<point x="292.07" y="187.90" b="A"/>
<point x="299.63" y="187.90" b="Y"/>
<point x="307.14" y="188.11" b="N"/>
<point x="314.55" y="187.90" b="U"/>
<point x="319.68" y="182.55" b="G"/>
<point x="319.68" y="174.99" b="G"/>
<point x="320.10" y="167.43" b="A"/>
<point x="319.68" y="159.87" b="G"/>
<point x="320.10" y="152.31" b="A"/>
<point x="319.68" y="144.75" b="G"/>
<point x="312.55" y="144.31" b="A"/>
<point x="305.37" y="141.41" b="C"/>
<point x="299.73" y="136.37" b="U"/>
<point x="296.08" y="129.75" b="U"/>
<point x="294.82" y="122.29" b="U"/>
<point x="295.87" y="114.84" b="G"/>
<point x="299.94" y="108.22" b="A"/>
<point x="305.37" y="103.18" b="C"/>
<point x="312.55" y="100.27" b="A"/>
<point x="319.68" y="99.83" b="G"/>
<point x="319.89" y="92.27" b="C"/>
<point x="316.94" y="85.59" b="N"/>
<point x="319.89" y="78.48" b="C"/>
<point x="320.10" y="70.92" b="A"/>
<point x="319.68" y="63.36" b="G"/>
<point x="319.68" y="55.80" b="G"/>
<point x="313.69" y="51.48" b="U"/>
<point x="310.06" y="44.85" b="C"/>
<point x="309.95" y="37.30" b="A"/>
<point x="312.97" y="30.60" b="N"/>
<point x="318.86" y="25.58" b="Y"/>
<point x="326.16" y="24.06" b="N"/>
<point x="333.58" y="25.58" b="Y"/>
<point x="339.35" y="30.60" b="N"/>
<point x="342.28" y="37.30" b="R"/>
<point x="342.18" y="44.85" b="Y"/>
<point x="338.33" y="51.48" b="R"/>
<point x="332.13" y="55.80" b="C"/>
<point x="332.13" y="63.36" b="C"/>
<point x="332.13" y="70.92" b="U"/>
<point x="331.92" y="78.48" b="G"/>
<point x="339.30" y="75.54" b="Y"/>
<point x="346.30" y="78.40" b="A"/>
<point x="348.79" y="85.38" b="G"/>
<point x="346.09" y="92.36" b="C"/>
<point x="339.10" y="95.22" b="U"/>
<point x="331.92" y="92.27" b="G"/>
<point x="332.13" y="99.83" b="C"/>
<point x="339.01" y="102.98" b="C"/>
<point x="344.72" y="108.16" b="A"/>
<point x="348.06" y="114.83" b="C"/>
<point x="349.29" y="122.29" b="U"/>
<point x="348.06" y="129.75" b="C"/>
<point x="344.51" y="136.43" b="R"/>
<point x="339.16" y="141.82" b="N"/>
<point x="332.13" y="144.75" b="C"/>
<point x="332.13" y="152.31" b="U"/>
<point x="332.13" y="159.87" b="U"/>
<point x="332.13" y="167.43" b="U"/>
<point x="332.13" y="174.99" b="C"/>
<point x="332.13" y="182.55" b="C"/>
<point x="337.48" y="187.90" b="U"/>
<point x="345.24" y="187.90" b="A"/>
<point x="352.60" y="187.90" b="U"/>
<point x="360.36" y="187.90" b="A"/>
<point x="367.87" y="188.11" b="N"/>
<point x="375.43" y="188.11" b="N"/>
<point x="382.99" y="188.11" b="N"/>
</structure>