<structure>
<point x="17.45" y="226.17" b="A"/>
<point x="17.24" y="218.61" b="U"/>
<point x="17.45" y="211.05" b="A"/>
<point x="17.03" y="203.49" b="G"/>
<point x="17.39" y="196.14" b="N"/>
<point x="11.41" y="191.52" b="N"/>
<point x="8.35" y="184.60" b="N"/>
<point x="9.02" y="176.86" b="A"/>
<point x="13.14" y="170.52" b="A"/>
<point x="19.79" y="166.92" b="Y"/>
<point x="27.29" y="167.13" b="N"/>
<point x="33.58" y="170.52" b="G"/>
<point x="38.12" y="176.86" b="Y"/>
<point x="38.67" y="184.60" b="N"/>
<point x="35.61" y="191.52" b="N"/>
<point x="29.63" y="196.14" b="N"/>
<point x="29.48" y="203.49" b="C"/>
<point x="29.48" y="211.05" b="U"/>
<point x="29.69" y="218.61" b="A"/>
<point x="29.48" y="226.17" b="U"/>
<point x="34.83" y="231.51" b="R"/>
<point x="42.39" y="231.51" b="C"/>
<point x="49.95" y="231.51" b="R"/>
<point x="57.30" y="231.51" b="G"/>
<point x="65.07" y="231.51" b="U"/>
<point x="72.63" y="231.51" b="U"/>
<point x="80.19" y="231.51" b="U"/>
<point x="87.90" y="231.72" b="N"/>
<point x="93.24" y="226.38" b="N"/>
<point x="93.24" y="218.82" b="N"/>
<point x="92.88" y="211.05" b="G"/>
<point x="93.24" y="203.70" b="N"/>
<point x="93.24" y="196.14" b="N"/>
<point x="93.09" y="188.37" b="R"/>
<point x="92.88" y="180.81" b="G"/>
<point x="93.09" y="173.25" b="C"/>
<point x="93.09" y="165.69" b="C"/>
<point x="93.09" y="158.13" b="C"/>
<point x="93.09" y="150.57" b="C"/>
<point x="92.88" y="143.01" b="G"/>
<point x="93.24" y="135.66" b="N"/>
<point x="93.09" y="127.89" b="U"/>
<point x="93.30" y="120.33" b="A"/>
<point x="93.30" y="112.77" b="A"/>
<point x="93.09" y="105.21" b="U"/>
<point x="93.09" y="97.65" b="C"/>
<point x="93.09" y="90.09" b="U"/>
<point x="93.09" y="82.53" b="U"/>
<point x="86.16" y="80.04" b="Y"/>
<point x="79.82" y="76.04" b="N"/>
<point x="74.86" y="70.18" b="Y"/>
<point x="71.38" y="63.65" b="N"/>
<point x="69.77" y="56.26" b="N"/>
<point x="70.07" y="48.71" b="N"/>
<point x="72.27" y="41.48" b="N"/>
<point x="76.27" y="34.82" b="Y"/>
<point x="81.52" y="29.59" b="C"/>
<point x="87.91" y="25.89" b="G"/>
<point x="95.43" y="23.98" b="C"/>
<point x="102.99" y="23.98" b="C"/>
<point x="110.51" y="25.89" b="A"/>
<point x="117.11" y="29.59" b="A"/>
<point x="122.56" y="34.82" b="A"/>
<point x="126.46" y="41.48" b="N"/>
<point x="128.51" y="48.50" b="U"/>
<point x="128.96" y="56.26" b="N"/>
<point x="127.19" y="63.44" b="R"/>
<point x="123.77" y="70.18" b="R"/>
<point x="118.90" y="76.04" b="N"/>
<point x="112.62" y="80.25" b="N"/>
<point x="105.54" y="82.53" b="A"/>
<point x="105.54" y="90.09" b="A"/>
<point x="105.12" y="97.65" b="G"/>
<point x="105.54" y="105.21" b="A"/>
<point x="105.33" y="112.77" b="U"/>
<point x="105.33" y="120.33" b="U"/>
<point x="105.54" y="127.89" b="A"/>
<point x="105.33" y="135.45" b="U"/>
<point x="105.33" y="143.01" b="C"/>
<point x="105.12" y="150.57" b="G"/>
<point x="105.12" y="158.13" b="G"/>
<point x="105.12" y="165.69" b="G"/>
<point x="105.12" y="173.25" b="G"/>
<point x="105.33" y="180.81" b="U"/>
<point x="105.33" y="188.37" b="U"/>
<point x="105.33" y="195.93" b="U"/>
<point x="112.89" y="195.93" b="U"/>
<point x="113.10" y="203.49" b="Y"/>
<point x="105.33" y="203.49" b="R"/>
<point x="105.33" y="211.05" b="C"/>
<point x="105.33" y="218.61" b="U"/>
<point x="105.33" y="226.17" b="U"/>
</structure>