<structure>
<point x="19.66" y="305.67" b="A"/>
<point x="27.02" y="305.67" b="U"/>
<point x="34.78" y="305.67" b="A"/>
<point x="42.13" y="305.67" b="U"/>
<point x="49.48" y="305.67" b="G"/>
<point x="57.46" y="305.67" b="A"/>
<point x="64.81" y="305.67" b="C"/>
<point x="72.38" y="305.67" b="U"/>
<point x="77.72" y="300.32" b="C"/>
<point x="77.93" y="292.76" b="Y"/>
<point x="77.72" y="285.20" b="C"/>
<point x="71.80" y="280.78" b="Y"/>
<point x="68.35" y="274.05" b="A"/>
<point x="67.94" y="266.49" b="G"/>
<point x="71.59" y="259.76" b="C"/>
<point x="77.93" y="255.33" b="A"/>
<point x="77.72" y="247.77" b="C"/>
<point x="77.72" y="240.21" b="C"/>
<point x="77.51" y="232.65" b="G"/>
<point x="77.51" y="225.09" b="G"/>
<point x="77.51" y="217.53" b="G"/>
<point x="73.17" y="211.82" b="N"/>
<point x="72.81" y="204.06" b="G"/>
<point x="77.51" y="198.14" b="G"/>
<point x="77.93" y="190.58" b="Y"/>
<point x="77.51" y="183.02" b="G"/>
<point x="71.45" y="179.12" b="A"/>
<point x="66.87" y="172.95" b="U"/>
<point x="65.12" y="165.55" b="G"/>
<point x="67.08" y="158.15" b="A"/>
<point x="71.45" y="151.98" b="A"/>
<point x="77.72" y="148.08" b="U"/>
<point x="77.72" y="140.52" b="U"/>
<point x="77.51" y="132.96" b="G"/>
<point x="77.51" y="125.40" b="G"/>
<point x="77.51" y="117.84" b="G"/>
<point x="72.13" y="112.99" b="A"/>
<point x="69.34" y="105.88" b="C"/>
<point x="62.03" y="103.30" b="G"/>
<point x="55.13" y="100.72" b="C"/>
<point x="47.79" y="100.29" b="A"/>
<point x="43.21" y="93.98" b="G"/>
<point x="45.79" y="86.87" b="G"/>
<point x="53.25" y="84.70" b="C"/>
<point x="59.10" y="89.21" b="G"/>
<point x="66.42" y="91.79" b="C"/>
<point x="73.31" y="94.38" b="G"/>
<point x="80.21" y="90.79" b="N"/>
<point x="87.83" y="90.58" b="A"/>
<point x="94.16" y="94.38" b="C"/>
<point x="101.27" y="91.79" b="C"/>
<point x="108.37" y="89.21" b="C"/>
<point x="112.53" y="82.77" b="A"/>
<point x="119.22" y="80.19" b="G"/>
<point x="126.39" y="82.59" b="G"/>
<point x="133.50" y="80.01" b="G"/>
<point x="141.02" y="77.43" b="A"/>
<point x="147.92" y="74.85" b="C"/>
<point x="150.79" y="67.85" b="C"/>
<point x="157.12" y="63.42" b="A"/>
<point x="164.45" y="62.89" b="C"/>
<point x="171.14" y="66.41" b="U"/>
<point x="178.25" y="63.83" b="C"/>
<point x="185.35" y="61.25" b="C"/>
<point x="192.46" y="58.67" b="C"/>
<point x="199.57" y="56.09" b="C"/>
<point x="199.57" y="48.53" b="C"/>
<point x="201.56" y="41.24" b="U"/>
<point x="205.41" y="34.72" b="R"/>
<point x="210.82" y="29.45" b="C"/>
<point x="217.64" y="25.78" b="A"/>
<point x="224.78" y="23.98" b="C"/>
<point x="232.54" y="24.18" b="A"/>
<point x="239.37" y="26.35" b="G"/>
<point x="246.20" y="30.35" b="A"/>
<point x="251.13" y="35.90" b="C"/>
<point x="254.84" y="42.60" b="A"/>
<point x="256.25" y="49.98" b="U"/>
<point x="255.65" y="57.53" b="G"/>
<point x="253.72" y="64.72" b="A"/>
<point x="249.14" y="71.03" b="G"/>
<point x="243.89" y="76.03" b="A"/>
<point x="236.90" y="79.37" b="C"/>
<point x="229.47" y="80.80" b="C"/>
<point x="222.14" y="80.23" b="A"/>
<point x="214.81" y="77.70" b="U"/>
<point x="208.81" y="73.39" b="A"/>
<point x="203.53" y="67.59" b="G"/>
<point x="196.43" y="70.17" b="G"/>
<point x="189.32" y="72.76" b="G"/>
<point x="182.22" y="75.34" b="G"/>
<point x="175.53" y="77.92" b="A"/>
<point x="172.60" y="85.12" b="N"/>
<point x="166.33" y="89.34" b="C"/>
<point x="158.79" y="89.88" b="U"/>
<point x="151.89" y="86.35" b="G"/>
<point x="144.99" y="88.93" b="U"/>
<point x="137.88" y="91.52" b="C"/>
<point x="130.78" y="94.10" b="U"/>
<point x="126.61" y="100.54" b="G"/>
<point x="119.51" y="103.12" b="G"/>
<point x="112.34" y="100.72" b="G"/>
<point x="111.23" y="108.16" b="U"/>
<point x="105.23" y="103.30" b="G"/>
<point x="98.13" y="105.88" b="G"/>
<point x="95.76" y="112.99" b="C"/>
<point x="89.96" y="117.84" b="C"/>
<point x="89.96" y="125.40" b="U"/>
<point x="89.96" y="132.96" b="C"/>
<point x="90.17" y="140.52" b="A"/>
<point x="89.96" y="148.08" b="R"/>
<point x="97.30" y="148.55" b="G"/>
<point x="103.95" y="152.13" b="G"/>
<point x="108.92" y="158.16" b="A"/>
<point x="110.33" y="165.55" b="U"/>
<point x="108.92" y="172.93" b="A"/>
<point x="103.95" y="178.97" b="G"/>
<point x="97.30" y="182.55" b="G"/>
<point x="89.96" y="183.02" b="C"/>
<point x="89.75" y="190.58" b="G"/>
<point x="89.96" y="198.14" b="C"/>
<point x="94.67" y="204.06" b="U"/>
<point x="94.67" y="211.62" b="C"/>
<point x="89.96" y="217.53" b="C"/>
<point x="89.96" y="225.09" b="C"/>
<point x="89.96" y="232.65" b="C"/>
<point x="97.67" y="232.86" b="N"/>
<point x="97.73" y="240.21" b="A"/>
<point x="89.75" y="240.21" b="G"/>
<point x="89.75" y="247.77" b="G"/>
<point x="89.96" y="255.33" b="U"/>
<point x="96.30" y="259.76" b="A"/>
<point x="99.74" y="266.49" b="A"/>
<point x="99.68" y="274.26" b="N"/>
<point x="96.24" y="280.99" b="N"/>
<point x="89.75" y="285.20" b="G"/>
<point x="89.75" y="292.76" b="G"/>
<point x="89.75" y="300.32" b="G"/>
<point x="95.31" y="305.67" b="C"/>
<point x="102.87" y="305.67" b="U"/>
<point x="110.58" y="305.88" b="N"/>
<point x="117.99" y="305.67" b="U"/>
<point x="125.70" y="305.88" b="N"/>
<point x="133.11" y="305.67" b="U"/>
<point x="140.46" y="305.67" b="G"/>
<point x="148.23" y="305.67" b="R"/>
<point x="155.58" y="305.67" b="G"/>
<point x="163.35" y="305.67" b="U"/>
<point x="170.91" y="305.67" b="U"/>
</structure>