<structure>
<point x="19.66" y="205.58" b="A"/>
<point x="27.22" y="205.58" b="A"/>
<point x="34.37" y="205.58" b="G"/>
<point x="42.34" y="205.58" b="Y"/>
<point x="49.90" y="205.58" b="A"/>
<point x="57.46" y="205.58" b="A"/>
<point x="64.81" y="205.58" b="C"/>
<point x="72.58" y="205.58" b="A"/>
<point x="77.72" y="200.24" b="C"/>
<point x="77.72" y="192.68" b="U"/>
<point x="77.72" y="185.12" b="C"/>
<point x="77.72" y="177.56" b="U"/>
<point x="77.51" y="170.00" b="G"/>
<point x="77.72" y="162.44" b="U"/>
<point x="77.51" y="154.88" b="G"/>
<point x="74.41" y="147.98" b="G"/>
<point x="77.72" y="141.09" b="C"/>
<point x="77.93" y="133.53" b="A"/>
<point x="77.51" y="125.97" b="G"/>
<point x="77.93" y="118.41" b="A"/>
<point x="77.93" y="110.85" b="Y"/>
<point x="77.72" y="103.29" b="R"/>
<point x="72.37" y="97.95" b="R"/>
<point x="71.09" y="90.53" b="Y"/>
<point x="73.98" y="83.55" b="Y"/>
<point x="80.06" y="79.35" b="R"/>
<point x="87.83" y="79.35" b="A"/>
<point x="94.06" y="83.75" b="N"/>
<point x="96.94" y="90.74" b="N"/>
<point x="95.46" y="98.15" b="N"/>
<point x="90.17" y="103.29" b="Y"/>
<point x="89.75" y="110.85" b="G"/>
<point x="89.96" y="118.41" b="U"/>
<point x="89.96" y="125.97" b="C"/>
<point x="89.96" y="133.53" b="U"/>
<point x="89.75" y="141.09" b="G"/>
<point x="93.21" y="148.19" b="N"/>
<point x="89.96" y="154.88" b="C"/>
<point x="89.96" y="162.44" b="R"/>
<point x="89.96" y="170.00" b="C"/>
<point x="90.17" y="177.56" b="A"/>
<point x="96.71" y="173.78" b="A"/>
<point x="103.06" y="177.56" b="U"/>
<point x="103.06" y="185.12" b="U"/>
<point x="96.51" y="188.90" b="U"/>
<point x="89.75" y="185.12" b="G"/>
<point x="90.17" y="192.68" b="A"/>
<point x="89.75" y="200.24" b="G"/>
<point x="95.31" y="205.58" b="C"/>
<point x="102.87" y="205.58" b="U"/>
<point x="110.43" y="205.58" b="U"/>
<point x="117.78" y="205.58" b="G"/>
<point x="125.55" y="205.58" b="C"/>
<point x="133.11" y="205.58" b="U"/>
<point x="140.87" y="205.58" b="A"/>
<point x="148.43" y="205.58" b="Y"/>
<point x="155.99" y="205.58" b="A"/>
<point x="163.35" y="205.58" b="R"/>
<point x="170.91" y="205.58" b="C"/>
<point x="178.67" y="205.58" b="A"/>
<point x="186.23" y="205.58" b="A"/>
<point x="193.59" y="205.58" b="R"/>
<point x="201.15" y="205.58" b="R"/>
<point x="206.70" y="200.24" b="A"/>
<point x="206.70" y="192.68" b="A"/>
<point x="206.28" y="185.12" b="G"/>
<point x="206.49" y="177.56" b="U"/>
<point x="206.49" y="170.00" b="C"/>
<point x="206.49" y="162.44" b="U"/>
<point x="206.70" y="154.88" b="A"/>
<point x="199.51" y="157.21" b="A"/>
<point x="194.86" y="151.10" b="C"/>
<point x="199.30" y="144.98" b="C"/>
<point x="206.49" y="147.32" b="U"/>
<point x="206.70" y="139.76" b="A"/>
<point x="206.49" y="132.20" b="U"/>
<point x="201.79" y="126.28" b="U"/>
<point x="201.79" y="118.72" b="C"/>
<point x="206.49" y="112.80" b="C"/>
<point x="206.49" y="105.24" b="R"/>
<point x="206.28" y="97.68" b="G"/>
<point x="206.70" y="90.12" b="Y"/>
<point x="199.12" y="87.69" b="G"/>
<point x="195.08" y="81.76" b="N"/>
<point x="194.93" y="73.99" b="U"/>
<point x="199.33" y="67.84" b="C"/>
<point x="206.49" y="65.41" b="U"/>
<point x="206.49" y="57.85" b="C"/>
<point x="206.49" y="50.29" b="U"/>
<point x="206.70" y="42.73" b="Y"/>
<point x="202.44" y="36.49" b="Y"/>
<point x="203.16" y="28.99" b="U"/>
<point x="209.04" y="23.98" b="Y"/>
<point x="216.54" y="24.19" b="N"/>
<point x="222.06" y="28.99" b="R"/>
<point x="223.00" y="36.49" b="U"/>
<point x="218.52" y="42.73" b="G"/>
<point x="218.94" y="50.29" b="A"/>
<point x="218.52" y="57.85" b="G"/>
<point x="218.94" y="65.41" b="A"/>
<point x="224.33" y="70.50" b="C"/>
<point x="226.55" y="77.98" b="N"/>
<point x="224.53" y="85.04" b="A"/>
<point x="218.88" y="90.33" b="N"/>
<point x="218.73" y="97.68" b="C"/>
<point x="218.94" y="105.24" b="Y"/>
<point x="218.52" y="112.80" b="G"/>
<point x="223.44" y="118.72" b="U"/>
<point x="223.44" y="126.28" b="U"/>
<point x="218.94" y="132.20" b="A"/>
<point x="218.73" y="139.76" b="U"/>
<point x="218.94" y="147.32" b="A"/>
<point x="218.73" y="154.88" b="U"/>
<point x="218.94" y="162.44" b="A"/>
<point x="218.52" y="170.00" b="G"/>
<point x="218.94" y="177.56" b="A"/>
<point x="218.73" y="185.12" b="C"/>
<point x="218.73" y="192.68" b="U"/>
<point x="218.94" y="200.24" b="Y"/>
<point x="224.23" y="205.79" b="N"/>
<point x="231.84" y="205.58" b="A"/>
<point x="239.40" y="205.58" b="A"/>
<point x="246.76" y="205.58" b="C"/>
<point x="254.52" y="205.58" b="A"/>
<point x="261.88" y="205.58" b="R"/>
<point x="269.64" y="205.58" b="Y"/>
</structure>