<structure>
<point x="19.60" y="244.25" b="N"/>
<point x="27.16" y="244.25" b="N"/>
<point x="34.73" y="244.25" b="N"/>
<point x="42.28" y="244.25" b="N"/>
<point x="49.84" y="244.25" b="N"/>
<point x="57.26" y="244.04" b="R"/>
<point x="64.97" y="244.25" b="N"/>
<point x="72.53" y="244.25" b="N"/>
<point x="80.09" y="244.25" b="N"/>
<point x="87.65" y="244.25" b="N"/>
<point x="95.20" y="244.25" b="N"/>
<point x="102.77" y="244.25" b="N"/>
<point x="110.33" y="244.25" b="N"/>
<point x="117.89" y="244.25" b="N"/>
<point x="125.45" y="244.25" b="N"/>
<point x="133.00" y="244.25" b="N"/>
<point x="140.41" y="244.04" b="C"/>
<point x="148.18" y="244.04" b="Y"/>
<point x="155.32" y="244.04" b="G"/>
<point x="163.30" y="244.04" b="A"/>
<point x="170.80" y="244.25" b="N"/>
<point x="178.36" y="244.25" b="N"/>
<point x="185.92" y="244.25" b="N"/>
<point x="193.48" y="244.25" b="N"/>
<point x="200.90" y="244.04" b="R"/>
<point x="208.66" y="244.04" b="A"/>
<point x="216.16" y="244.25" b="N"/>
<point x="223.78" y="244.04" b="A"/>
<point x="231.28" y="244.25" b="N"/>
<point x="238.69" y="244.04" b="U"/>
<point x="246.41" y="244.25" b="N"/>
<point x="253.81" y="244.04" b="U"/>
<point x="261.58" y="244.04" b="A"/>
<point x="269.14" y="244.04" b="A"/>
<point x="276.64" y="244.25" b="N"/>
<point x="284.20" y="244.25" b="N"/>
<point x="291.76" y="244.25" b="N"/>
<point x="299.18" y="244.04" b="U"/>
<point x="306.94" y="244.04" b="Y"/>
<point x="314.44" y="244.25" b="N"/>
<point x="322.00" y="244.25" b="N"/>
<point x="329.62" y="244.04" b="A"/>
<point x="337.12" y="244.25" b="N"/>
<point x="344.54" y="244.04" b="R"/>
<point x="352.30" y="244.04" b="Y"/>
<point x="359.65" y="244.04" b="R"/>
<point x="367.21" y="244.04" b="U"/>
<point x="374.98" y="244.04" b="A"/>
<point x="382.49" y="244.25" b="N"/>
<point x="390.05" y="244.25" b="N"/>
<point x="397.61" y="244.25" b="N"/>
<point x="405.01" y="244.04" b="U"/>
<point x="412.72" y="244.25" b="N"/>
<point x="420.28" y="244.25" b="N"/>
<point x="427.84" y="244.25" b="N"/>
<point x="435.40" y="244.25" b="N"/>
<point x="442.81" y="244.04" b="U"/>
<point x="447.95" y="238.70" b="G"/>
<point x="448.16" y="231.14" b="C"/>
<point x="448.16" y="223.58" b="C"/>
<point x="448.16" y="216.02" b="C"/>
<point x="448.16" y="208.46" b="C"/>
<point x="448.31" y="201.11" b="N"/>
<point x="447.95" y="193.34" b="G"/>
<point x="448.31" y="185.99" b="N"/>
<point x="440.76" y="185.53" b="N"/>
<point x="433.56" y="182.12" b="G"/>
<point x="428.74" y="176.82" b="N"/>
<point x="425.59" y="169.58" b="G"/>
<point x="426.01" y="162.02" b="A"/>
<point x="428.74" y="155.20" b="N"/>
<point x="433.56" y="149.49" b="G"/>
<point x="440.62" y="146.28" b="R"/>
<point x="448.31" y="146.03" b="N"/>
<point x="448.31" y="138.47" b="N"/>
<point x="448.31" y="130.91" b="N"/>
<point x="447.95" y="123.15" b="G"/>
<point x="447.95" y="115.59" b="G"/>
<point x="448.37" y="108.03" b="Y"/>
<point x="448.37" y="100.47" b="Y"/>
<point x="441.75" y="96.14" b="G"/>
<point x="438.53" y="89.52" b="A"/>
<point x="438.16" y="82.17" b="N"/>
<point x="441.24" y="75.26" b="N"/>
<point x="446.92" y="70.24" b="U"/>
<point x="454.49" y="68.52" b="Y"/>
<point x="461.85" y="70.24" b="A"/>
<point x="467.67" y="75.06" b="A"/>
<point x="470.55" y="81.96" b="U"/>
<point x="470.03" y="89.52" b="G"/>
<point x="466.81" y="96.14" b="A"/>
<point x="460.40" y="100.47" b="R"/>
<point x="460.40" y="108.03" b="R"/>
<point x="460.40" y="115.59" b="C"/>
<point x="460.40" y="123.15" b="C"/>
<point x="460.61" y="130.71" b="A"/>
<point x="460.55" y="138.47" b="N"/>
<point x="460.55" y="146.03" b="N"/>
<point x="467.11" y="149.31" b="U"/>
<point x="471.93" y="154.96" b="G"/>
<point x="474.83" y="162.02" b="C"/>
<point x="474.62" y="169.58" b="G"/>
<point x="472.34" y="176.65" b="A"/>
<point x="467.26" y="182.50" b="N"/>
<point x="460.55" y="185.99" b="N"/>
<point x="460.61" y="193.34" b="Y"/>
<point x="460.55" y="201.11" b="N"/>
<point x="460.19" y="208.46" b="G"/>
<point x="460.19" y="216.02" b="G"/>
<point x="460.19" y="223.58" b="G"/>
<point x="460.19" y="231.14" b="G"/>
<point x="460.40" y="238.70" b="C"/>
<point x="465.75" y="244.04" b="R"/>
<point x="473.51" y="244.04" b="A"/>
<point x="480.87" y="244.04" b="C"/>
<point x="488.63" y="244.04" b="A"/>
<point x="493.56" y="238.70" b="G"/>
<point x="493.77" y="231.14" b="C"/>
<point x="493.92" y="223.79" b="N"/>
<point x="493.92" y="216.23" b="N"/>
<point x="493.92" y="208.67" b="N"/>
<point x="493.56" y="200.90" b="G"/>
<point x="493.98" y="193.34" b="Y"/>
<point x="493.77" y="185.78" b="C"/>
<point x="486.60" y="184.11" b="N"/>
<point x="479.76" y="180.88" b="N"/>
<point x="473.67" y="176.41" b="N"/>
<point x="468.18" y="170.65" b="G"/>
<point x="464.55" y="164.43" b="N"/>
<point x="456.98" y="166.50" b="G"/>
<point x="450.18" y="168.76" b="A"/>
<point x="442.91" y="171.24" b="N"/>
<point x="435.34" y="173.30" b="G"/>
<point x="428.46" y="175.91" b="U"/>
<point x="422.81" y="170.89" b="C"/>
<point x="424.57" y="163.54" b="C"/>
<point x="431.88" y="161.62" b="C"/>
<point x="439.09" y="159.35" b="C"/>
<point x="446.30" y="157.09" b="U"/>
<point x="453.72" y="154.82" b="Y"/>
<point x="460.88" y="152.76" b="N"/>
<point x="460.11" y="145.00" b="G"/>
<point x="461.14" y="137.51" b="G"/>
<point x="463.99" y="130.36" b="A"/>
<point x="467.33" y="123.79" b="G"/>
<point x="472.47" y="118.06" b="R"/>
<point x="478.55" y="113.58" b="N"/>
<point x="485.12" y="109.90" b="R"/>
<point x="492.52" y="107.97" b="N"/>
<point x="500.10" y="107.04" b="Y"/>
<point x="507.57" y="107.97" b="N"/>
<point x="514.67" y="109.90" b="U"/>
<point x="521.53" y="113.58" b="N"/>
<point x="526.42" y="107.73" b="C"/>
<point x="523.14" y="100.82" b="G"/>
<point x="528.38" y="95.18" b="C"/>
<point x="535.75" y="97.65" b="N"/>
<point x="540.63" y="91.80" b="U"/>
<point x="545.87" y="86.16" b="Y"/>
<point x="550.85" y="80.73" b="N"/>
<point x="555.88" y="75.09" b="N"/>
<point x="560.92" y="69.45" b="N"/>
<point x="565.59" y="63.60" b="G"/>
<point x="569.21" y="56.75" b="A"/>
<point x="576.56" y="55.44" b="N"/>
<point x="582.20" y="60.47" b="N"/>
<point x="581.38" y="67.79" b="R"/>
<point x="575.08" y="71.96" b="N"/>
<point x="570.05" y="77.60" b="N"/>
<point x="565.01" y="83.24" b="N"/>
<point x="559.98" y="88.88" b="N"/>
<point x="554.95" y="94.52" b="N"/>
<point x="549.91" y="100.16" b="N"/>
<point x="544.88" y="105.80" b="N"/>
<point x="542.66" y="112.80" b="Y"/>
<point x="535.55" y="115.88" b="R"/>
<point x="530.30" y="121.52" b="G"/>
<point x="534.52" y="127.80" b="G"/>
<point x="537.47" y="134.76" b="G"/>
<point x="539.04" y="142.16" b="G"/>
<point x="539.59" y="149.72" b="Y"/>
<point x="538.29" y="157.16" b="A"/>
<point x="535.59" y="164.23" b="A"/>
<point x="531.40" y="170.65" b="C"/>
<point x="526.26" y="176.20" b="C"/>
<point x="520.17" y="180.67" b="C"/>
<point x="513.54" y="183.90" b="Y"/>
<point x="505.80" y="185.78" b="G"/>
<point x="506.01" y="193.34" b="R"/>
<point x="506.01" y="200.90" b="C"/>
<point x="506.16" y="208.67" b="N"/>
<point x="506.16" y="216.23" b="N"/>
<point x="506.16" y="223.79" b="N"/>
<point x="505.80" y="231.14" b="G"/>
<point x="506.01" y="238.70" b="C"/>
<point x="511.56" y="244.04" b="A"/>
<point x="518.92" y="244.04" b="C"/>
<point x="526.68" y="244.04" b="A"/>
<point x="531.82" y="238.70" b="R"/>
<point x="531.97" y="231.35" b="N"/>
<point x="531.82" y="223.58" b="C"/>
<point x="531.82" y="216.02" b="C"/>
<point x="531.82" y="208.46" b="C"/>
<point x="531.61" y="200.90" b="G"/>
<point x="531.97" y="193.55" b="N"/>
<point x="531.97" y="185.99" b="N"/>
<point x="531.82" y="178.22" b="U"/>
<point x="531.61" y="170.66" b="G"/>
<point x="524.32" y="168.69" b="G"/>
<point x="518.53" y="163.82" b="G"/>
<point x="515.55" y="156.97" b="U"/>
<point x="515.75" y="149.41" b="Y"/>
<point x="518.95" y="142.56" b="A"/>
<point x="524.32" y="137.69" b="G"/>
<point x="531.82" y="135.72" b="C"/>
<point x="531.97" y="128.37" b="N"/>
<point x="531.97" y="120.81" b="N"/>
<point x="531.97" y="113.25" b="N"/>
<point x="531.82" y="105.48" b="C"/>
<point x="532.03" y="97.92" b="Y"/>
<point x="532.03" y="90.36" b="Y"/>
<point x="525.12" y="86.87" b="R"/>
<point x="520.29" y="81.23" b="A"/>
<point x="517.55" y="74.37" b="N"/>
<point x="517.55" y="66.81" b="N"/>
<point x="520.09" y="59.54" b="R"/>
<point x="525.26" y="54.10" b="N"/>
<point x="531.61" y="50.41" b="G"/>
<point x="531.97" y="43.05" b="N"/>
<point x="531.82" y="35.29" b="C"/>
<point x="531.46" y="27.73" b="R"/>
<point x="538.09" y="24.06" b="N"/>
<point x="544.58" y="27.94" b="N"/>
<point x="544.21" y="35.49" b="N"/>
<point x="550.76" y="39.27" b="N"/>
<point x="544.21" y="43.05" b="N"/>
<point x="544.06" y="50.41" b="C"/>
<point x="551.61" y="50.86" b="U"/>
<point x="558.46" y="54.07" b="U"/>
<point x="563.79" y="59.78" b="N"/>
<point x="566.22" y="66.60" b="G"/>
<point x="566.63" y="74.16" b="A"/>
<point x="563.64" y="81.19" b="U"/>
<point x="558.25" y="86.69" b="G"/>
<point x="551.82" y="89.90" b="A"/>
<point x="543.85" y="90.36" b="G"/>
<point x="544.06" y="97.92" b="R"/>
<point x="543.85" y="105.48" b="G"/>
<point x="544.21" y="113.25" b="N"/>
<point x="544.21" y="120.81" b="N"/>
<point x="544.21" y="128.37" b="N"/>
<point x="543.85" y="135.72" b="G"/>
<point x="550.54" y="139.62" b="U"/>
<point x="554.70" y="145.79" b="G"/>
<point x="556.46" y="153.19" b="U"/>
<point x="554.91" y="160.59" b="U"/>
<point x="550.74" y="166.76" b="A"/>
<point x="544.06" y="170.66" b="C"/>
<point x="543.85" y="178.22" b="G"/>
<point x="544.21" y="185.99" b="N"/>
<point x="544.21" y="193.55" b="N"/>
<point x="544.06" y="200.90" b="C"/>
<point x="543.85" y="208.46" b="G"/>
<point x="543.85" y="216.02" b="G"/>
<point x="543.85" y="223.58" b="G"/>
<point x="544.21" y="231.35" b="N"/>
<point x="544.21" y="238.91" b="N"/>
<point x="549.62" y="244.04" b="A"/>
<point x="556.97" y="244.04" b="C"/>
<point x="564.74" y="244.04" b="A"/>
<point x="572.24" y="244.25" b="N"/>
<point x="579.80" y="244.25" b="N"/>
<point x="587.21" y="244.04" b="U"/>
<point x="594.92" y="244.25" b="N"/>
<point x="602.48" y="244.25" b="N"/>
</structure>