<structure>
<point x="19.66" y="119.36" b="A"/>
<point x="27.02" y="119.36" b="R"/>
<point x="34.73" y="119.56" b="N"/>
<point x="42.13" y="119.36" b="U"/>
<point x="49.90" y="119.36" b="A"/>
<point x="57.46" y="119.36" b="A"/>
<point x="65.02" y="119.36" b="A"/>
<point x="72.58" y="119.36" b="A"/>
<point x="80.14" y="119.36" b="A"/>
<point x="87.50" y="119.36" b="R"/>
<point x="95.26" y="119.36" b="A"/>
<point x="100.19" y="114.01" b="G"/>
<point x="100.61" y="106.45" b="A"/>
<point x="100.40" y="98.89" b="C"/>
<point x="100.40" y="91.33" b="C"/>
<point x="100.19" y="83.77" b="G"/>
<point x="100.61" y="76.21" b="A"/>
<point x="100.61" y="68.65" b="A"/>
<point x="100.40" y="61.09" b="U"/>
<point x="100.61" y="53.53" b="A"/>
<point x="100.40" y="45.97" b="C"/>
<point x="95.30" y="40.20" b="G"/>
<point x="95.32" y="32.65" b="A"/>
<point x="99.36" y="26.40" b="U"/>
<point x="106.52" y="23.98" b="U"/>
<point x="113.69" y="26.40" b="C"/>
<point x="117.93" y="32.65" b="C"/>
<point x="117.53" y="40.20" b="U"/>
<point x="112.64" y="45.97" b="R"/>
<point x="112.64" y="53.53" b="U"/>
<point x="112.85" y="61.09" b="A"/>
<point x="112.64" y="68.65" b="U"/>
<point x="112.64" y="76.21" b="U"/>
<point x="112.64" y="83.77" b="C"/>
<point x="112.43" y="91.33" b="G"/>
<point x="112.43" y="98.89" b="G"/>
<point x="112.64" y="106.45" b="U"/>
<point x="112.64" y="114.01" b="C"/>
<point x="118.19" y="119.36" b="Y"/>
<point x="125.75" y="119.36" b="A"/>
<point x="132.90" y="119.36" b="G"/>
<point x="140.46" y="119.36" b="G"/>
<point x="148.02" y="119.36" b="G"/>
<point x="155.99" y="119.36" b="A"/>
<point x="163.55" y="119.36" b="A"/>
<point x="168.90" y="114.01" b="A"/>
<point x="168.69" y="106.45" b="U"/>
<point x="168.48" y="98.89" b="G"/>
<point x="168.48" y="91.33" b="G"/>
<point x="168.69" y="83.77" b="C"/>
<point x="168.69" y="76.21" b="U"/>
<point x="168.69" y="68.65" b="C"/>
<point x="168.69" y="61.09" b="U"/>
<point x="164.43" y="54.85" b="U"/>
<point x="165.16" y="47.34" b="G"/>
<point x="170.82" y="42.34" b="G"/>
<point x="178.38" y="42.34" b="G"/>
<point x="184.47" y="47.34" b="A"/>
<point x="184.99" y="54.85" b="G"/>
<point x="181.14" y="61.09" b="A"/>
<point x="180.72" y="68.65" b="G"/>
<point x="181.14" y="76.21" b="A"/>
<point x="180.72" y="83.77" b="G"/>
<point x="180.93" y="91.33" b="C"/>
<point x="180.93" y="98.89" b="C"/>
<point x="180.72" y="106.45" b="G"/>
<point x="180.93" y="114.01" b="U"/>
<point x="186.07" y="119.36" b="G"/>
<point x="193.84" y="119.36" b="C"/>
<point x="198.97" y="114.01" b="G"/>
<point x="199.18" y="106.45" b="C"/>
<point x="193.48" y="101.49" b="U"/>
<point x="191.33" y="94.31" b="A"/>
<point x="193.00" y="86.93" b="A"/>
<point x="198.22" y="81.46" b="A"/>
<point x="205.51" y="79.45" b="A"/>
<point x="212.38" y="81.46" b="G"/>
<point x="217.81" y="86.93" b="U"/>
<point x="219.48" y="94.31" b="U"/>
<point x="216.92" y="101.49" b="G"/>
<point x="211.21" y="106.45" b="G"/>
<point x="211.42" y="114.01" b="C"/>
<point x="216.98" y="119.36" b="A"/>
<point x="224.33" y="119.36" b="U"/>
<point x="231.89" y="119.36" b="U"/>
<point x="239.66" y="119.36" b="A"/>
<point x="247.22" y="119.36" b="A"/>
<point x="254.78" y="119.36" b="Y"/>
<point x="261.92" y="119.36" b="G"/>
<point x="269.90" y="119.36" b="Y"/>
<point x="277.46" y="119.36" b="A"/>
<point x="282.38" y="114.01" b="G"/>
<point x="282.38" y="106.45" b="G"/>
<point x="282.60" y="98.89" b="C"/>
<point x="277.71" y="93.12" b="U"/>
<point x="277.45" y="85.78" b="N"/>
<point x="281.76" y="79.32" b="A"/>
<point x="288.87" y="77.11" b="N"/>
<point x="295.88" y="79.32" b="U"/>
<point x="300.12" y="85.57" b="C"/>
<point x="299.87" y="93.33" b="N"/>
<point x="294.62" y="98.89" b="G"/>
<point x="294.83" y="106.45" b="C"/>
<point x="294.83" y="114.01" b="C"/>
<point x="300.33" y="119.56" b="N"/>
<point x="307.95" y="119.36" b="Y"/>
<point x="315.30" y="119.36" b="R"/>
<point x="322.86" y="119.36" b="C"/>
<point x="330.63" y="119.36" b="Y"/>
<point x="337.98" y="119.36" b="C"/>
<point x="345.75" y="119.36" b="Y"/>
<point x="353.10" y="119.36" b="U"/>
<point x="360.66" y="119.36" b="U"/>
<point x="368.43" y="119.36" b="A"/>
<point x="375.99" y="119.36" b="A"/>
<point x="383.13" y="119.36" b="G"/>
<point x="391.05" y="119.56" b="N"/>
<point x="398.46" y="119.36" b="R"/>
<point x="406.02" y="119.36" b="U"/>
<point x="413.79" y="119.36" b="A"/>
<point x="420.93" y="119.36" b="G"/>
<point x="428.85" y="119.56" b="N"/>
<point x="436.47" y="119.36" b="Y"/>
<point x="443.61" y="119.36" b="G"/>
<point x="451.59" y="119.36" b="A"/>
<point x="459.09" y="119.56" b="N"/>
<point x="466.65" y="119.56" b="N"/>
<point x="474.27" y="119.36" b="A"/>
<point x="481.62" y="119.36" b="C"/>
<point x="489.18" y="119.36" b="R"/>
<point x="496.95" y="119.36" b="Y"/>
<point x="504.45" y="119.56" b="N"/>
<point x="512.01" y="119.56" b="N"/>
<point x="519.21" y="119.36" b="G"/>
<point x="527.13" y="119.56" b="N"/>
<point x="534.54" y="119.36" b="U"/>
<point x="542.10" y="119.36" b="U"/>
<point x="549.81" y="119.56" b="N"/>
<point x="557.37" y="119.56" b="N"/>
<point x="564.78" y="119.36" b="C"/>
<point x="572.34" y="119.36" b="C"/>
<point x="580.11" y="119.36" b="A"/>
<point x="587.46" y="119.36" b="R"/>
<point x="595.23" y="119.36" b="Y"/>
<point x="602.58" y="119.36" b="U"/>
<point x="610.14" y="119.36" b="U"/>
</structure>