<structure>
<point x="19.25" y="125.80" b="G"/>
<point x="27.02" y="125.80" b="U"/>
<point x="34.58" y="125.80" b="U"/>
<point x="42.13" y="125.80" b="U"/>
<point x="47.48" y="120.45" b="U"/>
<point x="47.48" y="112.89" b="U"/>
<point x="47.69" y="105.33" b="A"/>
<point x="47.48" y="97.77" b="U"/>
<point x="47.48" y="90.21" b="C"/>
<point x="47.48" y="82.65" b="U"/>
<point x="47.48" y="75.09" b="U"/>
<point x="47.69" y="67.53" b="A"/>
<point x="47.48" y="59.97" b="C"/>
<point x="47.69" y="52.41" b="A"/>
<point x="47.48" y="44.85" b="C"/>
<point x="47.69" y="37.29" b="A"/>
<point x="45.31" y="30.05" b="C"/>
<point x="49.61" y="23.98" b="G"/>
<point x="57.38" y="23.98" b="C"/>
<point x="61.89" y="30.05" b="U"/>
<point x="59.72" y="37.29" b="U"/>
<point x="59.51" y="44.85" b="G"/>
<point x="59.72" y="52.41" b="U"/>
<point x="59.51" y="59.97" b="G"/>
<point x="59.93" y="67.53" b="Y"/>
<point x="59.93" y="75.09" b="A"/>
<point x="59.93" y="82.65" b="A"/>
<point x="59.51" y="90.21" b="G"/>
<point x="59.93" y="97.77" b="A"/>
<point x="59.72" y="105.33" b="U"/>
<point x="59.93" y="112.89" b="A"/>
<point x="59.51" y="120.45" b="G"/>
<point x="65.07" y="125.80" b="U"/>
<point x="72.63" y="125.80" b="U"/>
<point x="80.39" y="125.80" b="A"/>
</structure>