<structure>
<point x="43.91" y="192.78" b="R"/>
<point x="51.47" y="192.78" b="R"/>
<point x="58.82" y="192.78" b="G"/>
<point x="66.59" y="192.78" b="R"/>
<point x="71.94" y="187.43" b="C"/>
<point x="71.94" y="179.87" b="R"/>
<point x="71.73" y="172.31" b="G"/>
<point x="71.94" y="164.75" b="U"/>
<point x="64.24" y="163.69" b="G"/>
<point x="57.33" y="161.84" b="A"/>
<point x="50.03" y="159.21" b="U"/>
<point x="43.05" y="155.84" b="G"/>
<point x="37.10" y="151.77" b="A"/>
<point x="31.21" y="147.04" b="Y"/>
<point x="25.85" y="141.70" b="Y"/>
<point x="20.89" y="135.82" b="C"/>
<point x="16.79" y="129.47" b="C"/>
<point x="13.60" y="122.72" b="A"/>
<point x="10.95" y="115.64" b="A"/>
<point x="8.87" y="108.31" b="C"/>
<point x="7.99" y="100.83" b="A"/>
<point x="7.50" y="93.28" b="U"/>
<point x="7.82" y="85.74" b="G"/>
<point x="9.36" y="78.29" b="C"/>
<point x="11.49" y="71.04" b="C"/>
<point x="14.58" y="64.05" b="A"/>
<point x="17.99" y="57.41" b="U"/>
<point x="22.30" y="51.20" b="C"/>
<point x="27.24" y="45.48" b="U"/>
<point x="32.56" y="40.33" b="G"/>
<point x="39.03" y="35.79" b="A"/>
<point x="45.11" y="31.93" b="G"/>
<point x="52.20" y="28.79" b="U"/>
<point x="59.16" y="26.40" b="G"/>
<point x="66.91" y="25.00" b="N"/>
<point x="74.28" y="23.98" b="C"/>
<point x="82.04" y="23.98" b="Y"/>
<point x="89.50" y="25.00" b="N"/>
<point x="96.74" y="26.40" b="U"/>
<point x="103.70" y="28.79" b="G"/>
<point x="110.79" y="31.93" b="C"/>
<point x="117.29" y="35.79" b="U"/>
<point x="123.13" y="40.33" b="G"/>
<point x="129.07" y="45.48" b="A"/>
<point x="134.02" y="51.20" b="A"/>
<point x="138.33" y="57.41" b="A"/>
<point x="141.95" y="64.05" b="Y"/>
<point x="144.63" y="71.04" b="C"/>
<point x="146.75" y="78.29" b="C"/>
<point x="148.29" y="85.74" b="A"/>
<point x="148.40" y="93.28" b="G"/>
<point x="148.54" y="100.83" b="A"/>
<point x="147.04" y="108.31" b="G"/>
<point x="145.16" y="115.64" b="G"/>
<point x="142.72" y="122.72" b="C"/>
<point x="139.32" y="129.47" b="U"/>
<point x="135.01" y="135.82" b="G"/>
<point x="130.47" y="141.70" b="U"/>
<point x="125.11" y="147.04" b="U"/>
<point x="119.22" y="151.77" b="U"/>
<point x="112.85" y="155.84" b="C"/>
<point x="106.08" y="159.21" b="U"/>
<point x="98.78" y="161.84" b="G"/>
<point x="91.87" y="163.69" b="A"/>
<point x="83.97" y="164.75" b="G"/>
<point x="84.18" y="172.31" b="C"/>
<point x="84.18" y="179.87" b="U"/>
<point x="83.97" y="187.43" b="G"/>
</structure>