<structure>
<point x="49.25" y="299.22" b="N"/>
<point x="49.10" y="291.45" b="U"/>
<point x="48.89" y="283.89" b="G"/>
<point x="49.30" y="276.33" b="A"/>
<point x="49.10" y="268.77" b="C"/>
<point x="49.30" y="261.21" b="A"/>
<point x="48.89" y="253.65" b="G"/>
<point x="49.30" y="246.09" b="A"/>
<point x="49.30" y="238.53" b="A"/>
<point x="48.89" y="230.97" b="G"/>
<point x="49.30" y="223.41" b="A"/>
<point x="48.89" y="215.85" b="G"/>
<point x="49.30" y="208.29" b="A"/>
<point x="48.89" y="200.73" b="G"/>
<point x="49.10" y="193.17" b="U"/>
<point x="48.89" y="185.61" b="G"/>
<point x="49.30" y="178.05" b="A"/>
<point x="48.89" y="170.49" b="G"/>
<point x="49.10" y="162.93" b="C"/>
<point x="49.30" y="155.37" b="A"/>
<point x="49.10" y="147.81" b="C"/>
<point x="46.20" y="140.92" b="A"/>
<point x="49.10" y="134.02" b="C"/>
<point x="49.10" y="126.46" b="R"/>
<point x="49.25" y="119.11" b="N"/>
<point x="41.85" y="117.55" b="N"/>
<point x="34.79" y="114.84" b="N"/>
<point x="28.25" y="111.05" b="N"/>
<point x="22.39" y="106.28" b="N"/>
<point x="17.21" y="100.43" b="R"/>
<point x="13.33" y="94.06" b="Y"/>
<point x="10.10" y="87.13" b="U"/>
<point x="8.36" y="80.02" b="N"/>
<point x="7.50" y="72.29" b="U"/>
<point x="7.99" y="64.74" b="U"/>
<point x="9.66" y="57.37" b="R"/>
<point x="12.68" y="50.35" b="Y"/>
<point x="16.36" y="43.87" b="R"/>
<point x="21.22" y="38.08" b="U"/>
<point x="27.09" y="33.34" b="N"/>
<point x="33.57" y="29.15" b="Y"/>
<point x="40.48" y="26.44" b="N"/>
<point x="47.83" y="24.66" b="N"/>
<point x="55.37" y="24.06" b="N"/>
<point x="62.75" y="24.45" b="R"/>
<point x="70.25" y="26.44" b="N"/>
<point x="77.08" y="29.15" b="R"/>
<point x="83.65" y="33.34" b="N"/>
<point x="89.37" y="38.29" b="N"/>
<point x="94.28" y="43.87" b="Y"/>
<point x="98.12" y="50.56" b="N"/>
<point x="100.78" y="57.37" b="U"/>
<point x="102.24" y="64.74" b="G"/>
<point x="102.94" y="72.29" b="C"/>
<point x="102.22" y="79.82" b="U"/>
<point x="100.54" y="87.13" b="Y"/>
<point x="97.46" y="94.27" b="N"/>
<point x="93.38" y="100.64" b="N"/>
<point x="88.35" y="106.28" b="N"/>
<point x="82.48" y="111.05" b="N"/>
<point x="75.94" y="114.84" b="N"/>
<point x="68.89" y="117.55" b="N"/>
<point x="61.49" y="119.11" b="N"/>
<point x="61.34" y="126.46" b="U"/>
<point x="61.13" y="134.02" b="G"/>
<point x="64.44" y="140.92" b="C"/>
<point x="61.13" y="147.81" b="G"/>
<point x="61.34" y="155.37" b="U"/>
<point x="61.13" y="162.93" b="G"/>
<point x="61.34" y="170.49" b="C"/>
<point x="61.34" y="178.05" b="U"/>
<point x="61.34" y="185.61" b="C"/>
<point x="61.54" y="193.17" b="A"/>
<point x="61.34" y="200.73" b="C"/>
<point x="61.34" y="208.29" b="U"/>
<point x="68.04" y="212.28" b="N"/>
<point x="61.34" y="215.85" b="C"/>
<point x="61.34" y="223.41" b="U"/>
<point x="61.34" y="230.97" b="C"/>
<point x="67.89" y="234.75" b="U"/>
<point x="61.49" y="238.74" b="N"/>
<point x="61.34" y="246.09" b="U"/>
<point x="61.34" y="253.65" b="C"/>
<point x="61.34" y="261.21" b="U"/>
<point x="61.13" y="268.77" b="G"/>
<point x="61.34" y="276.33" b="U"/>
<point x="61.34" y="283.89" b="C"/>
<point x="61.54" y="291.45" b="A"/>
<point x="61.49" y="299.22" b="N"/>
</structure>