<structure>
<point x="291.64" y="623.11" b="A"/>
<point x="298.99" y="623.11" b="U"/>
<point x="306.76" y="623.11" b="A"/>
<point x="314.11" y="623.11" b="C"/>
<point x="321.67" y="623.11" b="U"/>
<point x="329.23" y="623.11" b="U"/>
<point x="337.00" y="623.11" b="A"/>
<point x="344.35" y="623.11" b="C"/>
<point x="351.91" y="623.11" b="C"/>
<point x="357.26" y="617.76" b="U"/>
<point x="357.26" y="610.20" b="U"/>
<point x="357.46" y="602.64" b="A"/>
<point x="357.46" y="595.08" b="A"/>
<point x="357.05" y="587.52" b="G"/>
<point x="357.46" y="579.96" b="A"/>
<point x="350.25" y="577.13" b="U"/>
<point x="344.35" y="572.40" b="R"/>
<point x="337.76" y="576.10" b="U"/>
<point x="331.16" y="579.80" b="C"/>
<point x="324.77" y="583.50" b="A"/>
<point x="317.98" y="587.19" b="R"/>
<point x="311.53" y="591.10" b="N"/>
<point x="304.79" y="594.59" b="R"/>
<point x="297.98" y="598.29" b="G"/>
<point x="291.81" y="601.99" b="A"/>
<point x="290.28" y="609.46" b="G"/>
<point x="286.17" y="615.51" b="A"/>
<point x="279.09" y="618.67" b="U"/>
<point x="271.55" y="618.17" b="C"/>
<point x="265.36" y="614.13" b="A"/>
<point x="261.60" y="607.75" b="N"/>
<point x="261.14" y="599.98" b="G"/>
<point x="265.06" y="593.28" b="A"/>
<point x="271.33" y="589.07" b="A"/>
<point x="278.44" y="588.35" b="G"/>
<point x="285.61" y="591.31" b="U"/>
<point x="292.41" y="587.61" b="Y"/>
<point x="299.01" y="583.91" b="Y"/>
<point x="305.54" y="580.42" b="N"/>
<point x="305.64" y="572.86" b="N"/>
<point x="312.19" y="576.52" b="Y"/>
<point x="318.58" y="572.82" b="U"/>
<point x="324.97" y="569.12" b="G"/>
<point x="331.98" y="565.42" b="A"/>
<point x="338.57" y="561.73" b="Y"/>
<point x="337.40" y="554.23" b="C"/>
<point x="330.09" y="552.31" b="R"/>
<point x="322.78" y="550.39" b="R"/>
<point x="315.47" y="548.47" b="R"/>
<point x="308.36" y="546.55" b="Y"/>
<point x="301.05" y="544.63" b="A"/>
<point x="293.53" y="542.72" b="U"/>
<point x="286.37" y="541.00" b="N"/>
<point x="279.06" y="539.09" b="N"/>
<point x="273.74" y="544.46" b="N"/>
<point x="271.74" y="537.17" b="N"/>
<point x="264.28" y="535.04" b="U"/>
<point x="256.97" y="533.12" b="U"/>
<point x="249.86" y="531.21" b="Y"/>
<point x="242.55" y="529.29" b="Y"/>
<point x="245.45" y="536.45" b="N"/>
<point x="245.96" y="543.79" b="A"/>
<point x="243.79" y="551.25" b="N"/>
<point x="239.35" y="557.38" b="N"/>
<point x="233.12" y="561.65" b="N"/>
<point x="225.81" y="563.58" b="N"/>
<point x="218.33" y="562.73" b="A"/>
<point x="211.25" y="559.59" b="R"/>
<point x="205.98" y="554.53" b="N"/>
<point x="202.49" y="547.54" b="R"/>
<point x="201.79" y="540.24" b="N"/>
<point x="203.15" y="532.66" b="G"/>
<point x="207.45" y="526.31" b="R"/>
<point x="213.60" y="521.91" b="N"/>
<point x="206.14" y="519.79" b="R"/>
<point x="198.82" y="517.87" b="U"/>
<point x="196.33" y="525.16" b="N"/>
<point x="193.00" y="531.81" b="R"/>
<point x="189.45" y="538.61" b="N"/>
<point x="185.10" y="544.69" b="R"/>
<point x="180.64" y="550.64" b="Y"/>
<point x="175.47" y="556.41" b="N"/>
<point x="169.95" y="561.58" b="N"/>
<point x="163.90" y="566.09" b="U"/>
<point x="157.65" y="570.34" b="U"/>
<point x="151.24" y="574.31" b="N"/>
<point x="144.41" y="577.56" b="N"/>
<point x="137.35" y="580.26" b="N"/>
<point x="130.16" y="582.22" b="Y"/>
<point x="122.56" y="583.81" b="C"/>
<point x="115.23" y="585.04" b="N"/>
<point x="107.32" y="585.28" b="G"/>
<point x="100.12" y="585.35" b="N"/>
<point x="92.44" y="584.42" b="R"/>
<point x="85.15" y="583.33" b="N"/>
<point x="77.67" y="581.26" b="U"/>
<point x="70.51" y="578.84" b="R"/>
<point x="63.70" y="576.08" b="N"/>
<point x="57.00" y="572.58" b="N"/>
<point x="50.64" y="568.38" b="A"/>
<point x="44.49" y="564.11" b="N"/>
<point x="38.77" y="559.17" b="N"/>
<point x="33.43" y="553.81" b="N"/>
<point x="28.38" y="547.85" b="R"/>
<point x="24.14" y="541.74" b="Y"/>
<point x="20.12" y="535.50" b="N"/>
<point x="16.67" y="528.78" b="N"/>
<point x="13.80" y="521.60" b="Y"/>
<point x="11.41" y="514.43" b="Y"/>
<point x="9.38" y="507.09" b="U"/>
<point x="8.28" y="499.84" b="N"/>
<point x="7.65" y="492.11" b="A"/>
<point x="7.50" y="484.76" b="N"/>
<point x="7.98" y="477.21" b="N"/>
<point x="8.90" y="469.52" b="U"/>
<point x="10.74" y="462.14" b="Y"/>
<point x="12.88" y="455.11" b="N"/>
<point x="15.63" y="448.07" b="N"/>
<point x="18.91" y="441.26" b="N"/>
<point x="22.56" y="434.51" b="R"/>
<point x="27.00" y="428.49" b="N"/>
<point x="31.75" y="422.62" b="N"/>
<point x="36.94" y="417.12" b="N"/>
<point x="42.54" y="412.04" b="N"/>
<point x="48.57" y="407.20" b="A"/>
<point x="54.82" y="403.25" b="N"/>
<point x="61.44" y="399.58" b="N"/>
<point x="68.37" y="396.23" b="Y"/>
<point x="75.41" y="393.83" b="N"/>
<point x="82.74" y="391.57" b="Y"/>
<point x="90.10" y="390.29" b="N"/>
<point x="97.60" y="389.38" b="N"/>
<point x="105.16" y="389.05" b="N"/>
<point x="112.71" y="389.30" b="N"/>
<point x="120.23" y="390.12" b="N"/>
<point x="127.65" y="391.53" b="N"/>
<point x="134.95" y="393.50" b="N"/>
<point x="142.08" y="396.03" b="N"/>
<point x="148.99" y="399.10" b="N"/>
<point x="155.70" y="402.48" b="Y"/>
<point x="161.85" y="406.57" b="U"/>
<point x="167.66" y="411.14" b="G"/>
<point x="173.67" y="416.36" b="N"/>
<point x="178.98" y="421.60" b="Y"/>
<point x="183.75" y="427.63" b="N"/>
<point x="188.16" y="433.60" b="A"/>
<point x="192.03" y="440.10" b="Y"/>
<point x="195.38" y="446.87" b="Y"/>
<point x="198.21" y="453.88" b="Y"/>
<point x="200.28" y="461.09" b="R"/>
<point x="202.00" y="468.45" b="C"/>
<point x="203.35" y="475.93" b="A"/>
<point x="203.71" y="483.46" b="C"/>
<point x="203.90" y="491.02" b="A"/>
<point x="203.10" y="498.56" b="U"/>
<point x="202.14" y="506.03" b="A"/>
<point x="209.45" y="507.95" b="Y"/>
<point x="216.70" y="510.07" b="N"/>
<point x="222.39" y="505.06" b="U"/>
<point x="229.92" y="503.65" b="N"/>
<point x="236.88" y="505.36" b="G"/>
<point x="242.72" y="510.39" b="C"/>
<point x="245.45" y="517.45" b="R"/>
<point x="252.76" y="519.37" b="R"/>
<point x="260.28" y="521.28" b="A"/>
<point x="267.54" y="523.41" b="N"/>
<point x="274.85" y="525.33" b="N"/>
<point x="282.16" y="527.25" b="N"/>
<point x="289.47" y="529.17" b="N"/>
<point x="296.43" y="530.88" b="G"/>
<point x="303.95" y="532.80" b="U"/>
<point x="311.26" y="534.72" b="R"/>
<point x="318.78" y="536.63" b="Y"/>
<point x="326.09" y="538.55" b="Y"/>
<point x="333.20" y="540.47" b="U"/>
<point x="340.30" y="542.39" b="G"/>
<point x="345.03" y="536.33" b="C"/>
<point x="351.10" y="531.82" b="U"/>
<point x="358.00" y="529.26" b="G"/>
<point x="365.97" y="528.85" b="A"/>
<point x="373.11" y="530.63" b="C"/>
<point x="377.51" y="524.48" b="R"/>
<point x="381.91" y="518.34" b="U"/>
<point x="386.32" y="512.19" b="U"/>
<point x="390.72" y="506.05" b="U"/>
<point x="395.12" y="499.90" b="C"/>
<point x="388.93" y="495.27" b="G"/>
<point x="383.30" y="490.47" b="U"/>
<point x="377.60" y="485.51" b="U"/>
<point x="372.43" y="491.02" b="C"/>
<point x="367.46" y="496.53" b="Y"/>
<point x="362.08" y="502.05" b="C"/>
<point x="357.11" y="507.56" b="Y"/>
<point x="351.88" y="513.28" b="N"/>
<point x="355.23" y="519.78" b="R"/>
<point x="362.71" y="518.69" b="U"/>
<point x="370.19" y="517.61" b="U"/>
<point x="377.82" y="516.73" b="N"/>
<point x="385.15" y="515.44" b="C"/>
<point x="392.79" y="514.57" b="N"/>
<point x="400.27" y="513.49" b="N"/>
<point x="404.35" y="507.01" b="U"/>
<point x="411.40" y="504.13" b="N"/>
<point x="418.89" y="505.14" b="N"/>
<point x="424.57" y="509.74" b="U"/>
<point x="432.21" y="508.86" b="N"/>
<point x="439.33" y="507.57" b="G"/>
<point x="447.02" y="506.49" b="R"/>
<point x="454.65" y="505.61" b="N"/>
<point x="456.24" y="498.22" b="N"/>
<point x="459.74" y="491.52" b="N"/>
<point x="464.90" y="486.00" b="N"/>
<point x="471.35" y="482.05" b="N"/>
<point x="478.62" y="479.97" b="N"/>
<point x="486.18" y="479.91" b="N"/>
<point x="493.48" y="481.86" b="N"/>
<point x="500.00" y="485.69" b="N"/>
<point x="505.25" y="491.13" b="N"/>
<point x="508.87" y="497.77" b="N"/>
<point x="516.35" y="496.68" b="N"/>
<point x="523.68" y="495.39" b="U"/>
<point x="531.31" y="494.52" b="N"/>
<point x="538.79" y="493.44" b="N"/>
<point x="546.33" y="492.14" b="Y"/>
<point x="553.13" y="489.16" b="N"/>
<point x="559.63" y="492.56" b="U"/>
<point x="560.72" y="500.04" b="U"/>
<point x="555.36" y="505.37" b="R"/>
<point x="547.88" y="504.26" b="R"/>
<point x="540.55" y="505.55" b="N"/>
<point x="533.07" y="506.63" b="N"/>
<point x="525.59" y="507.71" b="N"/>
<point x="518.10" y="508.80" b="N"/>
<point x="510.62" y="509.88" b="N"/>
<point x="510.29" y="517.43" b="N"/>
<point x="507.90" y="524.61" b="N"/>
<point x="503.65" y="530.86" b="N"/>
<point x="497.85" y="535.71" b="N"/>
<point x="490.95" y="538.79" b="N"/>
<point x="483.47" y="539.88" b="N"/>
<point x="475.82" y="538.67" b="U"/>
<point x="469.10" y="535.66" b="Y"/>
<point x="463.19" y="531.08" b="N"/>
<point x="458.87" y="524.88" b="N"/>
<point x="456.41" y="517.73" b="N"/>
<point x="448.77" y="518.60" b="U"/>
<point x="441.50" y="519.69" b="Y"/>
<point x="433.96" y="520.98" b="N"/>
<point x="426.53" y="521.85" b="A"/>
<point x="422.30" y="528.12" b="Y"/>
<point x="415.20" y="531.21" b="U"/>
<point x="407.86" y="530.41" b="N"/>
<point x="402.02" y="525.60" b="N"/>
<point x="394.54" y="526.68" b="N"/>
<point x="386.70" y="527.56" b="G"/>
<point x="379.58" y="528.85" b="N"/>
<point x="371.94" y="529.72" b="R"/>
<point x="364.25" y="530.81" b="G"/>
<point x="357.19" y="531.89" b="Y"/>
<point x="355.53" y="539.31" b="C"/>
<point x="352.25" y="546.12" b="C"/>
<point x="347.34" y="551.87" b="U"/>
<point x="341.29" y="556.40" b="N"/>
<point x="334.05" y="558.80" b="U"/>
<point x="326.67" y="559.73" b="N"/>
<point x="319.06" y="558.32" b="U"/>
<point x="312.14" y="555.26" b="U"/>
<point x="306.44" y="550.54" b="Y"/>
<point x="301.86" y="544.69" b="N"/>
<point x="294.50" y="546.75" b="U"/>
<point x="287.29" y="549.01" b="U"/>
<point x="280.08" y="551.28" b="C"/>
<point x="272.86" y="553.54" b="U"/>
<point x="267.98" y="559.48" b="G"/>
<point x="260.75" y="560.84" b="C"/>
<point x="254.28" y="556.93" b="C"/>
<point x="252.01" y="549.72" b="U"/>
<point x="254.88" y="542.81" b="G"/>
<point x="261.75" y="539.67" b="G"/>
<point x="269.40" y="541.87" b="A"/>
<point x="276.20" y="539.60" b="G"/>
<point x="283.83" y="537.34" b="A"/>
<point x="291.04" y="535.07" b="A"/>
<point x="298.20" y="533.01" b="N"/>
<point x="298.44" y="525.46" b="N"/>
<point x="300.59" y="518.21" b="N"/>
<point x="304.36" y="511.54" b="U"/>
<point x="309.58" y="506.28" b="G"/>
<point x="316.38" y="502.57" b="R"/>
<point x="315.26" y="495.13" b="Y"/>
<point x="313.94" y="487.68" b="A"/>
<point x="312.41" y="480.24" b="C"/>
<point x="311.29" y="472.80" b="Y"/>
<point x="309.76" y="465.36" b="R"/>
<point x="308.43" y="457.91" b="R"/>
<point x="302.76" y="453.30" b="N"/>
<point x="300.89" y="445.73" b="U"/>
<point x="304.13" y="439.03" b="N"/>
<point x="310.76" y="435.40" b="N"/>
<point x="318.23" y="436.52" b="N"/>
<point x="323.57" y="441.73" b="A"/>
<point x="324.29" y="449.23" b="R"/>
<point x="320.69" y="455.77" b="Y"/>
<point x="322.01" y="463.21" b="Y"/>
<point x="323.13" y="470.65" b="R"/>
<point x="324.25" y="478.10" b="G"/>
<point x="325.78" y="485.54" b="U"/>
<point x="326.90" y="492.98" b="G"/>
<point x="328.64" y="500.43" b="Y"/>
<point x="335.90" y="501.63" b="U"/>
<point x="342.96" y="504.90" b="N"/>
<point x="347.77" y="499.18" b="G"/>
<point x="352.94" y="493.67" b="G"/>
<point x="358.33" y="488.16" b="R"/>
<point x="363.29" y="482.64" b="G"/>
<point x="368.88" y="477.13" b="A"/>
<point x="363.15" y="471.76" b="G"/>
<point x="358.41" y="466.23" b="Y"/>
<point x="353.41" y="460.56" b="Y"/>
<point x="348.37" y="454.75" b="R"/>
<point x="343.85" y="449.01" b="N"/>
<point x="339.35" y="442.93" b="N"/>
<point x="335.03" y="436.73" b="N"/>
<point x="330.89" y="430.40" b="N"/>
<point x="326.93" y="423.96" b="N"/>
<point x="323.01" y="417.20" b="U"/>
<point x="319.58" y="410.75" b="N"/>
<point x="316.03" y="403.79" b="U"/>
<point x="312.84" y="396.94" b="R"/>
<point x="309.99" y="390.21" b="N"/>
<point x="307.18" y="383.19" b="N"/>
<point x="304.58" y="376.09" b="N"/>
<point x="302.19" y="368.92" b="N"/>
<point x="299.85" y="361.47" b="R"/>
<point x="298.02" y="354.38" b="N"/>
<point x="296.24" y="347.03" b="N"/>
<point x="294.68" y="339.64" b="N"/>
<point x="293.33" y="332.20" b="N"/>
<point x="291.83" y="324.52" b="G"/>
<point x="291.27" y="317.22" b="N"/>
<point x="290.41" y="309.49" b="U"/>
<point x="290.07" y="302.15" b="N"/>
<point x="289.85" y="294.39" b="Y"/>
<point x="289.58" y="286.83" b="R"/>
<point x="289.88" y="279.48" b="N"/>
<point x="290.26" y="271.93" b="N"/>
<point x="290.84" y="264.39" b="N"/>
<point x="291.64" y="256.87" b="N"/>
<point x="292.66" y="249.38" b="N"/>
<point x="293.95" y="241.72" b="A"/>
<point x="295.18" y="234.29" b="U"/>
<point x="296.99" y="227.12" b="N"/>
<point x="298.85" y="219.80" b="N"/>
<point x="300.77" y="212.32" b="U"/>
<point x="303.26" y="205.11" b="Y"/>
<point x="305.54" y="197.97" b="U"/>
<point x="308.37" y="191.11" b="N"/>
<point x="311.26" y="184.13" b="N"/>
<point x="314.35" y="177.22" b="N"/>
<point x="317.69" y="170.21" b="Y"/>
<point x="321.16" y="163.49" b="Y"/>
<point x="324.77" y="157.09" b="N"/>
<point x="328.68" y="150.38" b="A"/>
<point x="332.66" y="144.19" b="N"/>
<point x="336.88" y="137.92" b="N"/>
<point x="341.28" y="131.77" b="N"/>
<point x="345.85" y="125.75" b="N"/>
<point x="350.59" y="119.86" b="N"/>
<point x="355.55" y="113.90" b="Y"/>
<point x="360.57" y="108.50" b="N"/>
<point x="365.85" y="102.83" b="Y"/>
<point x="371.23" y="97.52" b="Y"/>
<point x="376.76" y="92.37" b="A"/>
<point x="382.38" y="87.58" b="N"/>
<point x="388.20" y="82.75" b="N"/>
<point x="394.15" y="78.09" b="N"/>
<point x="400.23" y="73.60" b="N"/>
<point x="406.50" y="69.08" b="A"/>
<point x="412.77" y="65.15" b="N"/>
<point x="419.22" y="61.20" b="N"/>
<point x="425.77" y="57.44" b="N"/>
<point x="432.43" y="53.86" b="N"/>
<point x="439.19" y="50.47" b="N"/>
<point x="446.05" y="47.28" b="N"/>
<point x="453.04" y="44.08" b="Y"/>
<point x="460.01" y="41.49" b="N"/>
<point x="466.96" y="38.69" b="U"/>
<point x="474.29" y="36.51" b="N"/>
<point x="481.52" y="34.33" b="N"/>
<point x="488.67" y="32.15" b="U"/>
<point x="496.17" y="30.59" b="N"/>
<point x="503.57" y="29.04" b="N"/>
<point x="511.01" y="27.69" b="N"/>
<point x="518.49" y="26.56" b="N"/>
<point x="525.99" y="25.65" b="N"/>
<point x="533.57" y="24.74" b="Y"/>
<point x="541.06" y="24.46" b="N"/>
<point x="548.26" y="23.98" b="G"/>
<point x="556.18" y="24.14" b="N"/>
<point x="563.74" y="24.30" b="N"/>
<point x="571.29" y="24.68" b="N"/>
<point x="578.82" y="25.27" b="N"/>
<point x="586.34" y="26.08" b="N"/>
<point x="593.83" y="27.11" b="N"/>
<point x="601.34" y="28.14" b="Y"/>
<point x="608.76" y="29.59" b="Y"/>
<point x="616.14" y="31.25" b="A"/>
<point x="623.41" y="33.33" b="N"/>
<point x="630.68" y="35.41" b="N"/>
<point x="637.73" y="37.49" b="R"/>
<point x="645.02" y="40.18" b="N"/>
<point x="652.08" y="42.88" b="N"/>
<point x="658.92" y="45.57" b="U"/>
<point x="665.81" y="48.66" b="U"/>
<point x="672.62" y="51.95" b="R"/>
<point x="679.48" y="55.64" b="N"/>
<point x="685.94" y="59.11" b="U"/>
<point x="692.59" y="63.17" b="N"/>
<point x="698.98" y="67.22" b="N"/>
<point x="705.25" y="71.44" b="N"/>
<point x="711.39" y="75.85" b="N"/>
<point x="717.05" y="80.22" b="G"/>
<point x="723.14" y="84.96" b="R"/>
<point x="728.89" y="89.88" b="U"/>
<point x="734.64" y="95.16" b="N"/>
<point x="740.10" y="100.39" b="N"/>
<point x="745.40" y="105.78" b="N"/>
<point x="750.55" y="111.31" b="N"/>
<point x="755.54" y="117.00" b="N"/>
<point x="760.36" y="122.82" b="N"/>
<point x="765.02" y="128.77" b="N"/>
<point x="769.50" y="134.86" b="N"/>
<point x="773.81" y="141.07" b="N"/>
<point x="777.93" y="147.41" b="N"/>
<point x="781.88" y="153.86" b="N"/>
<point x="785.64" y="160.41" b="N"/>
<point x="789.06" y="166.87" b="U"/>
<point x="792.23" y="173.63" b="G"/>
<point x="795.41" y="180.49" b="G"/>
<point x="798.40" y="187.44" b="G"/>
<point x="801.55" y="194.67" b="N"/>
<point x="804.13" y="201.78" b="N"/>
<point x="806.51" y="208.95" b="N"/>
<point x="808.69" y="216.19" b="N"/>
<point x="810.51" y="223.28" b="R"/>
<point x="812.41" y="230.84" b="N"/>
<point x="813.96" y="238.24" b="N"/>
<point x="815.30" y="245.68" b="N"/>
<point x="816.42" y="253.16" b="N"/>
<point x="817.33" y="260.66" b="N"/>
<point x="818.02" y="268.19" b="N"/>
<point x="818.50" y="275.74" b="N"/>
<point x="818.76" y="283.29" b="N"/>
<point x="818.80" y="290.85" b="N"/>
<point x="818.63" y="298.41" b="N"/>
<point x="818.25" y="305.96" b="N"/>
<point x="817.65" y="313.50" b="N"/>
<point x="816.83" y="321.01" b="N"/>
<point x="815.80" y="328.50" b="N"/>
<point x="814.55" y="335.96" b="N"/>
<point x="813.10" y="343.38" b="N"/>
<point x="811.43" y="350.75" b="N"/>
<point x="809.55" y="358.07" b="N"/>
<point x="807.46" y="365.34" b="N"/>
<point x="805.17" y="372.54" b="N"/>
<point x="802.72" y="379.47" b="A"/>
<point x="799.82" y="386.53" b="R"/>
<point x="796.91" y="393.51" b="R"/>
<point x="793.96" y="400.61" b="N"/>
<point x="790.67" y="407.42" b="N"/>
<point x="787.18" y="414.12" b="N"/>
<point x="783.35" y="420.52" b="U"/>
<point x="779.63" y="427.22" b="N"/>
<point x="775.43" y="433.40" b="U"/>
<point x="771.35" y="439.87" b="N"/>
<point x="766.94" y="446.01" b="N"/>
<point x="762.36" y="452.03" b="N"/>
<point x="757.60" y="457.91" b="N"/>
<point x="752.74" y="463.44" b="Y"/>
<point x="747.60" y="469.25" b="N"/>
<point x="742.00" y="474.49" b="G"/>
<point x="737.03" y="479.79" b="A"/>
<point x="731.28" y="484.93" b="R"/>
<point x="725.75" y="490.12" b="N"/>
<point x="719.92" y="494.94" b="N"/>
<point x="713.96" y="499.59" b="N"/>
<point x="707.92" y="503.86" b="Y"/>
<point x="701.71" y="508.16" b="Y"/>
<point x="695.31" y="512.49" b="N"/>
<point x="688.91" y="516.22" b="Y"/>
<point x="682.29" y="520.18" b="N"/>
<point x="675.68" y="523.53" b="A"/>
<point x="668.71" y="526.90" b="U"/>
<point x="662.00" y="530.29" b="N"/>
<point x="655.05" y="533.27" b="N"/>
<point x="647.87" y="535.84" b="C"/>
<point x="640.92" y="538.63" b="N"/>
<point x="633.74" y="541.00" b="N"/>
<point x="626.50" y="543.17" b="N"/>
<point x="619.19" y="545.13" b="N"/>
<point x="611.48" y="546.67" b="G"/>
<point x="604.44" y="548.42" b="N"/>
<point x="596.85" y="549.54" b="U"/>
<point x="589.52" y="550.86" b="N"/>
<point x="590.35" y="558.38" b="N"/>
<point x="591.19" y="565.89" b="N"/>
<point x="591.66" y="573.20" b="G"/>
<point x="593.22" y="580.87" b="N"/>
<point x="587.20" y="585.44" b="N"/>
<point x="580.38" y="582.09" b="A"/>
<point x="579.91" y="574.54" b="Y"/>
<point x="579.02" y="567.24" b="N"/>
<point x="578.19" y="559.73" b="N"/>
<point x="577.35" y="552.21" b="N"/>
<point x="569.81" y="552.76" b="N"/>
<point x="562.26" y="553.10" b="N"/>
<point x="554.70" y="553.22" b="N"/>
<point x="547.14" y="553.12" b="N"/>
<point x="539.44" y="552.61" b="R"/>
<point x="532.05" y="552.28" b="N"/>
<point x="524.52" y="551.54" b="N"/>
<point x="517.02" y="550.58" b="N"/>
<point x="509.56" y="549.41" b="N"/>
<point x="502.12" y="548.03" b="N"/>
<point x="494.73" y="546.43" b="N"/>
<point x="487.39" y="544.63" b="N"/>
<point x="479.96" y="542.40" b="R"/>
<point x="472.88" y="540.39" b="N"/>
<point x="465.57" y="537.75" b="R"/>
<point x="458.48" y="535.12" b="U"/>
<point x="451.68" y="532.29" b="Y"/>
<point x="444.76" y="529.25" b="Y"/>
<point x="437.71" y="526.03" b="U"/>
<point x="431.12" y="522.81" b="N"/>
<point x="424.33" y="518.99" b="R"/>
<point x="417.80" y="515.18" b="U"/>
<point x="411.38" y="511.20" b="R"/>
<point x="404.86" y="507.03" b="G"/>
<point x="400.67" y="513.17" b="R"/>
<point x="396.27" y="519.32" b="R"/>
<point x="391.86" y="525.47" b="R"/>
<point x="387.67" y="531.61" b="Y"/>
<point x="383.21" y="537.96" b="N"/>
<point x="387.11" y="544.14" b="R"/>
<point x="389.30" y="551.63" b="N"/>
<point x="389.00" y="558.98" b="U"/>
<point x="386.48" y="566.18" b="G"/>
<point x="382.41" y="572.40" b="R"/>
<point x="376.66" y="577.34" b="N"/>
<point x="369.50" y="579.96" b="U"/>
<point x="369.50" y="587.52" b="C"/>
<point x="369.50" y="595.08" b="U"/>
<point x="377.21" y="595.29" b="N"/>
<point x="377.21" y="602.85" b="N"/>
<point x="369.65" y="602.85" b="N"/>
<point x="369.50" y="610.20" b="R"/>
<point x="369.50" y="617.76" b="R"/>
<point x="374.85" y="623.11" b="U"/>
<point x="382.40" y="623.11" b="U"/>
<point x="389.96" y="623.11" b="U"/>
<point x="397.52" y="623.11" b="U"/>
<point x="405.24" y="623.32" b="N"/>
<point x="412.80" y="623.32" b="N"/>
<point x="420.41" y="623.11" b="A"/>
<point x="427.91" y="623.32" b="N"/>
<point x="435.32" y="623.11" b="U"/>
<point x="443.03" y="623.32" b="N"/>
<point x="450.44" y="623.11" b="U"/>
<point x="458.15" y="623.32" b="N"/>
<point x="465.56" y="623.11" b="U"/>
<point x="473.27" y="623.32" b="N"/>
</structure>