<structure>
<point x="81.71" y="224.99" b="N"/>
<point x="78.67" y="217.89" b="Y"/>
<point x="81.71" y="211.20" b="N"/>
<point x="76.64" y="205.07" b="G"/>
<point x="77.00" y="197.72" b="N"/>
<point x="81.71" y="191.81" b="N"/>
<point x="81.77" y="184.04" b="A"/>
<point x="74.06" y="183.11" b="C"/>
<point x="66.88" y="181.47" b="A"/>
<point x="59.48" y="179.15" b="U"/>
<point x="52.33" y="176.16" b="G"/>
<point x="46.11" y="172.53" b="A"/>
<point x="39.65" y="168.29" b="U"/>
<point x="33.60" y="163.48" b="G"/>
<point x="28.66" y="158.15" b="A"/>
<point x="23.84" y="152.33" b="A"/>
<point x="19.37" y="146.08" b="U"/>
<point x="15.92" y="139.46" b="A"/>
<point x="12.91" y="132.53" b="A"/>
<point x="10.57" y="125.34" b="A"/>
<point x="8.91" y="117.97" b="A"/>
<point x="7.75" y="110.47" b="U"/>
<point x="7.50" y="102.91" b="C"/>
<point x="8.17" y="95.37" b="A"/>
<point x="9.35" y="87.90" b="A"/>
<point x="11.22" y="80.57" b="A"/>
<point x="13.57" y="73.46" b="U"/>
<point x="16.78" y="66.62" b="C"/>
<point x="20.83" y="60.11" b="A"/>
<point x="25.07" y="53.99" b="C"/>
<point x="30.06" y="48.31" b="C"/>
<point x="35.78" y="43.13" b="A"/>
<point x="41.54" y="38.50" b="U"/>
<point x="47.92" y="34.44" b="C"/>
<point x="54.66" y="31.01" b="U"/>
<point x="61.69" y="28.23" b="U"/>
<point x="68.95" y="26.11" b="U"/>
<point x="76.37" y="24.70" b="C"/>
<point x="83.69" y="23.98" b="G"/>
<point x="91.25" y="23.98" b="G"/>
<point x="98.99" y="24.70" b="C"/>
<point x="106.41" y="26.11" b="U"/>
<point x="113.46" y="28.23" b="G"/>
<point x="120.91" y="31.01" b="A"/>
<point x="127.22" y="34.44" b="G"/>
<point x="134.02" y="38.50" b="Y"/>
<point x="139.79" y="43.13" b="U"/>
<point x="145.50" y="48.31" b="Y"/>
<point x="150.44" y="54.19" b="N"/>
<point x="154.73" y="60.11" b="U"/>
<point x="158.37" y="66.62" b="G"/>
<point x="161.99" y="73.46" b="A"/>
<point x="164.34" y="80.57" b="U"/>
<point x="166.01" y="87.90" b="G"/>
<point x="167.18" y="95.37" b="G"/>
<point x="168.06" y="102.91" b="A"/>
<point x="167.61" y="110.47" b="U"/>
<point x="166.66" y="117.97" b="U"/>
<point x="165.00" y="125.34" b="U"/>
<point x="162.44" y="132.53" b="G"/>
<point x="159.64" y="139.46" b="C"/>
<point x="155.99" y="146.08" b="U"/>
<point x="151.73" y="152.33" b="U"/>
<point x="146.90" y="158.15" b="U"/>
<point x="141.55" y="163.48" b="U"/>
<point x="135.71" y="168.29" b="U"/>
<point x="129.45" y="172.53" b="U"/>
<point x="122.82" y="176.16" b="C"/>
<point x="115.88" y="179.15" b="U"/>
<point x="108.47" y="181.47" b="G"/>
<point x="101.51" y="183.11" b="A"/>
<point x="93.80" y="184.04" b="U"/>
<point x="93.95" y="191.81" b="N"/>
<point x="101.00" y="194.54" b="N"/>
<point x="103.94" y="201.50" b="N"/>
<point x="101.00" y="208.46" b="N"/>
<point x="93.95" y="211.20" b="N"/>
<point x="97.05" y="218.09" b="N"/>
<point x="93.80" y="224.78" b="R"/>
</structure>