<structure>
<point x="82.77" y="230.77" b="N"/>
<point x="82.77" y="223.21" b="N"/>
<point x="79.67" y="216.32" b="N"/>
<point x="82.77" y="209.42" b="N"/>
<point x="82.41" y="201.66" b="G"/>
<point x="82.82" y="194.09" b="Y"/>
<point x="82.62" y="186.53" b="C"/>
<point x="75.32" y="185.62" b="Y"/>
<point x="67.93" y="184.01" b="A"/>
<point x="60.52" y="181.72" b="U"/>
<point x="53.35" y="178.77" b="G"/>
<point x="47.11" y="175.19" b="A"/>
<point x="40.60" y="171.01" b="U"/>
<point x="34.51" y="166.26" b="G"/>
<point x="29.46" y="161.19" b="N"/>
<point x="24.55" y="155.44" b="N"/>
<point x="20.26" y="149.04" b="Y"/>
<point x="16.50" y="142.48" b="Y"/>
<point x="13.32" y="135.81" b="N"/>
<point x="10.69" y="128.46" b="C"/>
<point x="8.88" y="121.12" b="R"/>
<point x="7.97" y="113.64" b="A"/>
<point x="7.50" y="106.30" b="N"/>
<point x="7.78" y="98.75" b="N"/>
<point x="8.77" y="91.25" b="N"/>
<point x="10.29" y="83.67" b="U"/>
<point x="12.65" y="76.49" b="U"/>
<point x="15.65" y="69.55" b="R"/>
<point x="19.29" y="62.92" b="C"/>
<point x="23.53" y="56.66" b="C"/>
<point x="28.33" y="50.82" b="U"/>
<point x="33.86" y="45.46" b="A"/>
<point x="39.45" y="40.60" b="C"/>
<point x="45.88" y="36.31" b="A"/>
<point x="52.27" y="32.61" b="U"/>
<point x="59.18" y="29.54" b="U"/>
<point x="66.13" y="27.13" b="G"/>
<point x="73.70" y="25.39" b="U"/>
<point x="81.19" y="24.34" b="U"/>
<point x="88.74" y="23.98" b="U"/>
<point x="96.08" y="24.34" b="G"/>
<point x="103.98" y="25.39" b="A"/>
<point x="111.34" y="27.13" b="Y"/>
<point x="118.45" y="29.75" b="N"/>
<point x="125.36" y="32.82" b="N"/>
<point x="131.95" y="36.52" b="N"/>
<point x="138.02" y="40.60" b="C"/>
<point x="143.97" y="45.66" b="N"/>
<point x="149.14" y="50.82" b="U"/>
<point x="153.94" y="56.66" b="R"/>
<point x="158.33" y="63.13" b="N"/>
<point x="161.82" y="69.55" b="R"/>
<point x="165.03" y="76.49" b="A"/>
<point x="167.33" y="83.88" b="N"/>
<point x="169.06" y="91.04" b="A"/>
<point x="169.99" y="98.75" b="N"/>
<point x="170.27" y="106.30" b="N"/>
<point x="169.86" y="113.85" b="N"/>
<point x="168.74" y="121.33" b="N"/>
<point x="166.94" y="128.67" b="N"/>
<point x="164.46" y="135.81" b="N"/>
<point x="161.18" y="142.48" b="C"/>
<point x="157.57" y="149.25" b="N"/>
<point x="153.28" y="155.23" b="A"/>
<point x="148.38" y="160.98" b="Y"/>
<point x="142.90" y="166.47" b="N"/>
<point x="137.02" y="171.22" b="N"/>
<point x="130.72" y="175.40" b="N"/>
<point x="123.92" y="178.77" b="C"/>
<point x="116.95" y="181.72" b="U"/>
<point x="109.54" y="184.01" b="G"/>
<point x="102.57" y="185.62" b="A"/>
<point x="94.65" y="186.53" b="G"/>
<point x="94.86" y="194.09" b="R"/>
<point x="94.86" y="201.66" b="C"/>
<point x="95.01" y="209.42" b="N"/>
<point x="98.16" y="216.11" b="Y"/>
<point x="95.01" y="223.21" b="N"/>
<point x="95.01" y="230.77" b="N"/>
</structure>