<structure>
<point x="20.10" y="305.27" b="A"/>
<point x="20.10" y="297.71" b="A"/>
<point x="19.68" y="290.15" b="G"/>
<point x="20.10" y="282.59" b="A"/>
<point x="20.10" y="275.03" b="Y"/>
<point x="20.10" y="267.47" b="Y"/>
<point x="19.89" y="259.91" b="R"/>
<point x="19.89" y="252.35" b="U"/>
<point x="20.10" y="244.79" b="A"/>
<point x="19.89" y="237.23" b="C"/>
<point x="19.89" y="229.67" b="U"/>
<point x="12.33" y="229.37" b="U"/>
<point x="8.85" y="222.77" b="Y"/>
<point x="12.48" y="216.39" b="N"/>
<point x="20.10" y="215.88" b="Y"/>
<point x="20.10" y="208.32" b="A"/>
<point x="19.68" y="200.76" b="G"/>
<point x="19.68" y="193.20" b="G"/>
<point x="19.89" y="185.64" b="R"/>
<point x="17.72" y="178.40" b="U"/>
<point x="22.23" y="172.33" b="C"/>
<point x="30.00" y="172.33" b="A"/>
<point x="34.30" y="178.40" b="U"/>
<point x="32.13" y="185.64" b="U"/>
<point x="32.13" y="193.20" b="U"/>
<point x="32.13" y="200.76" b="C"/>
<point x="32.13" y="208.32" b="U"/>
<point x="32.13" y="215.88" b="R"/>
<point x="35.23" y="222.77" b="U"/>
<point x="32.34" y="229.67" b="A"/>
<point x="31.92" y="237.23" b="G"/>
<point x="32.13" y="244.79" b="U"/>
<point x="32.28" y="252.56" b="N"/>
<point x="32.34" y="259.91" b="Y"/>
<point x="32.13" y="267.47" b="R"/>
<point x="38.88" y="271.25" b="Y"/>
<point x="32.28" y="275.24" b="N"/>
<point x="32.28" y="282.80" b="N"/>
<point x="32.13" y="290.15" b="C"/>
<point x="32.34" y="297.71" b="Y"/>
<point x="32.28" y="305.48" b="N"/>
<point x="37.62" y="310.82" b="N"/>
<point x="45.18" y="310.82" b="N"/>
<point x="52.74" y="310.82" b="N"/>
<point x="60.30" y="310.82" b="N"/>
<point x="67.71" y="310.62" b="R"/>
<point x="75.42" y="310.82" b="N"/>
<point x="83.04" y="310.62" b="Y"/>
<point x="88.33" y="305.48" b="N"/>
<point x="88.39" y="297.71" b="Y"/>
<point x="88.33" y="290.36" b="N"/>
<point x="88.33" y="282.80" b="N"/>
<point x="88.33" y="275.24" b="N"/>
<point x="84.07" y="268.99" b="N"/>
<point x="85.00" y="261.49" b="N"/>
<point x="90.67" y="256.49" b="N"/>
<point x="98.23" y="256.49" b="N"/>
<point x="103.90" y="261.49" b="N"/>
<point x="104.83" y="268.99" b="N"/>
<point x="100.57" y="275.24" b="N"/>
<point x="100.57" y="282.80" b="N"/>
<point x="100.57" y="290.36" b="N"/>
<point x="100.57" y="297.92" b="N"/>
<point x="100.57" y="305.48" b="N"/>
<point x="105.92" y="310.82" b="N"/>
<point x="113.48" y="310.82" b="N"/>
<point x="121.04" y="310.82" b="N"/>
<point x="128.60" y="310.82" b="N"/>
<point x="136.16" y="310.82" b="N"/>
<point x="143.72" y="310.82" b="N"/>
<point x="151.28" y="310.82" b="N"/>
<point x="158.84" y="310.82" b="N"/>
<point x="166.40" y="310.82" b="N"/>
<point x="174.01" y="310.62" b="A"/>
<point x="179.30" y="305.48" b="N"/>
<point x="179.15" y="297.71" b="C"/>
<point x="179.15" y="290.15" b="C"/>
<point x="179.15" y="282.59" b="R"/>
<point x="179.15" y="275.03" b="C"/>
<point x="172.05" y="278.14" b="G"/>
<point x="164.98" y="279.19" b="A"/>
<point x="157.44" y="278.30" b="N"/>
<point x="150.22" y="274.93" b="G"/>
<point x="144.93" y="269.97" b="A"/>
<point x="140.79" y="263.81" b="N"/>
<point x="138.31" y="256.35" b="G"/>
<point x="138.72" y="248.79" b="A"/>
<point x="140.43" y="241.53" b="G"/>
<point x="144.87" y="235.38" b="N"/>
<point x="150.58" y="230.41" b="N"/>
<point x="157.44" y="227.26" b="N"/>
<point x="164.92" y="226.16" b="N"/>
<point x="172.41" y="227.21" b="N"/>
<point x="179.15" y="230.11" b="R"/>
<point x="179.36" y="222.55" b="Y"/>
<point x="179.15" y="214.99" b="R"/>
<point x="179.36" y="207.43" b="Y"/>
<point x="179.36" y="199.87" b="Y"/>
<point x="179.30" y="192.52" b="N"/>
<point x="179.36" y="184.75" b="Y"/>
<point x="179.30" y="177.40" b="N"/>
<point x="179.36" y="169.63" b="Y"/>
<point x="179.36" y="162.07" b="Y"/>
<point x="179.15" y="154.51" b="C"/>
<point x="179.15" y="146.95" b="U"/>
<point x="172.69" y="142.70" b="G"/>
<point x="169.32" y="136.16" b="A"/>
<point x="168.36" y="128.62" b="G"/>
<point x="162.02" y="124.84" b="C"/>
<point x="155.26" y="121.06" b="G"/>
<point x="149.52" y="125.44" b="Y"/>
<point x="141.86" y="127.61" b="G"/>
<point x="134.72" y="127.35" b="A"/>
<point x="127.44" y="124.69" b="R"/>
<point x="121.39" y="119.89" b="G"/>
<point x="117.80" y="113.48" b="Y"/>
<point x="116.01" y="106.33" b="N"/>
<point x="116.72" y="98.80" b="N"/>
<point x="110.02" y="94.82" b="R"/>
<point x="103.68" y="91.04" b="Y"/>
<point x="97.08" y="87.46" b="N"/>
<point x="89.60" y="88.58" b="N"/>
<point x="83.06" y="84.80" b="N"/>
<point x="80.28" y="77.77" b="N"/>
<point x="73.74" y="73.99" b="N"/>
<point x="67.19" y="70.21" b="N"/>
<point x="60.64" y="66.43" b="N"/>
<point x="53.12" y="65.66" b="N"/>
<point x="48.70" y="59.53" b="N"/>
<point x="42.15" y="55.75" b="N"/>
<point x="35.60" y="51.97" b="N"/>
<point x="29.06" y="48.19" b="N"/>
<point x="22.51" y="44.41" b="N"/>
<point x="14.97" y="44.98" b="N"/>
<point x="9.00" y="40.21" b="Y"/>
<point x="7.50" y="32.80" b="Y"/>
<point x="11.22" y="26.46" b="N"/>
<point x="18.39" y="24.06" b="N"/>
<point x="25.36" y="27.00" b="N"/>
<point x="28.63" y="33.81" b="N"/>
<point x="35.18" y="37.59" b="N"/>
<point x="41.72" y="41.37" b="N"/>
<point x="48.27" y="45.15" b="N"/>
<point x="54.82" y="48.93" b="N"/>
<point x="60.96" y="44.52" b="N"/>
<point x="67.51" y="48.30" b="N"/>
<point x="66.76" y="55.83" b="N"/>
<point x="73.31" y="59.61" b="N"/>
<point x="79.86" y="63.39" b="N"/>
<point x="86.40" y="67.17" b="N"/>
<point x="93.88" y="66.05" b="N"/>
<point x="100.43" y="69.83" b="N"/>
<point x="103.20" y="76.86" b="N"/>
<point x="109.75" y="80.64" b="N"/>
<point x="116.35" y="84.22" b="Y"/>
<point x="122.90" y="88.00" b="Y"/>
<point x="127.00" y="81.89" b="N"/>
<point x="133.00" y="77.29" b="N"/>
<point x="140.24" y="74.73" b="Y"/>
<point x="147.38" y="74.88" b="G"/>
<point x="154.89" y="77.51" b="A"/>
<point x="160.50" y="82.33" b="U"/>
<point x="164.20" y="88.81" b="G"/>
<point x="166.17" y="96.20" b="A"/>
<point x="165.19" y="103.70" b="Y"/>
<point x="161.59" y="110.46" b="C"/>
<point x="167.93" y="114.24" b="G"/>
<point x="174.69" y="118.02" b="U"/>
<point x="181.64" y="114.93" b="N"/>
<point x="189.20" y="114.93" b="N"/>
<point x="196.00" y="118.22" b="N"/>
<point x="202.55" y="114.44" b="N"/>
<point x="209.10" y="110.66" b="N"/>
<point x="215.65" y="106.88" b="N"/>
<point x="222.19" y="103.10" b="N"/>
<point x="228.74" y="99.32" b="N"/>
<point x="235.29" y="95.54" b="N"/>
<point x="241.83" y="91.76" b="N"/>
<point x="248.38" y="87.98" b="N"/>
<point x="252.59" y="81.46" b="Y"/>
<point x="260.03" y="80.14" b="Y"/>
<point x="266.04" y="84.86" b="N"/>
<point x="266.91" y="92.37" b="N"/>
<point x="262.05" y="98.15" b="N"/>
<point x="254.50" y="98.58" b="N"/>
<point x="247.95" y="102.36" b="N"/>
<point x="241.41" y="106.14" b="N"/>
<point x="234.86" y="109.92" b="N"/>
<point x="228.31" y="113.70" b="N"/>
<point x="221.77" y="117.48" b="N"/>
<point x="215.22" y="121.26" b="N"/>
<point x="215.22" y="128.82" b="N"/>
<point x="208.67" y="125.04" b="N"/>
<point x="202.12" y="128.82" b="N"/>
<point x="201.58" y="136.36" b="N"/>
<point x="197.80" y="142.91" b="N"/>
<point x="191.54" y="147.16" b="N"/>
<point x="191.18" y="154.51" b="G"/>
<point x="191.39" y="162.07" b="R"/>
<point x="191.39" y="169.63" b="R"/>
<point x="191.54" y="177.40" b="N"/>
<point x="191.39" y="184.75" b="R"/>
<point x="191.54" y="192.52" b="N"/>
<point x="191.39" y="199.87" b="R"/>
<point x="191.39" y="207.43" b="R"/>
<point x="191.60" y="214.99" b="Y"/>
<point x="191.39" y="222.55" b="R"/>
<point x="191.60" y="230.11" b="Y"/>
<point x="198.42" y="233.46" b="N"/>
<point x="203.92" y="238.64" b="N"/>
<point x="207.32" y="245.11" b="U"/>
<point x="208.55" y="252.57" b="C"/>
<point x="207.32" y="260.03" b="U"/>
<point x="203.56" y="266.70" b="G"/>
<point x="198.47" y="271.88" b="A"/>
<point x="191.18" y="275.03" b="G"/>
<point x="191.60" y="282.59" b="Y"/>
<point x="191.18" y="290.15" b="G"/>
<point x="191.18" y="297.71" b="G"/>
<point x="191.54" y="305.48" b="N"/>
</structure>