<structure>
<point x="129.66" y="727.29" b="A"/>
<point x="134.80" y="721.95" b="C"/>
<point x="134.80" y="714.39" b="C"/>
<point x="135.00" y="706.83" b="A"/>
<point x="135.00" y="699.27" b="A"/>
<point x="134.59" y="691.71" b="G"/>
<point x="134.59" y="684.15" b="G"/>
<point x="134.80" y="676.59" b="C"/>
<point x="135.00" y="669.03" b="A"/>
<point x="127.67" y="670.87" b="A"/>
<point x="120.27" y="669.31" b="A"/>
<point x="113.89" y="664.66" b="G"/>
<point x="110.99" y="657.87" b="A"/>
<point x="110.58" y="650.31" b="G"/>
<point x="114.31" y="643.52" b="A"/>
<point x="120.27" y="638.87" b="A"/>
<point x="127.25" y="637.31" b="G"/>
<point x="135.00" y="639.15" b="A"/>
<point x="134.59" y="631.60" b="G"/>
<point x="134.80" y="624.03" b="U"/>
<point x="134.59" y="616.48" b="G"/>
<point x="134.59" y="608.91" b="G"/>
<point x="134.80" y="601.36" b="U"/>
<point x="134.59" y="593.79" b="G"/>
<point x="131.70" y="586.90" b="C"/>
<point x="135.00" y="580.00" b="A"/>
<point x="134.59" y="572.44" b="G"/>
<point x="135.00" y="564.88" b="A"/>
<point x="134.59" y="557.32" b="G"/>
<point x="135.00" y="549.76" b="A"/>
<point x="134.59" y="542.20" b="G"/>
<point x="128.53" y="538.30" b="A"/>
<point x="124.16" y="532.13" b="A"/>
<point x="122.61" y="524.73" b="A"/>
<point x="124.16" y="517.33" b="A"/>
<point x="128.53" y="511.17" b="A"/>
<point x="135.00" y="507.26" b="A"/>
<point x="134.59" y="499.70" b="G"/>
<point x="135.00" y="492.14" b="A"/>
<point x="134.59" y="484.58" b="G"/>
<point x="134.80" y="477.02" b="C"/>
<point x="135.00" y="469.46" b="A"/>
<point x="134.59" y="461.90" b="G"/>
<point x="134.80" y="454.34" b="U"/>
<point x="134.59" y="446.78" b="G"/>
<point x="128.99" y="441.70" b="G"/>
<point x="126.92" y="434.43" b="G"/>
<point x="129.41" y="427.16" b="A"/>
<point x="134.95" y="422.28" b="N"/>
<point x="134.80" y="414.51" b="U"/>
<point x="135.00" y="406.95" b="A"/>
<point x="134.59" y="399.39" b="G"/>
<point x="134.59" y="391.83" b="G"/>
<point x="135.00" y="384.27" b="A"/>
<point x="134.59" y="376.71" b="G"/>
<point x="134.80" y="369.15" b="C"/>
<point x="134.80" y="361.59" b="U"/>
<point x="128.82" y="357.38" b="N"/>
<point x="125.22" y="350.44" b="U"/>
<point x="125.01" y="342.88" b="G"/>
<point x="128.67" y="336.15" b="U"/>
<point x="134.80" y="331.72" b="U"/>
<point x="134.80" y="324.16" b="C"/>
<point x="134.80" y="316.60" b="C"/>
<point x="134.80" y="309.04" b="U"/>
<point x="134.80" y="301.48" b="U"/>
<point x="134.59" y="293.92" b="G"/>
<point x="134.59" y="286.36" b="G"/>
<point x="134.59" y="278.80" b="G"/>
<point x="134.80" y="271.24" b="U"/>
<point x="134.80" y="263.68" b="U"/>
<point x="134.80" y="256.12" b="C"/>
<point x="134.80" y="248.56" b="U"/>
<point x="134.80" y="241.00" b="U"/>
<point x="127.43" y="238.57" b="G"/>
<point x="123.02" y="232.43" b="G"/>
<point x="123.02" y="224.87" b="G"/>
<point x="127.84" y="218.72" b="A"/>
<point x="134.59" y="216.29" b="G"/>
<point x="134.80" y="208.73" b="C"/>
<point x="135.00" y="201.17" b="A"/>
<point x="134.59" y="193.61" b="G"/>
<point x="134.80" y="186.05" b="C"/>
<point x="135.00" y="178.49" b="A"/>
<point x="127.95" y="174.86" b="G"/>
<point x="123.14" y="169.04" b="G"/>
<point x="121.25" y="161.84" b="A"/>
<point x="121.77" y="154.29" b="A"/>
<point x="124.63" y="147.49" b="G"/>
<point x="120.44" y="141.34" b="C"/>
<point x="116.25" y="135.19" b="A"/>
<point x="111.64" y="129.04" b="C"/>
<point x="107.24" y="122.89" b="U"/>
<point x="103.05" y="116.75" b="A"/>
<point x="95.46" y="115.12" b="U"/>
<point x="88.68" y="118.86" b="G"/>
<point x="85.85" y="125.87" b="G"/>
<point x="79.28" y="129.60" b="G"/>
<point x="72.02" y="128.43" b="C"/>
<point x="65.24" y="132.16" b="G"/>
<point x="58.87" y="135.90" b="C"/>
<point x="52.50" y="139.63" b="A"/>
<point x="45.51" y="143.36" b="G"/>
<point x="39.15" y="147.09" b="C"/>
<point x="32.36" y="150.82" b="G"/>
<point x="26.00" y="154.56" b="U"/>
<point x="21.81" y="160.85" b="C"/>
<point x="14.56" y="162.11" b="A"/>
<point x="8.53" y="157.56" b="A"/>
<point x="7.50" y="150.04" b="U"/>
<point x="12.20" y="144.29" b="G"/>
<point x="20.16" y="143.91" b="A"/>
<point x="26.53" y="140.18" b="C"/>
<point x="32.90" y="136.45" b="G"/>
<point x="39.68" y="132.72" b="C"/>
<point x="46.25" y="128.98" b="U"/>
<point x="52.62" y="125.25" b="G"/>
<point x="53.09" y="117.69" b="A"/>
<point x="59.40" y="121.52" b="C"/>
<point x="65.77" y="117.79" b="G"/>
<point x="64.66" y="110.31" b="G"/>
<point x="69.48" y="104.31" b="U"/>
<point x="77.19" y="103.43" b="A"/>
<point x="82.84" y="108.21" b="C"/>
<point x="89.62" y="104.48" b="A"/>
<point x="91.60" y="97.31" b="G"/>
<point x="97.74" y="92.91" b="G"/>
<point x="99.58" y="85.52" b="C"/>
<point x="101.20" y="78.14" b="C"/>
<point x="103.03" y="70.76" b="A"/>
<point x="104.24" y="63.37" b="G"/>
<point x="106.28" y="55.99" b="A"/>
<point x="107.70" y="48.61" b="C"/>
<point x="109.48" y="41.43" b="N"/>
<point x="111.16" y="33.84" b="A"/>
<point x="112.22" y="26.39" b="U"/>
<point x="119.39" y="23.98" b="U"/>
<point x="125.09" y="29.17" b="A"/>
<point x="122.91" y="36.47" b="U"/>
<point x="121.28" y="43.85" b="U"/>
<point x="119.45" y="51.24" b="G"/>
<point x="118.03" y="58.62" b="U"/>
<point x="116.41" y="66.00" b="C"/>
<point x="114.78" y="73.39" b="U"/>
<point x="112.95" y="80.77" b="G"/>
<point x="111.32" y="88.15" b="G"/>
<point x="109.91" y="95.54" b="U"/>
<point x="113.84" y="102.11" b="A"/>
<point x="112.80" y="109.62" b="U"/>
<point x="117.40" y="115.77" b="A"/>
<point x="121.39" y="121.92" b="G"/>
<point x="126.00" y="128.07" b="U"/>
<point x="130.19" y="134.21" b="G"/>
<point x="134.80" y="140.36" b="C"/>
<point x="142.51" y="139.45" b="A"/>
<point x="149.61" y="141.39" b="R"/>
<point x="155.68" y="145.90" b="C"/>
<point x="162.75" y="142.74" b="A"/>
<point x="169.20" y="139.58" b="G"/>
<point x="176.28" y="136.41" b="C"/>
<point x="183.35" y="133.25" b="A"/>
<point x="189.81" y="130.09" b="G"/>
<point x="197.09" y="126.93" b="A"/>
<point x="202.76" y="121.93" b="A"/>
<point x="209.95" y="123.50" b="C"/>
<point x="213.32" y="130.36" b="A"/>
<point x="209.69" y="137.00" b="A"/>
<point x="202.00" y="138.05" b="U"/>
<point x="195.13" y="141.21" b="U"/>
<point x="188.26" y="144.37" b="U"/>
<point x="181.19" y="147.53" b="G"/>
<point x="174.53" y="150.69" b="C"/>
<point x="167.66" y="153.85" b="U"/>
<point x="160.59" y="157.02" b="G"/>
<point x="160.48" y="164.56" b="A"/>
<point x="166.43" y="168.64" b="G"/>
<point x="172.79" y="172.71" b="G"/>
<point x="179.16" y="176.79" b="G"/>
<point x="185.74" y="180.87" b="C"/>
<point x="192.10" y="184.95" b="U"/>
<point x="199.13" y="181.69" b="A"/>
<point x="206.48" y="181.51" b="U"/>
<point x="213.45" y="184.43" b="U"/>
<point x="218.41" y="189.95" b="G"/>
<point x="226.24" y="188.47" b="A"/>
<point x="233.24" y="187.00" b="G"/>
<point x="238.12" y="181.23" b="G"/>
<point x="245.75" y="179.75" b="C"/>
<point x="252.26" y="183.21" b="G"/>
<point x="259.88" y="181.73" b="C"/>
<point x="267.50" y="180.25" b="A"/>
<point x="274.92" y="178.78" b="A"/>
<point x="282.13" y="177.30" b="C"/>
<point x="289.75" y="175.82" b="A"/>
<point x="296.74" y="174.34" b="G"/>
<point x="304.29" y="172.51" b="C"/>
<point x="309.57" y="178.11" b="A"/>
<point x="306.82" y="185.23" b="U"/>
<point x="299.35" y="186.35" b="C"/>
<point x="291.93" y="187.83" b="U"/>
<point x="284.31" y="189.30" b="G"/>
<point x="277.10" y="190.78" b="U"/>
<point x="269.69" y="192.26" b="U"/>
<point x="262.06" y="193.74" b="G"/>
<point x="254.86" y="195.21" b="C"/>
<point x="250.18" y="200.98" b="A"/>
<point x="242.77" y="202.46" b="A"/>
<point x="235.84" y="199.00" b="C"/>
<point x="228.43" y="200.48" b="U"/>
<point x="221.01" y="201.96" b="C"/>
<point x="218.56" y="209.03" b="A"/>
<point x="213.04" y="214.41" b="C"/>
<point x="206.19" y="217.14" b="A"/>
<point x="204.37" y="224.56" b="G"/>
<point x="203.18" y="231.99" b="U"/>
<point x="201.78" y="239.42" b="C"/>
<point x="200.38" y="246.85" b="U"/>
<point x="198.76" y="254.28" b="G"/>
<point x="197.36" y="261.71" b="G"/>
<point x="195.96" y="269.14" b="G"/>
<point x="194.56" y="276.57" b="G"/>
<point x="193.37" y="284.00" b="C"/>
<point x="197.84" y="290.24" b="A"/>
<point x="197.72" y="297.79" b="U"/>
<point x="193.58" y="304.12" b="C"/>
<point x="186.83" y="307.09" b="A"/>
<point x="179.41" y="305.69" b="A"/>
<point x="173.59" y="300.39" b="G"/>
<point x="172.26" y="292.99" b="C"/>
<point x="175.30" y="285.98" b="A"/>
<point x="181.13" y="281.73" b="G"/>
<point x="182.74" y="274.30" b="C"/>
<point x="184.14" y="266.87" b="U"/>
<point x="185.55" y="259.44" b="C"/>
<point x="186.95" y="252.01" b="C"/>
<point x="188.56" y="244.58" b="A"/>
<point x="189.54" y="237.15" b="G"/>
<point x="190.94" y="229.72" b="G"/>
<point x="192.56" y="222.29" b="C"/>
<point x="194.16" y="214.87" b="A"/>
<point x="188.59" y="209.75" b="A"/>
<point x="185.18" y="202.81" b="G"/>
<point x="185.70" y="195.25" b="A"/>
<point x="179.13" y="191.18" b="R"/>
<point x="172.77" y="187.10" b="U"/>
<point x="166.40" y="183.02" b="C"/>
<point x="160.03" y="178.94" b="C"/>
<point x="153.67" y="174.86" b="U"/>
<point x="146.83" y="178.49" b="G"/>
<point x="146.83" y="186.05" b="G"/>
<point x="147.04" y="193.61" b="C"/>
<point x="147.04" y="201.17" b="U"/>
<point x="146.83" y="208.73" b="G"/>
<point x="147.04" y="216.29" b="U"/>
<point x="152.42" y="221.38" b="G"/>
<point x="154.49" y="228.65" b="G"/>
<point x="152.84" y="235.92" b="A"/>
<point x="147.24" y="241.00" b="A"/>
<point x="147.24" y="248.56" b="A"/>
<point x="146.83" y="256.12" b="G"/>
<point x="147.24" y="263.68" b="A"/>
<point x="153.58" y="267.46" b="U"/>
<point x="147.24" y="271.24" b="A"/>
<point x="147.04" y="278.80" b="C"/>
<point x="147.04" y="286.36" b="C"/>
<point x="147.04" y="293.92" b="U"/>
<point x="147.24" y="301.48" b="A"/>
<point x="153.79" y="305.26" b="A"/>
<point x="147.04" y="309.04" b="R"/>
<point x="146.83" y="316.60" b="G"/>
<point x="146.83" y="324.16" b="G"/>
<point x="147.24" y="331.72" b="A"/>
<point x="154.28" y="333.90" b="U"/>
<point x="159.52" y="339.34" b="C"/>
<point x="161.64" y="346.66" b="A"/>
<point x="159.73" y="353.97" b="A"/>
<point x="154.28" y="359.41" b="C"/>
<point x="147.24" y="361.59" b="A"/>
<point x="146.83" y="369.15" b="G"/>
<point x="147.04" y="376.71" b="C"/>
<point x="147.04" y="384.27" b="U"/>
<point x="147.04" y="391.83" b="C"/>
<point x="147.04" y="399.39" b="C"/>
<point x="147.04" y="406.95" b="U"/>
<point x="146.83" y="414.51" b="G"/>
<point x="146.83" y="422.07" b="G"/>
<point x="153.79" y="419.12" b="G"/>
<point x="161.53" y="419.81" b="R"/>
<point x="168.03" y="423.99" b="A"/>
<point x="171.41" y="430.65" b="U"/>
<point x="171.41" y="438.21" b="U"/>
<point x="167.83" y="444.87" b="U"/>
<point x="161.31" y="449.04" b="G"/>
<point x="153.79" y="449.74" b="G"/>
<point x="146.83" y="446.78" b="G"/>
<point x="146.83" y="454.34" b="G"/>
<point x="147.04" y="461.90" b="U"/>
<point x="147.04" y="469.46" b="U"/>
<point x="146.83" y="477.02" b="G"/>
<point x="147.04" y="484.58" b="C"/>
<point x="147.04" y="492.14" b="U"/>
<point x="147.04" y="499.70" b="C"/>
<point x="147.04" y="507.26" b="U"/>
<point x="154.12" y="509.23" b="G"/>
<point x="159.91" y="514.10" b="G"/>
<point x="163.52" y="520.95" b="A"/>
<point x="163.52" y="528.51" b="A"/>
<point x="160.33" y="535.37" b="A"/>
<point x="154.54" y="540.23" b="A"/>
<point x="147.04" y="542.20" b="C"/>
<point x="147.04" y="549.76" b="U"/>
<point x="147.04" y="557.32" b="C"/>
<point x="153.79" y="561.10" b="A"/>
<point x="147.04" y="564.88" b="U"/>
<point x="147.24" y="572.44" b="Y"/>
<point x="147.04" y="580.00" b="U"/>
<point x="149.93" y="586.90" b="G"/>
<point x="147.04" y="593.79" b="C"/>
<point x="147.24" y="601.36" b="A"/>
<point x="147.04" y="608.91" b="C"/>
<point x="147.04" y="616.48" b="C"/>
<point x="147.24" y="624.03" b="A"/>
<point x="147.04" y="631.60" b="C"/>
<point x="147.04" y="639.15" b="U"/>
<point x="153.17" y="643.58" b="R"/>
<point x="156.61" y="650.31" b="C"/>
<point x="156.61" y="657.87" b="U"/>
<point x="152.96" y="664.60" b="G"/>
<point x="147.04" y="669.03" b="U"/>
<point x="146.83" y="676.59" b="G"/>
<point x="147.04" y="684.15" b="C"/>
<point x="147.04" y="691.71" b="C"/>
<point x="147.04" y="699.27" b="U"/>
<point x="147.04" y="706.83" b="U"/>
<point x="146.83" y="714.39" b="G"/>
<point x="146.83" y="721.95" b="G"/>
<point x="152.59" y="727.29" b="A"/>
</structure>