<structure>
<point x="19.60" y="133.56" b="N"/>
<point x="26.80" y="133.36" b="G"/>
<point x="34.73" y="133.56" b="N"/>
<point x="42.34" y="133.36" b="A"/>
<point x="49.70" y="133.36" b="U"/>
<point x="57.26" y="133.36" b="U"/>
<point x="64.81" y="133.36" b="U"/>
<point x="69.95" y="128.01" b="G"/>
<point x="69.95" y="120.45" b="G"/>
<point x="70.16" y="112.89" b="U"/>
<point x="70.31" y="105.54" b="N"/>
<point x="70.31" y="97.98" b="N"/>
<point x="70.16" y="90.21" b="C"/>
<point x="70.31" y="82.86" b="N"/>
<point x="69.95" y="75.09" b="G"/>
<point x="63.61" y="71.31" b="C"/>
<point x="69.95" y="67.53" b="G"/>
<point x="70.31" y="60.18" b="N"/>
<point x="70.16" y="52.41" b="U"/>
<point x="65.27" y="46.64" b="C"/>
<point x="65.08" y="39.09" b="Y"/>
<point x="69.27" y="33.05" b="N"/>
<point x="76.43" y="30.63" b="N"/>
<point x="83.65" y="32.84" b="Y"/>
<point x="87.69" y="39.09" b="R"/>
<point x="87.44" y="46.85" b="N"/>
<point x="82.61" y="52.41" b="A"/>
<point x="82.55" y="60.18" b="N"/>
<point x="82.40" y="67.53" b="C"/>
<point x="82.40" y="75.09" b="C"/>
<point x="82.55" y="82.86" b="N"/>
<point x="82.19" y="90.21" b="G"/>
<point x="82.40" y="97.77" b="U"/>
<point x="82.40" y="105.33" b="U"/>
<point x="82.61" y="112.89" b="A"/>
<point x="82.40" y="120.45" b="C"/>
<point x="82.40" y="128.01" b="C"/>
<point x="87.90" y="133.56" b="N"/>
<point x="95.31" y="133.36" b="C"/>
<point x="100.44" y="128.01" b="G"/>
<point x="100.44" y="120.45" b="G"/>
<point x="100.65" y="112.89" b="U"/>
<point x="100.65" y="105.33" b="U"/>
<point x="100.80" y="97.98" b="N"/>
<point x="100.86" y="90.21" b="A"/>
<point x="100.65" y="82.65" b="R"/>
<point x="100.86" y="75.09" b="A"/>
<point x="100.65" y="67.53" b="R"/>
<point x="100.86" y="59.97" b="A"/>
<point x="100.80" y="52.62" b="N"/>
<point x="100.86" y="44.85" b="Y"/>
<point x="97.46" y="38.10" b="Y"/>
<point x="99.62" y="30.99" b="G"/>
<point x="106.92" y="28.21" b="N"/>
<point x="113.92" y="30.99" b="Y"/>
<point x="116.50" y="38.10" b="A"/>
<point x="112.89" y="44.85" b="R"/>
<point x="113.10" y="52.41" b="Y"/>
<point x="112.89" y="59.97" b="U"/>
<point x="113.10" y="67.53" b="Y"/>
<point x="113.04" y="75.30" b="N"/>
<point x="113.04" y="82.86" b="N"/>
<point x="113.10" y="90.21" b="Y"/>
<point x="112.68" y="97.77" b="G"/>
<point x="113.10" y="105.33" b="A"/>
<point x="113.04" y="113.10" b="N"/>
<point x="112.89" y="120.45" b="C"/>
<point x="112.89" y="128.01" b="C"/>
<point x="118.24" y="133.36" b="U"/>
<point x="125.80" y="133.36" b="U"/>
<point x="131.14" y="128.01" b="C"/>
<point x="130.93" y="120.45" b="G"/>
<point x="131.35" y="112.89" b="A"/>
<point x="131.35" y="105.33" b="A"/>
<point x="131.35" y="97.77" b="A"/>
<point x="131.35" y="90.21" b="A"/>
<point x="131.35" y="82.65" b="A"/>
<point x="124.75" y="79.08" b="N"/>
<point x="131.14" y="75.09" b="C"/>
<point x="131.14" y="67.53" b="C"/>
<point x="131.14" y="59.97" b="R"/>
<point x="131.14" y="52.41" b="C"/>
<point x="131.14" y="44.85" b="C"/>
<point x="131.35" y="37.29" b="Y"/>
<point x="129.12" y="30.26" b="N"/>
<point x="133.63" y="24.19" b="N"/>
<point x="141.04" y="23.98" b="C"/>
<point x="145.71" y="30.26" b="N"/>
<point x="143.38" y="37.29" b="R"/>
<point x="143.17" y="44.85" b="G"/>
<point x="143.17" y="52.41" b="G"/>
<point x="143.59" y="59.97" b="Y"/>
<point x="143.17" y="67.53" b="G"/>
<point x="143.17" y="75.09" b="G"/>
<point x="143.38" y="82.65" b="U"/>
<point x="143.38" y="90.21" b="U"/>
<point x="143.38" y="97.77" b="U"/>
<point x="149.93" y="101.55" b="U"/>
<point x="143.38" y="105.33" b="U"/>
<point x="143.38" y="112.89" b="U"/>
<point x="143.38" y="120.45" b="C"/>
<point x="143.17" y="128.01" b="G"/>
<point x="148.73" y="133.36" b="U"/>
</structure>