<structure>
<point x="19.45" y="221.02" b="C"/>
<point x="27.22" y="221.02" b="A"/>
<point x="34.37" y="221.02" b="G"/>
<point x="41.92" y="221.02" b="G"/>
<point x="49.70" y="221.02" b="C"/>
<point x="57.46" y="221.02" b="A"/>
<point x="64.81" y="221.02" b="U"/>
<point x="72.17" y="221.02" b="G"/>
<point x="79.94" y="221.02" b="C"/>
<point x="87.50" y="221.02" b="U"/>
<point x="94.84" y="221.02" b="G"/>
<point x="100.19" y="215.68" b="G"/>
<point x="100.61" y="208.12" b="A"/>
<point x="100.19" y="200.56" b="G"/>
<point x="100.40" y="193.00" b="C"/>
<point x="100.61" y="185.44" b="Y"/>
<point x="100.40" y="177.88" b="C"/>
<point x="100.40" y="170.32" b="C"/>
<point x="100.19" y="162.76" b="G"/>
<point x="94.81" y="157.67" b="C"/>
<point x="92.94" y="150.40" b="A"/>
<point x="94.60" y="143.13" b="G"/>
<point x="100.40" y="138.05" b="C"/>
<point x="100.19" y="130.49" b="G"/>
<point x="100.19" y="122.93" b="G"/>
<point x="93.24" y="120.50" b="C"/>
<point x="88.63" y="114.35" b="G"/>
<point x="88.84" y="106.79" b="C"/>
<point x="93.24" y="100.65" b="C"/>
<point x="100.61" y="98.22" b="Y"/>
<point x="100.19" y="90.66" b="G"/>
<point x="100.19" y="83.10" b="G"/>
<point x="100.55" y="75.75" b="N"/>
<point x="100.55" y="68.19" b="N"/>
<point x="100.55" y="60.63" b="N"/>
<point x="100.55" y="53.07" b="N"/>
<point x="94.57" y="48.45" b="N"/>
<point x="91.51" y="41.53" b="N"/>
<point x="92.12" y="34.00" b="N"/>
<point x="96.25" y="27.66" b="N"/>
<point x="102.89" y="24.06" b="N"/>
<point x="110.45" y="24.06" b="N"/>
<point x="117.10" y="27.66" b="N"/>
<point x="121.22" y="34.00" b="N"/>
<point x="121.83" y="41.53" b="N"/>
<point x="118.77" y="48.45" b="N"/>
<point x="112.79" y="53.07" b="N"/>
<point x="119.34" y="56.85" b="N"/>
<point x="112.79" y="60.63" b="N"/>
<point x="112.79" y="68.19" b="N"/>
<point x="112.64" y="75.54" b="C"/>
<point x="112.64" y="83.10" b="C"/>
<point x="112.64" y="90.66" b="C"/>
<point x="112.43" y="98.22" b="G"/>
<point x="118.44" y="103.30" b="A"/>
<point x="120.31" y="110.57" b="C"/>
<point x="118.44" y="117.84" b="A"/>
<point x="112.64" y="122.93" b="C"/>
<point x="112.64" y="130.49" b="C"/>
<point x="112.43" y="138.05" b="G"/>
<point x="120.05" y="136.16" b="N"/>
<point x="127.44" y="137.81" b="A"/>
<point x="132.77" y="143.31" b="N"/>
<point x="134.75" y="150.61" b="N"/>
<point x="132.77" y="157.91" b="N"/>
<point x="127.38" y="163.21" b="N"/>
<point x="120.05" y="165.06" b="N"/>
<point x="112.64" y="162.76" b="C"/>
<point x="112.43" y="170.32" b="G"/>
<point x="112.43" y="177.88" b="G"/>
<point x="112.64" y="185.44" b="R"/>
<point x="112.43" y="193.00" b="G"/>
<point x="112.64" y="200.56" b="C"/>
<point x="112.79" y="208.33" b="N"/>
<point x="112.85" y="215.68" b="Y"/>
<point x="117.99" y="221.02" b="R"/>
<point x="125.70" y="221.23" b="N"/>
</structure>