<structure>
<point x="26.33" y="205.86" b="G"/>
<point x="26.54" y="198.30" b="C"/>
<point x="26.75" y="190.74" b="A"/>
<point x="26.54" y="183.18" b="U"/>
<point x="26.33" y="175.62" b="G"/>
<point x="26.33" y="168.06" b="G"/>
<point x="26.69" y="160.70" b="N"/>
<point x="26.69" y="153.14" b="N"/>
<point x="20.27" y="156.82" b="Y"/>
<point x="12.60" y="155.59" b="U"/>
<point x="7.50" y="149.82" b="G"/>
<point x="7.50" y="142.26" b="G"/>
<point x="12.81" y="136.50" b="A"/>
<point x="20.06" y="135.26" b="U"/>
<point x="26.54" y="139.15" b="U"/>
<point x="26.54" y="131.59" b="U"/>
<point x="26.75" y="124.03" b="A"/>
<point x="26.54" y="116.47" b="U"/>
<point x="26.33" y="108.91" b="G"/>
<point x="26.54" y="101.34" b="R"/>
<point x="23.65" y="94.45" b="Y"/>
<point x="26.54" y="87.55" b="R"/>
<point x="26.33" y="79.99" b="G"/>
<point x="26.33" y="72.43" b="G"/>
<point x="26.54" y="64.87" b="C"/>
<point x="26.75" y="57.31" b="Y"/>
<point x="20.84" y="52.36" b="C"/>
<point x="18.64" y="45.38" b="N"/>
<point x="20.16" y="37.80" b="U"/>
<point x="25.58" y="32.33" b="Y"/>
<point x="32.87" y="30.32" b="Y"/>
<point x="39.95" y="32.33" b="C"/>
<point x="45.17" y="37.80" b="C"/>
<point x="46.99" y="45.38" b="N"/>
<point x="44.49" y="52.36" b="U"/>
<point x="38.57" y="57.31" b="G"/>
<point x="38.57" y="64.87" b="G"/>
<point x="45.12" y="68.65" b="G"/>
<point x="38.78" y="72.43" b="C"/>
<point x="38.78" y="79.99" b="C"/>
<point x="38.78" y="87.55" b="U"/>
<point x="41.88" y="94.45" b="C"/>
<point x="38.78" y="101.34" b="U"/>
<point x="38.78" y="108.91" b="C"/>
<point x="38.99" y="116.47" b="A"/>
<point x="38.78" y="124.03" b="U"/>
<point x="38.99" y="131.59" b="A"/>
<point x="38.57" y="139.15" b="G"/>
<point x="41.88" y="146.04" b="U"/>
<point x="38.78" y="152.94" b="R"/>
<point x="38.99" y="160.50" b="Y"/>
<point x="38.78" y="168.06" b="C"/>
<point x="38.78" y="175.62" b="C"/>
<point x="45.33" y="179.40" b="C"/>
<point x="38.99" y="183.18" b="A"/>
<point x="38.78" y="190.74" b="U"/>
<point x="38.57" y="198.30" b="G"/>
<point x="38.78" y="205.86" b="C"/>
<point x="44.34" y="211.20" b="Y"/>
<point x="51.90" y="211.20" b="A"/>
<point x="59.04" y="211.20" b="G"/>
<point x="67.02" y="211.20" b="A"/>
<point x="74.16" y="211.20" b="G"/>
<point x="81.93" y="211.20" b="C"/>
<point x="89.70" y="211.20" b="A"/>
<point x="97.26" y="211.20" b="A"/>
<point x="104.82" y="211.20" b="A"/>
<point x="112.38" y="211.20" b="Y"/>
<point x="119.94" y="211.20" b="Y"/>
<point x="127.29" y="211.20" b="R"/>
<point x="132.84" y="205.86" b="Y"/>
<point x="132.64" y="198.30" b="R"/>
<point x="132.43" y="190.74" b="G"/>
<point x="132.64" y="183.18" b="C"/>
<point x="132.84" y="175.62" b="Y"/>
<point x="132.84" y="168.06" b="Y"/>
<point x="125.60" y="165.88" b="Y"/>
<point x="120.30" y="160.64" b="N"/>
<point x="118.44" y="153.12" b="A"/>
<point x="120.36" y="145.81" b="A"/>
<point x="125.40" y="140.36" b="C"/>
<point x="132.64" y="138.18" b="C"/>
<point x="132.84" y="130.62" b="A"/>
<point x="127.04" y="125.54" b="U"/>
<point x="124.97" y="118.27" b="U"/>
<point x="126.83" y="111.00" b="G"/>
<point x="132.64" y="105.92" b="C"/>
<point x="132.64" y="98.35" b="C"/>
<point x="132.84" y="90.79" b="Y"/>
<point x="132.64" y="83.23" b="R"/>
<point x="132.43" y="75.67" b="G"/>
<point x="132.64" y="68.11" b="C"/>
<point x="132.64" y="60.55" b="C"/>
<point x="132.64" y="52.99" b="U"/>
<point x="126.65" y="48.37" b="C"/>
<point x="123.75" y="41.67" b="N"/>
<point x="124.35" y="34.13" b="N"/>
<point x="128.33" y="27.59" b="U"/>
<point x="134.98" y="23.98" b="R"/>
<point x="142.54" y="23.98" b="C"/>
<point x="149.18" y="27.59" b="C"/>
<point x="153.51" y="33.92" b="Y"/>
<point x="153.71" y="41.46" b="G"/>
<point x="150.86" y="48.37" b="U"/>
<point x="144.88" y="52.99" b="R"/>
<point x="144.67" y="60.55" b="G"/>
<point x="144.67" y="68.11" b="G"/>
<point x="144.88" y="75.67" b="C"/>
<point x="144.88" y="83.23" b="U"/>
<point x="144.67" y="90.79" b="G"/>
<point x="152.44" y="90.79" b="C"/>
<point x="152.59" y="98.56" b="N"/>
<point x="144.88" y="98.35" b="R"/>
<point x="144.67" y="105.92" b="G"/>
<point x="150.47" y="111.00" b="C"/>
<point x="152.75" y="118.27" b="A"/>
<point x="150.47" y="125.54" b="C"/>
<point x="144.88" y="130.62" b="U"/>
<point x="144.67" y="138.18" b="G"/>
<point x="151.21" y="142.61" b="A"/>
<point x="154.66" y="149.34" b="A"/>
<point x="154.24" y="156.90" b="G"/>
<point x="151.16" y="163.84" b="N"/>
<point x="144.67" y="168.06" b="G"/>
<point x="144.67" y="175.62" b="G"/>
<point x="144.67" y="183.18" b="G"/>
<point x="144.88" y="190.74" b="U"/>
<point x="145.08" y="198.30" b="Y"/>
<point x="144.88" y="205.86" b="R"/>
<point x="150.22" y="211.20" b="C"/>
<point x="157.99" y="211.20" b="A"/>
<point x="165.34" y="211.20" b="C"/>
<point x="173.11" y="211.20" b="A"/>
<point x="180.46" y="211.20" b="R"/>
<point x="188.02" y="211.20" b="U"/>
<point x="195.58" y="211.20" b="R"/>
</structure>