<structure>
<point x="72.14" y="187.43" b="Y"/>
<point x="71.94" y="179.87" b="U"/>
<point x="71.73" y="172.31" b="G"/>
<point x="71.94" y="164.75" b="C"/>
<point x="64.60" y="163.90" b="N"/>
<point x="56.91" y="161.84" b="G"/>
<point x="50.03" y="159.21" b="U"/>
<point x="43.05" y="155.84" b="G"/>
<point x="37.10" y="151.77" b="A"/>
<point x="31.00" y="147.04" b="U"/>
<point x="25.44" y="141.70" b="G"/>
<point x="21.10" y="135.82" b="A"/>
<point x="16.79" y="129.47" b="C"/>
<point x="13.60" y="122.72" b="Y"/>
<point x="10.90" y="115.84" b="N"/>
<point x="8.87" y="108.31" b="U"/>
<point x="7.78" y="100.83" b="C"/>
<point x="7.50" y="93.28" b="U"/>
<point x="8.03" y="85.74" b="U"/>
<point x="9.57" y="78.29" b="A"/>
<point x="11.28" y="71.04" b="G"/>
<point x="14.16" y="64.05" b="G"/>
<point x="18.20" y="57.41" b="A"/>
<point x="22.30" y="51.20" b="C"/>
<point x="27.45" y="45.48" b="A"/>
<point x="32.77" y="40.33" b="C"/>
<point x="38.82" y="35.79" b="C"/>
<point x="45.32" y="31.93" b="U"/>
<point x="52.20" y="28.79" b="U"/>
<point x="59.37" y="26.40" b="U"/>
<point x="66.55" y="24.79" b="G"/>
<point x="74.07" y="23.98" b="G"/>
<point x="82.04" y="23.98" b="A"/>
<point x="89.50" y="25.00" b="N"/>
<point x="96.95" y="26.40" b="Y"/>
<point x="104.06" y="29.00" b="N"/>
<point x="111.00" y="31.93" b="A"/>
<point x="117.50" y="35.79" b="Y"/>
<point x="123.55" y="40.33" b="Y"/>
<point x="128.87" y="45.48" b="R"/>
<point x="133.81" y="51.20" b="U"/>
<point x="137.91" y="57.41" b="G"/>
<point x="141.95" y="64.05" b="A"/>
<point x="144.83" y="71.04" b="A"/>
<point x="146.96" y="78.29" b="A"/>
<point x="148.08" y="85.74" b="R"/>
<point x="148.76" y="93.48" b="N"/>
<point x="148.33" y="100.83" b="R"/>
<point x="147.45" y="108.31" b="A"/>
<point x="145.57" y="115.64" b="A"/>
<point x="142.86" y="122.92" b="N"/>
<point x="139.47" y="129.68" b="N"/>
<point x="135.37" y="136.03" b="N"/>
<point x="130.47" y="141.70" b="R"/>
<point x="125.32" y="147.04" b="Y"/>
<point x="119.22" y="151.77" b="U"/>
<point x="112.85" y="155.84" b="C"/>
<point x="106.08" y="159.21" b="U"/>
<point x="98.78" y="161.84" b="G"/>
<point x="91.87" y="163.69" b="A"/>
<point x="83.97" y="164.75" b="G"/>
<point x="84.18" y="172.31" b="C"/>
<point x="84.38" y="179.87" b="A"/>
<point x="84.33" y="187.64" b="N"/>
<point x="89.73" y="192.78" b="Y"/>
</structure>