<structure>
<point x="19.60" y="192.22" b="N"/>
<point x="27.22" y="192.01" b="Y"/>
<point x="34.37" y="192.01" b="G"/>
<point x="42.28" y="192.22" b="N"/>
<point x="49.84" y="192.22" b="N"/>
<point x="55.25" y="186.67" b="A"/>
<point x="55.04" y="179.11" b="U"/>
<point x="54.83" y="171.55" b="G"/>
<point x="55.25" y="163.99" b="A"/>
<point x="47.49" y="163.68" b="U"/>
<point x="39.90" y="162.02" b="G"/>
<point x="33.36" y="159.07" b="A"/>
<point x="26.98" y="155.12" b="N"/>
<point x="21.15" y="149.70" b="G"/>
<point x="17.11" y="143.59" b="A"/>
<point x="13.82" y="136.78" b="A"/>
<point x="11.75" y="129.71" b="N"/>
<point x="11.07" y="122.18" b="N"/>
<point x="11.75" y="114.65" b="N"/>
<point x="13.77" y="107.36" b="N"/>
<point x="17.06" y="100.55" b="N"/>
<point x="21.51" y="94.44" b="N"/>
<point x="26.83" y="89.02" b="R"/>
<point x="33.15" y="84.87" b="U"/>
<point x="40.11" y="81.92" b="U"/>
<point x="47.64" y="80.47" b="N"/>
<point x="55.25" y="79.95" b="Y"/>
<point x="55.25" y="72.39" b="Y"/>
<point x="50.48" y="66.68" b="N"/>
<point x="50.48" y="59.12" b="N"/>
<point x="55.25" y="52.99" b="Y"/>
<point x="49.21" y="48.58" b="N"/>
<point x="46.00" y="41.46" b="R"/>
<point x="46.76" y="34.13" b="N"/>
<point x="50.73" y="27.59" b="U"/>
<point x="57.53" y="24.19" b="N"/>
<point x="65.15" y="23.98" b="Y"/>
<point x="71.74" y="27.80" b="N"/>
<point x="75.92" y="33.92" b="Y"/>
<point x="76.47" y="41.67" b="N"/>
<point x="73.26" y="48.37" b="U"/>
<point x="67.07" y="52.99" b="G"/>
<point x="75.04" y="53.42" b="A"/>
<point x="80.17" y="59.12" b="N"/>
<point x="80.17" y="66.68" b="N"/>
<point x="74.98" y="72.17" b="N"/>
<point x="67.07" y="72.39" b="G"/>
<point x="67.49" y="79.95" b="A"/>
<point x="74.79" y="81.91" b="N"/>
<point x="81.77" y="84.73" b="Y"/>
<point x="88.05" y="88.94" b="A"/>
<point x="93.43" y="94.40" b="N"/>
<point x="97.84" y="100.53" b="N"/>
<point x="101.10" y="107.36" b="N"/>
<point x="103.10" y="114.65" b="N"/>
<point x="103.62" y="121.97" b="C"/>
<point x="102.95" y="129.50" b="C"/>
<point x="100.95" y="136.79" b="U"/>
<point x="97.69" y="143.61" b="C"/>
<point x="93.28" y="149.75" b="C"/>
<point x="87.84" y="155.00" b="U"/>
<point x="81.77" y="159.21" b="A"/>
<point x="74.64" y="162.24" b="C"/>
<point x="67.28" y="163.99" b="U"/>
<point x="67.28" y="171.55" b="C"/>
<point x="67.49" y="179.11" b="A"/>
<point x="67.28" y="186.67" b="U"/>
<point x="72.63" y="192.01" b="U"/>
<point x="80.19" y="192.01" b="C"/>
<point x="87.75" y="192.01" b="U"/>
<point x="95.10" y="192.01" b="G"/>
<point x="103.07" y="192.01" b="A"/>
</structure>