<structure>
<point x="72.55" y="212.69" b="N"/>
<point x="77.54" y="207.14" b="G"/>
<point x="77.96" y="199.58" b="A"/>
<point x="77.75" y="192.02" b="U"/>
<point x="77.54" y="184.46" b="G"/>
<point x="77.75" y="176.90" b="U"/>
<point x="70.25" y="175.92" b="U"/>
<point x="62.89" y="174.21" b="R"/>
<point x="55.73" y="171.79" b="U"/>
<point x="48.63" y="168.66" b="G"/>
<point x="42.51" y="164.88" b="A"/>
<point x="36.16" y="160.47" b="U"/>
<point x="30.28" y="155.47" b="G"/>
<point x="25.54" y="149.94" b="A"/>
<point x="20.90" y="144.14" b="N"/>
<point x="16.57" y="137.49" b="G"/>
<point x="13.26" y="130.70" b="G"/>
<point x="10.63" y="123.61" b="G"/>
<point x="8.92" y="116.30" b="C"/>
<point x="7.74" y="108.83" b="R"/>
<point x="7.50" y="101.28" b="A"/>
<point x="7.75" y="93.94" b="N"/>
<point x="8.85" y="86.24" b="A"/>
<point x="10.42" y="78.89" b="U"/>
<point x="12.71" y="71.76" b="G"/>
<point x="16.10" y="64.90" b="U"/>
<point x="19.95" y="58.39" b="U"/>
<point x="24.42" y="52.30" b="C"/>
<point x="29.67" y="46.67" b="A"/>
<point x="35.25" y="41.57" b="A"/>
<point x="41.10" y="37.04" b="C"/>
<point x="47.57" y="33.13" b="U"/>
<point x="54.19" y="29.88" b="G"/>
<point x="61.51" y="27.32" b="C"/>
<point x="68.84" y="25.47" b="U"/>
<point x="76.32" y="24.36" b="C"/>
<point x="83.87" y="23.98" b="U"/>
<point x="91.21" y="24.36" b="G"/>
<point x="99.10" y="25.47" b="A"/>
<point x="106.44" y="27.32" b="A"/>
<point x="113.49" y="30.09" b="N"/>
<point x="119.96" y="33.13" b="G"/>
<point x="126.43" y="37.04" b="G"/>
<point x="132.48" y="41.57" b="G"/>
<point x="138.27" y="46.67" b="C"/>
<point x="143.32" y="52.30" b="U"/>
<point x="147.58" y="58.39" b="G"/>
<point x="151.84" y="64.90" b="A"/>
<point x="155.03" y="71.76" b="A"/>
<point x="157.32" y="78.89" b="U"/>
<point x="158.89" y="86.24" b="G"/>
<point x="160.35" y="93.73" b="A"/>
<point x="160.65" y="101.28" b="A"/>
<point x="160.21" y="108.83" b="A"/>
<point x="158.82" y="116.30" b="R"/>
<point x="156.90" y="123.61" b="U"/>
<point x="154.27" y="130.70" b="R"/>
<point x="150.75" y="137.49" b="G"/>
<point x="146.99" y="143.93" b="C"/>
<point x="142.41" y="149.94" b="C"/>
<point x="137.25" y="155.47" b="U"/>
<point x="131.58" y="160.47" b="U"/>
<point x="125.44" y="164.88" b="U"/>
<point x="118.90" y="168.66" b="C"/>
<point x="112.01" y="171.79" b="U"/>
<point x="104.64" y="174.21" b="G"/>
<point x="97.69" y="175.92" b="A"/>
<point x="90.20" y="176.90" b="A"/>
<point x="89.99" y="184.46" b="C"/>
<point x="90.20" y="192.02" b="A"/>
<point x="89.99" y="199.58" b="U"/>
<point x="89.99" y="207.14" b="C"/>
<point x="95.49" y="212.69" b="N"/>
</structure>