<structure>
<point x="19.60" y="321.63" b="N"/>
<point x="27.16" y="321.63" b="N"/>
<point x="34.58" y="321.42" b="C"/>
<point x="42.28" y="321.63" b="N"/>
<point x="47.48" y="316.07" b="R"/>
<point x="47.69" y="308.51" b="Y"/>
<point x="47.27" y="300.95" b="G"/>
<point x="47.27" y="293.39" b="G"/>
<point x="47.27" y="285.83" b="G"/>
<point x="47.48" y="278.27" b="R"/>
<point x="47.69" y="270.71" b="Y"/>
<point x="47.48" y="263.15" b="U"/>
<point x="47.48" y="255.59" b="U"/>
<point x="47.48" y="248.03" b="U"/>
<point x="47.48" y="240.47" b="C"/>
<point x="47.48" y="232.91" b="C"/>
<point x="41.89" y="227.83" b="U"/>
<point x="39.81" y="220.56" b="U"/>
<point x="41.89" y="213.29" b="U"/>
<point x="47.27" y="208.20" b="G"/>
<point x="47.48" y="200.64" b="U"/>
<point x="47.27" y="193.08" b="G"/>
<point x="47.48" y="185.52" b="C"/>
<point x="47.48" y="177.96" b="U"/>
<point x="47.48" y="170.40" b="U"/>
<point x="47.27" y="162.84" b="G"/>
<point x="47.69" y="155.28" b="A"/>
<point x="41.89" y="150.20" b="U"/>
<point x="39.81" y="142.93" b="C"/>
<point x="41.89" y="135.66" b="U"/>
<point x="47.69" y="130.57" b="A"/>
<point x="47.69" y="123.02" b="A"/>
<point x="47.48" y="115.45" b="C"/>
<point x="47.48" y="107.89" b="C"/>
<point x="47.69" y="100.33" b="A"/>
<point x="47.48" y="92.77" b="U"/>
<point x="47.27" y="85.21" b="G"/>
<point x="47.48" y="77.65" b="U"/>
<point x="40.21" y="74.96" b="G"/>
<point x="34.16" y="70.43" b="G"/>
<point x="29.79" y="64.41" b="U"/>
<point x="27.18" y="57.58" b="N"/>
<point x="26.10" y="49.85" b="G"/>
<point x="27.83" y="42.62" b="N"/>
<point x="31.04" y="35.64" b="R"/>
<point x="36.28" y="30.25" b="N"/>
<point x="42.55" y="26.06" b="R"/>
<point x="49.82" y="23.98" b="R"/>
<point x="57.38" y="23.98" b="U"/>
<point x="64.80" y="26.26" b="N"/>
<point x="71.23" y="30.25" b="N"/>
<point x="76.16" y="35.64" b="R"/>
<point x="79.72" y="42.41" b="A"/>
<point x="80.89" y="49.85" b="R"/>
<point x="80.38" y="57.37" b="Y"/>
<point x="77.41" y="64.41" b="R"/>
<point x="72.84" y="70.43" b="R"/>
<point x="66.99" y="74.96" b="A"/>
<point x="59.93" y="77.65" b="A"/>
<point x="59.72" y="85.21" b="C"/>
<point x="59.93" y="92.77" b="A"/>
<point x="59.72" y="100.33" b="U"/>
<point x="59.51" y="107.89" b="G"/>
<point x="59.51" y="115.45" b="G"/>
<point x="59.72" y="123.02" b="U"/>
<point x="59.72" y="130.57" b="U"/>
<point x="65.32" y="135.66" b="C"/>
<point x="67.39" y="142.93" b="U"/>
<point x="65.11" y="150.20" b="G"/>
<point x="59.72" y="155.28" b="U"/>
<point x="59.72" y="162.84" b="C"/>
<point x="59.93" y="170.40" b="A"/>
<point x="59.93" y="177.96" b="A"/>
<point x="59.51" y="185.52" b="G"/>
<point x="59.72" y="193.08" b="C"/>
<point x="59.93" y="200.64" b="A"/>
<point x="59.72" y="208.20" b="C"/>
<point x="65.32" y="213.29" b="C"/>
<point x="67.59" y="220.56" b="A"/>
<point x="65.52" y="227.83" b="Y"/>
<point x="59.51" y="232.91" b="G"/>
<point x="59.51" y="240.47" b="G"/>
<point x="59.93" y="248.03" b="A"/>
<point x="59.93" y="255.59" b="A"/>
<point x="59.87" y="263.36" b="N"/>
<point x="59.51" y="270.71" b="G"/>
<point x="59.93" y="278.27" b="Y"/>
<point x="59.93" y="285.83" b="Y"/>
<point x="59.87" y="293.60" b="N"/>
<point x="59.93" y="300.95" b="Y"/>
<point x="59.51" y="308.51" b="G"/>
<point x="59.93" y="316.07" b="Y"/>
<point x="65.07" y="321.42" b="R"/>
<point x="72.78" y="321.63" b="N"/>
<point x="80.39" y="321.42" b="Y"/>
<point x="87.90" y="321.63" b="N"/>
</structure>