<structure>
<point x="77.57" y="207.07" b="N"/>
<point x="82.97" y="201.52" b="A"/>
<point x="82.77" y="193.96" b="U"/>
<point x="82.77" y="186.40" b="C"/>
<point x="75.41" y="185.69" b="N"/>
<point x="67.88" y="183.87" b="R"/>
<point x="60.67" y="181.58" b="U"/>
<point x="53.50" y="178.64" b="G"/>
<point x="47.26" y="175.06" b="A"/>
<point x="40.75" y="170.87" b="U"/>
<point x="34.66" y="166.12" b="G"/>
<point x="29.66" y="160.85" b="A"/>
<point x="24.70" y="155.30" b="N"/>
<point x="20.20" y="148.91" b="C"/>
<point x="16.45" y="142.35" b="C"/>
<point x="13.32" y="135.47" b="U"/>
<point x="11.05" y="128.33" b="A"/>
<point x="9.03" y="120.98" b="U"/>
<point x="7.92" y="113.51" b="C"/>
<point x="7.50" y="105.96" b="C"/>
<point x="7.78" y="98.40" b="C"/>
<point x="8.56" y="90.91" b="G"/>
<point x="10.65" y="83.54" b="A"/>
<point x="13.00" y="76.35" b="A"/>
<point x="16.01" y="69.42" b="Y"/>
<point x="19.44" y="62.79" b="C"/>
<point x="23.68" y="56.53" b="U"/>
<point x="28.27" y="50.69" b="G"/>
<point x="34.01" y="45.32" b="A"/>
<point x="39.75" y="40.68" b="N"/>
<point x="46.03" y="36.17" b="Y"/>
<point x="52.57" y="32.68" b="N"/>
<point x="59.53" y="29.41" b="Y"/>
<point x="66.70" y="26.99" b="Y"/>
<point x="73.85" y="25.25" b="U"/>
<point x="81.13" y="24.20" b="G"/>
<point x="89.04" y="24.06" b="N"/>
<point x="96.44" y="24.20" b="U"/>
<point x="103.72" y="25.25" b="G"/>
<point x="111.49" y="26.99" b="A"/>
<point x="118.65" y="29.41" b="A"/>
<point x="125.56" y="32.48" b="A"/>
<point x="132.16" y="36.17" b="A"/>
<point x="138.38" y="40.47" b="A"/>
<point x="144.12" y="45.53" b="N"/>
<point x="149.44" y="50.90" b="N"/>
<point x="154.24" y="56.74" b="N"/>
<point x="158.48" y="63.00" b="N"/>
<point x="162.12" y="69.62" b="N"/>
<point x="165.13" y="76.56" b="N"/>
<point x="167.48" y="83.74" b="N"/>
<point x="169.01" y="90.91" b="U"/>
<point x="170.20" y="98.40" b="A"/>
<point x="170.28" y="105.96" b="C"/>
<point x="169.65" y="113.51" b="G"/>
<point x="168.53" y="120.98" b="G"/>
<point x="167.14" y="128.33" b="A"/>
<point x="164.46" y="135.47" b="U"/>
<point x="161.33" y="142.35" b="C"/>
<point x="157.78" y="148.91" b="Y"/>
<point x="153.01" y="155.09" b="G"/>
<point x="148.11" y="160.85" b="G"/>
<point x="142.90" y="166.12" b="C"/>
<point x="137.02" y="170.87" b="U"/>
<point x="130.72" y="175.06" b="U"/>
<point x="124.06" y="178.64" b="C"/>
<point x="117.10" y="181.58" b="U"/>
<point x="109.69" y="183.87" b="G"/>
<point x="102.72" y="185.48" b="A"/>
<point x="94.80" y="186.40" b="G"/>
<point x="95.21" y="193.96" b="A"/>
<point x="95.01" y="201.52" b="U"/>
</structure>