<structure>
<point x="19.66" y="106.51" b="Y"/>
<point x="27.16" y="106.72" b="N"/>
<point x="34.73" y="106.72" b="N"/>
<point x="42.28" y="106.72" b="N"/>
<point x="49.84" y="106.72" b="N"/>
<point x="57.46" y="106.51" b="Y"/>
<point x="62.75" y="101.37" b="N"/>
<point x="62.75" y="93.81" b="N"/>
<point x="62.60" y="86.04" b="C"/>
<point x="62.60" y="78.48" b="U"/>
<point x="62.39" y="70.92" b="G"/>
<point x="62.60" y="63.36" b="R"/>
<point x="57.25" y="58.02" b="R"/>
<point x="55.92" y="50.82" b="N"/>
<point x="58.86" y="43.62" b="Y"/>
<point x="65.09" y="39.63" b="N"/>
<point x="72.50" y="39.42" b="R"/>
<point x="78.94" y="43.83" b="N"/>
<point x="81.46" y="50.61" b="G"/>
<point x="80.19" y="58.02" b="R"/>
<point x="74.84" y="63.36" b="U"/>
<point x="75.05" y="70.92" b="Y"/>
<point x="74.63" y="78.48" b="G"/>
<point x="74.63" y="86.04" b="G"/>
<point x="74.99" y="93.81" b="N"/>
<point x="74.99" y="101.37" b="N"/>
<point x="80.34" y="106.72" b="N"/>
<point x="87.90" y="106.72" b="N"/>
<point x="95.46" y="106.72" b="N"/>
<point x="103.02" y="106.72" b="N"/>
<point x="110.58" y="106.72" b="N"/>
<point x="118.14" y="106.72" b="N"/>
<point x="125.70" y="106.72" b="N"/>
<point x="133.26" y="106.72" b="N"/>
<point x="140.82" y="106.72" b="N"/>
<point x="148.38" y="106.72" b="N"/>
<point x="155.94" y="106.72" b="N"/>
<point x="163.50" y="106.72" b="N"/>
<point x="171.06" y="106.72" b="N"/>
<point x="178.62" y="106.72" b="N"/>
<point x="186.18" y="106.72" b="N"/>
<point x="193.74" y="106.72" b="N"/>
<point x="201.30" y="106.72" b="N"/>
<point x="208.86" y="106.72" b="N"/>
<point x="216.42" y="106.72" b="N"/>
<point x="223.98" y="106.72" b="N"/>
<point x="229.32" y="101.37" b="N"/>
<point x="229.17" y="93.60" b="U"/>
<point x="229.32" y="86.25" b="N"/>
<point x="228.96" y="78.48" b="G"/>
<point x="228.96" y="70.92" b="G"/>
<point x="229.38" y="63.36" b="A"/>
<point x="228.96" y="55.80" b="G"/>
<point x="223.12" y="51.69" b="N"/>
<point x="219.49" y="45.06" b="N"/>
<point x="219.18" y="37.50" b="N"/>
<point x="222.25" y="30.60" b="N"/>
<point x="228.08" y="25.78" b="N"/>
<point x="235.44" y="24.06" b="N"/>
<point x="242.80" y="25.78" b="N"/>
<point x="248.69" y="30.39" b="A"/>
<point x="251.56" y="37.30" b="U"/>
<point x="251.04" y="44.85" b="G"/>
<point x="247.76" y="51.69" b="N"/>
<point x="241.41" y="55.80" b="C"/>
<point x="241.56" y="63.57" b="N"/>
<point x="241.41" y="70.92" b="C"/>
<point x="241.41" y="78.48" b="U"/>
<point x="241.41" y="86.04" b="R"/>
<point x="241.62" y="93.60" b="A"/>
<point x="241.41" y="101.16" b="R"/>
<point x="246.96" y="106.51" b="Y"/>
<point x="254.32" y="106.51" b="R"/>
<point x="262.08" y="106.51" b="Y"/>
<point x="269.59" y="106.72" b="N"/>
<point x="276.79" y="106.51" b="G"/>
<point x="284.76" y="106.51" b="A"/>
<point x="292.32" y="106.51" b="A"/>
<point x="299.68" y="106.51" b="R"/>
<point x="307.39" y="106.72" b="N"/>
<point x="314.95" y="106.72" b="N"/>
<point x="322.56" y="106.51" b="A"/>
<point x="330.12" y="106.51" b="A"/>
<point x="337.68" y="106.51" b="A"/>
<point x="344.83" y="106.51" b="G"/>
<point x="352.60" y="106.51" b="C"/>
<point x="360.31" y="106.72" b="N"/>
<point x="367.87" y="106.72" b="N"/>
<point x="375.43" y="106.72" b="N"/>
<point x="382.84" y="106.51" b="R"/>
<point x="390.60" y="106.51" b="A"/>
<point x="397.96" y="106.51" b="U"/>
<point x="405.52" y="106.51" b="C"/>
<point x="413.08" y="106.51" b="R"/>
<point x="420.64" y="106.51" b="U"/>
<point x="428.35" y="106.72" b="N"/>
<point x="435.76" y="106.51" b="R"/>
<point x="443.32" y="106.51" b="C"/>
<point x="451.03" y="106.72" b="N"/>
<point x="458.23" y="106.51" b="G"/>
<point x="466.20" y="106.51" b="A"/>
<point x="473.71" y="106.72" b="N"/>
<point x="481.12" y="106.51" b="U"/>
<point x="488.83" y="106.72" b="N"/>
<point x="496.44" y="106.51" b="Y"/>
<point x="503.80" y="106.51" b="R"/>
<point x="511.36" y="106.51" b="R"/>
<point x="519.07" y="106.72" b="N"/>
<point x="526.48" y="106.51" b="C"/>
<point x="534.04" y="106.51" b="R"/>
<point x="541.75" y="106.72" b="N"/>
<point x="549.16" y="106.51" b="R"/>
<point x="556.87" y="106.72" b="N"/>
<point x="564.48" y="106.51" b="Y"/>
<point x="571.63" y="106.51" b="G"/>
<point x="579.55" y="106.72" b="N"/>
<point x="587.11" y="106.72" b="N"/>
</structure>