<structure>
<point x="19.45" y="232.34" b="U"/>
<point x="27.02" y="232.34" b="U"/>
<point x="34.37" y="232.34" b="G"/>
<point x="42.34" y="232.34" b="A"/>
<point x="49.70" y="232.34" b="C"/>
<point x="57.46" y="232.34" b="A"/>
<point x="64.97" y="232.55" b="N"/>
<point x="72.58" y="232.34" b="Y"/>
<point x="79.94" y="232.34" b="R"/>
<point x="87.65" y="232.55" b="N"/>
<point x="95.20" y="232.55" b="N"/>
<point x="102.61" y="232.34" b="R"/>
<point x="110.33" y="232.55" b="N"/>
<point x="117.94" y="232.34" b="Y"/>
<point x="125.45" y="232.55" b="N"/>
<point x="133.00" y="232.55" b="N"/>
<point x="140.56" y="232.55" b="N"/>
<point x="148.12" y="232.55" b="N"/>
<point x="155.74" y="232.34" b="Y"/>
<point x="162.88" y="232.34" b="G"/>
<point x="170.66" y="232.34" b="R"/>
<point x="178.22" y="232.34" b="C"/>
<point x="185.92" y="232.55" b="N"/>
<point x="193.34" y="232.34" b="U"/>
<point x="201.10" y="232.34" b="A"/>
<point x="208.46" y="232.34" b="R"/>
<point x="216.16" y="232.55" b="N"/>
<point x="223.72" y="232.55" b="N"/>
<point x="231.13" y="232.34" b="U"/>
<point x="238.84" y="232.55" b="N"/>
<point x="244.25" y="226.99" b="A"/>
<point x="243.83" y="219.43" b="G"/>
<point x="243.83" y="211.87" b="G"/>
<point x="244.25" y="204.31" b="A"/>
<point x="236.48" y="204.31" b="R"/>
<point x="236.69" y="196.75" b="Y"/>
<point x="244.04" y="196.75" b="R"/>
<point x="244.25" y="189.19" b="A"/>
<point x="243.83" y="181.63" b="G"/>
<point x="243.83" y="174.07" b="G"/>
<point x="243.83" y="166.51" b="G"/>
<point x="244.04" y="158.95" b="U"/>
<point x="237.85" y="154.61" b="R"/>
<point x="234.25" y="147.96" b="R"/>
<point x="233.79" y="140.41" b="G"/>
<point x="227.46" y="136.27" b="G"/>
<point x="221.13" y="132.14" b="G"/>
<point x="214.46" y="135.26" b="R"/>
<point x="206.69" y="135.23" b="G"/>
<point x="199.82" y="132.06" b="G"/>
<point x="195.11" y="126.33" b="R"/>
<point x="193.02" y="119.06" b="U"/>
<point x="194.35" y="111.58" b="Y"/>
<point x="198.43" y="105.46" b="N"/>
<point x="204.68" y="101.22" b="C"/>
<point x="212.37" y="100.21" b="Y"/>
<point x="219.40" y="102.41" b="C"/>
<point x="225.06" y="107.42" b="C"/>
<point x="228.33" y="114.33" b="Y"/>
<point x="228.03" y="121.89" b="C"/>
<point x="234.36" y="126.02" b="C"/>
<point x="240.69" y="130.16" b="C"/>
<point x="247.92" y="127.35" b="Y"/>
<point x="255.40" y="128.18" b="N"/>
<point x="260.08" y="122.16" b="U"/>
<point x="264.71" y="116.35" b="G"/>
<point x="269.76" y="110.54" b="R"/>
<point x="265.19" y="104.68" b="Y"/>
<point x="261.27" y="98.39" b="N"/>
<point x="258.26" y="91.18" b="R"/>
<point x="256.61" y="84.05" b="N"/>
<point x="255.75" y="76.31" b="C"/>
<point x="256.15" y="68.77" b="U"/>
<point x="257.67" y="61.36" b="U"/>
<point x="260.45" y="54.25" b="A"/>
<point x="263.85" y="47.60" b="R"/>
<point x="268.38" y="41.56" b="U"/>
<point x="273.96" y="36.24" b="A"/>
<point x="280.00" y="31.98" b="N"/>
<point x="286.33" y="28.24" b="G"/>
<point x="293.67" y="25.74" b="C"/>
<point x="301.30" y="24.31" b="Y"/>
<point x="308.44" y="23.98" b="G"/>
<point x="315.96" y="24.77" b="G"/>
<point x="323.28" y="26.66" b="G"/>
<point x="330.61" y="29.81" b="N"/>
<point x="337.12" y="33.53" b="A"/>
<point x="342.72" y="38.37" b="R"/>
<point x="347.76" y="44.00" b="C"/>
<point x="351.91" y="50.32" b="U"/>
<point x="355.25" y="57.39" b="N"/>
<point x="357.44" y="64.43" b="A"/>
<point x="358.29" y="71.92" b="U"/>
<point x="358.38" y="79.68" b="N"/>
<point x="357.26" y="86.94" b="A"/>
<point x="354.95" y="94.37" b="N"/>
<point x="351.51" y="100.97" b="U"/>
<point x="347.46" y="107.22" b="A"/>
<point x="342.34" y="112.77" b="A"/>
<point x="336.40" y="117.73" b="N"/>
<point x="329.93" y="121.35" b="A"/>
<point x="322.51" y="124.17" b="G"/>
<point x="315.52" y="126.15" b="N"/>
<point x="308.04" y="126.61" b="A"/>
<point x="300.44" y="126.38" b="N"/>
<point x="293.04" y="124.83" b="N"/>
<point x="285.95" y="122.21" b="N"/>
<point x="279.37" y="118.37" b="Y"/>
<point x="274.33" y="124.18" b="C"/>
<point x="269.70" y="129.99" b="A"/>
<point x="264.81" y="136.01" b="N"/>
<point x="266.78" y="143.31" b="N"/>
<point x="273.95" y="145.67" b="A"/>
<point x="280.85" y="148.24" b="U"/>
<point x="287.75" y="150.82" b="G"/>
<point x="295.28" y="153.39" b="A"/>
<point x="302.18" y="155.96" b="U"/>
<point x="309.08" y="158.53" b="G"/>
<point x="316.34" y="155.31" b="A"/>
<point x="323.75" y="156.65" b="N"/>
<point x="329.34" y="161.74" b="N"/>
<point x="331.15" y="169.08" b="N"/>
<point x="328.43" y="175.99" b="R"/>
<point x="322.55" y="180.47" b="Y"/>
<point x="315.00" y="180.81" b="Y"/>
<point x="308.32" y="176.89" b="U"/>
<point x="305.12" y="170.04" b="C"/>
<point x="298.22" y="167.47" b="A"/>
<point x="290.91" y="164.90" b="U"/>
<point x="283.80" y="162.33" b="C"/>
<point x="276.89" y="159.75" b="A"/>
<point x="269.58" y="157.18" b="U"/>
<point x="262.47" y="154.61" b="R"/>
<point x="256.49" y="158.95" b="A"/>
<point x="256.28" y="166.51" b="C"/>
<point x="256.28" y="174.07" b="C"/>
<point x="256.28" y="181.63" b="C"/>
<point x="256.28" y="189.19" b="U"/>
<point x="256.28" y="196.75" b="U"/>
<point x="256.28" y="204.31" b="U"/>
<point x="256.28" y="211.87" b="C"/>
<point x="256.28" y="219.43" b="C"/>
<point x="256.28" y="226.99" b="U"/>
<point x="261.63" y="232.34" b="U"/>
<point x="269.34" y="232.55" b="N"/>
<point x="276.75" y="232.34" b="U"/>
<point x="284.46" y="232.55" b="N"/>
</structure>