<structure>
<point x="19.25" y="202.77" b="G"/>
<point x="27.02" y="202.77" b="C"/>
<point x="34.58" y="202.77" b="C"/>
<point x="41.92" y="202.77" b="G"/>
<point x="49.90" y="202.77" b="A"/>
<point x="57.26" y="202.77" b="C"/>
<point x="65.02" y="202.77" b="A"/>
<point x="69.95" y="197.43" b="G"/>
<point x="70.16" y="189.87" b="C"/>
<point x="69.95" y="182.31" b="G"/>
<point x="70.37" y="174.75" b="A"/>
<point x="69.95" y="167.19" b="G"/>
<point x="69.95" y="159.63" b="G"/>
<point x="69.95" y="152.07" b="G"/>
<point x="65.42" y="146.51" b="N"/>
<point x="65.08" y="138.75" b="A"/>
<point x="69.12" y="132.50" b="C"/>
<point x="76.49" y="130.08" b="A"/>
<point x="83.45" y="132.50" b="R"/>
<point x="87.69" y="138.75" b="U"/>
<point x="87.44" y="146.51" b="N"/>
<point x="82.61" y="152.07" b="Y"/>
<point x="82.40" y="159.63" b="C"/>
<point x="82.40" y="167.19" b="C"/>
<point x="82.40" y="174.75" b="U"/>
<point x="82.40" y="182.31" b="C"/>
<point x="82.19" y="189.87" b="G"/>
<point x="82.40" y="197.43" b="C"/>
<point x="87.95" y="202.77" b="A"/>
<point x="95.46" y="202.98" b="N"/>
<point x="100.44" y="197.43" b="G"/>
<point x="100.44" y="189.87" b="G"/>
<point x="100.44" y="182.31" b="G"/>
<point x="100.65" y="174.75" b="C"/>
<point x="100.65" y="167.19" b="U"/>
<point x="100.65" y="159.63" b="C"/>
<point x="100.44" y="152.07" b="G"/>
<point x="100.44" y="144.51" b="G"/>
<point x="94.52" y="140.08" b="U"/>
<point x="91.23" y="133.56" b="N"/>
<point x="91.23" y="126.00" b="N"/>
<point x="94.73" y="119.06" b="A"/>
<point x="100.80" y="114.84" b="N"/>
<point x="100.65" y="107.08" b="C"/>
<point x="100.65" y="99.52" b="C"/>
<point x="100.44" y="91.96" b="G"/>
<point x="100.65" y="84.40" b="C"/>
<point x="97.55" y="77.50" b="C"/>
<point x="100.86" y="70.61" b="Y"/>
<point x="100.65" y="63.05" b="C"/>
<point x="100.65" y="55.49" b="C"/>
<point x="100.44" y="47.93" b="G"/>
<point x="95.30" y="42.59" b="C"/>
<point x="94.02" y="35.17" b="A"/>
<point x="96.91" y="28.19" b="A"/>
<point x="102.78" y="23.98" b="G"/>
<point x="110.34" y="23.98" b="G"/>
<point x="116.84" y="28.19" b="U"/>
<point x="119.88" y="35.38" b="N"/>
<point x="118.24" y="42.59" b="U"/>
<point x="112.89" y="47.93" b="C"/>
<point x="112.68" y="55.49" b="G"/>
<point x="112.68" y="63.05" b="G"/>
<point x="112.68" y="70.61" b="G"/>
<point x="118.49" y="65.53" b="U"/>
<point x="125.95" y="64.32" b="U"/>
<point x="132.87" y="67.38" b="C"/>
<point x="137.14" y="73.93" b="N"/>
<point x="136.99" y="81.28" b="R"/>
<point x="132.87" y="87.62" b="U"/>
<point x="125.75" y="90.68" b="G"/>
<point x="118.70" y="89.48" b="A"/>
<point x="112.68" y="84.40" b="G"/>
<point x="112.89" y="91.96" b="C"/>
<point x="112.68" y="99.52" b="G"/>
<point x="112.68" y="107.08" b="G"/>
<point x="112.89" y="114.64" b="R"/>
<point x="119.20" y="110.81" b="G"/>
<point x="127.09" y="109.69" b="Y"/>
<point x="134.03" y="111.43" b="G"/>
<point x="140.42" y="115.80" b="U"/>
<point x="144.31" y="122.15" b="G"/>
<point x="145.95" y="129.57" b="C"/>
<point x="144.52" y="137.00" b="U"/>
<point x="140.42" y="143.35" b="C"/>
<point x="134.45" y="147.71" b="A"/>
<point x="126.89" y="149.46" b="C"/>
<point x="119.20" y="148.34" b="G"/>
<point x="112.89" y="144.51" b="C"/>
<point x="112.89" y="152.07" b="C"/>
<point x="112.68" y="159.63" b="G"/>
<point x="113.10" y="167.19" b="A"/>
<point x="112.68" y="174.75" b="G"/>
<point x="112.89" y="182.31" b="C"/>
<point x="112.89" y="189.87" b="C"/>
<point x="113.10" y="197.43" b="Y"/>
<point x="118.44" y="202.77" b="A"/>
<point x="125.80" y="202.77" b="C"/>
<point x="133.56" y="202.77" b="A"/>
<point x="138.49" y="197.43" b="G"/>
<point x="138.49" y="189.87" b="G"/>
<point x="138.49" y="182.31" b="G"/>
<point x="138.70" y="174.75" b="C"/>
<point x="138.70" y="167.19" b="C"/>
<point x="138.49" y="159.63" b="G"/>
<point x="138.49" y="152.07" b="G"/>
<point x="131.86" y="149.41" b="N"/>
<point x="125.64" y="144.43" b="G"/>
<point x="121.64" y="138.15" b="C"/>
<point x="119.64" y="130.92" b="A"/>
<point x="119.43" y="123.36" b="U"/>
<point x="121.64" y="116.12" b="C"/>
<point x="125.85" y="109.85" b="C"/>
<point x="131.71" y="105.07" b="R"/>
<point x="138.70" y="102.21" b="C"/>
<point x="138.70" y="94.65" b="C"/>
<point x="138.70" y="87.09" b="C"/>
<point x="138.49" y="79.53" b="G"/>
<point x="138.70" y="71.97" b="C"/>
<point x="138.49" y="64.41" b="G"/>
<point x="138.49" y="56.85" b="G"/>
<point x="132.79" y="51.89" b="G"/>
<point x="130.85" y="44.70" b="A"/>
<point x="132.47" y="37.54" b="N"/>
<point x="137.54" y="31.86" b="C"/>
<point x="145.03" y="29.85" b="A"/>
<point x="152.11" y="31.86" b="R"/>
<point x="157.33" y="37.33" b="U"/>
<point x="158.79" y="44.70" b="G"/>
<point x="156.86" y="51.89" b="A"/>
<point x="150.94" y="56.85" b="C"/>
<point x="150.94" y="64.41" b="C"/>
<point x="150.73" y="71.97" b="G"/>
<point x="150.94" y="79.53" b="C"/>
<point x="157.64" y="83.51" b="N"/>
<point x="150.73" y="87.09" b="G"/>
<point x="150.73" y="94.65" b="G"/>
<point x="150.73" y="102.21" b="G"/>
<point x="158.56" y="103.73" b="Y"/>
<point x="164.96" y="107.40" b="C"/>
<point x="170.17" y="112.88" b="U"/>
<point x="173.50" y="119.67" b="C"/>
<point x="174.64" y="127.14" b="U"/>
<point x="173.29" y="134.61" b="G"/>
<point x="170.17" y="141.40" b="U"/>
<point x="165.11" y="147.09" b="N"/>
<point x="158.50" y="150.75" b="N"/>
<point x="150.94" y="152.07" b="C"/>
<point x="150.94" y="159.63" b="C"/>
<point x="150.73" y="167.19" b="G"/>
<point x="150.73" y="174.75" b="G"/>
<point x="150.94" y="182.31" b="C"/>
<point x="150.94" y="189.87" b="C"/>
<point x="150.94" y="197.43" b="C"/>
<point x="156.50" y="202.77" b="A"/>
<point x="163.85" y="202.77" b="C"/>
<point x="171.62" y="202.77" b="A"/>
<point x="179.12" y="202.98" b="N"/>
<point x="186.74" y="202.77" b="Y"/>
<point x="194.24" y="202.98" b="N"/>
<point x="201.80" y="202.98" b="N"/>
<point x="209.21" y="202.77" b="R"/>
<point x="216.98" y="202.77" b="A"/>
<point x="224.33" y="202.77" b="U"/>
<point x="232.04" y="202.98" b="N"/>
<point x="239.66" y="202.77" b="Y"/>
<point x="247.22" y="202.77" b="Y"/>
<point x="254.72" y="202.98" b="N"/>
</structure>