<structure>
<point x="31.20" y="202.30" b="C"/>
<point x="31.20" y="194.74" b="C"/>
<point x="31.20" y="187.18" b="U"/>
<point x="31.20" y="179.62" b="C"/>
<point x="31.20" y="172.06" b="C"/>
<point x="23.94" y="170.74" b="N"/>
<point x="17.18" y="166.87" b="U"/>
<point x="11.97" y="161.39" b="U"/>
<point x="8.64" y="154.60" b="U"/>
<point x="7.50" y="147.13" b="C"/>
<point x="8.64" y="139.66" b="U"/>
<point x="11.97" y="132.87" b="U"/>
<point x="16.97" y="127.39" b="G"/>
<point x="23.58" y="123.72" b="G"/>
<point x="31.20" y="122.20" b="C"/>
<point x="31.20" y="114.64" b="R"/>
<point x="30.99" y="107.08" b="G"/>
<point x="30.99" y="99.52" b="G"/>
<point x="31.35" y="92.16" b="N"/>
<point x="31.20" y="84.40" b="R"/>
<point x="28.30" y="77.50" b="Y"/>
<point x="31.35" y="70.81" b="N"/>
<point x="30.99" y="63.05" b="G"/>
<point x="30.99" y="55.49" b="G"/>
<point x="31.35" y="48.13" b="N"/>
<point x="26.05" y="42.59" b="Y"/>
<point x="24.36" y="35.17" b="R"/>
<point x="27.25" y="28.19" b="U"/>
<point x="33.54" y="23.98" b="R"/>
<point x="41.30" y="23.98" b="Y"/>
<point x="47.38" y="28.19" b="R"/>
<point x="50.06" y="35.17" b="G"/>
<point x="48.79" y="42.59" b="U"/>
<point x="43.59" y="48.13" b="N"/>
<point x="43.44" y="55.49" b="C"/>
<point x="43.64" y="63.05" b="Y"/>
<point x="43.59" y="70.81" b="N"/>
<point x="46.69" y="77.71" b="N"/>
<point x="43.64" y="84.40" b="Y"/>
<point x="43.64" y="91.96" b="Y"/>
<point x="43.44" y="99.52" b="C"/>
<point x="43.44" y="107.08" b="C"/>
<point x="43.64" y="114.64" b="Y"/>
<point x="43.23" y="122.20" b="G"/>
<point x="50.43" y="125.06" b="U"/>
<point x="56.44" y="130.05" b="N"/>
<point x="60.71" y="136.12" b="A"/>
<point x="62.71" y="143.35" b="U"/>
<point x="62.50" y="150.91" b="G"/>
<point x="60.51" y="158.14" b="U"/>
<point x="56.29" y="164.42" b="R"/>
<point x="50.43" y="169.19" b="C"/>
<point x="43.23" y="172.06" b="G"/>
<point x="43.23" y="179.62" b="G"/>
<point x="43.64" y="187.18" b="A"/>
<point x="43.23" y="194.74" b="G"/>
<point x="43.23" y="202.30" b="G"/>
<point x="48.93" y="207.85" b="N"/>
<point x="56.55" y="207.64" b="A"/>
<point x="63.90" y="207.64" b="R"/>
<point x="71.67" y="207.64" b="A"/>
<point x="79.02" y="207.64" b="R"/>
<point x="86.58" y="207.64" b="R"/>
<point x="94.35" y="207.64" b="A"/>
<point x="101.91" y="207.64" b="A"/>
<point x="109.26" y="207.64" b="R"/>
<point x="116.61" y="207.64" b="G"/>
<point x="124.17" y="207.64" b="G"/>
<point x="132.09" y="207.85" b="N"/>
<point x="139.65" y="207.85" b="N"/>
<point x="147.21" y="207.85" b="N"/>
<point x="154.77" y="207.85" b="N"/>
<point x="162.33" y="207.85" b="N"/>
<point x="169.89" y="207.85" b="N"/>
<point x="177.09" y="207.64" b="G"/>
<point x="185.01" y="207.85" b="N"/>
<point x="192.42" y="207.64" b="C"/>
<point x="200.19" y="207.64" b="Y"/>
<point x="207.69" y="207.85" b="N"/>
<point x="215.10" y="207.64" b="C"/>
<point x="222.81" y="207.85" b="N"/>
<point x="228.01" y="202.30" b="C"/>
<point x="228.01" y="194.74" b="R"/>
<point x="227.80" y="187.18" b="G"/>
<point x="228.22" y="179.62" b="Y"/>
<point x="227.80" y="172.06" b="G"/>
<point x="228.22" y="164.50" b="Y"/>
<point x="220.75" y="163.34" b="Y"/>
<point x="213.70" y="160.59" b="A"/>
<point x="207.22" y="156.38" b="U"/>
<point x="201.78" y="150.91" b="G"/>
<point x="198.07" y="144.45" b="U"/>
<point x="195.65" y="137.29" b="C"/>
<point x="194.82" y="129.77" b="U"/>
<point x="195.65" y="122.26" b="U"/>
<point x="198.07" y="115.10" b="C"/>
<point x="201.78" y="108.63" b="G"/>
<point x="207.01" y="103.17" b="G"/>
<point x="213.50" y="98.96" b="U"/>
<point x="220.33" y="96.21" b="G"/>
<point x="228.01" y="95.05" b="C"/>
<point x="228.01" y="87.49" b="C"/>
<point x="228.01" y="79.93" b="R"/>
<point x="227.80" y="72.37" b="G"/>
<point x="228.01" y="64.81" b="C"/>
<point x="228.01" y="57.25" b="R"/>
<point x="227.80" y="49.69" b="G"/>
<point x="222.86" y="44.35" b="Y"/>
<point x="221.18" y="36.94" b="U"/>
<point x="224.06" y="29.95" b="U"/>
<point x="230.35" y="25.75" b="C"/>
<point x="237.91" y="25.75" b="C"/>
<point x="244.34" y="30.16" b="N"/>
<point x="247.08" y="36.94" b="R"/>
<point x="245.60" y="44.35" b="U"/>
<point x="240.25" y="49.69" b="C"/>
<point x="240.46" y="57.25" b="Y"/>
<point x="240.04" y="64.81" b="G"/>
<point x="240.25" y="72.37" b="C"/>
<point x="240.46" y="79.93" b="Y"/>
<point x="240.04" y="87.49" b="G"/>
<point x="240.04" y="95.05" b="G"/>
<point x="247.51" y="97.15" b="U"/>
<point x="254.16" y="100.75" b="U"/>
<point x="259.88" y="105.69" b="C"/>
<point x="264.43" y="111.73" b="U"/>
<point x="267.78" y="118.61" b="A"/>
<point x="269.19" y="125.99" b="U"/>
<point x="269.19" y="133.55" b="C"/>
<point x="267.57" y="140.94" b="C"/>
<point x="264.43" y="147.81" b="U"/>
<point x="259.88" y="153.86" b="C"/>
<point x="254.36" y="158.79" b="A"/>
<point x="247.72" y="162.40" b="A"/>
<point x="240.40" y="164.71" b="N"/>
<point x="240.25" y="172.06" b="C"/>
<point x="240.25" y="179.62" b="R"/>
<point x="240.25" y="187.18" b="C"/>
<point x="240.46" y="194.74" b="Y"/>
<point x="240.04" y="202.30" b="G"/>
<point x="245.38" y="207.64" b="G"/>
<point x="252.94" y="207.64" b="G"/>
<point x="260.92" y="207.64" b="A"/>
<point x="268.27" y="207.64" b="C"/>
<point x="276.04" y="207.64" b="A"/>
<point x="283.55" y="207.85" b="N"/>
<point x="291.11" y="207.85" b="N"/>
<point x="298.66" y="207.85" b="N"/>
</structure>