<structure>
<point x="23.85" y="487.25" b="G"/>
<point x="23.85" y="479.69" b="G"/>
<point x="23.85" y="472.13" b="G"/>
<point x="23.85" y="464.57" b="G"/>
<point x="24.21" y="457.22" b="N"/>
<point x="24.26" y="449.45" b="Y"/>
<point x="23.85" y="441.89" b="G"/>
<point x="17.36" y="438.89" b="N"/>
<point x="11.93" y="433.63" b="N"/>
<point x="8.52" y="426.88" b="N"/>
<point x="7.50" y="419.39" b="N"/>
<point x="8.62" y="411.77" b="G"/>
<point x="12.44" y="405.25" b="G"/>
<point x="18.54" y="400.53" b="N"/>
<point x="25.42" y="397.55" b="U"/>
<point x="32.97" y="397.22" b="U"/>
<point x="40.22" y="399.37" b="C"/>
<point x="46.15" y="403.77" b="G"/>
<point x="53.16" y="400.07" b="A"/>
<point x="59.55" y="396.37" b="C"/>
<point x="66.14" y="392.66" b="R"/>
<point x="72.88" y="389.17" b="N"/>
<point x="79.47" y="385.46" b="N"/>
<point x="85.91" y="381.55" b="R"/>
<point x="92.65" y="378.06" b="N"/>
<point x="99.24" y="374.35" b="N"/>
<point x="105.83" y="370.65" b="N"/>
<point x="112.42" y="366.95" b="N"/>
<point x="119.01" y="363.24" b="N"/>
<point x="118.36" y="355.71" b="N"/>
<point x="124.95" y="352.01" b="N"/>
<point x="131.04" y="356.49" b="N"/>
<point x="137.48" y="352.58" b="R"/>
<point x="144.22" y="349.08" b="N"/>
<point x="150.81" y="345.38" b="N"/>
<point x="157.40" y="341.68" b="N"/>
<point x="163.99" y="337.97" b="N"/>
<point x="170.58" y="334.27" b="N"/>
<point x="177.17" y="330.57" b="N"/>
<point x="183.76" y="326.86" b="N"/>
<point x="190.20" y="322.95" b="R"/>
<point x="196.94" y="319.46" b="N"/>
<point x="203.54" y="315.75" b="N"/>
<point x="210.13" y="312.05" b="N"/>
<point x="216.57" y="308.14" b="C"/>
<point x="223.16" y="304.44" b="R"/>
<point x="229.90" y="300.94" b="N"/>
<point x="236.13" y="297.03" b="G"/>
<point x="243.14" y="293.33" b="Y"/>
<point x="239.73" y="286.48" b="C"/>
<point x="236.71" y="279.46" b="G"/>
<point x="234.51" y="272.29" b="R"/>
<point x="232.30" y="265.00" b="G"/>
<point x="231.08" y="257.82" b="N"/>
<point x="229.92" y="250.35" b="N"/>
<point x="222.39" y="250.95" b="N"/>
<point x="214.85" y="251.55" b="N"/>
<point x="207.32" y="252.15" b="N"/>
<point x="199.78" y="252.75" b="N"/>
<point x="192.24" y="253.35" b="N"/>
<point x="184.71" y="253.95" b="N"/>
<point x="181.42" y="260.75" b="N"/>
<point x="175.73" y="265.73" b="N"/>
<point x="168.39" y="267.88" b="C"/>
<point x="161.07" y="267.24" b="Y"/>
<point x="154.18" y="263.70" b="C"/>
<point x="149.20" y="257.83" b="G"/>
<point x="147.32" y="250.57" b="U"/>
<point x="148.38" y="243.27" b="N"/>
<point x="152.22" y="236.52" b="A"/>
<point x="158.25" y="231.97" b="A"/>
<point x="165.53" y="230.35" b="N"/>
<point x="173.00" y="231.53" b="N"/>
<point x="179.41" y="235.55" b="N"/>
<point x="183.73" y="241.75" b="N"/>
<point x="191.27" y="241.15" b="N"/>
<point x="198.81" y="240.55" b="N"/>
<point x="206.34" y="239.95" b="N"/>
<point x="213.88" y="239.35" b="N"/>
<point x="221.42" y="238.75" b="N"/>
<point x="228.95" y="238.15" b="N"/>
<point x="228.91" y="230.59" b="N"/>
<point x="229.30" y="223.03" b="N"/>
<point x="230.12" y="215.52" b="N"/>
<point x="231.36" y="208.06" b="N"/>
<point x="233.02" y="200.69" b="N"/>
<point x="235.10" y="193.42" b="N"/>
<point x="237.44" y="186.07" b="R"/>
<point x="240.33" y="179.09" b="U"/>
<point x="243.82" y="172.27" b="A"/>
<point x="247.27" y="165.66" b="R"/>
<point x="251.45" y="159.47" b="N"/>
<point x="255.90" y="153.11" b="Y"/>
<point x="260.21" y="147.21" b="G"/>
<point x="265.47" y="141.59" b="C"/>
<point x="270.99" y="136.47" b="N"/>
<point x="276.71" y="131.25" b="A"/>
<point x="282.64" y="126.57" b="A"/>
<point x="288.78" y="122.44" b="N"/>
<point x="295.06" y="118.25" b="R"/>
<point x="301.90" y="114.64" b="A"/>
<point x="308.74" y="111.41" b="Y"/>
<point x="315.54" y="108.58" b="R"/>
<point x="322.70" y="106.15" b="R"/>
<point x="330.14" y="104.33" b="N"/>
<point x="337.52" y="102.73" b="N"/>
<point x="344.99" y="101.55" b="N"/>
<point x="352.51" y="100.79" b="N"/>
<point x="360.06" y="100.46" b="N"/>
<point x="367.62" y="100.55" b="N"/>
<point x="375.17" y="101.08" b="N"/>
<point x="382.66" y="102.04" b="N"/>
<point x="390.10" y="103.41" b="N"/>
<point x="397.44" y="105.21" b="N"/>
<point x="404.67" y="107.42" b="N"/>
<point x="411.76" y="110.04" b="N"/>
<point x="418.70" y="113.06" b="N"/>
<point x="422.22" y="106.37" b="N"/>
<point x="425.74" y="99.68" b="N"/>
<point x="429.26" y="92.99" b="N"/>
<point x="432.78" y="86.30" b="N"/>
<point x="436.31" y="79.61" b="N"/>
<point x="439.83" y="72.92" b="N"/>
<point x="443.35" y="66.23" b="N"/>
<point x="446.87" y="59.54" b="N"/>
<point x="447.01" y="51.98" b="N"/>
<point x="452.66" y="46.69" b="Y"/>
<point x="460.14" y="47.48" b="N"/>
<point x="464.73" y="53.15" b="R"/>
<point x="463.86" y="60.85" b="N"/>
<point x="457.70" y="65.24" b="N"/>
<point x="454.18" y="71.93" b="N"/>
<point x="450.66" y="78.62" b="N"/>
<point x="447.14" y="85.31" b="N"/>
<point x="443.62" y="92.00" b="N"/>
<point x="440.09" y="98.69" b="N"/>
<point x="436.57" y="105.38" b="N"/>
<point x="433.05" y="112.07" b="N"/>
<point x="429.53" y="118.76" b="N"/>
<point x="435.94" y="122.77" b="N"/>
<point x="442.11" y="127.13" b="N"/>
<point x="446.92" y="121.30" b="N"/>
<point x="451.73" y="115.47" b="N"/>
<point x="456.60" y="109.43" b="Y"/>
<point x="461.36" y="103.81" b="N"/>
<point x="466.17" y="97.98" b="N"/>
<point x="470.98" y="92.15" b="N"/>
<point x="475.79" y="86.32" b="N"/>
<point x="480.61" y="80.49" b="N"/>
<point x="485.42" y="74.66" b="N"/>
<point x="487.42" y="67.37" b="N"/>
<point x="494.20" y="64.02" b="N"/>
<point x="499.01" y="58.19" b="N"/>
<point x="503.82" y="52.36" b="N"/>
<point x="508.63" y="46.53" b="N"/>
<point x="506.96" y="39.16" b="N"/>
<point x="509.00" y="31.88" b="N"/>
<point x="514.27" y="26.45" b="N"/>
<point x="521.54" y="23.98" b="Y"/>
<point x="528.96" y="25.44" b="Y"/>
<point x="534.74" y="30.46" b="N"/>
<point x="537.57" y="37.47" b="N"/>
<point x="536.72" y="44.98" b="N"/>
<point x="532.39" y="51.18" b="N"/>
<point x="525.63" y="54.56" b="N"/>
<point x="518.07" y="54.32" b="N"/>
<point x="513.26" y="60.15" b="N"/>
<point x="508.45" y="65.98" b="N"/>
<point x="503.64" y="71.81" b="N"/>
<point x="501.64" y="79.10" b="N"/>
<point x="494.86" y="82.45" b="N"/>
<point x="490.05" y="88.28" b="N"/>
<point x="485.23" y="94.11" b="N"/>
<point x="480.42" y="99.94" b="N"/>
<point x="483.06" y="107.02" b="N"/>
<point x="475.61" y="105.77" b="N"/>
<point x="470.80" y="111.60" b="N"/>
<point x="465.83" y="117.22" b="R"/>
<point x="461.17" y="123.26" b="N"/>
<point x="456.36" y="129.09" b="N"/>
<point x="451.55" y="134.92" b="N"/>
<point x="457.06" y="139.95" b="Y"/>
<point x="462.16" y="145.69" b="N"/>
<point x="466.99" y="151.50" b="N"/>
<point x="471.48" y="157.59" b="N"/>
<point x="475.62" y="163.91" b="N"/>
<point x="479.39" y="170.46" b="N"/>
<point x="482.79" y="177.22" b="N"/>
<point x="485.80" y="184.15" b="N"/>
<point x="488.41" y="191.25" b="N"/>
<point x="490.61" y="198.48" b="N"/>
<point x="492.40" y="205.82" b="N"/>
<point x="493.77" y="213.26" b="N"/>
<point x="494.57" y="220.55" b="R"/>
<point x="495.08" y="228.09" b="R"/>
<point x="495.32" y="235.86" b="N"/>
<point x="494.99" y="243.41" b="N"/>
<point x="494.22" y="250.93" b="N"/>
<point x="501.66" y="252.26" b="N"/>
<point x="509.11" y="253.58" b="N"/>
<point x="516.55" y="254.90" b="N"/>
<point x="523.99" y="256.22" b="N"/>
<point x="531.44" y="257.55" b="N"/>
<point x="538.88" y="258.87" b="N"/>
<point x="546.32" y="260.19" b="N"/>
<point x="553.77" y="261.51" b="N"/>
<point x="558.31" y="255.47" b="N"/>
<point x="564.68" y="251.40" b="N"/>
<point x="572.07" y="249.80" b="N"/>
<point x="579.55" y="250.88" b="N"/>
<point x="586.19" y="254.50" b="N"/>
<point x="591.14" y="260.21" b="N"/>
<point x="593.80" y="267.29" b="N"/>
<point x="593.81" y="274.85" b="N"/>
<point x="591.25" y="281.73" b="Y"/>
<point x="586.26" y="287.67" b="N"/>
<point x="579.64" y="291.32" b="N"/>
<point x="572.17" y="292.44" b="N"/>
<point x="564.77" y="290.87" b="N"/>
<point x="558.38" y="286.82" b="N"/>
<point x="553.81" y="280.80" b="N"/>
<point x="551.63" y="273.57" b="N"/>
<point x="544.18" y="272.24" b="N"/>
<point x="536.74" y="270.92" b="N"/>
<point x="529.30" y="269.60" b="N"/>
<point x="521.85" y="268.28" b="N"/>
<point x="514.41" y="266.95" b="N"/>
<point x="506.97" y="265.63" b="N"/>
<point x="499.52" y="264.31" b="N"/>
<point x="492.08" y="262.98" b="N"/>
<point x="490.21" y="270.31" b="N"/>
<point x="487.92" y="277.52" b="N"/>
<point x="485.23" y="284.58" b="N"/>
<point x="482.15" y="291.48" b="N"/>
<point x="478.68" y="298.20" b="N"/>
<point x="474.83" y="304.71" b="N"/>
<point x="470.62" y="310.99" b="N"/>
<point x="466.06" y="317.02" b="N"/>
<point x="461.16" y="322.78" b="N"/>
<point x="455.95" y="328.25" b="N"/>
<point x="450.44" y="333.42" b="N"/>
<point x="444.63" y="338.27" b="N"/>
<point x="438.42" y="342.58" b="R"/>
<point x="432.11" y="346.74" b="R"/>
<point x="425.72" y="350.74" b="N"/>
<point x="418.98" y="354.16" b="N"/>
<point x="412.05" y="357.19" b="N"/>
<point x="404.96" y="359.83" b="N"/>
<point x="407.07" y="367.09" b="N"/>
<point x="409.17" y="374.35" b="N"/>
<point x="411.27" y="381.61" b="N"/>
<point x="413.37" y="388.88" b="N"/>
<point x="415.47" y="396.14" b="N"/>
<point x="417.57" y="403.40" b="N"/>
<point x="419.67" y="410.66" b="N"/>
<point x="421.77" y="417.93" b="N"/>
<point x="423.87" y="425.19" b="N"/>
<point x="430.03" y="429.56" b="N"/>
<point x="432.13" y="436.83" b="N"/>
<point x="429.26" y="443.82" b="N"/>
<point x="431.36" y="451.08" b="N"/>
<point x="433.46" y="458.34" b="N"/>
<point x="440.32" y="461.52" b="N"/>
<point x="444.57" y="467.77" b="N"/>
<point x="445.01" y="475.32" b="N"/>
<point x="441.58" y="481.81" b="Y"/>
<point x="435.08" y="485.98" b="N"/>
<point x="427.52" y="486.07" b="N"/>
<point x="420.99" y="482.27" b="N"/>
<point x="417.33" y="475.65" b="N"/>
<point x="417.59" y="468.09" b="N"/>
<point x="421.70" y="461.74" b="N"/>
<point x="419.60" y="454.48" b="N"/>
<point x="417.50" y="447.22" b="N"/>
<point x="411.33" y="442.84" b="N"/>
<point x="409.23" y="435.58" b="N"/>
<point x="412.11" y="428.59" b="N"/>
<point x="410.01" y="421.33" b="N"/>
<point x="407.91" y="414.06" b="N"/>
<point x="405.81" y="406.80" b="N"/>
<point x="403.71" y="399.54" b="N"/>
<point x="401.61" y="392.28" b="N"/>
<point x="399.51" y="385.01" b="N"/>
<point x="397.41" y="377.75" b="N"/>
<point x="395.31" y="370.49" b="N"/>
<point x="393.21" y="363.23" b="N"/>
<point x="385.81" y="364.78" b="N"/>
<point x="378.18" y="365.71" b="R"/>
<point x="370.81" y="366.62" b="N"/>
<point x="363.25" y="366.90" b="N"/>
<point x="355.69" y="366.75" b="N"/>
<point x="348.16" y="366.17" b="N"/>
<point x="340.66" y="365.17" b="N"/>
<point x="333.24" y="363.74" b="N"/>
<point x="325.91" y="361.89" b="N"/>
<point x="318.69" y="359.63" b="N"/>
<point x="311.62" y="356.97" b="N"/>
<point x="304.71" y="353.91" b="N"/>
<point x="297.98" y="350.46" b="N"/>
<point x="291.46" y="346.63" b="N"/>
<point x="285.17" y="342.44" b="N"/>
<point x="278.97" y="337.70" b="R"/>
<point x="273.34" y="333.03" b="N"/>
<point x="267.85" y="327.83" b="N"/>
<point x="262.51" y="322.13" b="U"/>
<point x="257.85" y="316.35" b="A"/>
<point x="253.26" y="310.50" b="N"/>
<point x="248.93" y="304.00" b="R"/>
<point x="242.34" y="307.70" b="C"/>
<point x="235.89" y="311.61" b="N"/>
<point x="229.36" y="315.11" b="Y"/>
<point x="222.35" y="318.81" b="G"/>
<point x="228.12" y="323.93" b="U"/>
<point x="225.17" y="330.80" b="A"/>
<point x="217.61" y="330.13" b="N"/>
<point x="215.97" y="322.51" b="R"/>
<point x="209.53" y="326.42" b="N"/>
<point x="202.94" y="330.13" b="N"/>
<point x="196.35" y="333.83" b="N"/>
<point x="189.76" y="337.53" b="N"/>
<point x="183.17" y="341.24" b="N"/>
<point x="176.58" y="344.94" b="N"/>
<point x="169.99" y="348.64" b="N"/>
<point x="163.40" y="352.35" b="N"/>
<point x="156.80" y="356.05" b="N"/>
<point x="150.21" y="359.75" b="N"/>
<point x="143.62" y="363.46" b="N"/>
<point x="137.03" y="367.16" b="N"/>
<point x="132.54" y="373.24" b="N"/>
<point x="125.01" y="373.91" b="N"/>
<point x="118.42" y="377.62" b="N"/>
<point x="111.83" y="381.32" b="N"/>
<point x="105.24" y="385.02" b="N"/>
<point x="98.65" y="388.73" b="N"/>
<point x="92.11" y="392.22" b="Y"/>
<point x="85.46" y="396.13" b="N"/>
<point x="78.87" y="399.84" b="N"/>
<point x="72.34" y="403.33" b="Y"/>
<point x="65.33" y="407.04" b="G"/>
<point x="58.74" y="410.74" b="G"/>
<point x="52.57" y="414.44" b="A"/>
<point x="52.92" y="421.98" b="C"/>
<point x="50.99" y="429.29" b="R"/>
<point x="56.94" y="434.34" b="N"/>
<point x="62.39" y="438.98" b="G"/>
<point x="68.19" y="443.83" b="G"/>
<point x="73.99" y="448.67" b="G"/>
<point x="81.76" y="448.62" b="U"/>
<point x="87.82" y="453.15" b="U"/>
<point x="89.90" y="460.42" b="C"/>
<point x="87.16" y="467.46" b="R"/>
<point x="80.92" y="471.42" b="A"/>
<point x="73.34" y="470.87" b="N"/>
<point x="67.65" y="465.52" b="U"/>
<point x="66.36" y="458.07" b="C"/>
<point x="60.56" y="453.22" b="C"/>
<point x="54.75" y="448.38" b="C"/>
<point x="49.10" y="443.74" b="N"/>
<point x="43.35" y="438.69" b="Y"/>
<point x="36.30" y="441.89" b="C"/>
<point x="36.30" y="449.45" b="R"/>
<point x="36.45" y="457.22" b="N"/>
<point x="36.30" y="464.57" b="C"/>
<point x="36.30" y="472.13" b="U"/>
<point x="36.30" y="479.69" b="C"/>
<point x="36.30" y="487.25" b="C"/>
<point x="41.85" y="492.60" b="A"/>
<point x="49.41" y="492.60" b="Y"/>
<point x="56.91" y="492.80" b="N"/>
<point x="64.47" y="492.80" b="N"/>
</structure>