<structure>
<point x="50.70" y="186.68" b="U"/>
<point x="50.70" y="179.12" b="C"/>
<point x="50.70" y="171.56" b="U"/>
<point x="50.70" y="164.00" b="C"/>
<point x="43.44" y="162.71" b="N"/>
<point x="35.99" y="159.90" b="G"/>
<point x="29.58" y="156.24" b="U"/>
<point x="23.38" y="151.63" b="G"/>
<point x="18.58" y="146.16" b="A"/>
<point x="14.05" y="139.96" b="U"/>
<point x="10.50" y="133.17" b="G"/>
<point x="8.65" y="125.96" b="A"/>
<point x="7.50" y="118.49" b="A"/>
<point x="7.50" y="110.93" b="A"/>
<point x="8.65" y="103.45" b="A"/>
<point x="10.71" y="96.24" b="C"/>
<point x="14.05" y="89.46" b="U"/>
<point x="18.58" y="83.26" b="Y"/>
<point x="23.59" y="77.79" b="U"/>
<point x="29.37" y="73.17" b="G"/>
<point x="36.20" y="69.52" b="U"/>
<point x="43.29" y="66.91" b="C"/>
<point x="50.70" y="65.41" b="C"/>
<point x="50.91" y="57.85" b="A"/>
<point x="50.49" y="50.29" b="G"/>
<point x="50.70" y="42.73" b="U"/>
<point x="46.44" y="36.49" b="U"/>
<point x="47.37" y="28.99" b="C"/>
<point x="53.04" y="23.98" b="U"/>
<point x="60.39" y="23.98" b="G"/>
<point x="66.27" y="28.99" b="C"/>
<point x="67.21" y="36.49" b="U"/>
<point x="63.15" y="42.73" b="A"/>
<point x="62.94" y="50.29" b="C"/>
<point x="62.94" y="57.85" b="U"/>
<point x="62.73" y="65.41" b="G"/>
<point x="69.99" y="62.19" b="A"/>
<point x="77.14" y="60.11" b="N"/>
<point x="84.58" y="58.81" b="N"/>
<point x="92.14" y="58.52" b="N"/>
<point x="99.66" y="59.25" b="N"/>
<point x="107.03" y="60.97" b="N"/>
<point x="114.15" y="63.45" b="A"/>
<point x="120.79" y="67.06" b="A"/>
<point x="126.47" y="71.53" b="G"/>
<point x="132.28" y="76.98" b="N"/>
<point x="136.62" y="82.69" b="G"/>
<point x="140.90" y="89.19" b="A"/>
<point x="143.80" y="96.35" b="N"/>
<point x="145.44" y="103.44" b="G"/>
<point x="146.87" y="110.93" b="A"/>
<point x="146.82" y="118.70" b="N"/>
<point x="145.66" y="125.98" b="R"/>
<point x="143.86" y="133.27" b="A"/>
<point x="140.84" y="140.43" b="N"/>
<point x="136.98" y="146.93" b="N"/>
<point x="132.13" y="152.65" b="U"/>
<point x="126.83" y="158.10" b="N"/>
<point x="120.73" y="162.56" b="N"/>
<point x="113.94" y="165.97" b="R"/>
<point x="106.88" y="168.66" b="U"/>
<point x="99.51" y="170.38" b="C"/>
<point x="91.99" y="171.10" b="U"/>
<point x="84.22" y="170.81" b="G"/>
<point x="77.19" y="169.51" b="A"/>
<point x="69.57" y="167.23" b="G"/>
<point x="62.73" y="164.00" b="G"/>
<point x="63.15" y="171.56" b="A"/>
<point x="63.09" y="179.33" b="N"/>
<point x="63.15" y="186.68" b="A"/>
</structure>