<structure>
<point x="26.12" y="182.56" b="G"/>
<point x="26.48" y="175.21" b="N"/>
<point x="26.33" y="167.44" b="U"/>
<point x="26.48" y="160.09" b="N"/>
<point x="18.98" y="159.88" b="A"/>
<point x="18.92" y="152.53" b="N"/>
<point x="26.33" y="152.32" b="U"/>
<point x="26.33" y="144.76" b="R"/>
<point x="26.12" y="137.20" b="G"/>
<point x="26.54" y="129.64" b="A"/>
<point x="26.33" y="122.08" b="U"/>
<point x="20.05" y="125.96" b="A"/>
<point x="12.60" y="124.73" b="A"/>
<point x="7.50" y="118.96" b="C"/>
<point x="7.50" y="111.40" b="C"/>
<point x="12.60" y="105.64" b="A"/>
<point x="19.85" y="104.41" b="U"/>
<point x="26.54" y="108.29" b="A"/>
<point x="26.33" y="100.73" b="U"/>
<point x="26.48" y="93.38" b="N"/>
<point x="26.33" y="85.61" b="U"/>
<point x="26.48" y="78.26" b="N"/>
<point x="26.33" y="70.49" b="C"/>
<point x="19.43" y="67.40" b="C"/>
<point x="14.01" y="62.50" b="N"/>
<point x="10.32" y="55.90" b="N"/>
<point x="8.74" y="48.27" b="U"/>
<point x="9.93" y="40.78" b="A"/>
<point x="13.02" y="33.97" b="U"/>
<point x="18.49" y="28.55" b="A"/>
<point x="25.14" y="25.26" b="N"/>
<point x="32.60" y="24.06" b="N"/>
<point x="40.07" y="25.26" b="N"/>
<point x="46.62" y="28.55" b="U"/>
<point x="52.10" y="33.97" b="Y"/>
<point x="55.18" y="40.78" b="U"/>
<point x="56.17" y="48.27" b="C"/>
<point x="54.74" y="55.70" b="U"/>
<point x="51.05" y="62.30" b="C"/>
<point x="45.47" y="67.40" b="C"/>
<point x="38.72" y="70.70" b="N"/>
<point x="38.72" y="78.26" b="N"/>
<point x="38.78" y="85.61" b="A"/>
<point x="38.57" y="93.17" b="C"/>
<point x="38.78" y="100.73" b="A"/>
<point x="38.57" y="108.29" b="U"/>
<point x="41.67" y="115.18" b="C"/>
<point x="38.57" y="122.08" b="R"/>
<point x="38.72" y="129.85" b="N"/>
<point x="38.72" y="137.41" b="N"/>
<point x="38.57" y="144.76" b="U"/>
<point x="38.57" y="152.32" b="R"/>
<point x="38.78" y="159.88" b="A"/>
<point x="38.72" y="167.65" b="N"/>
<point x="38.72" y="175.21" b="N"/>
<point x="38.57" y="182.56" b="C"/>
<point x="44.13" y="187.91" b="A"/>
<point x="51.27" y="187.91" b="G"/>
<point x="59.25" y="187.91" b="A"/>
<point x="66.60" y="187.91" b="U"/>
<point x="74.37" y="187.91" b="A"/>
<point x="81.72" y="187.91" b="U"/>
<point x="89.28" y="187.91" b="U"/>
<point x="97.05" y="187.91" b="A"/>
<point x="104.61" y="187.91" b="A"/>
<point x="111.96" y="187.91" b="U"/>
<point x="117.10" y="182.56" b="G"/>
<point x="117.31" y="175.00" b="C"/>
<point x="117.31" y="167.44" b="U"/>
<point x="117.31" y="159.88" b="U"/>
<point x="117.10" y="152.32" b="G"/>
<point x="114.21" y="145.42" b="U"/>
<point x="117.46" y="138.74" b="N"/>
<point x="114.21" y="131.63" b="U"/>
<point x="117.31" y="124.74" b="U"/>
<point x="117.31" y="117.18" b="C"/>
<point x="117.31" y="109.62" b="C"/>
<point x="111.60" y="104.66" b="U"/>
<point x="109.25" y="97.47" b="C"/>
<point x="110.92" y="90.10" b="U"/>
<point x="116.14" y="84.63" b="C"/>
<point x="123.43" y="82.62" b="U"/>
<point x="130.86" y="84.84" b="N"/>
<point x="135.93" y="90.10" b="U"/>
<point x="137.81" y="97.47" b="A"/>
<point x="135.25" y="104.66" b="U"/>
<point x="129.34" y="109.62" b="G"/>
<point x="129.34" y="117.18" b="G"/>
<point x="129.75" y="124.74" b="A"/>
<point x="132.80" y="131.84" b="N"/>
<point x="129.55" y="138.53" b="C"/>
<point x="136.44" y="141.64" b="U"/>
<point x="136.44" y="149.20" b="U"/>
<point x="129.55" y="152.32" b="C"/>
<point x="129.55" y="159.88" b="R"/>
<point x="129.75" y="167.44" b="A"/>
<point x="129.34" y="175.00" b="G"/>
<point x="129.55" y="182.56" b="U"/>
<point x="134.89" y="187.91" b="U"/>
<point x="142.45" y="187.91" b="U"/>
<point x="149.80" y="187.91" b="G"/>
<point x="157.36" y="187.91" b="G"/>
<point x="165.13" y="187.91" b="C"/>
<point x="172.69" y="187.91" b="U"/>
<point x="180.40" y="188.11" b="N"/>
<point x="187.81" y="187.91" b="U"/>
<point x="195.58" y="187.91" b="Y"/>
<point x="203.14" y="187.91" b="Y"/>
<point x="210.49" y="187.91" b="U"/>
<point x="217.84" y="187.91" b="G"/>
<point x="225.61" y="187.91" b="U"/>
<point x="233.38" y="187.91" b="Y"/>
<point x="240.94" y="187.91" b="A"/>
<point x="248.29" y="187.91" b="C"/>
<point x="256.06" y="187.91" b="A"/>
<point x="263.41" y="187.91" b="U"/>
<point x="270.97" y="187.91" b="U"/>
<point x="278.74" y="187.91" b="Y"/>
</structure>