<structure>
<point x="19.25" y="347.87" b="G"/>
<point x="27.22" y="347.87" b="A"/>
<point x="34.73" y="348.08" b="N"/>
<point x="41.92" y="347.87" b="G"/>
<point x="49.48" y="347.87" b="G"/>
<point x="57.26" y="347.87" b="U"/>
<point x="64.97" y="348.08" b="N"/>
<point x="72.58" y="347.87" b="A"/>
<point x="80.09" y="348.08" b="N"/>
<point x="87.28" y="347.87" b="G"/>
<point x="95.26" y="347.87" b="A"/>
<point x="100.40" y="342.53" b="U"/>
<point x="100.19" y="334.97" b="G"/>
<point x="100.40" y="327.41" b="U"/>
<point x="100.61" y="319.85" b="Y"/>
<point x="100.61" y="312.29" b="A"/>
<point x="94.81" y="307.20" b="U"/>
<point x="92.73" y="299.93" b="C"/>
<point x="94.81" y="292.66" b="U"/>
<point x="100.40" y="287.58" b="U"/>
<point x="100.40" y="280.02" b="C"/>
<point x="95.90" y="274.10" b="A"/>
<point x="95.48" y="266.54" b="G"/>
<point x="100.40" y="260.62" b="C"/>
<point x="100.40" y="253.06" b="C"/>
<point x="100.40" y="245.50" b="R"/>
<point x="93.00" y="245.41" b="N"/>
<point x="89.30" y="238.82" b="N"/>
<point x="93.05" y="232.01" b="Y"/>
<point x="100.55" y="231.92" b="N"/>
<point x="100.19" y="224.15" b="G"/>
<point x="100.40" y="216.59" b="R"/>
<point x="100.55" y="209.24" b="N"/>
<point x="100.61" y="201.47" b="A"/>
<point x="97.09" y="194.58" b="G"/>
<point x="100.40" y="187.68" b="C"/>
<point x="100.40" y="180.12" b="C"/>
<point x="92.86" y="179.65" b="U"/>
<point x="86.62" y="175.80" b="N"/>
<point x="82.83" y="168.97" b="R"/>
<point x="82.83" y="161.41" b="R"/>
<point x="86.68" y="154.78" b="A"/>
<point x="93.01" y="150.94" b="N"/>
<point x="100.61" y="150.25" b="Y"/>
<point x="100.55" y="142.90" b="N"/>
<point x="100.61" y="135.13" b="A"/>
<point x="97.09" y="128.24" b="G"/>
<point x="100.40" y="121.34" b="C"/>
<point x="100.61" y="113.78" b="Y"/>
<point x="100.55" y="106.43" b="N"/>
<point x="92.85" y="105.92" b="U"/>
<point x="89.30" y="99.53" b="N"/>
<point x="93.05" y="92.73" b="A"/>
<point x="100.40" y="92.43" b="C"/>
<point x="100.40" y="84.87" b="C"/>
<point x="100.40" y="77.31" b="R"/>
<point x="100.19" y="69.75" b="G"/>
<point x="100.61" y="62.19" b="A"/>
<point x="97.09" y="55.29" b="G"/>
<point x="100.40" y="48.40" b="C"/>
<point x="100.40" y="40.84" b="C"/>
<point x="97.00" y="34.09" b="C"/>
<point x="99.79" y="26.98" b="A"/>
<point x="106.52" y="23.98" b="C"/>
<point x="113.67" y="26.98" b="A"/>
<point x="116.25" y="34.09" b="A"/>
<point x="112.43" y="40.84" b="G"/>
<point x="112.43" y="48.40" b="G"/>
<point x="120.19" y="48.70" b="U"/>
<point x="124.09" y="55.29" b="A"/>
<point x="120.40" y="61.89" b="A"/>
<point x="112.64" y="62.19" b="U"/>
<point x="112.64" y="69.75" b="C"/>
<point x="112.85" y="77.31" b="Y"/>
<point x="112.43" y="84.87" b="G"/>
<point x="112.43" y="92.43" b="G"/>
<point x="115.53" y="99.32" b="G"/>
<point x="112.79" y="106.43" b="N"/>
<point x="112.64" y="113.78" b="R"/>
<point x="112.43" y="121.34" b="G"/>
<point x="120.19" y="121.64" b="U"/>
<point x="124.09" y="128.24" b="A"/>
<point x="120.40" y="134.83" b="A"/>
<point x="112.64" y="135.13" b="U"/>
<point x="112.79" y="142.90" b="N"/>
<point x="112.64" y="150.25" b="R"/>
<point x="118.92" y="154.88" b="N"/>
<point x="122.36" y="161.61" b="N"/>
<point x="122.42" y="168.97" b="Y"/>
<point x="118.92" y="175.91" b="N"/>
<point x="112.43" y="180.12" b="G"/>
<point x="112.43" y="187.68" b="G"/>
<point x="120.19" y="187.98" b="U"/>
<point x="123.89" y="194.58" b="R"/>
<point x="120.40" y="201.17" b="A"/>
<point x="112.64" y="201.47" b="U"/>
<point x="112.79" y="209.24" b="N"/>
<point x="112.64" y="216.59" b="U"/>
<point x="112.64" y="224.15" b="C"/>
<point x="112.64" y="231.71" b="R"/>
<point x="115.53" y="238.61" b="G"/>
<point x="112.85" y="245.50" b="Y"/>
<point x="112.43" y="253.06" b="G"/>
<point x="112.43" y="260.62" b="G"/>
<point x="120.19" y="261.05" b="U"/>
<point x="125.59" y="266.54" b="A"/>
<point x="125.59" y="274.10" b="A"/>
<point x="120.19" y="279.59" b="U"/>
<point x="112.43" y="280.02" b="G"/>
<point x="112.85" y="287.58" b="A"/>
<point x="120.34" y="288.25" b="N"/>
<point x="125.92" y="292.71" b="G"/>
<point x="128.38" y="299.93" b="C"/>
<point x="126.13" y="307.15" b="U"/>
<point x="120.19" y="311.82" b="C"/>
<point x="112.64" y="312.29" b="U"/>
<point x="112.64" y="319.85" b="R"/>
<point x="112.43" y="327.41" b="G"/>
<point x="112.64" y="334.97" b="C"/>
<point x="112.64" y="342.53" b="R"/>
<point x="118.14" y="348.08" b="N"/>
<point x="125.70" y="348.08" b="N"/>
<point x="133.31" y="347.87" b="Y"/>
<point x="140.82" y="348.08" b="N"/>
<point x="148.38" y="348.08" b="N"/>
<point x="155.79" y="347.87" b="C"/>
<point x="163.55" y="347.87" b="A"/>
<point x="170.91" y="347.87" b="C"/>
<point x="178.47" y="347.87" b="U"/>
</structure>