<structure>
<point x="19.25" y="129.71" b="G"/>
<point x="26.80" y="129.71" b="G"/>
<point x="32.36" y="124.36" b="U"/>
<point x="32.36" y="116.80" b="U"/>
<point x="32.36" y="109.24" b="U"/>
<point x="32.57" y="101.68" b="A"/>
<point x="32.57" y="94.12" b="A"/>
<point x="32.36" y="86.56" b="U"/>
<point x="32.36" y="79.00" b="U"/>
<point x="32.57" y="71.44" b="A"/>
<point x="32.36" y="63.88" b="C"/>
<point x="32.36" y="56.32" b="C"/>
<point x="26.65" y="51.36" b="C"/>
<point x="24.51" y="44.18" b="A"/>
<point x="26.18" y="36.80" b="A"/>
<point x="30.98" y="31.33" b="G"/>
<point x="38.48" y="29.32" b="U"/>
<point x="45.77" y="31.33" b="U"/>
<point x="50.99" y="36.80" b="U"/>
<point x="52.45" y="44.18" b="G"/>
<point x="50.51" y="51.36" b="A"/>
<point x="44.39" y="56.32" b="G"/>
<point x="44.39" y="63.88" b="G"/>
<point x="44.60" y="71.44" b="U"/>
<point x="44.81" y="79.00" b="A"/>
<point x="44.81" y="86.56" b="A"/>
<point x="44.60" y="94.12" b="U"/>
<point x="44.60" y="101.68" b="U"/>
<point x="44.39" y="109.24" b="G"/>
<point x="44.81" y="116.80" b="A"/>
<point x="44.81" y="124.36" b="A"/>
<point x="49.95" y="129.71" b="U"/>
<point x="57.30" y="129.71" b="G"/>
<point x="62.85" y="124.36" b="U"/>
<point x="62.85" y="116.80" b="U"/>
<point x="62.85" y="109.24" b="U"/>
<point x="62.85" y="101.68" b="C"/>
<point x="59.75" y="94.78" b="R"/>
<point x="62.64" y="87.89" b="G"/>
<point x="62.85" y="80.33" b="C"/>
<point x="62.85" y="72.77" b="C"/>
<point x="55.89" y="69.82" b="C"/>
<point x="50.34" y="64.92" b="A"/>
<point x="45.90" y="58.52" b="G"/>
<point x="44.40" y="51.21" b="A"/>
<point x="44.34" y="43.66" b="G"/>
<point x="47.16" y="36.56" b="U"/>
<point x="51.78" y="30.58" b="U"/>
<point x="57.98" y="26.25" b="U"/>
<point x="65.19" y="23.98" b="C"/>
<point x="72.75" y="23.98" b="R"/>
<point x="79.96" y="26.25" b="R"/>
<point x="86.16" y="30.58" b="C"/>
<point x="90.78" y="36.56" b="U"/>
<point x="93.54" y="43.87" b="N"/>
<point x="93.75" y="51.21" b="C"/>
<point x="91.84" y="58.52" b="U"/>
<point x="87.60" y="64.92" b="G"/>
<point x="82.05" y="69.82" b="U"/>
<point x="74.88" y="72.77" b="G"/>
<point x="74.88" y="80.33" b="G"/>
<point x="75.09" y="87.89" b="C"/>
<point x="81.98" y="91.00" b="U"/>
<point x="81.98" y="98.56" b="U"/>
<point x="74.88" y="101.68" b="G"/>
<point x="75.30" y="109.24" b="A"/>
<point x="75.30" y="116.80" b="A"/>
<point x="75.09" y="124.36" b="R"/>
<point x="80.64" y="129.71" b="Y"/>
<point x="88.00" y="129.71" b="R"/>
<point x="95.76" y="129.71" b="A"/>
<point x="103.32" y="129.71" b="A"/>
<point x="110.88" y="129.71" b="A"/>
<point x="118.24" y="129.71" b="U"/>
<point x="125.80" y="129.71" b="U"/>
<point x="133.36" y="129.71" b="U"/>
<point x="140.92" y="129.71" b="U"/>
<point x="148.27" y="129.71" b="G"/>
<point x="155.83" y="129.71" b="G"/>
<point x="163.80" y="129.71" b="A"/>
<point x="171.36" y="129.71" b="A"/>
<point x="178.72" y="129.71" b="C"/>
<point x="183.85" y="124.36" b="G"/>
<point x="184.06" y="116.80" b="U"/>
<point x="184.06" y="109.24" b="C"/>
<point x="184.06" y="101.68" b="C"/>
<point x="184.06" y="94.12" b="U"/>
<point x="183.85" y="86.56" b="G"/>
<point x="184.06" y="79.00" b="C"/>
<point x="181.89" y="71.76" b="R"/>
<point x="186.40" y="65.69" b="U"/>
<point x="194.17" y="65.69" b="Y"/>
<point x="198.63" y="71.97" b="N"/>
<point x="196.09" y="79.00" b="G"/>
<point x="196.51" y="86.56" b="Y"/>
<point x="196.09" y="94.12" b="G"/>
<point x="196.09" y="101.68" b="G"/>
<point x="196.09" y="109.24" b="G"/>
<point x="196.51" y="116.80" b="A"/>
<point x="196.30" y="124.36" b="C"/>
<point x="201.86" y="129.71" b="A"/>
<point x="209.42" y="129.71" b="A"/>
<point x="216.98" y="129.71" b="Y"/>
</structure>