<structure>
<point x="170.97" y="545.99" b="A"/>
<point x="175.90" y="540.64" b="G"/>
<point x="175.90" y="533.08" b="G"/>
<point x="175.90" y="525.52" b="G"/>
<point x="176.31" y="517.96" b="A"/>
<point x="176.10" y="510.40" b="C"/>
<point x="176.10" y="502.84" b="C"/>
<point x="176.31" y="495.28" b="A"/>
<point x="175.90" y="487.72" b="G"/>
<point x="168.35" y="487.29" b="G"/>
<point x="161.24" y="486.54" b="A"/>
<point x="153.55" y="485.46" b="U"/>
<point x="145.91" y="484.06" b="G"/>
<point x="138.97" y="482.34" b="A"/>
<point x="131.48" y="480.30" b="U"/>
<point x="124.09" y="477.95" b="G"/>
<point x="117.22" y="475.29" b="R"/>
<point x="110.27" y="472.32" b="C"/>
<point x="103.44" y="469.06" b="U"/>
<point x="96.56" y="465.51" b="G"/>
<point x="90.26" y="461.67" b="R"/>
<point x="83.92" y="457.56" b="C"/>
<point x="77.76" y="453.17" b="C"/>
<point x="72.00" y="448.52" b="A"/>
<point x="66.25" y="443.62" b="A"/>
<point x="60.71" y="438.47" b="A"/>
<point x="55.20" y="433.09" b="U"/>
<point x="50.12" y="427.48" b="C"/>
<point x="45.30" y="421.66" b="C"/>
<point x="40.94" y="415.64" b="A"/>
<point x="36.22" y="409.43" b="G"/>
<point x="32.40" y="403.03" b="C"/>
<point x="28.64" y="396.47" b="U"/>
<point x="24.97" y="389.75" b="G"/>
<point x="21.80" y="382.88" b="G"/>
<point x="19.14" y="375.89" b="U"/>
<point x="16.73" y="368.98" b="N"/>
<point x="14.53" y="361.56" b="A"/>
<point x="12.38" y="354.25" b="U"/>
<point x="10.55" y="346.87" b="G"/>
<point x="9.25" y="339.42" b="G"/>
<point x="8.69" y="331.93" b="A"/>
<point x="7.62" y="324.39" b="G"/>
<point x="7.50" y="316.84" b="C"/>
<point x="7.50" y="309.28" b="C"/>
<point x="7.62" y="301.73" b="G"/>
<point x="8.27" y="294.20" b="G"/>
<point x="9.66" y="286.70" b="A"/>
<point x="10.55" y="279.25" b="G"/>
<point x="12.17" y="271.87" b="G"/>
<point x="14.32" y="264.56" b="C"/>
<point x="16.58" y="257.35" b="R"/>
<point x="19.14" y="250.24" b="C"/>
<point x="22.01" y="243.24" b="R"/>
<point x="25.18" y="236.38" b="C"/>
<point x="28.43" y="229.66" b="G"/>
<point x="32.19" y="223.09" b="G"/>
<point x="36.63" y="216.70" b="Y"/>
<point x="40.52" y="210.48" b="G"/>
<point x="45.30" y="204.46" b="R"/>
<point x="50.12" y="198.64" b="C"/>
<point x="55.20" y="193.03" b="C"/>
<point x="60.51" y="187.65" b="R"/>
<point x="65.83" y="182.50" b="G"/>
<point x="72.00" y="177.60" b="A"/>
<point x="77.91" y="173.16" b="N"/>
<point x="83.71" y="168.57" b="G"/>
<point x="90.26" y="164.45" b="C"/>
<point x="96.56" y="160.61" b="G"/>
<point x="103.23" y="157.06" b="G"/>
<point x="110.27" y="153.80" b="U"/>
<point x="117.01" y="150.84" b="G"/>
<point x="124.09" y="148.18" b="G"/>
<point x="131.48" y="145.82" b="C"/>
<point x="138.91" y="143.99" b="N"/>
<point x="146.12" y="142.06" b="U"/>
<point x="153.34" y="140.66" b="G"/>
<point x="161.03" y="139.59" b="U"/>
<point x="168.56" y="138.83" b="C"/>
<point x="175.90" y="138.40" b="G"/>
<point x="176.10" y="130.84" b="U"/>
<point x="175.90" y="123.28" b="G"/>
<point x="176.10" y="115.72" b="C"/>
<point x="176.31" y="108.16" b="Y"/>
<point x="175.90" y="100.60" b="G"/>
<point x="175.90" y="93.04" b="G"/>
<point x="176.10" y="85.48" b="C"/>
<point x="169.01" y="83.51" b="A"/>
<point x="162.81" y="78.65" b="G"/>
<point x="160.04" y="71.79" b="A"/>
<point x="160.04" y="64.23" b="A"/>
<point x="163.23" y="57.38" b="A"/>
<point x="169.01" y="52.51" b="Y"/>
<point x="176.10" y="50.54" b="U"/>
<point x="175.90" y="42.98" b="G"/>
<point x="176.10" y="35.42" b="C"/>
<point x="175.74" y="27.87" b="R"/>
<point x="182.01" y="23.98" b="G"/>
<point x="188.92" y="27.87" b="A"/>
<point x="188.13" y="35.42" b="G"/>
<point x="188.34" y="42.98" b="C"/>
<point x="188.55" y="50.54" b="A"/>
<point x="194.97" y="54.65" b="N"/>
<point x="198.98" y="60.61" b="G"/>
<point x="200.53" y="68.01" b="G"/>
<point x="199.19" y="75.41" b="U"/>
<point x="194.61" y="81.58" b="G"/>
<point x="188.34" y="85.48" b="R"/>
<point x="188.34" y="93.04" b="C"/>
<point x="188.34" y="100.60" b="C"/>
<point x="188.13" y="108.16" b="G"/>
<point x="188.13" y="115.72" b="G"/>
<point x="188.34" y="123.28" b="U"/>
<point x="188.50" y="131.05" b="N"/>
<point x="188.34" y="138.40" b="C"/>
<point x="196.05" y="138.39" b="N"/>
<point x="203.46" y="138.29" b="C"/>
<point x="211.22" y="138.73" b="A"/>
<point x="218.53" y="139.49" b="R"/>
<point x="226.01" y="140.58" b="U"/>
<point x="233.23" y="141.99" b="G"/>
<point x="241.01" y="143.71" b="A"/>
<point x="248.08" y="145.76" b="U"/>
<point x="255.47" y="148.11" b="A"/>
<point x="262.54" y="150.78" b="A"/>
<point x="269.29" y="153.75" b="U"/>
<point x="276.11" y="157.01" b="C"/>
<point x="282.78" y="160.57" b="U"/>
<point x="289.29" y="164.41" b="C"/>
<point x="295.83" y="168.53" b="A"/>
<point x="301.78" y="172.93" b="U"/>
<point x="307.74" y="177.58" b="C"/>
<point x="313.70" y="182.48" b="A"/>
<point x="319.03" y="187.63" b="C"/>
<point x="324.54" y="193.02" b="A"/>
<point x="329.40" y="198.63" b="R"/>
<point x="334.23" y="204.45" b="C"/>
<point x="339.00" y="210.47" b="A"/>
<point x="343.09" y="216.69" b="R"/>
<point x="347.12" y="223.09" b="C"/>
<point x="351.08" y="229.65" b="A"/>
<point x="354.12" y="236.37" b="G"/>
<point x="357.29" y="243.24" b="G"/>
<point x="360.37" y="250.23" b="U"/>
<point x="362.93" y="257.35" b="C"/>
<point x="364.97" y="264.56" b="G"/>
<point x="367.33" y="271.87" b="A"/>
<point x="368.89" y="279.46" b="N"/>
<point x="370.19" y="286.91" b="N"/>
<point x="371.02" y="294.20" b="U"/>
<point x="371.82" y="301.94" b="N"/>
<point x="372.00" y="309.28" b="C"/>
<point x="372.15" y="317.05" b="N"/>
<point x="371.46" y="324.39" b="G"/>
<point x="371.02" y="331.93" b="U"/>
<point x="369.83" y="339.42" b="G"/>
<point x="368.95" y="346.87" b="Y"/>
<point x="367.33" y="354.25" b="A"/>
<point x="364.97" y="361.56" b="G"/>
<point x="363.14" y="368.78" b="A"/>
<point x="360.37" y="375.89" b="C"/>
<point x="357.50" y="382.88" b="C"/>
<point x="354.33" y="389.75" b="U"/>
<point x="350.87" y="396.47" b="R"/>
<point x="347.27" y="403.24" b="N"/>
<point x="343.30" y="409.43" b="A"/>
<point x="338.79" y="415.65" b="C"/>
<point x="334.43" y="421.68" b="A"/>
<point x="329.40" y="427.50" b="U"/>
<point x="324.12" y="433.11" b="G"/>
<point x="319.23" y="438.49" b="A"/>
<point x="313.70" y="443.64" b="A"/>
<point x="307.95" y="448.55" b="A"/>
<point x="301.99" y="453.20" b="A"/>
<point x="295.78" y="457.80" b="N"/>
<point x="289.44" y="461.92" b="N"/>
<point x="282.78" y="465.55" b="C"/>
<point x="276.11" y="469.11" b="U"/>
<point x="269.50" y="472.38" b="A"/>
<point x="262.54" y="475.34" b="A"/>
<point x="255.47" y="478.01" b="A"/>
<point x="248.28" y="480.37" b="A"/>
<point x="240.95" y="482.62" b="N"/>
<point x="233.44" y="484.14" b="U"/>
<point x="226.01" y="485.55" b="C"/>
<point x="218.53" y="486.63" b="U"/>
<point x="210.80" y="487.39" b="G"/>
<point x="203.67" y="487.83" b="A"/>
<point x="196.11" y="487.94" b="A"/>
<point x="188.55" y="487.72" b="Y"/>
<point x="188.34" y="495.28" b="U"/>
<point x="188.34" y="502.84" b="R"/>
<point x="188.34" y="510.40" b="R"/>
<point x="188.34" y="517.96" b="U"/>
<point x="188.34" y="525.52" b="U"/>
<point x="188.34" y="533.08" b="U"/>
<point x="188.34" y="540.64" b="C"/>
<point x="193.84" y="546.19" b="N"/>
</structure>