<structure>
<point x="19.66" y="268.94" b="Y"/>
<point x="27.02" y="268.94" b="C"/>
<point x="34.78" y="268.94" b="Y"/>
<point x="42.34" y="268.94" b="Y"/>
<point x="49.70" y="268.94" b="R"/>
<point x="55.04" y="263.59" b="R"/>
<point x="55.25" y="256.03" b="Y"/>
<point x="55.04" y="248.47" b="R"/>
<point x="55.04" y="240.91" b="R"/>
<point x="55.25" y="233.35" b="Y"/>
<point x="55.04" y="225.79" b="R"/>
<point x="55.25" y="218.23" b="Y"/>
<point x="50.54" y="212.32" b="Y"/>
<point x="50.54" y="204.76" b="A"/>
<point x="55.25" y="198.84" b="A"/>
<point x="55.25" y="191.28" b="A"/>
<point x="54.83" y="183.72" b="G"/>
<point x="55.04" y="176.16" b="U"/>
<point x="54.83" y="168.60" b="G"/>
<point x="55.04" y="161.04" b="C"/>
<point x="55.04" y="153.48" b="U"/>
<point x="55.25" y="145.92" b="Y"/>
<point x="52.15" y="139.02" b="A"/>
<point x="55.25" y="132.13" b="Y"/>
<point x="55.25" y="124.57" b="A"/>
<point x="51.73" y="117.67" b="G"/>
<point x="55.04" y="110.78" b="U"/>
<point x="54.83" y="103.22" b="G"/>
<point x="55.04" y="95.66" b="C"/>
<point x="55.25" y="88.10" b="A"/>
<point x="54.83" y="80.54" b="G"/>
<point x="48.28" y="76.76" b="G"/>
<point x="55.04" y="72.98" b="U"/>
<point x="55.25" y="65.42" b="A"/>
<point x="54.83" y="57.86" b="G"/>
<point x="48.87" y="53.80" b="Y"/>
<point x="44.70" y="47.66" b="N"/>
<point x="43.45" y="39.98" b="U"/>
<point x="45.56" y="32.72" b="U"/>
<point x="50.66" y="27.20" b="N"/>
<point x="57.53" y="24.06" b="N"/>
<point x="65.09" y="24.06" b="N"/>
<point x="71.97" y="27.20" b="N"/>
<point x="76.91" y="32.92" b="N"/>
<point x="79.02" y="40.18" b="N"/>
<point x="77.98" y="47.46" b="A"/>
<point x="73.66" y="53.80" b="U"/>
<point x="67.28" y="57.86" b="C"/>
<point x="67.28" y="65.42" b="U"/>
<point x="67.49" y="72.98" b="A"/>
<point x="67.28" y="80.54" b="C"/>
<point x="67.28" y="88.10" b="U"/>
<point x="67.07" y="95.66" b="G"/>
<point x="67.28" y="103.22" b="C"/>
<point x="67.49" y="110.78" b="A"/>
<point x="70.53" y="117.88" b="N"/>
<point x="67.28" y="124.57" b="U"/>
<point x="67.28" y="132.13" b="R"/>
<point x="70.59" y="139.02" b="Y"/>
<point x="67.28" y="145.92" b="R"/>
<point x="67.28" y="153.48" b="R"/>
<point x="67.07" y="161.04" b="G"/>
<point x="67.28" y="168.60" b="C"/>
<point x="67.49" y="176.16" b="A"/>
<point x="67.28" y="183.72" b="C"/>
<point x="67.28" y="191.28" b="U"/>
<point x="67.28" y="198.84" b="U"/>
<point x="74.48" y="201.78" b="N"/>
<point x="77.48" y="208.54" b="Y"/>
<point x="74.48" y="215.71" b="N"/>
<point x="67.07" y="218.23" b="G"/>
<point x="67.49" y="225.79" b="Y"/>
<point x="67.49" y="233.35" b="A"/>
<point x="67.49" y="240.91" b="Y"/>
<point x="67.28" y="248.47" b="U"/>
<point x="67.28" y="256.03" b="R"/>
<point x="67.49" y="263.59" b="Y"/>
<point x="72.78" y="269.15" b="N"/>
<point x="80.19" y="268.94" b="R"/>
<point x="87.90" y="269.15" b="N"/>
<point x="95.31" y="268.94" b="R"/>
<point x="102.87" y="268.94" b="R"/>
</structure>