<structure>
<point x="77.60" y="199.58" b="G"/>
<point x="77.81" y="192.02" b="U"/>
<point x="77.60" y="184.46" b="G"/>
<point x="77.81" y="176.90" b="C"/>
<point x="70.46" y="176.13" b="N"/>
<point x="62.95" y="174.21" b="R"/>
<point x="55.79" y="171.79" b="U"/>
<point x="48.69" y="168.66" b="G"/>
<point x="42.56" y="164.88" b="A"/>
<point x="36.22" y="160.47" b="U"/>
<point x="30.33" y="155.47" b="G"/>
<point x="25.60" y="149.94" b="Y"/>
<point x="21.01" y="143.93" b="A"/>
<point x="16.99" y="137.70" b="N"/>
<point x="13.52" y="130.70" b="U"/>
<point x="10.90" y="123.61" b="U"/>
<point x="9.13" y="116.50" b="N"/>
<point x="7.94" y="109.04" b="N"/>
<point x="7.50" y="101.49" b="N"/>
<point x="7.65" y="93.73" b="U"/>
<point x="8.70" y="86.24" b="C"/>
<point x="10.68" y="78.89" b="A"/>
<point x="13.18" y="71.76" b="A"/>
<point x="16.16" y="64.90" b="C"/>
<point x="20.21" y="58.39" b="A"/>
<point x="24.47" y="52.30" b="C"/>
<point x="29.73" y="46.67" b="A"/>
<point x="35.10" y="41.57" b="U"/>
<point x="41.16" y="37.04" b="C"/>
<point x="47.84" y="33.13" b="A"/>
<point x="54.45" y="29.88" b="U"/>
<point x="61.57" y="27.32" b="U"/>
<point x="68.90" y="25.47" b="C"/>
<point x="76.38" y="24.36" b="U"/>
<point x="83.72" y="23.98" b="G"/>
<point x="91.68" y="24.36" b="A"/>
<point x="99.16" y="25.47" b="A"/>
<point x="106.28" y="27.32" b="R"/>
<point x="113.55" y="30.09" b="N"/>
<point x="120.37" y="33.34" b="N"/>
<point x="126.90" y="37.04" b="A"/>
<point x="132.90" y="41.78" b="N"/>
<point x="138.33" y="46.67" b="R"/>
<point x="143.38" y="52.30" b="U"/>
<point x="147.64" y="58.39" b="G"/>
<point x="151.69" y="64.90" b="U"/>
<point x="154.67" y="71.76" b="G"/>
<point x="157.53" y="79.10" b="N"/>
<point x="159.30" y="86.45" b="N"/>
<point x="159.99" y="93.73" b="G"/>
<point x="160.71" y="101.28" b="A"/>
<point x="160.06" y="108.83" b="R"/>
<point x="159.08" y="116.30" b="A"/>
<point x="157.11" y="123.82" b="N"/>
<point x="154.53" y="130.70" b="Y"/>
<point x="151.22" y="137.49" b="Y"/>
<point x="147.20" y="144.14" b="N"/>
<point x="142.67" y="149.94" b="A"/>
<point x="137.31" y="155.47" b="U"/>
<point x="131.63" y="160.47" b="R"/>
<point x="125.70" y="164.88" b="A"/>
<point x="118.95" y="168.66" b="C"/>
<point x="112.07" y="171.79" b="U"/>
<point x="104.70" y="174.21" b="G"/>
<point x="97.75" y="175.92" b="A"/>
<point x="89.84" y="176.90" b="G"/>
<point x="90.05" y="184.46" b="C"/>
<point x="90.25" y="192.02" b="A"/>
<point x="90.05" y="199.58" b="C"/>
<point x="95.60" y="204.93" b="A"/>
</structure>