<structure>
<point x="19.25" y="121.18" b="G"/>
<point x="26.80" y="121.18" b="G"/>
<point x="34.58" y="121.18" b="U"/>
<point x="42.13" y="121.18" b="U"/>
<point x="49.70" y="121.18" b="U"/>
<point x="57.26" y="121.18" b="U"/>
<point x="62.81" y="115.84" b="A"/>
<point x="62.81" y="108.28" b="A"/>
<point x="62.60" y="100.72" b="C"/>
<point x="62.60" y="93.16" b="C"/>
<point x="57.90" y="87.24" b="C"/>
<point x="58.10" y="79.68" b="A"/>
<point x="62.39" y="73.76" b="G"/>
<point x="62.60" y="66.20" b="U"/>
<point x="59.65" y="59.51" b="N"/>
<point x="62.75" y="52.62" b="N"/>
<point x="62.81" y="44.85" b="A"/>
<point x="62.60" y="37.29" b="C"/>
<point x="60.43" y="30.05" b="C"/>
<point x="65.15" y="23.98" b="A"/>
<point x="72.71" y="23.98" b="A"/>
<point x="76.80" y="30.05" b="G"/>
<point x="74.63" y="37.29" b="G"/>
<point x="74.84" y="44.85" b="U"/>
<point x="74.99" y="52.62" b="N"/>
<point x="78.09" y="59.51" b="N"/>
<point x="74.84" y="66.20" b="R"/>
<point x="74.84" y="73.76" b="C"/>
<point x="79.70" y="79.89" b="N"/>
<point x="79.70" y="87.45" b="N"/>
<point x="74.99" y="93.36" b="N"/>
<point x="74.84" y="100.72" b="R"/>
<point x="82.40" y="100.72" b="R"/>
<point x="82.40" y="108.28" b="R"/>
<point x="74.84" y="108.28" b="U"/>
<point x="74.84" y="115.84" b="U"/>
<point x="80.39" y="121.18" b="Y"/>
<point x="85.74" y="115.84" b="Y"/>
<point x="85.32" y="108.28" b="G"/>
<point x="85.74" y="100.72" b="A"/>
<point x="85.74" y="93.16" b="Y"/>
<point x="85.53" y="85.60" b="C"/>
<point x="85.53" y="78.04" b="U"/>
<point x="85.53" y="70.48" b="U"/>
<point x="85.53" y="62.92" b="U"/>
<point x="85.53" y="55.36" b="C"/>
<point x="83.15" y="48.12" b="G"/>
<point x="88.02" y="42.26" b="N"/>
<point x="95.64" y="42.05" b="A"/>
<point x="100.15" y="48.12" b="A"/>
<point x="97.56" y="55.36" b="G"/>
<point x="97.98" y="62.92" b="A"/>
<point x="97.92" y="70.68" b="N"/>
<point x="97.92" y="78.24" b="N"/>
<point x="97.56" y="85.60" b="G"/>
<point x="104.32" y="89.38" b="U"/>
<point x="97.56" y="93.16" b="G"/>
<point x="97.77" y="100.72" b="U"/>
<point x="97.98" y="108.28" b="Y"/>
<point x="97.77" y="115.84" b="R"/>
<point x="103.32" y="121.18" b="A"/>
<point x="110.88" y="121.18" b="A"/>
<point x="118.39" y="121.39" b="N"/>
<point x="125.95" y="121.39" b="N"/>
<point x="133.56" y="121.18" b="A"/>
<point x="140.92" y="121.18" b="C"/>
<point x="148.63" y="121.39" b="N"/>
<point x="156.19" y="121.39" b="N"/>
<point x="163.80" y="121.18" b="Y"/>
<point x="171.36" y="121.18" b="A"/>
<point x="178.92" y="121.18" b="A"/>
<point x="186.28" y="121.18" b="U"/>
<point x="193.84" y="121.18" b="U"/>
<point x="201.40" y="121.18" b="U"/>
<point x="208.96" y="121.18" b="U"/>
<point x="216.52" y="121.18" b="U"/>
<point x="223.87" y="121.18" b="G"/>
<point x="231.43" y="121.18" b="G"/>
<point x="239.40" y="121.18" b="A"/>
<point x="246.91" y="121.39" b="N"/>
<point x="254.52" y="121.18" b="Y"/>
<point x="262.03" y="121.39" b="N"/>
<point x="269.23" y="121.18" b="G"/>
<point x="277.00" y="121.18" b="C"/>
<point x="282.34" y="115.84" b="U"/>
<point x="282.55" y="108.28" b="Y"/>
<point x="282.55" y="100.72" b="Y"/>
<point x="282.49" y="93.36" b="N"/>
<point x="282.34" y="85.60" b="U"/>
<point x="282.34" y="78.04" b="C"/>
<point x="282.13" y="70.48" b="G"/>
<point x="282.13" y="62.92" b="G"/>
<point x="282.13" y="55.36" b="G"/>
<point x="282.13" y="47.80" b="G"/>
<point x="282.13" y="40.45" b="N"/>
<point x="288.61" y="36.57" b="N"/>
<point x="294.95" y="40.24" b="U"/>
<point x="294.58" y="47.80" b="C"/>
<point x="294.58" y="55.36" b="C"/>
<point x="300.92" y="59.14" b="G"/>
<point x="294.73" y="63.12" b="N"/>
<point x="294.73" y="70.68" b="N"/>
<point x="294.73" y="78.24" b="N"/>
<point x="294.58" y="85.60" b="R"/>
<point x="294.58" y="93.16" b="R"/>
<point x="294.37" y="100.72" b="G"/>
<point x="294.58" y="108.28" b="C"/>
<point x="294.79" y="115.84" b="A"/>
<point x="300.14" y="121.18" b="A"/>
<point x="307.70" y="121.18" b="A"/>
</structure>