<structure>
<point x="20.78" y="351.69" b="G"/>
<point x="20.99" y="344.13" b="R"/>
<point x="21.19" y="336.57" b="A"/>
<point x="18.09" y="329.68" b="Y"/>
<point x="20.78" y="322.78" b="G"/>
<point x="20.99" y="315.22" b="U"/>
<point x="20.78" y="307.66" b="G"/>
<point x="21.14" y="300.31" b="N"/>
<point x="20.78" y="292.54" b="G"/>
<point x="20.78" y="284.98" b="G"/>
<point x="20.99" y="277.42" b="R"/>
<point x="18.04" y="270.73" b="N"/>
<point x="20.78" y="263.63" b="G"/>
<point x="21.19" y="256.07" b="A"/>
<point x="13.43" y="255.77" b="U"/>
<point x="9.94" y="249.17" b="Y"/>
<point x="13.43" y="242.58" b="U"/>
<point x="20.78" y="242.28" b="G"/>
<point x="20.78" y="234.72" b="G"/>
<point x="13.60" y="236.34" b="C"/>
<point x="7.86" y="231.81" b="N"/>
<point x="7.50" y="224.04" b="G"/>
<point x="13.81" y="219.31" b="Y"/>
<point x="20.78" y="220.93" b="G"/>
<point x="21.19" y="213.37" b="A"/>
<point x="20.99" y="205.81" b="C"/>
<point x="21.19" y="198.25" b="A"/>
<point x="21.19" y="190.69" b="Y"/>
<point x="20.99" y="183.13" b="C"/>
<point x="21.19" y="175.57" b="Y"/>
<point x="21.14" y="168.22" b="N"/>
<point x="20.99" y="160.45" b="U"/>
<point x="20.99" y="152.89" b="C"/>
<point x="18.09" y="145.99" b="A"/>
<point x="20.99" y="139.10" b="C"/>
<point x="21.19" y="131.54" b="Y"/>
<point x="20.99" y="123.98" b="C"/>
<point x="20.99" y="116.42" b="C"/>
<point x="21.19" y="108.86" b="A"/>
<point x="13.43" y="108.86" b="U"/>
<point x="13.43" y="101.30" b="U"/>
<point x="20.78" y="101.30" b="G"/>
<point x="21.19" y="93.74" b="A"/>
<point x="20.99" y="86.18" b="U"/>
<point x="20.99" y="78.62" b="C"/>
<point x="20.78" y="71.06" b="G"/>
<point x="20.99" y="63.50" b="C"/>
<point x="21.19" y="55.94" b="Y"/>
<point x="14.99" y="51.61" b="A"/>
<point x="11.30" y="45.19" b="N"/>
<point x="10.99" y="37.64" b="N"/>
<point x="13.71" y="30.53" b="G"/>
<point x="19.74" y="25.71" b="U"/>
<point x="27.31" y="23.98" b="Y"/>
<point x="34.47" y="25.71" b="R"/>
<point x="40.29" y="30.53" b="R"/>
<point x="43.52" y="37.64" b="N"/>
<point x="43.06" y="44.99" b="U"/>
<point x="39.43" y="51.61" b="C"/>
<point x="33.02" y="55.94" b="G"/>
<point x="33.02" y="63.50" b="G"/>
<point x="33.23" y="71.06" b="C"/>
<point x="39.77" y="74.84" b="U"/>
<point x="33.02" y="78.62" b="G"/>
<point x="33.43" y="86.18" b="A"/>
<point x="33.23" y="93.74" b="U"/>
<point x="33.23" y="101.30" b="C"/>
<point x="33.23" y="108.86" b="U"/>
<point x="33.02" y="116.42" b="G"/>
<point x="33.02" y="123.98" b="G"/>
<point x="40.79" y="123.98" b="C"/>
<point x="40.79" y="131.54" b="U"/>
<point x="33.02" y="131.54" b="G"/>
<point x="33.02" y="139.10" b="G"/>
<point x="40.99" y="139.40" b="Y"/>
<point x="44.68" y="145.99" b="Y"/>
<point x="40.78" y="152.59" b="R"/>
<point x="33.02" y="152.89" b="G"/>
<point x="33.23" y="160.45" b="R"/>
<point x="33.43" y="168.01" b="Y"/>
<point x="33.38" y="175.78" b="N"/>
<point x="33.02" y="183.13" b="G"/>
<point x="33.02" y="190.69" b="G"/>
<point x="33.23" y="198.25" b="U"/>
<point x="33.23" y="205.81" b="R"/>
<point x="33.23" y="213.37" b="U"/>
<point x="33.23" y="220.93" b="C"/>
<point x="36.32" y="227.82" b="C"/>
<point x="33.23" y="234.72" b="C"/>
<point x="33.23" y="242.28" b="C"/>
<point x="36.53" y="249.17" b="Y"/>
<point x="33.23" y="256.07" b="U"/>
<point x="33.23" y="263.63" b="C"/>
<point x="40.26" y="266.95" b="N"/>
<point x="40.11" y="274.31" b="U"/>
<point x="33.38" y="277.63" b="N"/>
<point x="33.23" y="284.98" b="C"/>
<point x="33.23" y="292.54" b="C"/>
<point x="33.38" y="300.31" b="N"/>
<point x="33.23" y="307.66" b="C"/>
<point x="33.43" y="315.22" b="A"/>
<point x="33.23" y="322.78" b="C"/>
<point x="40.99" y="323.08" b="Y"/>
<point x="44.47" y="329.68" b="R"/>
<point x="40.99" y="336.27" b="Y"/>
<point x="33.23" y="336.57" b="U"/>
<point x="33.23" y="344.13" b="C"/>
<point x="33.23" y="351.69" b="C"/>
<point x="38.57" y="357.04" b="R"/>
<point x="46.34" y="357.04" b="Y"/>
<point x="53.48" y="357.04" b="G"/>
<point x="61.46" y="357.04" b="Y"/>
<point x="68.81" y="357.04" b="R"/>
<point x="76.58" y="357.04" b="Y"/>
<point x="83.72" y="357.04" b="G"/>
<point x="89.43" y="351.90" b="N"/>
<point x="89.28" y="344.13" b="C"/>
<point x="89.28" y="336.57" b="C"/>
<point x="89.28" y="329.01" b="C"/>
<point x="89.28" y="321.45" b="U"/>
<point x="89.28" y="313.89" b="C"/>
<point x="84.22" y="308.27" b="C"/>
<point x="76.70" y="307.48" b="C"/>
<point x="68.97" y="306.69" b="G"/>
<point x="61.87" y="305.90" b="A"/>
<point x="57.37" y="312.22" b="N"/>
<point x="53.93" y="305.11" b="G"/>
<point x="46.63" y="304.32" b="C"/>
<point x="39.76" y="306.99" b="Y"/>
<point x="32.91" y="303.89" b="N"/>
<point x="30.71" y="296.47" b="Y"/>
<point x="34.21" y="289.88" b="R"/>
<point x="41.55" y="288.05" b="C"/>
<point x="47.70" y="292.14" b="G"/>
<point x="55.43" y="292.94" b="C"/>
<point x="62.94" y="293.73" b="U"/>
<point x="70.46" y="294.52" b="C"/>
<point x="77.77" y="295.31" b="G"/>
<point x="85.29" y="296.10" b="G"/>
<point x="91.62" y="291.66" b="U"/>
<point x="93.34" y="284.47" b="N"/>
<point x="94.55" y="276.87" b="G"/>
<point x="87.41" y="276.92" b="A"/>
<point x="82.43" y="271.06" b="R"/>
<point x="83.79" y="263.66" b="G"/>
<point x="90.90" y="260.46" b="N"/>
<point x="97.79" y="263.59" b="N"/>
<point x="99.36" y="256.19" b="N"/>
<point x="100.78" y="248.59" b="R"/>
<point x="98.06" y="241.81" b="N"/>
<point x="100.54" y="234.66" b="N"/>
<point x="107.12" y="230.95" b="N"/>
<point x="114.58" y="232.31" b="Y"/>
<point x="119.02" y="238.60" b="N"/>
<point x="118.38" y="246.13" b="N"/>
<point x="112.96" y="251.14" b="Y"/>
<point x="111.18" y="258.53" b="C"/>
<point x="109.81" y="265.93" b="Y"/>
<point x="111.20" y="273.32" b="C"/>
<point x="106.94" y="279.42" b="Y"/>
<point x="105.31" y="287.02" b="N"/>
<point x="103.59" y="294.21" b="R"/>
<point x="107.52" y="300.96" b="N"/>
<point x="106.73" y="308.48" b="N"/>
<point x="101.31" y="313.89" b="G"/>
<point x="101.52" y="321.45" b="R"/>
<point x="101.67" y="329.22" b="N"/>
<point x="101.52" y="336.57" b="R"/>
<point x="108.21" y="340.56" b="N"/>
<point x="101.31" y="344.13" b="G"/>
<point x="101.67" y="351.90" b="N"/>
<point x="107.01" y="357.24" b="N"/>
<point x="114.57" y="357.24" b="N"/>
<point x="122.19" y="357.04" b="Y"/>
<point x="129.69" y="357.24" b="N"/>
<point x="137.25" y="357.24" b="N"/>
<point x="144.87" y="357.04" b="Y"/>
<point x="152.43" y="357.04" b="Y"/>
<point x="159.93" y="357.24" b="N"/>
<point x="167.55" y="357.04" b="Y"/>
<point x="175.05" y="357.24" b="N"/>
<point x="182.46" y="357.04" b="R"/>
<point x="190.17" y="357.24" b="N"/>
<point x="197.73" y="357.24" b="N"/>
<point x="205.35" y="357.04" b="Y"/>
<point x="212.85" y="357.24" b="N"/>
<point x="220.41" y="357.24" b="N"/>
<point x="227.61" y="357.04" b="G"/>
<point x="235.17" y="357.04" b="G"/>
<point x="242.73" y="357.04" b="G"/>
<point x="250.50" y="357.04" b="U"/>
<point x="258.21" y="357.24" b="N"/>
<point x="265.62" y="357.04" b="U"/>
<point x="273.39" y="357.04" b="A"/>
<point x="280.89" y="357.24" b="N"/>
<point x="288.45" y="357.24" b="N"/>
<point x="296.01" y="357.24" b="N"/>
<point x="303.21" y="357.04" b="G"/>
<point x="310.98" y="357.04" b="U"/>
<point x="318.75" y="357.04" b="A"/>
<point x="323.89" y="351.69" b="R"/>
<point x="323.89" y="344.13" b="C"/>
<point x="323.89" y="336.57" b="U"/>
<point x="318.29" y="331.49" b="R"/>
<point x="316.22" y="324.22" b="C"/>
<point x="318.29" y="316.95" b="R"/>
<point x="323.89" y="311.86" b="C"/>
<point x="323.89" y="304.30" b="U"/>
<point x="321.00" y="297.41" b="Y"/>
<point x="323.89" y="290.51" b="C"/>
<point x="323.89" y="282.95" b="C"/>
<point x="323.89" y="275.39" b="C"/>
<point x="324.04" y="268.04" b="N"/>
<point x="323.68" y="260.27" b="G"/>
<point x="324.09" y="252.71" b="Y"/>
<point x="316.60" y="253.70" b="Y"/>
<point x="309.75" y="250.51" b="A"/>
<point x="305.27" y="244.14" b="G"/>
<point x="305.48" y="236.58" b="R"/>
<point x="309.69" y="230.41" b="N"/>
<point x="316.60" y="227.01" b="Y"/>
<point x="324.04" y="228.21" b="N"/>
<point x="323.89" y="220.44" b="U"/>
<point x="323.89" y="212.88" b="C"/>
<point x="324.09" y="205.32" b="Y"/>
<point x="317.21" y="202.21" b="A"/>
<point x="317.21" y="194.65" b="A"/>
<point x="324.09" y="191.53" b="A"/>
<point x="324.09" y="183.97" b="Y"/>
<point x="324.04" y="176.62" b="N"/>
<point x="324.04" y="169.06" b="N"/>
<point x="324.04" y="161.50" b="N"/>
<point x="317.51" y="157.68" b="N"/>
<point x="313.01" y="151.61" b="N"/>
<point x="311.23" y="144.26" b="N"/>
<point x="312.32" y="136.59" b="U"/>
<point x="316.58" y="130.22" b="Y"/>
<point x="322.81" y="125.93" b="A"/>
<point x="330.01" y="124.42" b="R"/>
<point x="337.42" y="125.93" b="R"/>
<point x="343.64" y="130.22" b="R"/>
<point x="347.85" y="136.80" b="N"/>
<point x="349.09" y="144.26" b="N"/>
<point x="347.31" y="151.61" b="N"/>
<point x="342.80" y="157.68" b="N"/>
<point x="336.28" y="161.50" b="N"/>
<point x="336.28" y="169.06" b="N"/>
<point x="336.28" y="176.62" b="N"/>
<point x="336.28" y="184.18" b="N"/>
<point x="336.28" y="191.74" b="N"/>
<point x="339.38" y="198.63" b="N"/>
<point x="336.28" y="205.53" b="N"/>
<point x="336.28" y="213.09" b="N"/>
<point x="336.28" y="220.65" b="N"/>
<point x="336.28" y="228.21" b="N"/>
<point x="341.87" y="233.29" b="N"/>
<point x="343.95" y="240.56" b="N"/>
<point x="341.87" y="247.83" b="N"/>
<point x="336.13" y="252.71" b="R"/>
<point x="336.28" y="260.48" b="N"/>
<point x="336.28" y="268.04" b="N"/>
<point x="336.28" y="275.60" b="N"/>
<point x="336.28" y="283.16" b="N"/>
<point x="336.28" y="290.72" b="N"/>
<point x="339.38" y="297.61" b="N"/>
<point x="336.13" y="304.30" b="R"/>
<point x="336.28" y="312.07" b="N"/>
<point x="341.87" y="317.15" b="N"/>
<point x="343.95" y="324.42" b="N"/>
<point x="341.87" y="331.69" b="N"/>
<point x="336.33" y="336.57" b="A"/>
<point x="336.28" y="344.34" b="N"/>
<point x="336.28" y="351.90" b="N"/>
<point x="341.62" y="357.24" b="N"/>
<point x="349.18" y="357.24" b="N"/>
<point x="356.74" y="357.24" b="N"/>
<point x="364.30" y="357.24" b="N"/>
<point x="371.86" y="357.24" b="N"/>
<point x="379.42" y="357.24" b="N"/>
<point x="386.98" y="357.24" b="N"/>
<point x="394.54" y="357.24" b="N"/>
<point x="402.10" y="357.24" b="N"/>
<point x="409.66" y="357.24" b="N"/>
<point x="417.22" y="357.24" b="N"/>
<point x="424.78" y="357.24" b="N"/>
<point x="432.34" y="357.24" b="N"/>
<point x="439.90" y="357.24" b="N"/>
<point x="447.52" y="357.04" b="Y"/>
<point x="455.02" y="357.24" b="N"/>
<point x="462.64" y="357.04" b="Y"/>
<point x="470.14" y="357.24" b="N"/>
<point x="477.76" y="357.04" b="Y"/>
<point x="485.32" y="357.04" b="Y"/>
<point x="492.88" y="357.04" b="Y"/>
<point x="498.23" y="351.69" b="A"/>
<point x="498.17" y="344.34" b="N"/>
<point x="498.17" y="336.78" b="N"/>
<point x="495.07" y="329.88" b="N"/>
<point x="498.17" y="322.99" b="N"/>
<point x="498.17" y="315.43" b="N"/>
<point x="498.17" y="307.87" b="N"/>
<point x="498.17" y="300.31" b="N"/>
<point x="498.23" y="292.54" b="Y"/>
<point x="498.17" y="285.19" b="N"/>
<point x="498.23" y="277.42" b="Y"/>
<point x="498.02" y="269.86" b="U"/>
<point x="498.02" y="262.30" b="R"/>
<point x="498.17" y="254.95" b="N"/>
<point x="494.77" y="248.20" b="N"/>
<point x="497.35" y="241.09" b="N"/>
<point x="504.14" y="237.89" b="R"/>
<point x="511.08" y="240.88" b="U"/>
<point x="513.45" y="247.99" b="G"/>
<point x="510.05" y="254.74" b="G"/>
<point x="510.47" y="262.30" b="Y"/>
<point x="510.47" y="269.86" b="A"/>
<point x="510.26" y="277.42" b="R"/>
<point x="510.41" y="285.19" b="N"/>
<point x="517.97" y="285.19" b="N"/>
<point x="517.97" y="292.75" b="N"/>
<point x="510.05" y="292.54" b="G"/>
<point x="510.47" y="300.10" b="Y"/>
<point x="510.41" y="307.87" b="N"/>
<point x="510.41" y="315.43" b="N"/>
<point x="510.41" y="322.99" b="N"/>
<point x="517.30" y="326.10" b="N"/>
<point x="517.30" y="333.66" b="N"/>
<point x="510.41" y="336.78" b="N"/>
<point x="510.47" y="344.13" b="Y"/>
<point x="510.26" y="351.69" b="U"/>
</structure>