<structure>
<point x="19.45" y="144.33" b="R"/>
<point x="27.16" y="144.54" b="N"/>
<point x="32.51" y="139.19" b="N"/>
<point x="32.51" y="131.63" b="N"/>
<point x="32.36" y="123.86" b="C"/>
<point x="32.36" y="116.30" b="C"/>
<point x="32.36" y="108.74" b="U"/>
<point x="32.36" y="101.18" b="U"/>
<point x="32.51" y="93.83" b="N"/>
<point x="25.81" y="97.40" b="U"/>
<point x="19.47" y="93.62" b="A"/>
<point x="19.47" y="86.06" b="A"/>
<point x="25.96" y="82.49" b="N"/>
<point x="32.51" y="86.27" b="N"/>
<point x="32.57" y="78.50" b="Y"/>
<point x="32.57" y="70.94" b="A"/>
<point x="32.15" y="63.38" b="G"/>
<point x="32.36" y="55.82" b="U"/>
<point x="32.36" y="48.26" b="C"/>
<point x="28.10" y="42.02" b="C"/>
<point x="29.18" y="34.73" b="N"/>
<point x="34.49" y="29.52" b="G"/>
<point x="42.41" y="29.72" b="N"/>
<point x="47.72" y="34.52" b="G"/>
<point x="49.07" y="42.02" b="A"/>
<point x="44.39" y="48.26" b="G"/>
<point x="44.39" y="55.82" b="G"/>
<point x="44.60" y="63.38" b="C"/>
<point x="44.60" y="70.94" b="U"/>
<point x="44.60" y="78.50" b="R"/>
<point x="44.60" y="86.06" b="R"/>
<point x="44.75" y="93.83" b="N"/>
<point x="44.81" y="101.18" b="A"/>
<point x="44.81" y="108.74" b="A"/>
<point x="44.39" y="116.30" b="G"/>
<point x="44.39" y="123.86" b="G"/>
<point x="44.75" y="131.63" b="N"/>
<point x="44.75" y="139.19" b="N"/>
<point x="50.10" y="144.54" b="N"/>
<point x="57.66" y="144.54" b="N"/>
<point x="65.22" y="144.54" b="N"/>
<point x="72.78" y="144.54" b="N"/>
<point x="80.34" y="144.54" b="N"/>
<point x="87.90" y="144.54" b="N"/>
<point x="93.09" y="138.98" b="R"/>
<point x="93.24" y="131.63" b="N"/>
<point x="93.24" y="124.07" b="N"/>
<point x="93.24" y="116.51" b="N"/>
<point x="93.24" y="108.95" b="N"/>
<point x="93.24" y="101.39" b="N"/>
<point x="93.24" y="93.83" b="N"/>
<point x="93.24" y="86.27" b="N"/>
<point x="93.24" y="78.71" b="N"/>
<point x="93.24" y="71.15" b="N"/>
<point x="93.24" y="63.59" b="N"/>
<point x="93.24" y="56.03" b="N"/>
<point x="93.24" y="48.47" b="N"/>
<point x="93.24" y="40.91" b="N"/>
<point x="91.07" y="33.67" b="N"/>
<point x="95.58" y="27.60" b="N"/>
<point x="103.14" y="27.60" b="N"/>
<point x="107.66" y="33.67" b="N"/>
<point x="105.48" y="40.91" b="N"/>
<point x="105.48" y="48.47" b="N"/>
<point x="105.48" y="56.03" b="N"/>
<point x="105.48" y="63.59" b="N"/>
<point x="105.48" y="71.15" b="N"/>
<point x="105.48" y="78.71" b="N"/>
<point x="105.48" y="86.27" b="N"/>
<point x="105.48" y="93.83" b="N"/>
<point x="105.48" y="101.39" b="N"/>
<point x="105.48" y="108.95" b="N"/>
<point x="105.48" y="116.51" b="N"/>
<point x="105.48" y="124.07" b="N"/>
<point x="105.48" y="131.63" b="N"/>
<point x="105.48" y="139.19" b="N"/>
<point x="110.83" y="144.54" b="N"/>
<point x="118.39" y="144.54" b="N"/>
<point x="123.73" y="139.19" b="N"/>
<point x="123.73" y="131.63" b="N"/>
<point x="123.73" y="124.07" b="N"/>
<point x="123.73" y="116.51" b="N"/>
<point x="123.73" y="108.95" b="N"/>
<point x="123.73" y="101.39" b="N"/>
<point x="123.79" y="93.62" b="Y"/>
<point x="123.79" y="86.06" b="Y"/>
<point x="123.79" y="78.50" b="Y"/>
<point x="123.73" y="71.15" b="N"/>
<point x="123.73" y="63.59" b="N"/>
<point x="123.73" y="56.03" b="N"/>
<point x="123.73" y="48.47" b="N"/>
<point x="123.73" y="40.91" b="N"/>
<point x="120.33" y="34.16" b="N"/>
<point x="122.97" y="26.85" b="Y"/>
<point x="129.85" y="24.06" b="N"/>
<point x="136.79" y="27.05" b="N"/>
<point x="139.38" y="34.16" b="N"/>
<point x="135.97" y="40.91" b="N"/>
<point x="135.97" y="48.47" b="N"/>
<point x="135.97" y="56.03" b="N"/>
<point x="135.82" y="63.38" b="R"/>
<point x="135.97" y="71.15" b="N"/>
<point x="135.82" y="78.50" b="R"/>
<point x="135.82" y="86.06" b="R"/>
<point x="135.82" y="93.62" b="R"/>
<point x="135.97" y="101.39" b="N"/>
<point x="135.97" y="108.95" b="N"/>
<point x="135.97" y="116.51" b="N"/>
<point x="135.82" y="123.86" b="U"/>
<point x="135.82" y="131.42" b="U"/>
<point x="135.82" y="138.98" b="U"/>
<point x="141.17" y="144.33" b="U"/>
<point x="148.73" y="144.33" b="U"/>
<point x="156.44" y="144.54" b="N"/>
<point x="164.00" y="144.54" b="N"/>
<point x="171.41" y="144.33" b="U"/>
</structure>