<structure>
<point x="18.93" y="121.03" b="U"/>
<point x="18.93" y="113.47" b="C"/>
<point x="18.72" y="105.92" b="G"/>
<point x="18.72" y="98.35" b="G"/>
<point x="18.93" y="90.79" b="C"/>
<point x="18.93" y="83.23" b="C"/>
<point x="18.93" y="75.67" b="R"/>
<point x="11.94" y="78.01" b="Y"/>
<point x="7.50" y="71.89" b="A"/>
<point x="11.94" y="65.78" b="A"/>
<point x="19.13" y="68.11" b="A"/>
<point x="18.93" y="60.55" b="C"/>
<point x="19.13" y="52.99" b="A"/>
<point x="12.94" y="48.37" b="C"/>
<point x="10.04" y="41.67" b="N"/>
<point x="10.50" y="33.92" b="C"/>
<point x="14.83" y="27.59" b="A"/>
<point x="21.27" y="23.98" b="R"/>
<point x="28.83" y="23.98" b="U"/>
<point x="35.47" y="27.59" b="C"/>
<point x="39.75" y="34.13" b="N"/>
<point x="40.36" y="41.67" b="N"/>
<point x="37.15" y="48.37" b="C"/>
<point x="31.32" y="53.20" b="N"/>
<point x="30.96" y="60.55" b="G"/>
<point x="31.17" y="68.11" b="U"/>
<point x="31.32" y="75.88" b="N"/>
<point x="30.96" y="83.23" b="G"/>
<point x="30.96" y="90.79" b="G"/>
<point x="31.17" y="98.35" b="C"/>
<point x="31.17" y="105.92" b="C"/>
<point x="30.96" y="113.47" b="G"/>
<point x="31.17" y="121.03" b="R"/>
</structure>