<structure>
<point x="19.45" y="95.56" b="C"/>
<point x="27.22" y="95.56" b="A"/>
<point x="34.58" y="95.56" b="C"/>
<point x="42.13" y="95.56" b="U"/>
<point x="49.70" y="95.56" b="C"/>
<point x="57.26" y="95.56" b="C"/>
<point x="64.81" y="95.56" b="C"/>
<point x="72.38" y="95.56" b="U"/>
<point x="79.72" y="95.56" b="G"/>
<point x="87.50" y="95.56" b="U"/>
<point x="95.26" y="95.56" b="A"/>
<point x="102.61" y="95.56" b="R"/>
<point x="107.96" y="90.21" b="U"/>
<point x="107.96" y="82.65" b="C"/>
<point x="107.96" y="75.09" b="U"/>
<point x="108.17" y="67.53" b="A"/>
<point x="107.96" y="59.97" b="U"/>
<point x="107.75" y="52.41" b="G"/>
<point x="107.96" y="44.85" b="C"/>
<point x="107.96" y="37.29" b="U"/>
<point x="105.79" y="30.05" b="U"/>
<point x="110.09" y="23.98" b="G"/>
<point x="118.07" y="23.98" b="Y"/>
<point x="122.16" y="30.05" b="G"/>
<point x="120.20" y="37.29" b="R"/>
<point x="119.99" y="44.85" b="G"/>
<point x="120.20" y="52.41" b="C"/>
<point x="120.35" y="60.18" b="N"/>
<point x="120.20" y="67.53" b="U"/>
<point x="120.41" y="75.09" b="A"/>
<point x="119.99" y="82.65" b="G"/>
<point x="120.41" y="90.21" b="A"/>
<point x="125.75" y="95.56" b="Y"/>
<point x="133.11" y="95.56" b="U"/>
<point x="140.67" y="95.56" b="U"/>
<point x="148.23" y="95.56" b="U"/>
<point x="155.79" y="95.56" b="U"/>
<point x="163.35" y="95.56" b="C"/>
<point x="171.11" y="95.56" b="A"/>
<point x="178.47" y="95.56" b="U"/>
<point x="186.23" y="95.56" b="A"/>
<point x="193.38" y="95.56" b="G"/>
</structure>