<structure>
<point x="17.24" y="168.89" b="C"/>
<point x="17.24" y="161.33" b="U"/>
<point x="17.24" y="153.77" b="U"/>
<point x="17.03" y="146.21" b="G"/>
<point x="17.45" y="138.65" b="A"/>
<point x="17.24" y="131.09" b="U"/>
<point x="17.24" y="123.53" b="U"/>
<point x="17.03" y="115.97" b="G"/>
<point x="17.24" y="108.41" b="U"/>
<point x="17.45" y="100.85" b="A"/>
<point x="17.24" y="93.29" b="U"/>
<point x="17.24" y="85.73" b="U"/>
<point x="17.24" y="78.17" b="U"/>
<point x="17.24" y="70.61" b="U"/>
<point x="17.24" y="63.05" b="U"/>
<point x="17.45" y="55.49" b="A"/>
<point x="17.45" y="47.93" b="A"/>
<point x="12.09" y="42.59" b="A"/>
<point x="10.41" y="35.17" b="U"/>
<point x="13.30" y="28.19" b="U"/>
<point x="19.79" y="23.98" b="A"/>
<point x="27.35" y="23.98" b="A"/>
<point x="33.43" y="28.19" b="U"/>
<point x="36.31" y="35.17" b="U"/>
<point x="34.83" y="42.59" b="C"/>
<point x="29.48" y="47.93" b="U"/>
<point x="29.48" y="55.49" b="U"/>
<point x="29.69" y="63.05" b="A"/>
<point x="29.69" y="70.61" b="A"/>
<point x="29.69" y="78.17" b="A"/>
<point x="29.69" y="85.73" b="A"/>
<point x="29.69" y="93.29" b="A"/>
<point x="36.03" y="97.07" b="C"/>
<point x="29.48" y="100.85" b="U"/>
<point x="29.69" y="108.41" b="A"/>
<point x="29.48" y="115.97" b="C"/>
<point x="29.69" y="123.53" b="A"/>
<point x="36.23" y="127.31" b="A"/>
<point x="29.69" y="131.09" b="A"/>
<point x="29.48" y="138.65" b="U"/>
<point x="29.48" y="146.21" b="U"/>
<point x="29.69" y="153.77" b="A"/>
<point x="29.69" y="161.33" b="A"/>
<point x="29.27" y="168.89" b="G"/>
</structure>