<structure>
<point x="19.66" y="127.88" b="Y"/>
<point x="26.80" y="127.88" b="G"/>
<point x="34.58" y="127.88" b="C"/>
<point x="42.34" y="127.88" b="A"/>
<point x="49.48" y="127.88" b="G"/>
<point x="57.05" y="127.88" b="G"/>
<point x="64.61" y="127.88" b="G"/>
<point x="72.58" y="127.88" b="A"/>
<point x="79.72" y="127.88" b="G"/>
<point x="87.50" y="127.88" b="C"/>
<point x="95.26" y="127.88" b="A"/>
<point x="102.82" y="127.88" b="A"/>
<point x="110.17" y="127.88" b="C"/>
<point x="117.73" y="127.88" b="C"/>
<point x="125.50" y="127.88" b="A"/>
<point x="133.06" y="127.88" b="A"/>
<point x="140.41" y="127.88" b="R"/>
<point x="148.12" y="128.09" b="N"/>
<point x="155.53" y="127.88" b="C"/>
<point x="163.30" y="127.88" b="A"/>
<point x="170.86" y="127.88" b="A"/>
<point x="178.42" y="127.88" b="A"/>
<point x="185.98" y="127.88" b="A"/>
<point x="193.54" y="127.88" b="A"/>
<point x="201.10" y="127.88" b="A"/>
<point x="208.25" y="127.88" b="G"/>
<point x="216.22" y="127.88" b="A"/>
<point x="223.37" y="127.88" b="G"/>
<point x="231.13" y="127.88" b="U"/>
<point x="238.49" y="127.88" b="G"/>
<point x="246.46" y="127.88" b="A"/>
<point x="251.81" y="122.53" b="A"/>
<point x="251.60" y="114.97" b="C"/>
<point x="251.60" y="107.41" b="C"/>
<point x="251.39" y="99.85" b="G"/>
<point x="251.39" y="92.29" b="G"/>
<point x="251.60" y="84.73" b="C"/>
<point x="248.71" y="77.84" b="A"/>
<point x="251.39" y="70.94" b="G"/>
<point x="251.60" y="63.38" b="C"/>
<point x="251.75" y="56.03" b="N"/>
<point x="251.75" y="48.47" b="N"/>
<point x="251.60" y="40.70" b="C"/>
<point x="248.35" y="34.16" b="N"/>
<point x="250.93" y="27.05" b="N"/>
<point x="257.87" y="24.06" b="N"/>
<point x="264.81" y="27.05" b="N"/>
<point x="267.39" y="34.16" b="N"/>
<point x="263.63" y="40.70" b="G"/>
<point x="263.99" y="48.47" b="N"/>
<point x="263.63" y="55.82" b="G"/>
<point x="270.39" y="59.60" b="C"/>
<point x="263.63" y="63.38" b="G"/>
<point x="263.84" y="70.94" b="C"/>
<point x="266.73" y="77.84" b="G"/>
<point x="263.63" y="84.73" b="G"/>
<point x="263.84" y="92.29" b="C"/>
<point x="263.84" y="99.85" b="C"/>
<point x="263.63" y="107.41" b="G"/>
<point x="263.63" y="114.97" b="G"/>
<point x="263.84" y="122.53" b="U"/>
<point x="269.34" y="128.09" b="N"/>
<point x="276.95" y="127.88" b="A"/>
<point x="284.51" y="127.88" b="A"/>
<point x="291.87" y="127.88" b="U"/>
</structure>