<structure>
<point x="19.66" y="196.34" b="A"/>
<point x="27.16" y="196.55" b="N"/>
<point x="32.15" y="190.99" b="G"/>
<point x="32.36" y="183.43" b="C"/>
<point x="32.57" y="175.87" b="A"/>
<point x="32.15" y="168.31" b="G"/>
<point x="32.15" y="160.75" b="G"/>
<point x="25.69" y="157.61" b="A"/>
<point x="19.98" y="152.42" b="U"/>
<point x="16.64" y="145.75" b="Y"/>
<point x="15.35" y="138.50" b="N"/>
<point x="16.43" y="130.83" b="R"/>
<point x="20.19" y="124.16" b="Y"/>
<point x="25.49" y="118.98" b="U"/>
<point x="32.57" y="115.83" b="A"/>
<point x="32.57" y="108.27" b="Y"/>
<point x="32.57" y="100.71" b="A"/>
<point x="32.57" y="93.15" b="A"/>
<point x="32.36" y="85.59" b="U"/>
<point x="32.57" y="78.03" b="A"/>
<point x="32.36" y="70.47" b="U"/>
<point x="32.57" y="62.91" b="A"/>
<point x="32.36" y="55.35" b="R"/>
<point x="32.36" y="47.79" b="C"/>
<point x="27.01" y="42.45" b="U"/>
<point x="25.32" y="35.04" b="G"/>
<point x="28.57" y="28.26" b="N"/>
<point x="34.85" y="24.06" b="N"/>
<point x="42.41" y="24.06" b="N"/>
<point x="48.75" y="28.05" b="A"/>
<point x="51.22" y="35.04" b="G"/>
<point x="49.95" y="42.45" b="U"/>
<point x="44.39" y="47.79" b="G"/>
<point x="44.60" y="55.35" b="C"/>
<point x="44.60" y="62.91" b="U"/>
<point x="44.39" y="70.47" b="G"/>
<point x="44.60" y="78.03" b="U"/>
<point x="44.60" y="85.59" b="R"/>
<point x="44.60" y="93.15" b="U"/>
<point x="44.60" y="100.71" b="U"/>
<point x="44.39" y="108.27" b="G"/>
<point x="44.60" y="115.83" b="U"/>
<point x="51.48" y="118.98" b="C"/>
<point x="56.77" y="124.16" b="G"/>
<point x="60.53" y="130.83" b="U"/>
<point x="61.76" y="138.29" b="U"/>
<point x="60.53" y="145.75" b="C"/>
<point x="56.98" y="152.42" b="C"/>
<point x="51.48" y="157.61" b="C"/>
<point x="44.60" y="160.75" b="C"/>
<point x="44.60" y="168.31" b="C"/>
<point x="44.60" y="175.87" b="U"/>
<point x="44.39" y="183.43" b="G"/>
<point x="44.60" y="190.99" b="C"/>
<point x="49.95" y="196.34" b="U"/>
<point x="57.71" y="196.34" b="Y"/>
<point x="65.27" y="196.34" b="A"/>
<point x="72.83" y="196.34" b="A"/>
<point x="80.39" y="196.34" b="A"/>
<point x="87.75" y="196.34" b="R"/>
<point x="95.46" y="196.55" b="N"/>
<point x="103.07" y="196.34" b="A"/>
<point x="110.63" y="196.34" b="A"/>
<point x="118.14" y="196.55" b="N"/>
<point x="125.55" y="196.34" b="U"/>
<point x="133.11" y="196.34" b="U"/>
<point x="140.46" y="196.34" b="G"/>
<point x="148.38" y="196.55" b="N"/>
<point x="155.79" y="196.34" b="U"/>
<point x="163.35" y="196.34" b="U"/>
<point x="170.91" y="196.34" b="C"/>
<point x="178.47" y="196.34" b="U"/>
<point x="186.03" y="196.34" b="U"/>
<point x="193.74" y="196.55" b="N"/>
<point x="201.30" y="196.55" b="N"/>
<point x="208.71" y="196.34" b="C"/>
<point x="216.27" y="196.34" b="U"/>
<point x="224.03" y="196.34" b="A"/>
<point x="231.39" y="196.34" b="U"/>
<point x="239.10" y="196.55" b="N"/>
<point x="244.29" y="190.99" b="C"/>
<point x="244.29" y="183.43" b="C"/>
<point x="244.29" y="175.87" b="U"/>
<point x="244.08" y="168.31" b="G"/>
<point x="241.40" y="161.42" b="Y"/>
<point x="244.29" y="154.52" b="C"/>
<point x="244.29" y="146.96" b="U"/>
<point x="244.08" y="139.40" b="G"/>
<point x="244.50" y="131.84" b="Y"/>
<point x="238.12" y="127.78" b="Y"/>
<point x="233.95" y="121.65" b="N"/>
<point x="232.70" y="113.96" b="U"/>
<point x="234.97" y="106.91" b="N"/>
<point x="239.96" y="100.98" b="Y"/>
<point x="246.78" y="98.04" b="N"/>
<point x="254.34" y="98.04" b="N"/>
<point x="261.07" y="100.98" b="C"/>
<point x="266.21" y="106.70" b="Y"/>
<point x="268.12" y="113.96" b="R"/>
<point x="267.02" y="121.44" b="U"/>
<point x="263.12" y="127.78" b="A"/>
<point x="256.32" y="131.84" b="G"/>
<point x="256.53" y="139.40" b="C"/>
<point x="256.74" y="146.96" b="A"/>
<point x="256.32" y="154.52" b="G"/>
<point x="259.78" y="161.62" b="N"/>
<point x="256.53" y="168.31" b="C"/>
<point x="256.74" y="175.87" b="A"/>
<point x="256.32" y="183.43" b="G"/>
<point x="256.32" y="190.99" b="G"/>
<point x="261.67" y="196.34" b="G"/>
<point x="269.64" y="196.34" b="A"/>
<point x="277.00" y="196.34" b="C"/>
<point x="284.35" y="196.34" b="G"/>
<point x="292.12" y="196.34" b="C"/>
<point x="299.68" y="196.34" b="U"/>
<point x="307.24" y="196.34" b="U"/>
<point x="314.59" y="196.34" b="G"/>
<point x="322.15" y="196.34" b="G"/>
<point x="329.92" y="196.34" b="U"/>
<point x="337.68" y="196.34" b="Y"/>
<point x="345.04" y="196.34" b="U"/>
<point x="352.60" y="196.34" b="C"/>
<point x="360.36" y="196.34" b="A"/>
<point x="367.87" y="196.55" b="N"/>
<point x="375.48" y="196.34" b="A"/>
<point x="382.84" y="196.34" b="C"/>
<point x="390.60" y="196.34" b="A"/>
<point x="397.96" y="196.34" b="U"/>
</structure>