<structure>
<point x="18.92" y="201.61" b="G"/>
<point x="18.92" y="194.05" b="G"/>
<point x="18.92" y="186.49" b="G"/>
<point x="19.13" y="178.93" b="C"/>
<point x="19.13" y="171.37" b="C"/>
<point x="19.34" y="163.81" b="Y"/>
<point x="18.92" y="156.25" b="G"/>
<point x="18.92" y="148.69" b="G"/>
<point x="19.34" y="141.13" b="Y"/>
<point x="19.28" y="133.77" b="N"/>
<point x="13.54" y="128.48" b="C"/>
<point x="11.47" y="121.21" b="C"/>
<point x="13.54" y="113.94" b="C"/>
<point x="18.92" y="108.86" b="G"/>
<point x="19.13" y="101.30" b="C"/>
<point x="19.13" y="93.74" b="C"/>
<point x="19.13" y="86.18" b="C"/>
<point x="11.94" y="88.51" b="U"/>
<point x="7.50" y="82.40" b="C"/>
<point x="12.15" y="76.28" b="Y"/>
<point x="19.13" y="78.62" b="C"/>
<point x="19.13" y="71.06" b="C"/>
<point x="18.92" y="63.50" b="G"/>
<point x="18.92" y="55.94" b="G"/>
<point x="12.72" y="51.61" b="G"/>
<point x="9.09" y="44.99" b="G"/>
<point x="9.19" y="37.43" b="A"/>
<point x="12.27" y="30.53" b="A"/>
<point x="18.04" y="25.92" b="N"/>
<point x="25.25" y="23.98" b="C"/>
<point x="32.40" y="25.71" b="G"/>
<point x="38.44" y="30.53" b="U"/>
<point x="41.31" y="37.43" b="G"/>
<point x="41.42" y="44.99" b="A"/>
<point x="37.78" y="51.61" b="A"/>
<point x="31.37" y="55.94" b="C"/>
<point x="31.37" y="63.50" b="C"/>
<point x="31.16" y="71.06" b="G"/>
<point x="31.16" y="78.62" b="G"/>
<point x="31.16" y="86.18" b="G"/>
<point x="31.16" y="93.74" b="G"/>
<point x="31.52" y="101.50" b="N"/>
<point x="31.37" y="108.86" b="U"/>
<point x="36.97" y="113.94" b="U"/>
<point x="39.04" y="121.21" b="C"/>
<point x="36.97" y="128.48" b="C"/>
<point x="31.52" y="133.77" b="N"/>
<point x="31.37" y="141.13" b="R"/>
<point x="31.37" y="148.69" b="C"/>
<point x="31.37" y="156.25" b="C"/>
<point x="31.37" y="163.81" b="R"/>
<point x="31.16" y="171.37" b="G"/>
<point x="31.16" y="178.93" b="G"/>
<point x="31.37" y="186.49" b="C"/>
<point x="31.37" y="194.05" b="C"/>
<point x="31.58" y="201.61" b="Y"/>
<point x="36.93" y="206.95" b="A"/>
<point x="44.28" y="206.95" b="C"/>
<point x="52.05" y="206.95" b="A"/>
<point x="59.19" y="206.95" b="G"/>
<point x="67.11" y="207.16" b="N"/>
<point x="74.67" y="207.16" b="N"/>
<point x="82.23" y="207.16" b="N"/>
<point x="89.79" y="207.16" b="N"/>
<point x="97.41" y="206.95" b="A"/>
<point x="104.76" y="206.95" b="U"/>
<point x="112.11" y="206.95" b="G"/>
<point x="120.09" y="206.95" b="A"/>
<point x="127.59" y="207.16" b="N"/>
<point x="134.79" y="206.95" b="G"/>
<point x="142.77" y="206.95" b="A"/>
<point x="150.12" y="206.95" b="R"/>
<point x="157.68" y="206.95" b="C"/>
<point x="165.24" y="206.95" b="U"/>
<point x="172.80" y="206.95" b="U"/>
<point x="180.36" y="206.95" b="U"/>
<point x="187.92" y="206.95" b="U"/>
<point x="195.27" y="206.95" b="G"/>
<point x="203.04" y="206.95" b="C"/>
<point x="210.60" y="206.95" b="U"/>
<point x="218.16" y="206.95" b="U"/>
<point x="225.72" y="206.95" b="U"/>
<point x="233.07" y="206.95" b="G"/>
<point x="240.84" y="206.95" b="C"/>
<point x="248.40" y="206.95" b="U"/>
<point x="255.75" y="206.95" b="G"/>
<point x="263.73" y="206.95" b="A"/>
<point x="271.23" y="207.16" b="N"/>
<point x="278.79" y="207.16" b="N"/>
<point x="286.35" y="207.16" b="N"/>
<point x="293.91" y="207.16" b="N"/>
<point x="301.32" y="206.95" b="R"/>
<point x="308.88" y="206.95" b="U"/>
<point x="316.23" y="206.95" b="G"/>
<point x="324.21" y="206.95" b="A"/>
<point x="331.56" y="206.95" b="U"/>
<point x="338.91" y="206.95" b="G"/>
<point x="346.89" y="206.95" b="A"/>
<point x="354.39" y="207.16" b="N"/>
<point x="361.80" y="206.95" b="C"/>
<point x="369.57" y="206.95" b="A"/>
<point x="376.92" y="206.95" b="C"/>
<point x="384.27" y="206.95" b="G"/>
<point x="392.04" y="206.95" b="C"/>
<point x="399.60" y="206.95" b="C"/>
<point x="407.16" y="206.95" b="C"/>
<point x="414.72" y="206.95" b="U"/>
<point x="422.28" y="206.95" b="U"/>
<point x="429.84" y="206.95" b="C"/>
<point x="437.40" y="206.95" b="R"/>
<point x="444.96" y="206.95" b="C"/>
<point x="452.52" y="206.95" b="U"/>
<point x="459.87" y="206.95" b="G"/>
<point x="467.85" y="206.95" b="A"/>
<point x="475.41" y="206.95" b="Y"/>
<point x="482.91" y="207.16" b="N"/>
<point x="490.32" y="206.95" b="C"/>
<point x="498.09" y="206.95" b="Y"/>
<point x="505.59" y="207.16" b="N"/>
<point x="513.15" y="207.16" b="N"/>
<point x="520.71" y="207.16" b="N"/>
<point x="528.12" y="206.95" b="U"/>
<point x="535.83" y="207.16" b="N"/>
<point x="543.39" y="207.16" b="N"/>
<point x="550.95" y="207.16" b="N"/>
<point x="558.57" y="206.95" b="Y"/>
<point x="566.07" y="207.16" b="N"/>
<point x="573.63" y="207.16" b="N"/>
<point x="581.25" y="206.95" b="Y"/>
</structure>