<structure>
<point x="19.45" y="23.98" b="U"/>
<point x="27.02" y="23.98" b="U"/>
<point x="34.73" y="24.19" b="N"/>
<point x="42.13" y="23.98" b="R"/>
<point x="49.84" y="24.19" b="N"/>
<point x="57.46" y="23.98" b="A"/>
<point x="64.81" y="23.98" b="U"/>
<point x="72.17" y="23.98" b="G"/>
<point x="80.14" y="23.98" b="A"/>
<point x="87.50" y="23.98" b="U"/>
<point x="94.84" y="23.98" b="G"/>
<point x="102.82" y="23.98" b="A"/>
<point x="109.97" y="23.98" b="G"/>
<point x="117.89" y="24.19" b="N"/>
<point x="125.50" y="23.98" b="A"/>
<point x="133.06" y="23.98" b="A"/>
<point x="140.41" y="23.98" b="C"/>
<point x="147.97" y="23.98" b="C"/>
<point x="155.74" y="23.98" b="A"/>
<point x="162.88" y="23.98" b="G"/>
<point x="170.86" y="23.98" b="A"/>
<point x="178.22" y="23.98" b="U"/>
<point x="185.98" y="23.98" b="A"/>
<point x="193.12" y="23.98" b="G"/>
<point x="200.69" y="23.98" b="G"/>
<point x="208.25" y="23.98" b="G"/>
<point x="216.22" y="23.98" b="A"/>
<point x="223.57" y="23.98" b="C"/>
<point x="231.34" y="23.98" b="A"/>
<point x="238.90" y="23.98" b="A"/>
<point x="246.25" y="23.98" b="C"/>
<point x="254.02" y="23.98" b="A"/>
<point x="261.17" y="23.98" b="G"/>
<point x="269.14" y="23.98" b="A"/>
<point x="276.70" y="23.98" b="Y"/>
<point x="284.20" y="24.19" b="N"/>
<point x="291.76" y="24.19" b="N"/>
<point x="299.32" y="24.19" b="N"/>
<point x="306.88" y="24.19" b="N"/>
<point x="314.44" y="24.19" b="N"/>
<point x="322.06" y="23.98" b="Y"/>
<point x="329.42" y="23.98" b="U"/>
<point x="337.12" y="24.19" b="N"/>
<point x="344.54" y="23.98" b="R"/>
<point x="352.30" y="23.98" b="A"/>
<point x="359.65" y="23.98" b="R"/>
<point x="367.21" y="23.98" b="U"/>
<point x="374.56" y="23.98" b="G"/>
<point x="382.54" y="23.98" b="A"/>
<point x="389.89" y="23.98" b="C"/>
<point x="397.25" y="23.98" b="G"/>
<point x="405.22" y="23.98" b="A"/>
<point x="412.37" y="23.98" b="G"/>
<point x="419.93" y="23.98" b="G"/>
<point x="427.90" y="23.98" b="A"/>
<point x="435.46" y="23.98" b="A"/>
<point x="442.96" y="24.19" b="N"/>
<point x="450.38" y="23.98" b="R"/>
<point x="457.94" y="23.98" b="U"/>
<point x="465.50" y="23.98" b="C"/>
<point x="473.06" y="23.98" b="U"/>
<point x="480.62" y="23.98" b="U"/>
<point x="488.18" y="23.98" b="U"/>
<point x="495.74" y="23.98" b="U"/>
<point x="503.50" y="23.98" b="A"/>
<point x="511.06" y="23.98" b="A"/>
<point x="518.56" y="24.19" b="N"/>
<point x="525.76" y="23.98" b="G"/>
<point x="533.53" y="23.98" b="C"/>
<point x="541.10" y="23.98" b="C"/>
<point x="548.65" y="23.98" b="C"/>
<point x="556.42" y="23.98" b="A"/>
<point x="563.57" y="23.98" b="G"/>
<point x="571.34" y="23.98" b="U"/>
<point x="578.89" y="23.98" b="U"/>
<point x="586.46" y="23.98" b="U"/>
<point x="594.01" y="23.98" b="U"/>
<point x="601.58" y="23.98" b="U"/>
<point x="609.34" y="23.98" b="A"/>
<point x="616.49" y="23.98" b="G"/>
<point x="624.25" y="23.98" b="U"/>
<point x="632.02" y="23.98" b="A"/>
<point x="639.16" y="23.98" b="G"/>
<point x="647.14" y="23.98" b="A"/>
<point x="654.28" y="23.98" b="G"/>
<point x="662.05" y="23.98" b="C"/>
<point x="669.62" y="23.98" b="U"/>
<point x="677.17" y="23.98" b="U"/>
<point x="684.52" y="23.98" b="G"/>
<point x="692.09" y="23.98" b="G"/>
<point x="699.64" y="23.98" b="G"/>
<point x="707.41" y="23.98" b="C"/>
<point x="714.76" y="23.98" b="G"/>
<point x="722.53" y="23.98" b="C"/>
<point x="730.30" y="23.98" b="Y"/>
<point x="737.80" y="24.19" b="N"/>
<point x="745.37" y="24.19" b="N"/>
<point x="752.92" y="24.19" b="N"/>
<point x="760.49" y="24.19" b="N"/>
<point x="767.89" y="23.98" b="C"/>
<point x="775.46" y="23.98" b="U"/>
<point x="782.80" y="23.98" b="G"/>
<point x="790.78" y="23.98" b="A"/>
<point x="798.34" y="23.98" b="Y"/>
<point x="805.90" y="23.98" b="Y"/>
</structure>