<structure>
<point x="19.25" y="138.16" b="G"/>
<point x="26.80" y="138.16" b="G"/>
<point x="34.78" y="138.16" b="A"/>
<point x="39.92" y="132.81" b="C"/>
<point x="39.92" y="125.25" b="U"/>
<point x="39.92" y="117.69" b="C"/>
<point x="39.71" y="110.14" b="G"/>
<point x="36.61" y="103.24" b="G"/>
<point x="39.92" y="96.34" b="C"/>
<point x="39.92" y="88.78" b="U"/>
<point x="39.92" y="81.22" b="U"/>
<point x="39.71" y="73.66" b="G"/>
<point x="39.92" y="66.10" b="C"/>
<point x="39.92" y="58.54" b="U"/>
<point x="39.71" y="50.98" b="G"/>
<point x="34.36" y="46.23" b="N"/>
<point x="32.07" y="38.84" b="A"/>
<point x="33.32" y="31.47" b="G"/>
<point x="38.96" y="26.00" b="Y"/>
<point x="45.83" y="23.98" b="G"/>
<point x="53.33" y="26.00" b="C"/>
<point x="58.55" y="31.47" b="R"/>
<point x="60.22" y="38.84" b="C"/>
<point x="58.02" y="46.23" b="N"/>
<point x="52.16" y="50.98" b="C"/>
<point x="52.16" y="58.54" b="R"/>
<point x="51.95" y="66.10" b="G"/>
<point x="52.16" y="73.66" b="C"/>
<point x="52.37" y="81.22" b="A"/>
<point x="52.37" y="88.78" b="A"/>
<point x="51.95" y="96.34" b="G"/>
<point x="59.92" y="96.64" b="A"/>
<point x="63.20" y="103.24" b="G"/>
<point x="59.50" y="109.84" b="G"/>
<point x="52.16" y="110.14" b="C"/>
<point x="51.95" y="117.69" b="G"/>
<point x="52.37" y="125.25" b="A"/>
<point x="51.95" y="132.81" b="G"/>
<point x="57.51" y="138.16" b="R"/>
<point x="65.22" y="138.37" b="N"/>
</structure>