<structure>
<point x="17.24" y="133.50" b="C"/>
<point x="17.24" y="125.94" b="U"/>
<point x="17.45" y="118.38" b="Y"/>
<point x="12.35" y="112.61" b="R"/>
<point x="12.10" y="105.27" b="N"/>
<point x="16.20" y="98.80" b="C"/>
<point x="23.51" y="96.60" b="N"/>
<point x="30.68" y="99.01" b="N"/>
<point x="34.98" y="105.06" b="A"/>
<point x="34.16" y="112.61" b="G"/>
<point x="29.27" y="118.38" b="G"/>
<point x="29.27" y="125.94" b="G"/>
<point x="29.27" y="133.50" b="G"/>
<point x="35.03" y="138.84" b="A"/>
<point x="42.39" y="138.84" b="C"/>
<point x="47.73" y="133.50" b="R"/>
<point x="47.88" y="126.14" b="N"/>
<point x="47.52" y="118.38" b="G"/>
<point x="47.94" y="110.82" b="A"/>
<point x="47.52" y="103.26" b="G"/>
<point x="47.52" y="95.70" b="G"/>
<point x="44.54" y="88.94" b="A"/>
<point x="47.12" y="81.84" b="Y"/>
<point x="54.06" y="78.84" b="Y"/>
<point x="60.79" y="81.84" b="R"/>
<point x="63.58" y="88.94" b="Y"/>
<point x="60.18" y="95.70" b="Y"/>
<point x="60.18" y="103.26" b="Y"/>
<point x="59.97" y="110.82" b="U"/>
<point x="59.97" y="118.38" b="C"/>
<point x="59.76" y="125.94" b="G"/>
<point x="60.18" y="133.50" b="Y"/>
<point x="65.52" y="138.84" b="Y"/>
<point x="70.45" y="133.50" b="G"/>
<point x="70.87" y="125.94" b="Y"/>
<point x="70.66" y="118.38" b="C"/>
<point x="63.31" y="115.89" b="G"/>
<point x="57.45" y="111.68" b="Y"/>
<point x="52.43" y="106.03" b="Y"/>
<point x="48.95" y="99.50" b="N"/>
<point x="47.34" y="92.11" b="N"/>
<point x="47.49" y="84.35" b="R"/>
<point x="49.48" y="77.11" b="G"/>
<point x="53.79" y="70.88" b="N"/>
<point x="59.09" y="65.43" b="C"/>
<point x="65.89" y="61.74" b="A"/>
<point x="72.79" y="59.83" b="G"/>
<point x="80.56" y="59.83" b="U"/>
<point x="87.67" y="61.74" b="G"/>
<point x="94.68" y="65.43" b="Y"/>
<point x="100.08" y="70.88" b="N"/>
<point x="103.88" y="77.11" b="U"/>
<point x="106.23" y="84.56" b="N"/>
<point x="106.53" y="92.11" b="N"/>
<point x="104.56" y="99.29" b="G"/>
<point x="101.49" y="106.23" b="N"/>
<point x="96.53" y="111.68" b="Y"/>
<point x="90.04" y="115.89" b="R"/>
<point x="82.69" y="118.38" b="G"/>
<point x="82.69" y="125.94" b="G"/>
<point x="82.90" y="133.50" b="C"/>
<point x="88.25" y="138.84" b="C"/>
<point x="96.02" y="138.84" b="Y"/>
<point x="103.37" y="138.84" b="U"/>
<point x="110.72" y="138.84" b="G"/>
<point x="118.70" y="138.84" b="A"/>
<point x="126.05" y="138.84" b="C"/>
<point x="133.82" y="138.84" b="A"/>
<point x="141.38" y="138.84" b="A"/>
<point x="148.52" y="138.84" b="G"/>
<point x="156.29" y="138.84" b="C"/>
<point x="164.00" y="139.05" b="N"/>
<point x="171.41" y="138.84" b="R"/>
<point x="178.97" y="138.84" b="C"/>
<point x="186.53" y="138.84" b="C"/>
<point x="194.30" y="138.84" b="Y"/>
<point x="201.44" y="138.84" b="G"/>
<point x="209.42" y="138.84" b="A"/>
<point x="216.56" y="138.84" b="G"/>
<point x="224.12" y="138.84" b="G"/>
<point x="231.89" y="138.84" b="R"/>
<point x="237.03" y="133.50" b="G"/>
<point x="237.38" y="126.14" b="N"/>
<point x="237.38" y="118.58" b="N"/>
<point x="230.84" y="114.80" b="N"/>
<point x="237.24" y="110.82" b="C"/>
<point x="236.08" y="118.29" b="U"/>
<point x="233.80" y="125.50" b="C"/>
<point x="230.24" y="132.27" b="G"/>
<point x="225.89" y="138.45" b="G"/>
<point x="221.06" y="143.90" b="A"/>
<point x="214.84" y="148.48" b="R"/>
<point x="208.20" y="152.09" b="C"/>
<point x="201.09" y="154.65" b="C"/>
<point x="193.81" y="156.30" b="N"/>
<point x="186.11" y="156.38" b="R"/>
<point x="178.60" y="155.51" b="R"/>
<point x="171.46" y="153.72" b="N"/>
<point x="164.41" y="150.42" b="C"/>
<point x="158.27" y="146.31" b="Y"/>
<point x="152.21" y="141.28" b="G"/>
<point x="147.40" y="135.44" b="G"/>
<point x="143.95" y="128.95" b="A"/>
<point x="141.07" y="122.14" b="N"/>
<point x="139.20" y="114.57" b="C"/>
<point x="138.83" y="107.04" b="Y"/>
<point x="139.20" y="99.50" b="C"/>
<point x="141.07" y="92.34" b="N"/>
<point x="143.54" y="85.13" b="G"/>
<point x="147.61" y="78.63" b="C"/>
<point x="152.21" y="72.79" b="G"/>
<point x="158.27" y="67.76" b="A"/>
<point x="164.62" y="63.66" b="Y"/>
<point x="171.51" y="60.56" b="Y"/>
<point x="178.39" y="58.56" b="G"/>
<point x="186.11" y="57.69" b="C"/>
<point x="193.81" y="58.19" b="N"/>
<point x="200.88" y="59.42" b="G"/>
<point x="208.20" y="61.98" b="C"/>
<point x="215.05" y="65.59" b="Y"/>
<point x="221.06" y="70.17" b="Y"/>
<point x="225.89" y="75.62" b="G"/>
<point x="230.45" y="81.80" b="C"/>
<point x="233.95" y="88.78" b="N"/>
<point x="236.23" y="95.99" b="N"/>
<point x="237.44" y="103.26" b="Y"/>
<point x="237.24" y="95.70" b="U"/>
<point x="237.24" y="88.14" b="C"/>
<point x="237.24" y="80.58" b="C"/>
<point x="237.44" y="73.02" b="Y"/>
<point x="231.01" y="69.17" b="N"/>
<point x="226.89" y="62.82" b="N"/>
<point x="225.80" y="55.34" b="N"/>
<point x="227.97" y="47.88" b="Y"/>
<point x="232.70" y="42.15" b="C"/>
<point x="239.72" y="39.22" b="N"/>
<point x="247.28" y="39.22" b="N"/>
<point x="254.16" y="42.36" b="N"/>
<point x="258.95" y="47.88" b="U"/>
<point x="261.06" y="55.13" b="C"/>
<point x="260.12" y="62.82" b="N"/>
<point x="255.85" y="68.96" b="C"/>
<point x="249.26" y="73.02" b="G"/>
<point x="249.47" y="80.58" b="R"/>
<point x="249.26" y="88.14" b="G"/>
<point x="249.47" y="95.70" b="R"/>
<point x="249.26" y="103.26" b="G"/>
<point x="249.26" y="110.82" b="G"/>
<point x="249.62" y="118.58" b="N"/>
<point x="249.62" y="126.14" b="N"/>
<point x="249.47" y="133.50" b="U"/>
<point x="254.82" y="138.84" b="C"/>
<point x="262.38" y="138.84" b="C"/>
<point x="269.94" y="138.84" b="C"/>
<point x="277.29" y="138.84" b="G"/>
<point x="285.06" y="138.84" b="C"/>
<point x="292.62" y="138.84" b="C"/>
<point x="300.18" y="138.84" b="U"/>
<point x="307.74" y="138.84" b="C"/>
<point x="315.45" y="139.05" b="N"/>
<point x="322.86" y="138.84" b="C"/>
<point x="330.63" y="138.84" b="A"/>
<point x="338.13" y="139.05" b="N"/>
<point x="345.54" y="138.84" b="C"/>
<point x="353.10" y="138.84" b="C"/>
<point x="360.66" y="138.84" b="C"/>
<point x="368.37" y="139.05" b="N"/>
<point x="375.78" y="138.84" b="C"/>
<point x="383.34" y="138.84" b="C"/>
<point x="390.90" y="138.84" b="U"/>
<point x="398.46" y="138.84" b="C"/>
<point x="406.02" y="138.84" b="U"/>
<point x="413.37" y="138.84" b="G"/>
<point x="420.93" y="138.84" b="G"/>
<point x="428.91" y="138.84" b="A"/>
<point x="436.26" y="138.84" b="C"/>
<point x="441.76" y="133.70" b="N"/>
<point x="441.61" y="125.94" b="U"/>
<point x="441.40" y="118.38" b="G"/>
<point x="438.51" y="111.48" b="C"/>
<point x="441.61" y="104.58" b="C"/>
<point x="441.61" y="97.03" b="U"/>
<point x="441.61" y="89.47" b="C"/>
<point x="441.81" y="81.91" b="Y"/>
<point x="434.37" y="83.74" b="N"/>
<point x="428.33" y="78.79" b="U"/>
<point x="428.33" y="71.23" b="U"/>
<point x="434.22" y="66.49" b="C"/>
<point x="441.81" y="68.11" b="Y"/>
<point x="441.61" y="60.55" b="C"/>
<point x="441.81" y="52.99" b="Y"/>
<point x="435.83" y="48.37" b="Y"/>
<point x="432.77" y="41.46" b="Y"/>
<point x="433.32" y="34.13" b="N"/>
<point x="437.45" y="27.80" b="N"/>
<point x="443.74" y="23.98" b="G"/>
<point x="451.51" y="23.98" b="C"/>
<point x="457.94" y="27.59" b="G"/>
<point x="462.28" y="33.92" b="U"/>
<point x="462.68" y="41.46" b="G"/>
<point x="460.04" y="48.37" b="Y"/>
<point x="453.64" y="52.99" b="G"/>
<point x="453.64" y="60.55" b="G"/>
<point x="454.05" y="68.11" b="A"/>
<point x="456.74" y="75.01" b="G"/>
<point x="453.85" y="81.91" b="R"/>
<point x="453.64" y="89.47" b="G"/>
<point x="454.05" y="97.03" b="A"/>
<point x="453.64" y="104.58" b="G"/>
<point x="456.95" y="111.48" b="C"/>
<point x="453.85" y="118.38" b="C"/>
<point x="454.05" y="125.94" b="A"/>
<point x="453.64" y="133.50" b="G"/>
<point x="459.19" y="138.84" b="C"/>
<point x="466.54" y="138.84" b="G"/>
<point x="474.31" y="138.84" b="C"/>
<point x="481.87" y="138.84" b="U"/>
<point x="489.43" y="138.84" b="U"/>
<point x="497.20" y="138.84" b="A"/>
<point x="504.34" y="138.84" b="G"/>
<point x="511.90" y="138.84" b="G"/>
<point x="519.67" y="138.84" b="C"/>
<point x="525.02" y="133.50" b="C"/>
<point x="525.02" y="125.94" b="R"/>
<point x="524.81" y="118.38" b="G"/>
<point x="518.68" y="114.60" b="A"/>
<point x="524.81" y="110.82" b="G"/>
<point x="525.02" y="103.26" b="C"/>
<point x="524.81" y="95.70" b="G"/>
<point x="519.02" y="91.37" b="A"/>
<point x="514.97" y="84.74" b="G"/>
<point x="514.87" y="77.19" b="C"/>
<point x="517.95" y="70.29" b="C"/>
<point x="523.78" y="65.47" b="U"/>
<point x="530.93" y="63.74" b="G"/>
<point x="538.29" y="65.47" b="G"/>
<point x="544.12" y="70.29" b="G"/>
<point x="547.20" y="77.19" b="G"/>
<point x="546.88" y="84.74" b="G"/>
<point x="543.46" y="91.37" b="C"/>
<point x="537.26" y="95.70" b="C"/>
<point x="537.05" y="103.26" b="G"/>
<point x="537.26" y="110.82" b="C"/>
<point x="537.26" y="118.38" b="C"/>
<point x="537.05" y="125.94" b="G"/>
<point x="537.05" y="133.50" b="G"/>
<point x="542.60" y="138.84" b="C"/>
<point x="550.16" y="138.84" b="C"/>
<point x="557.51" y="138.84" b="G"/>
<point x="565.43" y="139.05" b="N"/>
<point x="572.63" y="138.84" b="G"/>
<point x="580.61" y="138.84" b="A"/>
<point x="588.17" y="138.84" b="A"/>
<point x="595.31" y="138.84" b="G"/>
<point x="603.08" y="138.84" b="R"/>
<point x="610.64" y="138.84" b="C"/>
<point x="618.35" y="139.05" b="N"/>
<point x="625.97" y="138.84" b="Y"/>
<point x="633.32" y="138.84" b="C"/>
<point x="640.67" y="138.84" b="G"/>
<point x="648.44" y="138.84" b="C"/>
<point x="655.79" y="138.84" b="G"/>
<point x="663.35" y="138.84" b="G"/>
<point x="670.91" y="138.84" b="G"/>
<point x="678.83" y="139.05" b="N"/>
<point x="686.45" y="138.84" b="A"/>
<point x="693.80" y="138.84" b="C"/>
<point x="701.36" y="138.84" b="C"/>
<point x="709.07" y="139.05" b="N"/>
<point x="716.69" y="138.84" b="A"/>
<point x="724.04" y="138.84" b="U"/>
<point x="731.60" y="138.84" b="U"/>
<point x="739.16" y="138.84" b="C"/>
<point x="746.72" y="138.84" b="R"/>
<point x="754.28" y="138.84" b="C"/>
<point x="761.84" y="138.84" b="C"/>
<point x="769.61" y="138.84" b="A"/>
<point x="776.96" y="138.84" b="U"/>
<point x="784.31" y="138.84" b="G"/>
</structure>