<structure>
<point x="114.36" y="287.16" b="N"/>
<point x="114.36" y="279.60" b="N"/>
<point x="114.36" y="272.04" b="N"/>
<point x="114.36" y="264.48" b="N"/>
<point x="114.21" y="256.71" b="U"/>
<point x="114.21" y="249.15" b="U"/>
<point x="106.89" y="248.49" b="Y"/>
<point x="99.36" y="247.53" b="N"/>
<point x="91.84" y="245.65" b="U"/>
<point x="84.74" y="243.70" b="N"/>
<point x="77.71" y="240.86" b="A"/>
<point x="70.77" y="237.96" b="N"/>
<point x="63.95" y="234.19" b="R"/>
<point x="57.53" y="230.19" b="U"/>
<point x="51.19" y="225.77" b="G"/>
<point x="45.79" y="220.94" b="A"/>
<point x="40.10" y="215.74" b="U"/>
<point x="34.76" y="210.18" b="G"/>
<point x="30.44" y="204.29" b="A"/>
<point x="26.11" y="198.10" b="A"/>
<point x="22.20" y="191.62" b="A"/>
<point x="18.53" y="184.91" b="U"/>
<point x="15.73" y="177.97" b="A"/>
<point x="13.13" y="171.06" b="N"/>
<point x="10.93" y="163.57" b="C"/>
<point x="9.58" y="156.17" b="A"/>
<point x="8.52" y="148.69" b="A"/>
<point x="7.76" y="141.15" b="U"/>
<point x="7.50" y="133.59" b="G"/>
<point x="8.17" y="126.04" b="C"/>
<point x="9.34" y="118.55" b="A"/>
<point x="10.80" y="111.13" b="A"/>
<point x="12.56" y="103.83" b="C"/>
<point x="15.21" y="96.67" b="A"/>
<point x="18.07" y="89.91" b="N"/>
<point x="21.45" y="83.14" b="N"/>
<point x="24.91" y="76.41" b="G"/>
<point x="29.58" y="70.16" b="A"/>
<point x="33.83" y="64.21" b="G"/>
<point x="39.09" y="58.59" b="U"/>
<point x="44.51" y="53.32" b="C"/>
<point x="50.48" y="48.42" b="A"/>
<point x="56.55" y="43.92" b="A"/>
<point x="62.50" y="39.84" b="G"/>
<point x="69.33" y="36.19" b="C"/>
<point x="76.18" y="33.00" b="U"/>
<point x="83.23" y="30.27" b="C"/>
<point x="90.45" y="28.02" b="U"/>
<point x="97.59" y="26.26" b="G"/>
<point x="105.46" y="25.00" b="A"/>
<point x="112.57" y="24.24" b="G"/>
<point x="120.54" y="23.98" b="Y"/>
<point x="127.89" y="24.24" b="U"/>
<point x="135.41" y="25.00" b="U"/>
<point x="143.01" y="26.47" b="N"/>
<point x="150.42" y="28.02" b="A"/>
<point x="157.58" y="30.48" b="N"/>
<point x="164.69" y="33.00" b="A"/>
<point x="171.49" y="36.40" b="N"/>
<point x="178.17" y="39.84" b="A"/>
<point x="184.11" y="43.92" b="G"/>
<point x="190.55" y="48.63" b="N"/>
<point x="196.31" y="53.53" b="N"/>
<point x="201.72" y="58.80" b="N"/>
<point x="206.63" y="64.21" b="C"/>
<point x="211.50" y="70.16" b="A"/>
<point x="215.75" y="76.41" b="Y"/>
<point x="219.16" y="82.94" b="G"/>
<point x="222.54" y="89.70" b="G"/>
<point x="225.87" y="96.67" b="A"/>
<point x="228.26" y="104.03" b="N"/>
<point x="229.86" y="111.13" b="G"/>
<point x="231.74" y="118.55" b="A"/>
<point x="232.29" y="126.04" b="G"/>
<point x="233.16" y="133.59" b="A"/>
<point x="233.06" y="141.36" b="N"/>
<point x="232.35" y="148.69" b="U"/>
<point x="231.29" y="156.17" b="U"/>
<point x="229.53" y="163.57" b="G"/>
<point x="227.68" y="170.85" b="C"/>
<point x="225.15" y="177.97" b="U"/>
<point x="222.29" y="185.11" b="N"/>
<point x="218.88" y="191.62" b="Y"/>
<point x="214.77" y="198.10" b="U"/>
<point x="210.43" y="204.29" b="U"/>
<point x="205.90" y="210.18" b="A"/>
<point x="200.78" y="215.74" b="Y"/>
<point x="195.24" y="221.15" b="N"/>
<point x="189.47" y="225.77" b="A"/>
<point x="183.28" y="230.40" b="N"/>
<point x="176.72" y="234.19" b="C"/>
<point x="170.05" y="237.75" b="U"/>
<point x="162.95" y="240.86" b="G"/>
<point x="156.28" y="243.50" b="A"/>
<point x="149.03" y="245.65" b="Y"/>
<point x="141.45" y="247.32" b="C"/>
<point x="134.13" y="248.69" b="N"/>
<point x="126.45" y="249.15" b="R"/>
<point x="126.60" y="256.92" b="N"/>
<point x="126.60" y="264.48" b="N"/>
<point x="126.60" y="272.04" b="N"/>
<point x="126.60" y="279.60" b="N"/>
<point x="126.60" y="287.16" b="N"/>
</structure>