<structure>
<point x="27.38" y="214.17" b="N"/>
<point x="32.73" y="208.82" b="N"/>
<point x="32.73" y="201.26" b="N"/>
<point x="32.37" y="193.50" b="G"/>
<point x="32.58" y="185.94" b="C"/>
<point x="32.78" y="178.38" b="A"/>
<point x="32.58" y="170.81" b="C"/>
<point x="32.58" y="163.25" b="C"/>
<point x="32.78" y="155.69" b="Y"/>
<point x="25.23" y="155.25" b="A"/>
<point x="18.25" y="152.35" b="A"/>
<point x="12.62" y="147.31" b="A"/>
<point x="8.76" y="140.69" b="C"/>
<point x="7.50" y="133.23" b="C"/>
<point x="8.76" y="125.78" b="C"/>
<point x="12.62" y="119.16" b="A"/>
<point x="18.25" y="114.12" b="A"/>
<point x="25.03" y="111.21" b="R"/>
<point x="32.58" y="110.77" b="R"/>
<point x="32.78" y="103.21" b="A"/>
<point x="32.78" y="95.65" b="Y"/>
<point x="32.78" y="88.09" b="Y"/>
<point x="32.58" y="80.53" b="R"/>
<point x="32.78" y="72.97" b="Y"/>
<point x="32.78" y="65.41" b="Y"/>
<point x="32.37" y="57.85" b="G"/>
<point x="32.58" y="50.29" b="U"/>
<point x="32.58" y="42.73" b="U"/>
<point x="28.52" y="36.49" b="Y"/>
<point x="29.40" y="29.20" b="N"/>
<point x="35.12" y="23.98" b="Y"/>
<point x="42.68" y="23.98" b="Y"/>
<point x="48.14" y="28.99" b="R"/>
<point x="49.08" y="36.49" b="U"/>
<point x="45.02" y="42.73" b="A"/>
<point x="44.82" y="50.29" b="R"/>
<point x="45.02" y="57.85" b="Y"/>
<point x="44.82" y="65.41" b="R"/>
<point x="44.82" y="72.97" b="R"/>
<point x="45.02" y="80.53" b="Y"/>
<point x="44.61" y="88.09" b="G"/>
<point x="44.82" y="95.65" b="R"/>
<point x="44.82" y="103.21" b="U"/>
<point x="44.82" y="110.77" b="U"/>
<point x="51.69" y="113.92" b="U"/>
<point x="57.40" y="119.10" b="A"/>
<point x="60.95" y="125.78" b="A"/>
<point x="61.97" y="133.23" b="R"/>
<point x="60.75" y="140.69" b="C"/>
<point x="57.40" y="147.37" b="A"/>
<point x="51.84" y="152.76" b="N"/>
<point x="44.82" y="155.69" b="R"/>
<point x="44.61" y="163.25" b="G"/>
<point x="44.61" y="170.81" b="G"/>
<point x="44.82" y="178.38" b="U"/>
<point x="44.61" y="185.94" b="G"/>
<point x="44.82" y="193.50" b="C"/>
<point x="44.97" y="201.26" b="N"/>
<point x="44.97" y="208.82" b="N"/>
<point x="50.37" y="213.96" b="A"/>
<point x="57.72" y="213.96" b="C"/>
<point x="65.49" y="213.96" b="A"/>
<point x="72.99" y="214.17" b="N"/>
<point x="80.61" y="213.96" b="Y"/>
<point x="88.17" y="213.96" b="A"/>
<point x="95.73" y="213.96" b="A"/>
<point x="103.08" y="213.96" b="R"/>
<point x="110.85" y="213.96" b="Y"/>
<point x="115.78" y="208.62" b="G"/>
<point x="116.14" y="201.26" b="N"/>
<point x="116.19" y="193.50" b="A"/>
<point x="116.19" y="185.94" b="Y"/>
<point x="115.99" y="178.38" b="C"/>
<point x="115.99" y="170.81" b="U"/>
<point x="116.19" y="163.25" b="Y"/>
<point x="109.30" y="159.35" b="G"/>
<point x="105.14" y="153.19" b="U"/>
<point x="103.59" y="145.78" b="C"/>
<point x="104.93" y="138.38" b="G"/>
<point x="109.51" y="132.22" b="C"/>
<point x="115.99" y="128.31" b="C"/>
<point x="115.99" y="120.75" b="U"/>
<point x="115.99" y="113.19" b="U"/>
<point x="115.99" y="105.63" b="U"/>
<point x="116.14" y="98.28" b="N"/>
<point x="116.14" y="90.72" b="N"/>
<point x="115.99" y="82.95" b="R"/>
<point x="115.78" y="75.39" b="G"/>
<point x="115.99" y="67.83" b="R"/>
<point x="115.78" y="60.27" b="G"/>
<point x="115.99" y="52.71" b="C"/>
<point x="110.28" y="47.75" b="U"/>
<point x="107.72" y="40.57" b="G"/>
<point x="109.60" y="33.20" b="U"/>
<point x="114.82" y="27.73" b="R"/>
<point x="122.26" y="25.92" b="N"/>
<point x="129.60" y="27.73" b="Y"/>
<point x="134.76" y="33.40" b="N"/>
<point x="136.28" y="40.57" b="R"/>
<point x="133.93" y="47.75" b="U"/>
<point x="128.02" y="52.71" b="G"/>
<point x="128.23" y="60.27" b="C"/>
<point x="128.23" y="67.83" b="C"/>
<point x="128.23" y="75.39" b="C"/>
<point x="128.23" y="82.95" b="C"/>
<point x="128.23" y="90.51" b="U"/>
<point x="128.38" y="98.28" b="N"/>
<point x="128.43" y="105.63" b="A"/>
<point x="128.43" y="113.19" b="A"/>
<point x="128.43" y="120.75" b="A"/>
<point x="128.02" y="128.31" b="G"/>
<point x="135.75" y="127.61" b="U"/>
<point x="142.71" y="130.00" b="G"/>
<point x="148.72" y="135.09" b="A"/>
<point x="151.78" y="142.00" b="A"/>
<point x="151.78" y="149.56" b="Y"/>
<point x="148.72" y="156.48" b="Y"/>
<point x="142.92" y="161.57" b="U"/>
<point x="135.75" y="163.96" b="R"/>
<point x="128.23" y="163.25" b="R"/>
<point x="128.43" y="170.81" b="A"/>
<point x="128.02" y="178.38" b="G"/>
<point x="128.02" y="185.94" b="G"/>
<point x="128.23" y="193.50" b="U"/>
<point x="128.23" y="201.06" b="U"/>
<point x="128.23" y="208.62" b="C"/>
<point x="133.78" y="213.96" b="Y"/>
<point x="141.34" y="213.96" b="A"/>
<point x="148.69" y="213.96" b="C"/>
<point x="156.46" y="213.96" b="A"/>
<point x="163.96" y="214.17" b="N"/>
<point x="171.52" y="214.17" b="N"/>
<point x="179.14" y="213.96" b="Y"/>
</structure>