<structure>
<point x="87.78" y="218.85" b="A"/>
<point x="87.78" y="211.29" b="A"/>
<point x="87.58" y="203.73" b="C"/>
<point x="87.58" y="196.17" b="C"/>
<point x="80.07" y="195.30" b="R"/>
<point x="72.66" y="193.78" b="R"/>
<point x="65.42" y="191.62" b="U"/>
<point x="58.18" y="188.83" b="G"/>
<point x="51.85" y="185.43" b="A"/>
<point x="45.21" y="181.46" b="U"/>
<point x="38.94" y="176.93" b="G"/>
<point x="33.66" y="172.11" b="N"/>
<point x="28.34" y="166.39" b="R"/>
<point x="23.87" y="160.44" b="A"/>
<point x="19.53" y="154.11" b="U"/>
<point x="15.76" y="147.45" b="G"/>
<point x="13.21" y="140.49" b="A"/>
<point x="10.66" y="133.31" b="U"/>
<point x="8.95" y="125.94" b="U"/>
<point x="7.89" y="118.45" b="C"/>
<point x="7.50" y="110.91" b="U"/>
<point x="7.56" y="103.35" b="G"/>
<point x="8.70" y="95.85" b="C"/>
<point x="10.28" y="88.45" b="C"/>
<point x="12.71" y="81.23" b="A"/>
<point x="15.56" y="74.23" b="A"/>
<point x="19.01" y="67.50" b="A"/>
<point x="22.84" y="61.10" b="U"/>
<point x="27.20" y="55.08" b="G"/>
<point x="32.70" y="49.49" b="A"/>
<point x="38.20" y="44.57" b="N"/>
<point x="44.23" y="39.73" b="A"/>
<point x="50.54" y="35.86" b="N"/>
<point x="57.24" y="32.35" b="N"/>
<point x="64.22" y="29.45" b="N"/>
<point x="71.27" y="26.95" b="R"/>
<point x="78.65" y="25.31" b="R"/>
<point x="86.15" y="24.32" b="U"/>
<point x="93.49" y="23.98" b="G"/>
<point x="101.46" y="24.32" b="A"/>
<point x="108.75" y="25.31" b="U"/>
<point x="116.28" y="27.16" b="N"/>
<point x="123.48" y="29.45" b="N"/>
<point x="130.52" y="32.15" b="Y"/>
<point x="137.21" y="35.65" b="A"/>
<point x="143.37" y="39.73" b="C"/>
<point x="149.56" y="44.36" b="Y"/>
<point x="155.11" y="49.49" b="Y"/>
<point x="160.14" y="55.29" b="N"/>
<point x="164.71" y="61.31" b="N"/>
<point x="168.74" y="67.71" b="N"/>
<point x="172.19" y="74.43" b="N"/>
<point x="175.10" y="81.23" b="A"/>
<point x="177.12" y="88.45" b="C"/>
<point x="178.70" y="95.85" b="C"/>
<point x="179.42" y="103.35" b="G"/>
<point x="179.90" y="110.91" b="U"/>
<point x="179.50" y="118.45" b="U"/>
<point x="178.45" y="125.94" b="C"/>
<point x="176.74" y="133.31" b="C"/>
<point x="174.60" y="140.49" b="A"/>
<point x="171.43" y="147.45" b="U"/>
<point x="168.07" y="154.11" b="Y"/>
<point x="163.73" y="160.44" b="U"/>
<point x="159.06" y="166.39" b="U"/>
<point x="154.03" y="172.11" b="N"/>
<point x="148.40" y="177.14" b="N"/>
<point x="142.19" y="181.46" b="U"/>
<point x="135.76" y="185.43" b="U"/>
<point x="129.00" y="188.83" b="C"/>
<point x="121.98" y="191.62" b="U"/>
<point x="114.52" y="193.78" b="G"/>
<point x="107.53" y="195.30" b="A"/>
<point x="99.61" y="196.17" b="G"/>
<point x="99.61" y="203.73" b="G"/>
<point x="99.82" y="211.29" b="U"/>
<point x="99.82" y="218.85" b="U"/>
</structure>