<structure>
<point x="19.66" y="218.41" b="Y"/>
<point x="27.02" y="218.41" b="U"/>
<point x="32.36" y="213.07" b="U"/>
<point x="32.36" y="205.51" b="C"/>
<point x="32.36" y="197.95" b="C"/>
<point x="32.36" y="190.39" b="C"/>
<point x="32.57" y="182.83" b="A"/>
<point x="32.36" y="175.27" b="U"/>
<point x="25.65" y="171.78" b="U"/>
<point x="20.77" y="166.34" b="N"/>
<point x="18.14" y="159.07" b="A"/>
<point x="17.93" y="151.51" b="U"/>
<point x="20.62" y="144.44" b="U"/>
<point x="25.65" y="138.80" b="U"/>
<point x="32.15" y="135.31" b="G"/>
<point x="32.36" y="127.75" b="C"/>
<point x="32.36" y="120.19" b="U"/>
<point x="32.15" y="112.63" b="G"/>
<point x="32.51" y="105.28" b="N"/>
<point x="32.36" y="97.51" b="U"/>
<point x="32.51" y="90.16" b="N"/>
<point x="32.36" y="82.39" b="U"/>
<point x="32.57" y="74.83" b="A"/>
<point x="25.60" y="71.05" b="G"/>
<point x="32.36" y="67.27" b="U"/>
<point x="32.36" y="59.71" b="C"/>
<point x="27.47" y="53.95" b="U"/>
<point x="27.22" y="46.60" b="N"/>
<point x="31.47" y="40.35" b="N"/>
<point x="38.48" y="37.73" b="C"/>
<point x="45.85" y="40.14" b="A"/>
<point x="49.89" y="46.40" b="R"/>
<point x="49.49" y="53.95" b="U"/>
<point x="44.39" y="59.71" b="G"/>
<point x="44.81" y="67.27" b="A"/>
<point x="44.60" y="74.83" b="U"/>
<point x="44.81" y="82.39" b="A"/>
<point x="51.30" y="86.38" b="N"/>
<point x="44.39" y="89.95" b="G"/>
<point x="44.81" y="97.51" b="A"/>
<point x="44.39" y="105.07" b="G"/>
<point x="44.60" y="112.63" b="C"/>
<point x="44.81" y="120.19" b="A"/>
<point x="44.39" y="127.75" b="G"/>
<point x="44.60" y="135.31" b="U"/>
<point x="51.94" y="137.11" b="U"/>
<point x="58.30" y="141.50" b="A"/>
<point x="62.18" y="147.87" b="U"/>
<point x="63.81" y="155.29" b="A"/>
<point x="62.18" y="162.71" b="C"/>
<point x="58.25" y="169.28" b="N"/>
<point x="51.94" y="173.47" b="C"/>
<point x="44.81" y="175.27" b="A"/>
<point x="44.60" y="182.83" b="U"/>
<point x="44.39" y="190.39" b="G"/>
<point x="44.39" y="197.95" b="G"/>
<point x="44.39" y="205.51" b="G"/>
<point x="44.81" y="213.07" b="A"/>
<point x="50.10" y="218.62" b="N"/>
<point x="57.71" y="218.41" b="A"/>
<point x="65.27" y="218.41" b="A"/>
<point x="72.83" y="218.41" b="A"/>
<point x="80.39" y="218.41" b="A"/>
<point x="87.95" y="218.41" b="Y"/>
<point x="95.51" y="218.41" b="A"/>
<point x="103.07" y="218.41" b="A"/>
<point x="110.43" y="218.41" b="U"/>
<point x="118.19" y="218.41" b="A"/>
<point x="123.33" y="213.07" b="U"/>
<point x="123.33" y="205.51" b="U"/>
<point x="123.12" y="197.95" b="G"/>
<point x="123.12" y="190.39" b="G"/>
<point x="123.12" y="182.83" b="G"/>
<point x="123.33" y="175.27" b="C"/>
<point x="123.33" y="167.71" b="C"/>
<point x="123.54" y="160.15" b="A"/>
<point x="116.78" y="156.37" b="U"/>
<point x="123.33" y="152.59" b="U"/>
<point x="123.12" y="145.03" b="G"/>
<point x="123.33" y="137.47" b="U"/>
<point x="123.54" y="129.91" b="A"/>
<point x="116.32" y="127.68" b="N"/>
<point x="111.98" y="121.33" b="A"/>
<point x="111.77" y="113.77" b="U"/>
<point x="116.32" y="107.83" b="N"/>
<point x="123.12" y="105.20" b="G"/>
<point x="123.54" y="97.64" b="A"/>
<point x="123.48" y="90.28" b="N"/>
<point x="123.54" y="82.52" b="A"/>
<point x="123.33" y="74.96" b="U"/>
<point x="123.12" y="67.40" b="G"/>
<point x="123.54" y="59.84" b="A"/>
<point x="123.54" y="52.28" b="A"/>
<point x="123.33" y="44.72" b="R"/>
<point x="123.33" y="37.16" b="U"/>
<point x="121.31" y="30.12" b="N"/>
<point x="125.82" y="24.06" b="N"/>
<point x="133.38" y="24.06" b="N"/>
<point x="137.95" y="29.92" b="Y"/>
<point x="135.57" y="37.16" b="R"/>
<point x="135.57" y="44.72" b="U"/>
<point x="135.57" y="52.28" b="U"/>
<point x="135.57" y="59.84" b="U"/>
<point x="135.57" y="67.40" b="U"/>
<point x="142.27" y="71.38" b="N"/>
<point x="135.57" y="74.96" b="R"/>
<point x="135.57" y="82.52" b="U"/>
<point x="135.72" y="90.28" b="N"/>
<point x="135.57" y="97.64" b="U"/>
<point x="135.57" y="105.20" b="C"/>
<point x="141.17" y="110.28" b="U"/>
<point x="143.24" y="117.55" b="U"/>
<point x="141.32" y="125.03" b="N"/>
<point x="135.57" y="129.91" b="U"/>
<point x="135.57" y="137.47" b="R"/>
<point x="135.57" y="145.03" b="C"/>
<point x="135.78" y="152.59" b="A"/>
<point x="135.57" y="160.15" b="U"/>
<point x="135.36" y="167.71" b="G"/>
<point x="135.36" y="175.27" b="G"/>
<point x="135.72" y="183.03" b="N"/>
<point x="135.57" y="190.39" b="C"/>
<point x="135.57" y="197.95" b="U"/>
<point x="135.78" y="205.51" b="A"/>
<point x="135.36" y="213.07" b="G"/>
<point x="141.12" y="218.41" b="A"/>
<point x="148.68" y="218.41" b="Y"/>
<point x="156.24" y="218.41" b="A"/>
<point x="163.60" y="218.41" b="U"/>
<point x="171.16" y="218.41" b="U"/>
<point x="178.51" y="218.41" b="G"/>
</structure>