<structure>
<point x="19.60" y="201.89" b="N"/>
<point x="27.22" y="201.68" b="Y"/>
<point x="32.15" y="196.34" b="G"/>
<point x="32.36" y="188.78" b="C"/>
<point x="32.57" y="181.22" b="A"/>
<point x="32.36" y="173.66" b="C"/>
<point x="32.57" y="166.10" b="A"/>
<point x="32.15" y="158.54" b="G"/>
<point x="26.02" y="154.76" b="Y"/>
<point x="32.15" y="150.98" b="G"/>
<point x="27.86" y="145.06" b="A"/>
<point x="27.86" y="137.50" b="A"/>
<point x="32.36" y="131.58" b="C"/>
<point x="32.57" y="124.02" b="A"/>
<point x="29.26" y="117.13" b="C"/>
<point x="32.36" y="110.23" b="C"/>
<point x="32.36" y="102.67" b="C"/>
<point x="32.57" y="95.11" b="A"/>
<point x="32.57" y="87.55" b="A"/>
<point x="32.15" y="79.99" b="G"/>
<point x="29.41" y="73.31" b="N"/>
<point x="32.15" y="66.20" b="G"/>
<point x="29.26" y="59.31" b="U"/>
<point x="32.15" y="52.41" b="G"/>
<point x="32.36" y="44.85" b="C"/>
<point x="32.36" y="37.29" b="U"/>
<point x="30.39" y="30.05" b="Y"/>
<point x="34.91" y="23.98" b="Y"/>
<point x="42.26" y="23.98" b="R"/>
<point x="46.77" y="30.05" b="U"/>
<point x="44.60" y="37.29" b="R"/>
<point x="44.39" y="44.85" b="G"/>
<point x="44.81" y="52.41" b="Y"/>
<point x="47.70" y="59.31" b="U"/>
<point x="44.60" y="66.20" b="C"/>
<point x="47.70" y="73.10" b="C"/>
<point x="44.60" y="79.99" b="C"/>
<point x="44.81" y="87.55" b="Y"/>
<point x="44.60" y="95.11" b="U"/>
<point x="44.39" y="102.67" b="G"/>
<point x="44.39" y="110.23" b="G"/>
<point x="52.36" y="110.53" b="Y"/>
<point x="56.05" y="117.13" b="Y"/>
<point x="52.15" y="123.72" b="U"/>
<point x="44.60" y="124.02" b="U"/>
<point x="44.60" y="131.58" b="R"/>
<point x="49.51" y="137.50" b="A"/>
<point x="49.46" y="145.27" b="N"/>
<point x="44.81" y="150.98" b="Y"/>
<point x="44.60" y="158.54" b="C"/>
<point x="44.60" y="166.10" b="U"/>
<point x="44.39" y="173.66" b="G"/>
<point x="44.60" y="181.22" b="U"/>
<point x="44.39" y="188.78" b="G"/>
<point x="44.60" y="196.34" b="C"/>
<point x="49.95" y="201.68" b="U"/>
<point x="55.50" y="196.34" b="A"/>
<point x="55.44" y="188.99" b="N"/>
<point x="55.50" y="181.22" b="A"/>
<point x="55.08" y="173.66" b="G"/>
<point x="55.50" y="166.10" b="Y"/>
<point x="55.50" y="158.54" b="A"/>
<point x="52.04" y="151.99" b="N"/>
<point x="54.62" y="144.89" b="N"/>
<point x="61.41" y="141.68" b="R"/>
<point x="68.56" y="144.68" b="Y"/>
<point x="70.93" y="151.79" b="C"/>
<point x="67.53" y="158.54" b="U"/>
<point x="67.32" y="166.10" b="G"/>
<point x="67.68" y="173.87" b="N"/>
<point x="67.53" y="181.22" b="U"/>
<point x="67.53" y="188.78" b="C"/>
<point x="67.53" y="196.34" b="U"/>
<point x="72.88" y="201.68" b="U"/>
<point x="80.44" y="201.68" b="U"/>
<point x="88.15" y="201.89" b="N"/>
<point x="95.56" y="201.68" b="C"/>
<point x="103.12" y="201.68" b="C"/>
<point x="108.46" y="196.34" b="U"/>
<point x="108.46" y="188.78" b="C"/>
<point x="108.46" y="181.22" b="U"/>
<point x="108.25" y="173.66" b="G"/>
<point x="108.46" y="166.10" b="C"/>
<point x="108.67" y="158.54" b="A"/>
<point x="108.46" y="150.98" b="U"/>
<point x="108.46" y="143.42" b="U"/>
<point x="108.25" y="135.86" b="G"/>
<point x="108.46" y="128.30" b="R"/>
<point x="108.67" y="120.74" b="A"/>
<point x="108.67" y="113.18" b="A"/>
<point x="108.25" y="105.62" b="G"/>
<point x="108.25" y="98.06" b="G"/>
<point x="108.46" y="90.50" b="R"/>
<point x="103.73" y="84.94" b="N"/>
<point x="103.38" y="77.18" b="Y"/>
<point x="107.57" y="71.13" b="N"/>
<point x="114.79" y="68.51" b="Y"/>
<point x="121.95" y="70.93" b="Y"/>
<point x="125.99" y="77.18" b="U"/>
<point x="125.74" y="84.94" b="N"/>
<point x="120.91" y="90.50" b="Y"/>
<point x="120.91" y="98.06" b="Y"/>
<point x="120.70" y="105.62" b="C"/>
<point x="120.70" y="113.18" b="U"/>
<point x="120.70" y="120.74" b="U"/>
<point x="120.70" y="128.30" b="U"/>
<point x="120.70" y="135.86" b="U"/>
<point x="127.46" y="139.64" b="A"/>
<point x="120.85" y="143.62" b="N"/>
<point x="120.91" y="150.98" b="A"/>
<point x="120.70" y="158.54" b="U"/>
<point x="120.49" y="166.10" b="G"/>
<point x="127.25" y="162.32" b="U"/>
<point x="134.00" y="166.10" b="A"/>
<point x="133.80" y="173.66" b="U"/>
<point x="127.25" y="177.44" b="U"/>
<point x="120.70" y="173.66" b="C"/>
<point x="120.91" y="181.22" b="A"/>
<point x="120.49" y="188.78" b="G"/>
<point x="120.91" y="196.34" b="A"/>
<point x="126.26" y="201.68" b="A"/>
<point x="133.61" y="201.68" b="R"/>
<point x="141.17" y="201.68" b="R"/>
<point x="148.94" y="201.68" b="Y"/>
<point x="156.29" y="201.68" b="C"/>
<point x="164.06" y="201.68" b="A"/>
<point x="171.20" y="201.68" b="G"/>
<point x="179.12" y="201.89" b="N"/>
<point x="186.74" y="201.68" b="A"/>
<point x="194.09" y="201.68" b="C"/>
<point x="201.86" y="201.68" b="A"/>
<point x="209.42" y="201.68" b="Y"/>
<point x="216.92" y="201.89" b="N"/>
<point x="224.48" y="201.89" b="N"/>
</structure>