<structure>
<point x="26.28" y="239.95" b="N"/>
<point x="26.28" y="232.39" b="N"/>
<point x="26.28" y="224.83" b="N"/>
<point x="26.28" y="217.27" b="N"/>
<point x="25.92" y="209.50" b="G"/>
<point x="26.34" y="201.94" b="A"/>
<point x="23.04" y="195.04" b="C"/>
<point x="26.34" y="188.15" b="A"/>
<point x="25.92" y="180.59" b="G"/>
<point x="25.92" y="173.03" b="G"/>
<point x="26.34" y="165.47" b="A"/>
<point x="18.77" y="167.91" b="G"/>
<point x="11.77" y="165.65" b="U"/>
<point x="7.50" y="159.55" b="A"/>
<point x="7.50" y="151.99" b="A"/>
<point x="11.77" y="145.90" b="U"/>
<point x="19.19" y="143.63" b="Y"/>
<point x="26.13" y="146.08" b="C"/>
<point x="26.13" y="138.52" b="C"/>
<point x="26.28" y="131.16" b="N"/>
<point x="25.92" y="123.40" b="G"/>
<point x="21.43" y="117.48" b="C"/>
<point x="21.64" y="109.92" b="Y"/>
<point x="25.92" y="104.00" b="G"/>
<point x="26.34" y="96.44" b="A"/>
<point x="26.34" y="88.88" b="A"/>
<point x="26.34" y="81.32" b="A"/>
<point x="23.04" y="74.43" b="C"/>
<point x="26.34" y="67.53" b="A"/>
<point x="25.92" y="59.97" b="G"/>
<point x="25.92" y="52.41" b="G"/>
<point x="25.92" y="44.85" b="G"/>
<point x="26.13" y="37.29" b="U"/>
<point x="23.96" y="30.05" b="U"/>
<point x="28.47" y="23.98" b="U"/>
<point x="36.03" y="23.98" b="U"/>
<point x="40.55" y="30.05" b="C"/>
<point x="38.58" y="37.29" b="A"/>
<point x="38.37" y="44.85" b="C"/>
<point x="38.37" y="52.41" b="C"/>
<point x="38.37" y="59.97" b="C"/>
<point x="38.37" y="67.53" b="U"/>
<point x="45.93" y="67.83" b="U"/>
<point x="49.62" y="74.43" b="C"/>
<point x="45.93" y="81.02" b="C"/>
<point x="38.37" y="81.32" b="U"/>
<point x="38.37" y="88.88" b="U"/>
<point x="38.37" y="96.44" b="U"/>
<point x="38.37" y="104.00" b="C"/>
<point x="43.08" y="109.92" b="U"/>
<point x="43.08" y="117.48" b="U"/>
<point x="38.37" y="123.40" b="C"/>
<point x="38.52" y="131.16" b="N"/>
<point x="38.16" y="138.52" b="G"/>
<point x="38.16" y="146.08" b="G"/>
<point x="43.08" y="151.99" b="U"/>
<point x="43.23" y="159.76" b="N"/>
<point x="38.37" y="165.47" b="U"/>
<point x="38.37" y="173.03" b="C"/>
<point x="38.37" y="180.59" b="C"/>
<point x="38.37" y="188.15" b="U"/>
<point x="45.93" y="188.45" b="U"/>
<point x="49.62" y="195.04" b="C"/>
<point x="45.93" y="201.64" b="C"/>
<point x="38.37" y="201.94" b="U"/>
<point x="38.37" y="209.50" b="C"/>
<point x="38.52" y="217.27" b="N"/>
<point x="44.92" y="220.84" b="C"/>
<point x="38.16" y="224.62" b="G"/>
<point x="38.37" y="232.18" b="C"/>
<point x="38.37" y="239.74" b="C"/>
<point x="43.87" y="245.29" b="N"/>
<point x="51.07" y="245.09" b="G"/>
<point x="58.99" y="245.29" b="N"/>
<point x="66.61" y="245.09" b="A"/>
<point x="73.75" y="245.09" b="G"/>
<point x="81.31" y="245.09" b="G"/>
<point x="89.23" y="245.29" b="N"/>
<point x="96.64" y="245.09" b="C"/>
</structure>