<structure>
<point x="19.60" y="139.80" b="N"/>
<point x="27.16" y="139.80" b="N"/>
<point x="34.73" y="139.80" b="N"/>
<point x="42.34" y="139.59" b="Y"/>
<point x="49.90" y="139.59" b="Y"/>
<point x="57.46" y="139.59" b="A"/>
<point x="64.61" y="139.59" b="G"/>
<point x="72.58" y="139.59" b="A"/>
<point x="79.94" y="139.59" b="C"/>
<point x="87.70" y="139.59" b="A"/>
<point x="92.84" y="134.24" b="C"/>
<point x="92.63" y="126.68" b="G"/>
<point x="92.63" y="119.12" b="G"/>
<point x="92.84" y="111.56" b="U"/>
<point x="86.29" y="107.78" b="U"/>
<point x="92.63" y="104.00" b="G"/>
<point x="93.05" y="96.44" b="A"/>
<point x="92.84" y="88.88" b="U"/>
<point x="92.84" y="81.32" b="C"/>
<point x="92.84" y="73.76" b="U"/>
<point x="92.84" y="66.20" b="C"/>
<point x="89.95" y="59.31" b="A"/>
<point x="92.84" y="52.41" b="C"/>
<point x="92.84" y="44.85" b="C"/>
<point x="93.05" y="37.29" b="Y"/>
<point x="90.82" y="30.26" b="N"/>
<point x="95.39" y="23.98" b="Y"/>
<point x="102.74" y="23.98" b="C"/>
<point x="107.04" y="30.05" b="G"/>
<point x="104.87" y="37.29" b="G"/>
<point x="104.87" y="44.85" b="G"/>
<point x="104.87" y="52.41" b="G"/>
<point x="110.47" y="47.33" b="G"/>
<point x="117.93" y="46.13" b="G"/>
<point x="124.85" y="49.19" b="G"/>
<point x="129.18" y="55.53" b="C"/>
<point x="129.18" y="63.09" b="U"/>
<point x="125.26" y="69.42" b="A"/>
<point x="118.14" y="72.49" b="U"/>
<point x="110.89" y="71.28" b="A"/>
<point x="104.87" y="66.20" b="G"/>
<point x="105.29" y="73.76" b="A"/>
<point x="104.87" y="81.32" b="G"/>
<point x="105.29" y="88.88" b="A"/>
<point x="105.08" y="96.44" b="U"/>
<point x="105.08" y="104.00" b="C"/>
<point x="104.87" y="111.56" b="G"/>
<point x="105.08" y="119.12" b="C"/>
<point x="105.08" y="126.68" b="U"/>
<point x="104.87" y="134.24" b="G"/>
<point x="110.22" y="139.59" b="G"/>
<point x="118.19" y="139.59" b="A"/>
<point x="125.75" y="139.59" b="A"/>
<point x="133.11" y="139.59" b="R"/>
<point x="140.67" y="139.59" b="C"/>
<point x="148.43" y="139.59" b="A"/>
<point x="155.79" y="139.59" b="C"/>
<point x="163.35" y="139.59" b="U"/>
<point x="171.11" y="139.59" b="A"/>
<point x="176.25" y="134.24" b="C"/>
<point x="176.25" y="126.68" b="C"/>
<point x="176.04" y="119.12" b="G"/>
<point x="176.04" y="111.56" b="G"/>
<point x="174.29" y="104.32" b="A"/>
<point x="178.59" y="98.26" b="C"/>
<point x="186.36" y="98.26" b="A"/>
<point x="190.87" y="104.32" b="A"/>
<point x="188.49" y="111.56" b="C"/>
<point x="188.49" y="119.12" b="C"/>
<point x="188.28" y="126.68" b="G"/>
<point x="188.28" y="134.24" b="G"/>
<point x="194.04" y="139.59" b="A"/>
<point x="201.60" y="139.59" b="A"/>
<point x="208.96" y="139.59" b="C"/>
<point x="216.72" y="139.59" b="A"/>
<point x="221.86" y="134.24" b="U"/>
<point x="221.86" y="126.68" b="U"/>
<point x="221.65" y="119.12" b="G"/>
<point x="221.86" y="111.56" b="C"/>
<point x="222.07" y="104.00" b="A"/>
<point x="219.48" y="96.76" b="G"/>
<point x="224.35" y="90.90" b="N"/>
<point x="231.97" y="90.70" b="A"/>
<point x="236.48" y="96.76" b="A"/>
<point x="234.10" y="104.00" b="U"/>
<point x="233.89" y="111.56" b="G"/>
<point x="234.10" y="119.12" b="C"/>
<point x="234.31" y="126.68" b="A"/>
<point x="233.89" y="134.24" b="G"/>
<point x="239.45" y="139.59" b="C"/>
<point x="247.01" y="139.59" b="C"/>
<point x="254.57" y="139.59" b="C"/>
</structure>