<structure>
<point x="23.64" y="269.19" b="G"/>
<point x="23.64" y="261.63" b="G"/>
<point x="24.05" y="254.07" b="A"/>
<point x="23.64" y="246.51" b="G"/>
<point x="16.93" y="243.02" b="G"/>
<point x="12.32" y="237.38" b="A"/>
<point x="9.21" y="230.31" b="G"/>
<point x="9.62" y="222.75" b="A"/>
<point x="12.11" y="215.69" b="C"/>
<point x="17.14" y="210.04" b="U"/>
<point x="23.64" y="206.56" b="G"/>
<point x="24.05" y="199.00" b="A"/>
<point x="23.85" y="191.44" b="U"/>
<point x="23.64" y="183.88" b="G"/>
<point x="24.05" y="176.32" b="A"/>
<point x="23.85" y="168.76" b="U"/>
<point x="23.64" y="161.20" b="G"/>
<point x="23.64" y="153.64" b="G"/>
<point x="20.95" y="146.74" b="A"/>
<point x="24.05" y="139.84" b="A"/>
<point x="23.85" y="132.28" b="C"/>
<point x="23.85" y="124.72" b="C"/>
<point x="23.64" y="117.17" b="G"/>
<point x="23.85" y="109.61" b="U"/>
<point x="23.85" y="102.05" b="C"/>
<point x="16.39" y="103.28" b="U"/>
<point x="9.65" y="99.46" b="G"/>
<point x="7.50" y="92.35" b="A"/>
<point x="9.86" y="85.24" b="C"/>
<point x="16.59" y="81.42" b="A"/>
<point x="23.85" y="82.65" b="C"/>
<point x="23.64" y="75.09" b="G"/>
<point x="23.85" y="67.53" b="C"/>
<point x="23.85" y="59.97" b="C"/>
<point x="23.64" y="52.41" b="G"/>
<point x="24.00" y="45.06" b="N"/>
<point x="23.85" y="37.29" b="C"/>
<point x="21.67" y="30.05" b="C"/>
<point x="26.19" y="23.98" b="C"/>
<point x="33.75" y="23.98" b="C"/>
<point x="38.26" y="30.05" b="C"/>
<point x="35.88" y="37.29" b="G"/>
<point x="36.09" y="44.85" b="C"/>
<point x="36.09" y="52.41" b="C"/>
<point x="35.88" y="59.97" b="G"/>
<point x="35.88" y="67.53" b="G"/>
<point x="36.09" y="75.09" b="C"/>
<point x="35.88" y="82.65" b="G"/>
<point x="40.79" y="88.57" b="C"/>
<point x="40.79" y="96.13" b="C"/>
<point x="35.88" y="102.05" b="G"/>
<point x="36.29" y="109.61" b="A"/>
<point x="36.09" y="117.17" b="C"/>
<point x="35.88" y="124.72" b="G"/>
<point x="35.88" y="132.28" b="G"/>
<point x="36.09" y="139.84" b="U"/>
<point x="37.73" y="132.52" b="G"/>
<point x="41.05" y="125.62" b="C"/>
<point x="45.31" y="119.38" b="C"/>
<point x="50.60" y="113.97" b="U"/>
<point x="56.74" y="109.58" b="C"/>
<point x="63.56" y="106.31" b="C"/>
<point x="71.06" y="104.29" b="A"/>
<point x="78.58" y="103.58" b="A"/>
<point x="85.70" y="104.18" b="G"/>
<point x="93.02" y="106.09" b="G"/>
<point x="100.09" y="109.25" b="U"/>
<point x="106.31" y="113.56" b="C"/>
<point x="111.46" y="118.89" b="G"/>
<point x="116.23" y="125.06" b="A"/>
<point x="119.24" y="131.91" b="C"/>
<point x="121.20" y="139.21" b="C"/>
<point x="121.86" y="146.74" b="C"/>
<point x="121.20" y="154.27" b="U"/>
<point x="119.24" y="161.57" b="C"/>
<point x="116.03" y="168.42" b="C"/>
<point x="111.88" y="174.60" b="A"/>
<point x="106.10" y="179.92" b="G"/>
<point x="100.09" y="184.23" b="C"/>
<point x="93.23" y="187.39" b="U"/>
<point x="85.91" y="189.30" b="C"/>
<point x="78.17" y="189.91" b="G"/>
<point x="70.85" y="189.19" b="U"/>
<point x="63.56" y="187.17" b="C"/>
<point x="56.74" y="183.91" b="U"/>
<point x="50.60" y="179.51" b="C"/>
<point x="45.31" y="174.10" b="U"/>
<point x="41.05" y="167.86" b="C"/>
<point x="37.94" y="160.97" b="C"/>
<point x="36.09" y="153.64" b="C"/>
<point x="36.09" y="161.20" b="C"/>
<point x="35.88" y="168.76" b="G"/>
<point x="36.09" y="176.32" b="U"/>
<point x="36.09" y="183.88" b="C"/>
<point x="35.88" y="191.44" b="G"/>
<point x="36.09" y="199.00" b="U"/>
<point x="36.09" y="206.56" b="C"/>
<point x="38.87" y="199.45" b="A"/>
<point x="42.01" y="192.67" b="C"/>
<point x="46.07" y="186.29" b="C"/>
<point x="50.81" y="180.40" b="U"/>
<point x="56.36" y="175.06" b="A"/>
<point x="62.06" y="170.34" b="C"/>
<point x="68.44" y="166.29" b="C"/>
<point x="75.23" y="162.96" b="U"/>
<point x="82.34" y="160.39" b="C"/>
<point x="89.69" y="158.62" b="U"/>
<point x="97.19" y="157.66" b="C"/>
<point x="104.75" y="157.53" b="U"/>
<point x="112.28" y="158.22" b="C"/>
<point x="119.69" y="159.74" b="U"/>
<point x="126.67" y="162.05" b="G"/>
<point x="133.78" y="165.14" b="U"/>
<point x="140.31" y="168.96" b="C"/>
<point x="146.58" y="173.47" b="A"/>
<point x="151.91" y="178.62" b="C"/>
<point x="156.85" y="184.35" b="U"/>
<point x="161.13" y="190.58" b="C"/>
<point x="164.50" y="197.24" b="G"/>
<point x="167.54" y="204.25" b="C"/>
<point x="169.58" y="211.53" b="U"/>
<point x="170.82" y="218.98" b="C"/>
<point x="171.02" y="226.53" b="G"/>
<point x="170.82" y="234.08" b="C"/>
<point x="169.58" y="241.54" b="U"/>
<point x="167.54" y="248.82" b="C"/>
<point x="164.91" y="255.83" b="A"/>
<point x="161.13" y="262.49" b="C"/>
<point x="156.85" y="268.72" b="U"/>
<point x="151.91" y="274.44" b="C"/>
<point x="146.58" y="279.59" b="A"/>
<point x="140.31" y="284.10" b="C"/>
<point x="133.78" y="287.93" b="U"/>
<point x="126.88" y="291.01" b="C"/>
<point x="119.69" y="293.33" b="U"/>
<point x="112.28" y="294.84" b="U"/>
<point x="104.54" y="295.53" b="G"/>
<point x="97.19" y="295.40" b="C"/>
<point x="89.48" y="294.44" b="G"/>
<point x="82.34" y="292.67" b="C"/>
<point x="75.23" y="290.10" b="C"/>
<point x="68.44" y="286.78" b="U"/>
<point x="61.85" y="282.73" b="G"/>
<point x="56.36" y="278.00" b="A"/>
<point x="50.81" y="272.66" b="U"/>
<point x="46.07" y="266.77" b="U"/>
<point x="42.01" y="260.39" b="U"/>
<point x="38.46" y="253.61" b="G"/>
<point x="36.09" y="246.51" b="C"/>
<point x="36.09" y="254.07" b="U"/>
<point x="36.09" y="261.63" b="U"/>
<point x="36.09" y="269.19" b="C"/>
</structure>