<structure>
<point x="78.91" y="238.37" b="G"/>
<point x="78.91" y="230.81" b="G"/>
<point x="78.91" y="223.25" b="G"/>
<point x="79.12" y="215.69" b="U"/>
<point x="79.12" y="208.13" b="C"/>
<point x="79.32" y="200.57" b="A"/>
<point x="76.23" y="193.67" b="A"/>
<point x="79.12" y="186.78" b="U"/>
<point x="78.91" y="179.22" b="G"/>
<point x="71.83" y="178.26" b="A"/>
<point x="64.25" y="176.57" b="U"/>
<point x="56.87" y="174.18" b="G"/>
<point x="50.38" y="171.10" b="A"/>
<point x="43.39" y="167.37" b="G"/>
<point x="37.62" y="163.02" b="A"/>
<point x="31.84" y="158.30" b="N"/>
<point x="26.67" y="152.62" b="Y"/>
<point x="21.95" y="146.88" b="N"/>
<point x="17.88" y="140.51" b="N"/>
<point x="14.45" y="133.78" b="N"/>
<point x="11.68" y="126.74" b="N"/>
<point x="9.47" y="119.26" b="U"/>
<point x="8.12" y="111.82" b="R"/>
<point x="7.50" y="104.28" b="U"/>
<point x="7.61" y="96.72" b="U"/>
<point x="8.25" y="89.21" b="G"/>
<point x="10.03" y="81.82" b="U"/>
<point x="12.32" y="74.61" b="C"/>
<point x="15.49" y="67.66" b="Y"/>
<point x="19.13" y="61.03" b="Y"/>
<point x="22.97" y="54.78" b="G"/>
<point x="28.23" y="48.98" b="A"/>
<point x="33.62" y="43.67" b="A"/>
<point x="39.08" y="38.92" b="G"/>
<point x="45.80" y="34.75" b="A"/>
<point x="52.07" y="31.22" b="G"/>
<point x="59.48" y="28.35" b="A"/>
<point x="66.31" y="26.18" b="G"/>
<point x="73.93" y="24.72" b="R"/>
<point x="81.46" y="23.98" b="U"/>
<point x="88.81" y="23.98" b="G"/>
<point x="96.75" y="24.72" b="A"/>
<point x="103.96" y="26.18" b="U"/>
<point x="110.99" y="28.35" b="G"/>
<point x="118.40" y="31.22" b="A"/>
<point x="124.88" y="34.75" b="C"/>
<point x="131.34" y="39.12" b="N"/>
<point x="137.06" y="43.67" b="U"/>
<point x="142.66" y="48.98" b="A"/>
<point x="147.50" y="54.78" b="A"/>
<point x="151.76" y="61.03" b="A"/>
<point x="155.40" y="67.66" b="A"/>
<point x="158.37" y="74.61" b="A"/>
<point x="160.44" y="81.82" b="U"/>
<point x="162.22" y="89.21" b="Y"/>
<point x="163.07" y="96.72" b="A"/>
<point x="162.98" y="104.28" b="U"/>
<point x="162.15" y="111.82" b="G"/>
<point x="161.01" y="119.26" b="C"/>
<point x="158.94" y="126.53" b="U"/>
<point x="156.18" y="133.57" b="C"/>
<point x="152.96" y="140.30" b="A"/>
<point x="148.89" y="146.68" b="A"/>
<point x="144.01" y="152.62" b="U"/>
<point x="139.00" y="158.09" b="A"/>
<point x="132.85" y="163.02" b="G"/>
<point x="126.67" y="167.37" b="G"/>
<point x="120.51" y="171.10" b="A"/>
<point x="113.40" y="174.18" b="U"/>
<point x="106.23" y="176.57" b="U"/>
<point x="99.06" y="178.26" b="A"/>
<point x="91.56" y="179.22" b="Y"/>
<point x="91.15" y="186.78" b="G"/>
<point x="94.46" y="193.67" b="C"/>
<point x="91.36" y="200.57" b="U"/>
<point x="91.15" y="208.13" b="G"/>
<point x="99.12" y="208.13" b="A"/>
<point x="98.71" y="215.69" b="G"/>
<point x="91.15" y="215.69" b="G"/>
<point x="91.36" y="223.25" b="C"/>
<point x="91.36" y="230.81" b="C"/>
<point x="91.36" y="238.37" b="C"/>
</structure>