<structure>
<point x="19.45" y="80.44" b="R"/>
<point x="27.16" y="80.64" b="N"/>
<point x="34.78" y="80.44" b="A"/>
<point x="42.28" y="80.64" b="N"/>
<point x="49.90" y="80.44" b="A"/>
<point x="57.46" y="80.44" b="Y"/>
<point x="65.02" y="80.44" b="A"/>
<point x="72.53" y="80.64" b="N"/>
<point x="79.72" y="80.44" b="G"/>
<point x="87.65" y="80.64" b="N"/>
<point x="95.06" y="80.44" b="R"/>
<point x="102.77" y="80.64" b="N"/>
<point x="110.33" y="80.64" b="N"/>
<point x="117.73" y="80.44" b="C"/>
<point x="125.50" y="80.44" b="A"/>
<point x="132.85" y="80.44" b="U"/>
<point x="140.21" y="80.44" b="G"/>
<point x="148.12" y="80.64" b="N"/>
<point x="155.53" y="80.44" b="U"/>
<point x="163.25" y="80.64" b="N"/>
<point x="170.80" y="80.64" b="N"/>
<point x="178.42" y="80.44" b="Y"/>
<point x="185.78" y="80.44" b="R"/>
<point x="193.54" y="80.44" b="Y"/>
<point x="201.04" y="80.64" b="N"/>
<point x="208.60" y="80.64" b="N"/>
<point x="216.01" y="80.44" b="U"/>
<point x="223.78" y="80.44" b="Y"/>
<point x="231.28" y="80.64" b="N"/>
<point x="238.90" y="80.44" b="A"/>
<point x="246.04" y="80.44" b="G"/>
<point x="253.60" y="80.44" b="G"/>
<point x="261.58" y="80.44" b="A"/>
<point x="268.94" y="80.44" b="U"/>
<point x="276.29" y="80.44" b="G"/>
<point x="284.06" y="80.44" b="C"/>
<point x="291.82" y="80.44" b="A"/>
<point x="298.96" y="80.44" b="G"/>
<point x="306.74" y="80.44" b="C"/>
<point x="314.50" y="80.44" b="A"/>
<point x="321.64" y="80.44" b="G"/>
<point x="329.62" y="80.44" b="A"/>
<point x="336.98" y="80.44" b="C"/>
<point x="344.54" y="80.44" b="U"/>
<point x="351.88" y="80.44" b="G"/>
<point x="359.86" y="80.44" b="A"/>
<point x="367.37" y="80.64" b="N"/>
<point x="374.93" y="80.64" b="N"/>
<point x="382.49" y="80.64" b="N"/>
<point x="390.10" y="80.44" b="A"/>
<point x="397.66" y="80.44" b="A"/>
<point x="405.01" y="80.44" b="U"/>
<point x="412.78" y="80.44" b="Y"/>
<point x="420.13" y="80.44" b="C"/>
<point x="427.90" y="80.44" b="A"/>
<point x="435.05" y="80.44" b="G"/>
<point x="443.02" y="80.44" b="A"/>
<point x="450.38" y="80.44" b="C"/>
<point x="458.14" y="80.44" b="A"/>
<point x="465.50" y="80.44" b="U"/>
<point x="473.06" y="80.44" b="C"/>
<point x="480.62" y="80.44" b="C"/>
<point x="488.18" y="80.44" b="C"/>
<point x="495.52" y="80.44" b="G"/>
<point x="503.30" y="80.44" b="C"/>
<point x="511.00" y="80.64" b="N"/>
<point x="518.62" y="80.44" b="A"/>
<point x="525.98" y="80.44" b="C"/>
<point x="533.68" y="80.64" b="N"/>
<point x="541.25" y="80.64" b="N"/>
<point x="548.45" y="80.44" b="G"/>
<point x="556.22" y="80.44" b="C"/>
<point x="563.57" y="80.44" b="G"/>
<point x="571.49" y="80.64" b="N"/>
<point x="579.04" y="80.64" b="N"/>
<point x="586.61" y="80.64" b="N"/>
<point x="594.16" y="80.64" b="N"/>
<point x="601.73" y="80.64" b="N"/>
<point x="609.13" y="80.44" b="C"/>
<point x="616.49" y="80.44" b="G"/>
<point x="624.25" y="80.44" b="C"/>
<point x="631.97" y="80.64" b="N"/>
<point x="639.52" y="80.64" b="N"/>
<point x="646.73" y="80.44" b="G"/>
<point x="654.28" y="80.44" b="G"/>
<point x="662.05" y="80.44" b="U"/>
<point x="669.62" y="80.44" b="C"/>
<point x="677.33" y="80.64" b="N"/>
<point x="684.94" y="80.44" b="A"/>
<point x="692.09" y="80.44" b="G"/>
<point x="699.64" y="80.44" b="G"/>
<point x="707.41" y="80.44" b="C"/>
<point x="715.12" y="80.64" b="N"/>
<point x="722.68" y="80.64" b="N"/>
<point x="730.10" y="80.44" b="R"/>
<point x="737.45" y="80.44" b="G"/>
<point x="745.22" y="80.44" b="U"/>
<point x="752.77" y="80.44" b="C"/>
<point x="760.34" y="80.44" b="C"/>
<point x="767.68" y="80.44" b="G"/>
<point x="775.25" y="80.44" b="G"/>
<point x="783.01" y="80.44" b="U"/>
<point x="790.78" y="80.44" b="A"/>
<point x="798.34" y="80.44" b="A"/>
<point x="805.85" y="80.64" b="N"/>
<point x="813.04" y="80.44" b="G"/>
<point x="820.61" y="80.44" b="G"/>
<point x="828.58" y="80.44" b="Y"/>
<point x="835.73" y="80.44" b="G"/>
<point x="843.70" y="80.44" b="Y"/>
<point x="851.05" y="80.44" b="U"/>
<point x="858.62" y="80.44" b="C"/>
<point x="866.17" y="80.44" b="U"/>
<point x="873.52" y="80.44" b="G"/>
<point x="881.50" y="80.44" b="A"/>
<point x="889.06" y="80.44" b="A"/>
<point x="896.41" y="80.44" b="U"/>
<point x="904.18" y="80.44" b="A"/>
<point x="911.53" y="80.44" b="C"/>
<point x="919.10" y="80.44" b="C"/>
<point x="926.86" y="80.44" b="A"/>
<point x="934.00" y="80.44" b="G"/>
<point x="941.98" y="80.44" b="A"/>
<point x="949.12" y="80.44" b="G"/>
<point x="957.10" y="80.44" b="A"/>
<point x="964.46" y="80.44" b="U"/>
<point x="972.22" y="80.44" b="A"/>
<point x="979.73" y="80.64" b="N"/>
<point x="987.13" y="80.44" b="U"/>
<point x="994.85" y="80.64" b="N"/>
<point x="1002.40" y="80.64" b="N"/>
<point x="1009.82" y="80.44" b="U"/>
<point x="1017.38" y="80.44" b="C"/>
<point x="1024.94" y="80.44" b="U"/>
<point x="1032.29" y="80.44" b="G"/>
<point x="1039.85" y="80.44" b="G"/>
<point x="1047.62" y="80.44" b="C"/>
<point x="1054.97" y="80.44" b="G"/>
<point x="1062.94" y="80.44" b="A"/>
<point x="1070.50" y="80.44" b="A"/>
<point x="1078.06" y="80.44" b="A"/>
<point x="1083.20" y="75.09" b="C"/>
<point x="1083.20" y="67.53" b="C"/>
<point x="1083.20" y="59.97" b="C"/>
<point x="1083.41" y="52.41" b="A"/>
<point x="1083.20" y="44.85" b="C"/>
<point x="1083.20" y="37.29" b="C"/>
<point x="1081.03" y="30.05" b="U"/>
<point x="1085.75" y="23.98" b="Y"/>
<point x="1093.31" y="23.98" b="A"/>
<point x="1097.82" y="30.05" b="A"/>
<point x="1095.23" y="37.29" b="G"/>
<point x="1095.23" y="44.85" b="G"/>
<point x="1095.44" y="52.41" b="U"/>
<point x="1095.23" y="59.97" b="G"/>
<point x="1095.23" y="67.53" b="G"/>
<point x="1095.23" y="75.09" b="G"/>
<point x="1100.79" y="80.44" b="U"/>
<point x="1108.35" y="80.44" b="U"/>
<point x="1115.91" y="80.44" b="U"/>
<point x="1123.47" y="80.44" b="U"/>
</structure>