<structure>
<point x="24.88" y="219.31" b="G"/>
<point x="25.09" y="211.75" b="C"/>
<point x="25.30" y="204.19" b="A"/>
<point x="25.09" y="196.63" b="U"/>
<point x="24.88" y="189.07" b="G"/>
<point x="24.88" y="181.51" b="G"/>
<point x="18.37" y="178.58" b="N"/>
<point x="12.92" y="173.19" b="Y"/>
<point x="8.95" y="166.51" b="G"/>
<point x="8.14" y="159.05" b="A"/>
<point x="9.36" y="151.59" b="A"/>
<point x="12.71" y="144.92" b="U"/>
<point x="18.42" y="139.74" b="A"/>
<point x="25.09" y="136.59" b="C"/>
<point x="25.09" y="129.03" b="U"/>
<point x="24.88" y="121.47" b="G"/>
<point x="25.09" y="113.91" b="U"/>
<point x="24.88" y="106.35" b="G"/>
<point x="25.09" y="98.79" b="U"/>
<point x="18.19" y="95.70" b="U"/>
<point x="12.82" y="90.60" b="Y"/>
<point x="8.92" y="84.00" b="U"/>
<point x="7.50" y="76.58" b="U"/>
<point x="8.48" y="69.08" b="U"/>
<point x="11.98" y="62.28" b="Y"/>
<point x="17.04" y="56.85" b="R"/>
<point x="23.75" y="53.36" b="U"/>
<point x="31.21" y="52.15" b="C"/>
<point x="38.88" y="53.36" b="A"/>
<point x="45.17" y="56.85" b="G"/>
<point x="50.65" y="62.28" b="U"/>
<point x="54.14" y="69.08" b="A"/>
<point x="54.92" y="76.58" b="R"/>
<point x="53.50" y="84.00" b="U"/>
<point x="49.81" y="90.60" b="U"/>
<point x="44.23" y="95.70" b="U"/>
<point x="37.54" y="98.79" b="A"/>
<point x="37.33" y="106.35" b="C"/>
<point x="37.54" y="113.91" b="A"/>
<point x="37.33" y="121.47" b="C"/>
<point x="37.54" y="129.03" b="A"/>
<point x="37.12" y="136.59" b="G"/>
<point x="44.21" y="139.74" b="C"/>
<point x="49.71" y="144.92" b="C"/>
<point x="53.47" y="151.59" b="A"/>
<point x="54.28" y="159.05" b="G"/>
<point x="53.47" y="166.51" b="A"/>
<point x="49.71" y="173.19" b="C"/>
<point x="44.41" y="178.37" b="A"/>
<point x="37.33" y="181.51" b="C"/>
<point x="37.33" y="189.07" b="C"/>
<point x="37.54" y="196.63" b="A"/>
<point x="37.33" y="204.19" b="U"/>
<point x="37.12" y="211.75" b="G"/>
<point x="37.33" y="219.31" b="C"/>
<point x="42.88" y="224.66" b="A"/>
<point x="50.44" y="224.66" b="A"/>
<point x="57.80" y="224.66" b="R"/>
<point x="65.56" y="224.66" b="A"/>
<point x="72.71" y="224.66" b="G"/>
<point x="80.48" y="224.66" b="U"/>
<point x="88.24" y="224.66" b="A"/>
<point x="95.75" y="224.87" b="N"/>
<point x="103.31" y="224.87" b="N"/>
<point x="110.87" y="224.87" b="N"/>
<point x="118.28" y="224.66" b="U"/>
<point x="125.84" y="224.66" b="C"/>
<point x="131.39" y="219.31" b="Y"/>
<point x="131.18" y="211.75" b="U"/>
<point x="131.18" y="204.19" b="C"/>
<point x="131.18" y="196.63" b="C"/>
<point x="131.39" y="189.07" b="Y"/>
<point x="131.18" y="181.51" b="U"/>
<point x="131.18" y="173.96" b="U"/>
<point x="131.33" y="166.60" b="N"/>
<point x="131.18" y="158.84" b="R"/>
<point x="131.33" y="151.48" b="N"/>
<point x="126.04" y="156.62" b="A"/>
<point x="118.43" y="156.83" b="N"/>
<point x="113.08" y="151.48" b="N"/>
<point x="112.93" y="143.72" b="R"/>
<point x="118.43" y="138.58" b="N"/>
<point x="126.04" y="138.37" b="Y"/>
<point x="131.39" y="143.72" b="Y"/>
<point x="131.33" y="136.36" b="N"/>
<point x="131.33" y="128.80" b="N"/>
<point x="131.18" y="121.03" b="U"/>
<point x="130.97" y="113.47" b="G"/>
<point x="131.18" y="105.92" b="R"/>
<point x="131.18" y="98.35" b="U"/>
<point x="131.39" y="90.79" b="A"/>
<point x="131.18" y="83.23" b="U"/>
<point x="130.97" y="75.67" b="G"/>
<point x="131.18" y="68.11" b="C"/>
<point x="131.18" y="60.55" b="U"/>
<point x="131.18" y="52.99" b="R"/>
<point x="125.35" y="48.58" b="N"/>
<point x="122.29" y="41.67" b="N"/>
<point x="122.90" y="34.13" b="N"/>
<point x="126.88" y="27.59" b="U"/>
<point x="133.67" y="24.19" b="N"/>
<point x="141.08" y="23.98" b="U"/>
<point x="147.88" y="27.80" b="N"/>
<point x="151.85" y="33.92" b="U"/>
<point x="152.67" y="41.46" b="Y"/>
<point x="149.41" y="48.37" b="R"/>
<point x="143.42" y="52.99" b="U"/>
<point x="143.42" y="60.55" b="R"/>
<point x="143.21" y="68.11" b="G"/>
<point x="143.42" y="75.67" b="C"/>
<point x="143.63" y="83.23" b="A"/>
<point x="143.42" y="90.79" b="U"/>
<point x="143.42" y="98.35" b="R"/>
<point x="143.63" y="105.92" b="Y"/>
<point x="143.42" y="113.47" b="C"/>
<point x="143.63" y="121.03" b="A"/>
<point x="143.42" y="128.59" b="U"/>
<point x="143.42" y="136.16" b="U"/>
<point x="143.42" y="143.72" b="R"/>
<point x="143.63" y="151.28" b="Y"/>
<point x="143.42" y="158.84" b="U"/>
<point x="143.63" y="166.40" b="A"/>
<point x="143.63" y="173.96" b="A"/>
<point x="143.63" y="181.51" b="A"/>
<point x="143.42" y="189.07" b="R"/>
<point x="143.21" y="196.63" b="G"/>
<point x="149.97" y="200.41" b="U"/>
<point x="143.21" y="204.19" b="G"/>
<point x="143.42" y="211.75" b="R"/>
<point x="143.57" y="219.52" b="N"/>
<point x="148.97" y="224.66" b="Y"/>
<point x="156.53" y="224.66" b="A"/>
<point x="163.89" y="224.66" b="C"/>
<point x="171.65" y="224.66" b="A"/>
<point x="179.01" y="224.66" b="R"/>
<point x="186.77" y="224.66" b="A"/>
<point x="194.33" y="224.66" b="Y"/>
</structure>