<structure>
<point x="69.82" y="217.92" b="G"/>
<point x="70.03" y="210.36" b="C"/>
<point x="70.03" y="202.80" b="C"/>
<point x="70.24" y="195.24" b="A"/>
<point x="62.70" y="194.36" b="N"/>
<point x="55.44" y="192.26" b="A"/>
<point x="48.17" y="189.57" b="U"/>
<point x="41.23" y="186.12" b="G"/>
<point x="35.33" y="181.96" b="A"/>
<point x="29.31" y="177.13" b="U"/>
<point x="23.84" y="171.70" b="G"/>
<point x="19.43" y="165.72" b="U"/>
<point x="15.63" y="159.48" b="N"/>
<point x="12.27" y="152.43" b="U"/>
<point x="9.97" y="145.48" b="N"/>
<point x="8.33" y="138.10" b="N"/>
<point x="7.50" y="130.59" b="N"/>
<point x="7.50" y="123.03" b="N"/>
<point x="8.18" y="115.31" b="U"/>
<point x="9.82" y="107.93" b="U"/>
<point x="12.42" y="100.98" b="N"/>
<point x="15.27" y="93.93" b="G"/>
<point x="19.43" y="87.48" b="R"/>
<point x="24.20" y="81.71" b="N"/>
<point x="29.51" y="76.07" b="A"/>
<point x="35.28" y="71.45" b="N"/>
<point x="41.44" y="67.08" b="R"/>
<point x="48.32" y="63.84" b="N"/>
<point x="55.02" y="60.95" b="G"/>
<point x="62.76" y="59.05" b="A"/>
<point x="69.82" y="57.97" b="G"/>
<point x="70.03" y="50.41" b="C"/>
<point x="70.03" y="42.85" b="R"/>
<point x="70.03" y="35.29" b="C"/>
<point x="69.67" y="27.73" b="U"/>
<point x="76.30" y="24.06" b="N"/>
<point x="82.64" y="27.73" b="U"/>
<point x="82.06" y="35.29" b="G"/>
<point x="82.48" y="42.85" b="Y"/>
<point x="82.06" y="50.41" b="G"/>
<point x="82.27" y="57.97" b="C"/>
<point x="89.95" y="56.80" b="A"/>
<point x="97.30" y="56.45" b="R"/>
<point x="104.99" y="57.12" b="N"/>
<point x="112.08" y="58.19" b="G"/>
<point x="119.72" y="60.46" b="N"/>
<point x="126.78" y="63.09" b="Y"/>
<point x="133.02" y="66.67" b="G"/>
<point x="139.68" y="70.94" b="A"/>
<point x="145.21" y="75.86" b="C"/>
<point x="150.39" y="81.36" b="C"/>
<point x="154.95" y="87.40" b="C"/>
<point x="158.83" y="93.88" b="U"/>
<point x="162.20" y="100.75" b="Y"/>
<point x="164.60" y="107.92" b="A"/>
<point x="166.01" y="115.31" b="U"/>
<point x="166.82" y="122.82" b="C"/>
<point x="166.82" y="130.38" b="U"/>
<point x="166.22" y="137.90" b="A"/>
<point x="164.39" y="145.28" b="U"/>
<point x="161.99" y="152.45" b="C"/>
<point x="159.04" y="159.32" b="A"/>
<point x="154.95" y="165.81" b="C"/>
<point x="150.39" y="171.84" b="C"/>
<point x="145.21" y="177.34" b="C"/>
<point x="139.62" y="182.47" b="N"/>
<point x="133.23" y="186.53" b="U"/>
<point x="126.36" y="190.11" b="G"/>
<point x="119.77" y="192.95" b="A"/>
<point x="112.29" y="195.01" b="C"/>
<point x="104.84" y="196.29" b="U"/>
<point x="97.09" y="196.75" b="G"/>
<point x="89.95" y="196.40" b="A"/>
<point x="82.27" y="195.24" b="U"/>
<point x="82.06" y="202.80" b="G"/>
<point x="82.06" y="210.36" b="G"/>
<point x="82.27" y="217.92" b="C"/>
<point x="87.62" y="223.26" b="U"/>
</structure>