<structure>
<point x="229.65" y="139.95" b="A"/>
<point x="237.00" y="139.95" b="C"/>
<point x="244.56" y="139.95" b="U"/>
<point x="252.33" y="139.95" b="A"/>
<point x="259.89" y="139.95" b="A"/>
<point x="267.45" y="139.95" b="Y"/>
<point x="274.80" y="139.95" b="U"/>
<point x="282.57" y="139.95" b="A"/>
<point x="290.07" y="140.16" b="N"/>
<point x="297.69" y="139.95" b="A"/>
<point x="305.25" y="139.95" b="A"/>
<point x="310.59" y="134.60" b="Y"/>
<point x="310.54" y="127.25" b="N"/>
<point x="310.59" y="119.48" b="A"/>
<point x="303.14" y="118.14" b="N"/>
<point x="296.07" y="115.45" b="N"/>
<point x="289.37" y="111.47" b="R"/>
<point x="283.64" y="106.93" b="N"/>
<point x="278.22" y="101.10" b="G"/>
<point x="271.68" y="104.91" b="G"/>
<point x="265.15" y="108.71" b="G"/>
<point x="258.82" y="112.51" b="C"/>
<point x="252.08" y="116.32" b="G"/>
<point x="245.55" y="120.12" b="G"/>
<point x="241.63" y="126.46" b="R"/>
<point x="234.40" y="127.80" b="A"/>
<point x="228.26" y="123.52" b="N"/>
<point x="227.42" y="115.80" b="Y"/>
<point x="232.05" y="110.00" b="U"/>
<point x="239.60" y="109.54" b="C"/>
<point x="246.13" y="105.74" b="C"/>
<point x="246.31" y="98.18" b="Y"/>
<point x="252.46" y="101.94" b="G"/>
<point x="259.20" y="98.13" b="C"/>
<point x="265.74" y="94.33" b="C"/>
<point x="272.27" y="90.53" b="C"/>
<point x="269.89" y="83.35" b="U"/>
<point x="262.38" y="84.21" b="C"/>
<point x="254.87" y="85.07" b="U"/>
<point x="247.35" y="85.93" b="C"/>
<point x="239.63" y="86.79" b="G"/>
<point x="232.54" y="87.65" b="A"/>
<point x="224.82" y="88.51" b="U"/>
<point x="217.31" y="89.37" b="U"/>
<point x="209.59" y="90.23" b="G"/>
<point x="202.29" y="91.09" b="U"/>
<point x="196.00" y="94.95" b="Y"/>
<point x="188.59" y="92.65" b="R"/>
<point x="181.28" y="93.51" b="Y"/>
<point x="178.52" y="100.78" b="N"/>
<point x="173.54" y="106.21" b="Y"/>
<point x="166.83" y="109.69" b="A"/>
<point x="158.90" y="110.55" b="G"/>
<point x="151.79" y="108.68" b="C"/>
<point x="145.81" y="104.32" b="A"/>
<point x="141.38" y="98.05" b="C"/>
<point x="133.66" y="98.91" b="G"/>
<point x="126.15" y="99.77" b="G"/>
<point x="120.07" y="103.64" b="A"/>
<point x="112.66" y="101.34" b="C"/>
<point x="105.35" y="102.20" b="A"/>
<point x="97.43" y="103.06" b="G"/>
<point x="104.15" y="107.23" b="A"/>
<point x="106.09" y="114.48" b="C"/>
<point x="103.08" y="121.41" b="U"/>
<point x="96.52" y="124.79" b="A"/>
<point x="88.97" y="123.03" b="U"/>
<point x="84.67" y="116.95" b="A"/>
<point x="85.07" y="109.61" b="N"/>
<point x="89.92" y="103.92" b="G"/>
<point x="82.61" y="104.78" b="C"/>
<point x="75.10" y="105.64" b="C"/>
<point x="67.74" y="106.70" b="N"/>
<point x="59.87" y="107.36" b="G"/>
<point x="52.57" y="108.21" b="R"/>
<point x="45.06" y="109.07" b="U"/>
<point x="37.34" y="109.93" b="G"/>
<point x="29.83" y="110.79" b="G"/>
<point x="24.86" y="116.30" b="U"/>
<point x="17.41" y="117.56" b="C"/>
<point x="10.50" y="114.06" b="G"/>
<point x="7.50" y="107.21" b="U"/>
<point x="9.08" y="99.82" b="U"/>
<point x="14.81" y="94.89" b="C"/>
<point x="22.36" y="94.43" b="C"/>
<point x="28.65" y="98.63" b="C"/>
<point x="36.16" y="97.77" b="C"/>
<point x="43.88" y="96.91" b="A"/>
<point x="51.39" y="96.05" b="Y"/>
<point x="58.69" y="95.19" b="C"/>
<point x="66.35" y="94.54" b="N"/>
<point x="73.50" y="93.48" b="G"/>
<point x="81.01" y="92.62" b="G"/>
<point x="88.73" y="91.76" b="C"/>
<point x="96.40" y="91.11" b="N"/>
<point x="103.96" y="90.04" b="Y"/>
<point x="111.06" y="89.18" b="G"/>
<point x="109.02" y="82.03" b="A"/>
<point x="113.06" y="75.64" b="A"/>
<point x="120.36" y="74.78" b="R"/>
<point x="125.89" y="80.30" b="N"/>
<point x="124.97" y="87.61" b="C"/>
<point x="132.48" y="86.75" b="C"/>
<point x="139.78" y="85.89" b="G"/>
<point x="137.12" y="79.17" b="N"/>
<point x="136.64" y="71.42" b="A"/>
<point x="138.44" y="64.13" b="R"/>
<point x="142.90" y="58.13" b="N"/>
<point x="148.89" y="53.51" b="R"/>
<point x="156.30" y="51.60" b="N"/>
<point x="163.49" y="51.82" b="G"/>
<point x="170.68" y="54.73" b="C"/>
<point x="176.49" y="59.80" b="Y"/>
<point x="179.67" y="66.45" b="G"/>
<point x="181.06" y="73.92" b="R"/>
<point x="179.68" y="81.35" b="R"/>
<point x="187.40" y="80.49" b="Y"/>
<point x="193.90" y="76.63" b="A"/>
<point x="201.10" y="78.92" b="A"/>
<point x="208.41" y="78.07" b="C"/>
<point x="216.12" y="77.21" b="A"/>
<point x="223.64" y="76.35" b="A"/>
<point x="230.94" y="75.49" b="U"/>
<point x="227.80" y="68.61" b="C"/>
<point x="233.37" y="63.50" b="U"/>
<point x="239.96" y="67.22" b="U"/>
<point x="238.45" y="74.63" b="C"/>
<point x="245.75" y="73.77" b="G"/>
<point x="253.68" y="72.91" b="A"/>
<point x="260.77" y="72.05" b="G"/>
<point x="268.29" y="71.19" b="G"/>
<point x="268.99" y="63.66" b="G"/>
<point x="271.07" y="56.34" b="U"/>
<point x="274.27" y="49.40" b="A"/>
<point x="277.91" y="43.02" b="G"/>
<point x="283.12" y="37.35" b="C"/>
<point x="288.95" y="32.54" b="R"/>
<point x="295.46" y="28.70" b="C"/>
<point x="302.50" y="25.93" b="U"/>
<point x="309.67" y="24.30" b="G"/>
<point x="317.58" y="24.06" b="N"/>
<point x="325.16" y="24.59" b="Y"/>
<point x="332.42" y="26.71" b="N"/>
<point x="339.34" y="29.74" b="N"/>
<point x="345.55" y="33.62" b="C"/>
<point x="351.19" y="38.65" b="C"/>
<point x="356.18" y="44.51" b="Y"/>
<point x="359.78" y="51.04" b="U"/>
<point x="362.51" y="58.09" b="U"/>
<point x="364.10" y="65.48" b="U"/>
<point x="364.51" y="73.03" b="U"/>
<point x="363.73" y="80.55" b="U"/>
<point x="361.78" y="87.86" b="U"/>
<point x="358.71" y="94.76" b="U"/>
<point x="354.59" y="101.10" b="C"/>
<point x="349.68" y="106.93" b="N"/>
<point x="343.79" y="111.68" b="N"/>
<point x="337.24" y="115.45" b="N"/>
<point x="330.18" y="118.14" b="N"/>
<point x="322.78" y="119.69" b="N"/>
<point x="322.78" y="127.25" b="N"/>
<point x="322.63" y="134.60" b="R"/>
<point x="327.97" y="139.95" b="R"/>
</structure>