<structure>
<point x="120.72" y="246.36" b="N"/>
<point x="120.57" y="238.59" b="U"/>
<point x="120.72" y="231.24" b="N"/>
<point x="120.72" y="223.68" b="N"/>
<point x="120.57" y="215.91" b="U"/>
<point x="120.36" y="208.35" b="G"/>
<point x="120.57" y="200.79" b="C"/>
<point x="113.85" y="204.16" b="N"/>
<point x="106.56" y="206.43" b="R"/>
<point x="99.21" y="208.21" b="U"/>
<point x="91.51" y="209.25" b="G"/>
<point x="84.38" y="209.56" b="A"/>
<point x="76.77" y="209.34" b="N"/>
<point x="68.94" y="207.98" b="G"/>
<point x="62.04" y="206.09" b="A"/>
<point x="54.88" y="203.71" b="N"/>
<point x="48.12" y="200.23" b="Y"/>
<point x="41.65" y="196.31" b="Y"/>
<point x="35.55" y="191.99" b="N"/>
<point x="29.96" y="186.89" b="N"/>
<point x="24.91" y="181.27" b="N"/>
<point x="20.27" y="174.98" b="R"/>
<point x="16.61" y="168.48" b="A"/>
<point x="13.19" y="161.64" b="R"/>
<point x="10.80" y="154.73" b="N"/>
<point x="9.03" y="147.18" b="A"/>
<point x="7.72" y="139.71" b="R"/>
<point x="7.50" y="132.36" b="N"/>
<point x="7.72" y="124.60" b="U"/>
<point x="8.82" y="117.12" b="U"/>
<point x="10.65" y="109.79" b="C"/>
<point x="13.19" y="102.67" b="R"/>
<point x="16.40" y="95.82" b="C"/>
<point x="20.48" y="89.33" b="A"/>
<point x="24.76" y="83.24" b="U"/>
<point x="29.60" y="77.62" b="G"/>
<point x="35.40" y="72.52" b="U"/>
<point x="41.45" y="67.99" b="C"/>
<point x="48.12" y="64.07" b="A"/>
<point x="54.52" y="60.80" b="G"/>
<point x="62.04" y="58.22" b="A"/>
<point x="69.15" y="56.33" b="C"/>
<point x="76.62" y="55.17" b="U"/>
<point x="84.17" y="54.74" b="U"/>
<point x="91.72" y="55.05" b="C"/>
<point x="99.42" y="56.10" b="A"/>
<point x="106.35" y="57.87" b="G"/>
<point x="113.91" y="60.35" b="A"/>
<point x="120.36" y="63.52" b="G"/>
<point x="120.77" y="55.96" b="A"/>
<point x="120.57" y="48.40" b="U"/>
<point x="120.72" y="41.05" b="N"/>
<point x="117.37" y="34.09" b="Y"/>
<point x="119.75" y="26.98" b="U"/>
<point x="126.69" y="23.98" b="U"/>
<point x="133.78" y="27.19" b="N"/>
<point x="136.36" y="34.29" b="N"/>
<point x="132.96" y="41.05" b="N"/>
<point x="133.01" y="48.40" b="A"/>
<point x="132.81" y="55.96" b="U"/>
<point x="132.81" y="63.52" b="C"/>
<point x="140.44" y="64.81" b="N"/>
<point x="147.81" y="66.50" b="A"/>
<point x="154.68" y="69.19" b="U"/>
<point x="161.19" y="72.63" b="G"/>
<point x="167.92" y="76.79" b="A"/>
<point x="173.32" y="81.62" b="G"/>
<point x="178.99" y="87.06" b="A"/>
<point x="183.62" y="93.03" b="A"/>
<point x="187.51" y="99.69" b="N"/>
<point x="190.57" y="106.33" b="R"/>
<point x="193.17" y="113.69" b="N"/>
<point x="194.81" y="121.07" b="N"/>
<point x="195.64" y="128.58" b="N"/>
<point x="195.49" y="135.93" b="U"/>
<point x="194.66" y="143.45" b="U"/>
<point x="193.22" y="150.83" b="Y"/>
<point x="190.72" y="158.19" b="N"/>
<point x="187.51" y="165.03" b="N"/>
<point x="183.56" y="171.48" b="N"/>
<point x="178.94" y="177.46" b="N"/>
<point x="173.74" y="182.69" b="Y"/>
<point x="167.92" y="187.52" b="Y"/>
<point x="161.40" y="191.68" b="C"/>
<point x="154.68" y="195.12" b="U"/>
<point x="147.40" y="197.81" b="G"/>
<point x="140.50" y="199.71" b="A"/>
<point x="132.60" y="200.79" b="G"/>
<point x="132.81" y="208.35" b="C"/>
<point x="132.96" y="216.12" b="N"/>
<point x="132.96" y="223.68" b="N"/>
<point x="133.01" y="231.03" b="A"/>
<point x="132.96" y="238.80" b="N"/>
<point x="132.96" y="246.36" b="N"/>
</structure>