<structure>
<point x="19.60" y="303.78" b="N"/>
<point x="27.16" y="303.78" b="N"/>
<point x="34.73" y="303.78" b="N"/>
<point x="42.28" y="303.78" b="N"/>
<point x="47.69" y="298.23" b="A"/>
<point x="47.48" y="290.67" b="C"/>
<point x="47.48" y="283.11" b="U"/>
<point x="47.27" y="275.55" b="G"/>
<point x="40.08" y="275.33" b="N"/>
<point x="34.95" y="269.63" b="Y"/>
<point x="34.89" y="262.28" b="N"/>
<point x="40.08" y="256.79" b="N"/>
<point x="47.27" y="256.16" b="G"/>
<point x="47.48" y="248.60" b="U"/>
<point x="47.27" y="241.04" b="G"/>
<point x="47.48" y="233.48" b="R"/>
<point x="47.69" y="225.92" b="Y"/>
<point x="41.89" y="220.83" b="U"/>
<point x="39.81" y="213.56" b="U"/>
<point x="42.09" y="206.29" b="A"/>
<point x="47.27" y="201.21" b="G"/>
<point x="47.27" y="193.65" b="G"/>
<point x="47.48" y="186.09" b="U"/>
<point x="47.69" y="178.53" b="A"/>
<point x="47.27" y="170.97" b="G"/>
<point x="47.48" y="163.41" b="U"/>
<point x="47.48" y="155.85" b="U"/>
<point x="47.48" y="148.29" b="U"/>
<point x="42.77" y="142.37" b="C"/>
<point x="42.98" y="134.81" b="A"/>
<point x="47.48" y="128.89" b="U"/>
<point x="47.27" y="121.33" b="G"/>
<point x="47.48" y="113.77" b="U"/>
<point x="47.48" y="106.21" b="U"/>
<point x="47.27" y="98.65" b="G"/>
<point x="47.48" y="91.09" b="U"/>
<point x="47.48" y="83.53" b="U"/>
<point x="47.27" y="75.97" b="G"/>
<point x="47.27" y="68.41" b="G"/>
<point x="47.27" y="60.85" b="G"/>
<point x="41.11" y="57.24" b="N"/>
<point x="36.65" y="50.97" b="Y"/>
<point x="34.88" y="43.62" b="Y"/>
<point x="36.06" y="36.37" b="N"/>
<point x="39.96" y="29.78" b="R"/>
<point x="46.34" y="25.70" b="N"/>
<point x="53.81" y="23.98" b="Y"/>
<point x="61.01" y="25.49" b="U"/>
<point x="67.24" y="29.78" b="U"/>
<point x="71.29" y="36.16" b="U"/>
<point x="72.68" y="43.82" b="N"/>
<point x="70.96" y="50.97" b="A"/>
<point x="66.39" y="57.24" b="N"/>
<point x="59.72" y="60.85" b="C"/>
<point x="59.93" y="68.41" b="Y"/>
<point x="59.72" y="75.97" b="C"/>
<point x="59.87" y="83.74" b="N"/>
<point x="59.72" y="91.09" b="R"/>
<point x="59.72" y="98.65" b="C"/>
<point x="59.93" y="106.21" b="A"/>
<point x="59.93" y="113.77" b="A"/>
<point x="59.72" y="121.33" b="C"/>
<point x="59.93" y="128.89" b="A"/>
<point x="64.63" y="134.81" b="Y"/>
<point x="64.22" y="142.37" b="G"/>
<point x="59.93" y="148.29" b="A"/>
<point x="59.93" y="155.85" b="A"/>
<point x="59.93" y="163.41" b="A"/>
<point x="59.72" y="170.97" b="C"/>
<point x="59.72" y="178.53" b="U"/>
<point x="59.51" y="186.09" b="G"/>
<point x="59.93" y="193.65" b="Y"/>
<point x="59.72" y="201.21" b="C"/>
<point x="65.32" y="206.29" b="U"/>
<point x="67.54" y="213.77" b="N"/>
<point x="65.52" y="220.83" b="A"/>
<point x="59.72" y="225.92" b="R"/>
<point x="59.72" y="233.48" b="U"/>
<point x="59.72" y="241.04" b="U"/>
<point x="59.72" y="248.60" b="R"/>
<point x="59.72" y="256.16" b="C"/>
<point x="64.58" y="262.28" b="N"/>
<point x="64.58" y="269.84" b="N"/>
<point x="59.72" y="275.55" b="C"/>
<point x="59.93" y="283.11" b="A"/>
<point x="59.51" y="290.67" b="G"/>
<point x="59.72" y="298.23" b="U"/>
<point x="65.07" y="303.58" b="U"/>
<point x="72.63" y="303.58" b="R"/>
<point x="80.34" y="303.78" b="N"/>
<point x="87.90" y="303.78" b="N"/>
</structure>