<structure>
<point x="74.55" y="262.84" b="G"/>
<point x="74.55" y="255.28" b="G"/>
<point x="74.55" y="247.72" b="G"/>
<point x="74.97" y="240.16" b="A"/>
<point x="67.53" y="242.01" b="N"/>
<point x="60.15" y="240.47" b="A"/>
<point x="53.60" y="236.35" b="U"/>
<point x="49.14" y="230.10" b="G"/>
<point x="48.06" y="222.69" b="A"/>
<point x="49.50" y="215.48" b="N"/>
<point x="53.39" y="209.02" b="G"/>
<point x="60.15" y="204.91" b="A"/>
<point x="67.17" y="203.57" b="G"/>
<point x="74.76" y="205.22" b="U"/>
<point x="74.55" y="197.66" b="G"/>
<point x="74.55" y="190.09" b="G"/>
<point x="74.76" y="182.53" b="U"/>
<point x="74.91" y="175.18" b="N"/>
<point x="67.84" y="171.92" b="R"/>
<point x="62.22" y="166.88" b="R"/>
<point x="58.59" y="160.53" b="N"/>
<point x="57.03" y="153.14" b="N"/>
<point x="57.69" y="145.41" b="C"/>
<point x="51.15" y="141.63" b="U"/>
<point x="44.60" y="137.85" b="C"/>
<point x="37.84" y="134.07" b="G"/>
<point x="31.51" y="130.29" b="C"/>
<point x="24.66" y="133.37" b="N"/>
<point x="17.15" y="132.56" b="N"/>
<point x="10.92" y="128.27" b="N"/>
<point x="7.50" y="121.53" b="N"/>
<point x="7.70" y="113.97" b="N"/>
<point x="11.48" y="107.42" b="N"/>
<point x="17.98" y="103.26" b="Y"/>
<point x="25.48" y="103.06" b="N"/>
<point x="32.31" y="106.31" b="N"/>
<point x="36.61" y="112.20" b="U"/>
<point x="37.42" y="119.69" b="G"/>
<point x="44.17" y="123.47" b="C"/>
<point x="50.51" y="127.25" b="G"/>
<point x="57.47" y="131.03" b="A"/>
<point x="63.60" y="134.81" b="G"/>
<point x="70.12" y="130.35" b="A"/>
<point x="77.25" y="128.21" b="N"/>
<point x="77.64" y="120.48" b="G"/>
<point x="78.60" y="112.96" b="R"/>
<point x="79.15" y="105.43" b="G"/>
<point x="80.11" y="97.91" b="U"/>
<point x="80.65" y="90.39" b="G"/>
<point x="81.82" y="82.87" b="Y"/>
<point x="82.57" y="75.34" b="Y"/>
<point x="78.41" y="81.65" b="Y"/>
<point x="71.73" y="85.52" b="N"/>
<point x="64.17" y="85.68" b="N"/>
<point x="57.46" y="82.10" b="Y"/>
<point x="52.83" y="75.97" b="C"/>
<point x="51.76" y="68.49" b="C"/>
<point x="54.44" y="61.57" b="N"/>
<point x="59.99" y="56.44" b="N"/>
<point x="67.29" y="54.47" b="N"/>
<point x="74.67" y="56.13" b="N"/>
<point x="80.28" y="60.81" b="C"/>
<point x="83.32" y="67.82" b="Y"/>
<point x="84.01" y="60.51" b="N"/>
<point x="84.40" y="52.78" b="G"/>
<point x="85.37" y="45.25" b="U"/>
<point x="81.08" y="39.03" b="U"/>
<point x="81.63" y="31.48" b="A"/>
<point x="86.27" y="25.67" b="C"/>
<point x="93.43" y="23.98" b="G"/>
<point x="100.74" y="27.10" b="A"/>
<point x="104.13" y="33.74" b="C"/>
<point x="103.19" y="41.22" b="A"/>
<point x="97.75" y="46.47" b="A"/>
<point x="97.00" y="53.99" b="Y"/>
<point x="96.19" y="61.72" b="N"/>
<point x="95.29" y="69.04" b="R"/>
<point x="94.33" y="76.56" b="G"/>
<point x="93.58" y="84.08" b="G"/>
<point x="93.04" y="91.60" b="C"/>
<point x="92.29" y="99.13" b="R"/>
<point x="91.53" y="106.65" b="C"/>
<point x="90.78" y="114.17" b="U"/>
<point x="90.03" y="121.69" b="C"/>
<point x="89.49" y="129.22" b="Y"/>
<point x="96.01" y="133.15" b="N"/>
<point x="101.11" y="138.73" b="N"/>
<point x="104.27" y="145.41" b="Y"/>
<point x="105.03" y="153.14" b="N"/>
<point x="103.33" y="160.33" b="U"/>
<point x="99.55" y="166.88" b="U"/>
<point x="93.92" y="171.92" b="U"/>
<point x="87.15" y="175.18" b="N"/>
<point x="87.15" y="182.74" b="N"/>
<point x="87.00" y="190.09" b="C"/>
<point x="87.15" y="197.86" b="N"/>
<point x="87.21" y="205.22" b="A"/>
<point x="93.48" y="209.12" b="U"/>
<point x="97.85" y="215.28" b="C"/>
<point x="99.39" y="222.69" b="U"/>
<point x="97.64" y="230.09" b="G"/>
<point x="93.68" y="236.25" b="A"/>
<point x="87.00" y="240.16" b="U"/>
<point x="87.00" y="247.72" b="C"/>
<point x="87.00" y="255.28" b="C"/>
<point x="87.00" y="262.84" b="C"/>
</structure>