<structure>
<point x="19.60" y="219.44" b="N"/>
<point x="27.22" y="219.24" b="A"/>
<point x="32.36" y="213.89" b="C"/>
<point x="32.36" y="206.33" b="C"/>
<point x="32.36" y="198.77" b="U"/>
<point x="32.36" y="191.21" b="C"/>
<point x="32.57" y="183.65" b="Y"/>
<point x="26.09" y="179.75" b="Y"/>
<point x="21.51" y="173.58" b="R"/>
<point x="19.76" y="166.18" b="G"/>
<point x="21.30" y="158.78" b="G"/>
<point x="26.09" y="152.61" b="A"/>
<point x="32.36" y="148.71" b="U"/>
<point x="32.36" y="141.15" b="C"/>
<point x="32.36" y="133.59" b="R"/>
<point x="26.77" y="128.50" b="C"/>
<point x="24.69" y="121.23" b="R"/>
<point x="26.77" y="113.96" b="U"/>
<point x="32.36" y="108.88" b="C"/>
<point x="32.36" y="101.32" b="U"/>
<point x="32.15" y="93.76" b="G"/>
<point x="32.15" y="86.20" b="G"/>
<point x="32.57" y="78.64" b="A"/>
<point x="32.15" y="71.08" b="G"/>
<point x="32.57" y="63.52" b="A"/>
<point x="32.15" y="55.96" b="G"/>
<point x="32.36" y="48.40" b="U"/>
<point x="32.51" y="41.05" b="N"/>
<point x="29.11" y="34.29" b="N"/>
<point x="31.54" y="26.98" b="C"/>
<point x="38.69" y="23.98" b="Y"/>
<point x="45.63" y="26.98" b="A"/>
<point x="47.79" y="34.09" b="G"/>
<point x="44.60" y="40.84" b="U"/>
<point x="44.81" y="48.40" b="A"/>
<point x="44.81" y="55.96" b="Y"/>
<point x="44.60" y="63.52" b="U"/>
<point x="44.60" y="71.08" b="C"/>
<point x="44.60" y="78.64" b="U"/>
<point x="51.15" y="82.42" b="R"/>
<point x="44.60" y="86.20" b="C"/>
<point x="44.60" y="93.76" b="C"/>
<point x="44.81" y="101.32" b="A"/>
<point x="44.39" y="108.88" b="G"/>
<point x="50.20" y="113.96" b="C"/>
<point x="52.47" y="121.23" b="Y"/>
<point x="50.20" y="128.50" b="U"/>
<point x="44.60" y="133.59" b="C"/>
<point x="44.39" y="141.15" b="G"/>
<point x="44.39" y="148.71" b="G"/>
<point x="51.28" y="152.61" b="A"/>
<point x="55.60" y="158.99" b="N"/>
<point x="56.99" y="166.18" b="R"/>
<point x="55.65" y="173.58" b="Y"/>
<point x="51.07" y="179.75" b="R"/>
<point x="44.39" y="183.65" b="G"/>
<point x="44.39" y="191.21" b="G"/>
<point x="44.81" y="198.77" b="A"/>
<point x="44.39" y="206.33" b="G"/>
<point x="44.39" y="213.89" b="G"/>
<point x="49.74" y="219.24" b="G"/>
<point x="57.71" y="219.24" b="A"/>
<point x="65.07" y="219.24" b="R"/>
<point x="72.83" y="219.24" b="A"/>
<point x="79.98" y="219.24" b="G"/>
<point x="87.75" y="219.24" b="C"/>
<point x="95.46" y="219.44" b="N"/>
<point x="103.02" y="219.44" b="N"/>
<point x="110.58" y="219.44" b="N"/>
<point x="118.19" y="219.24" b="Y"/>
<point x="125.55" y="219.24" b="C"/>
<point x="133.26" y="219.44" b="N"/>
<point x="140.67" y="219.24" b="R"/>
<point x="145.80" y="213.89" b="G"/>
<point x="146.01" y="206.33" b="C"/>
<point x="146.22" y="198.77" b="A"/>
<point x="145.80" y="191.21" b="G"/>
<point x="146.22" y="183.65" b="A"/>
<point x="145.80" y="176.09" b="G"/>
<point x="138.50" y="176.92" b="R"/>
<point x="131.66" y="174.18" b="Y"/>
<point x="126.67" y="168.50" b="A"/>
<point x="124.67" y="161.15" b="C"/>
<point x="126.46" y="153.81" b="C"/>
<point x="131.45" y="148.13" b="C"/>
<point x="138.70" y="145.39" b="A"/>
<point x="146.01" y="146.22" b="U"/>
<point x="146.01" y="138.66" b="U"/>
<point x="146.01" y="131.10" b="C"/>
<point x="146.01" y="123.54" b="C"/>
<point x="146.22" y="115.98" b="A"/>
<point x="142.91" y="109.08" b="U"/>
<point x="146.01" y="102.19" b="U"/>
<point x="146.01" y="94.63" b="C"/>
<point x="146.01" y="87.07" b="C"/>
<point x="146.22" y="79.51" b="Y"/>
<point x="146.22" y="71.95" b="A"/>
<point x="145.80" y="64.39" b="G"/>
<point x="146.01" y="56.83" b="C"/>
<point x="146.01" y="49.27" b="U"/>
<point x="140.66" y="43.93" b="U"/>
<point x="138.97" y="36.51" b="G"/>
<point x="142.22" y="29.74" b="N"/>
<point x="148.56" y="25.33" b="Y"/>
<point x="155.91" y="25.33" b="C"/>
<point x="162.20" y="29.53" b="R"/>
<point x="164.88" y="36.51" b="G"/>
<point x="163.60" y="43.93" b="U"/>
<point x="158.25" y="49.27" b="R"/>
<point x="158.04" y="56.83" b="G"/>
<point x="158.25" y="64.39" b="C"/>
<point x="158.25" y="71.95" b="U"/>
<point x="158.25" y="79.51" b="R"/>
<point x="158.04" y="87.07" b="G"/>
<point x="165.01" y="90.85" b="Y"/>
<point x="158.25" y="94.63" b="R"/>
<point x="158.46" y="102.19" b="A"/>
<point x="161.50" y="109.29" b="N"/>
<point x="158.25" y="115.98" b="U"/>
<point x="158.04" y="123.54" b="G"/>
<point x="158.04" y="131.10" b="G"/>
<point x="158.46" y="138.66" b="A"/>
<point x="158.46" y="146.22" b="A"/>
<point x="164.17" y="150.64" b="G"/>
<point x="168.03" y="157.37" b="A"/>
<point x="168.03" y="164.93" b="Y"/>
<point x="164.59" y="171.66" b="A"/>
<point x="158.46" y="176.09" b="Y"/>
<point x="158.25" y="183.65" b="U"/>
<point x="158.25" y="191.21" b="C"/>
<point x="158.25" y="198.77" b="U"/>
<point x="158.04" y="206.33" b="G"/>
<point x="158.25" y="213.89" b="C"/>
<point x="163.75" y="219.44" b="N"/>
<point x="171.36" y="219.24" b="A"/>
<point x="178.72" y="219.24" b="C"/>
<point x="186.48" y="219.24" b="A"/>
<point x="193.84" y="219.24" b="R"/>
<point x="201.55" y="219.44" b="N"/>
<point x="209.11" y="219.44" b="N"/>
</structure>