<structure>
<point x="75.70" y="179.64" b="R"/>
<point x="75.49" y="172.08" b="G"/>
<point x="68.21" y="171.07" b="U"/>
<point x="60.86" y="169.31" b="R"/>
<point x="53.93" y="166.81" b="A"/>
<point x="46.88" y="163.59" b="U"/>
<point x="40.19" y="159.69" b="G"/>
<point x="34.56" y="155.16" b="A"/>
<point x="28.80" y="150.03" b="U"/>
<point x="23.59" y="144.36" b="G"/>
<point x="19.60" y="138.22" b="A"/>
<point x="15.64" y="131.66" b="C"/>
<point x="12.57" y="124.74" b="C"/>
<point x="10.43" y="117.56" b="Y"/>
<point x="8.63" y="110.17" b="C"/>
<point x="7.99" y="102.66" b="A"/>
<point x="7.50" y="95.10" b="G"/>
<point x="8.20" y="87.57" b="G"/>
<point x="9.87" y="80.15" b="U"/>
<point x="11.86" y="72.92" b="G"/>
<point x="15.21" y="65.95" b="A"/>
<point x="18.84" y="59.32" b="Y"/>
<point x="22.91" y="53.09" b="U"/>
<point x="27.81" y="47.32" b="C"/>
<point x="33.26" y="42.09" b="U"/>
<point x="39.01" y="37.44" b="G"/>
<point x="45.83" y="33.42" b="A"/>
<point x="52.19" y="30.07" b="G"/>
<point x="59.48" y="27.43" b="U"/>
<point x="66.59" y="25.52" b="G"/>
<point x="74.27" y="24.37" b="U"/>
<point x="81.82" y="23.98" b="C"/>
<point x="89.37" y="24.37" b="U"/>
<point x="96.84" y="25.52" b="C"/>
<point x="103.95" y="27.43" b="G"/>
<point x="111.24" y="30.07" b="C"/>
<point x="118.02" y="33.42" b="U"/>
<point x="124.21" y="37.44" b="G"/>
<point x="130.59" y="42.09" b="A"/>
<point x="135.84" y="47.32" b="C"/>
<point x="140.52" y="53.09" b="G"/>
<point x="145.01" y="59.32" b="C"/>
<point x="148.64" y="65.95" b="C"/>
<point x="151.78" y="72.92" b="A"/>
<point x="153.78" y="80.15" b="U"/>
<point x="155.24" y="87.57" b="C"/>
<point x="156.14" y="95.10" b="A"/>
<point x="155.86" y="102.66" b="C"/>
<point x="155.02" y="110.17" b="C"/>
<point x="153.20" y="117.56" b="G"/>
<point x="151.07" y="124.74" b="C"/>
<point x="148.21" y="131.66" b="A"/>
<point x="144.04" y="138.22" b="G"/>
<point x="139.85" y="144.36" b="C"/>
<point x="134.63" y="150.03" b="G"/>
<point x="129.29" y="155.16" b="C"/>
<point x="123.03" y="159.69" b="G"/>
<point x="116.76" y="163.59" b="C"/>
<point x="109.92" y="166.81" b="U"/>
<point x="102.58" y="169.31" b="G"/>
<point x="95.64" y="171.07" b="A"/>
<point x="88.15" y="172.08" b="Y"/>
<point x="87.94" y="179.64" b="C"/>
</structure>