<structure>
<point x="19.60" y="307.08" b="N"/>
<point x="27.16" y="307.08" b="N"/>
<point x="34.73" y="307.08" b="N"/>
<point x="40.07" y="301.73" b="N"/>
<point x="40.07" y="294.17" b="N"/>
<point x="40.07" y="286.61" b="N"/>
<point x="40.07" y="279.05" b="N"/>
<point x="40.07" y="271.49" b="N"/>
<point x="40.07" y="263.93" b="N"/>
<point x="40.13" y="256.16" b="Y"/>
<point x="40.07" y="248.81" b="N"/>
<point x="40.07" y="241.25" b="N"/>
<point x="40.07" y="233.69" b="N"/>
<point x="39.92" y="225.92" b="R"/>
<point x="40.13" y="218.36" b="Y"/>
<point x="33.37" y="214.58" b="R"/>
<point x="40.07" y="211.01" b="N"/>
<point x="40.13" y="203.24" b="Y"/>
<point x="39.92" y="195.68" b="R"/>
<point x="40.07" y="188.33" b="N"/>
<point x="40.07" y="180.77" b="N"/>
<point x="40.07" y="173.21" b="N"/>
<point x="40.07" y="165.65" b="N"/>
<point x="40.07" y="158.09" b="N"/>
<point x="40.07" y="150.53" b="N"/>
<point x="40.07" y="142.97" b="N"/>
<point x="40.07" y="135.41" b="N"/>
<point x="40.13" y="127.64" b="Y"/>
<point x="39.92" y="120.08" b="R"/>
<point x="32.94" y="122.42" b="A"/>
<point x="28.49" y="116.30" b="A"/>
<point x="32.94" y="110.19" b="Y"/>
<point x="40.13" y="112.52" b="Y"/>
<point x="40.07" y="105.17" b="N"/>
<point x="40.07" y="97.61" b="N"/>
<point x="39.92" y="89.84" b="R"/>
<point x="40.13" y="82.28" b="Y"/>
<point x="33.79" y="77.86" b="C"/>
<point x="30.55" y="71.13" b="A"/>
<point x="30.14" y="63.57" b="G"/>
<point x="33.58" y="56.84" b="G"/>
<point x="40.07" y="52.62" b="N"/>
<point x="39.92" y="44.85" b="C"/>
<point x="40.07" y="37.50" b="N"/>
<point x="37.54" y="30.05" b="G"/>
<point x="42.05" y="23.98" b="G"/>
<point x="50.03" y="23.98" b="A"/>
<point x="54.54" y="30.05" b="A"/>
<point x="52.31" y="37.50" b="N"/>
<point x="51.95" y="44.85" b="G"/>
<point x="52.31" y="52.62" b="N"/>
<point x="58.50" y="56.84" b="A"/>
<point x="61.52" y="63.57" b="G"/>
<point x="61.73" y="71.13" b="C"/>
<point x="58.50" y="77.86" b="A"/>
<point x="52.16" y="82.28" b="R"/>
<point x="52.37" y="89.84" b="Y"/>
<point x="52.31" y="97.61" b="N"/>
<point x="52.31" y="105.17" b="N"/>
<point x="52.37" y="112.52" b="Y"/>
<point x="52.37" y="120.08" b="A"/>
<point x="52.16" y="127.64" b="R"/>
<point x="52.31" y="135.41" b="N"/>
<point x="52.31" y="142.97" b="N"/>
<point x="52.16" y="150.32" b="R"/>
<point x="52.31" y="158.09" b="N"/>
<point x="52.31" y="165.65" b="N"/>
<point x="59.87" y="165.65" b="N"/>
<point x="59.87" y="173.21" b="N"/>
<point x="52.31" y="173.21" b="N"/>
<point x="52.31" y="180.77" b="N"/>
<point x="52.31" y="188.33" b="N"/>
<point x="52.37" y="195.68" b="Y"/>
<point x="52.31" y="203.45" b="N"/>
<point x="52.31" y="211.01" b="N"/>
<point x="51.95" y="218.36" b="G"/>
<point x="59.93" y="218.36" b="Y"/>
<point x="59.72" y="225.92" b="R"/>
<point x="52.37" y="225.92" b="Y"/>
<point x="52.31" y="233.69" b="N"/>
<point x="52.31" y="241.25" b="N"/>
<point x="52.31" y="248.81" b="N"/>
<point x="52.16" y="256.16" b="R"/>
<point x="52.31" y="263.93" b="N"/>
<point x="59.87" y="263.93" b="N"/>
<point x="59.87" y="271.49" b="N"/>
<point x="52.31" y="271.49" b="N"/>
<point x="52.31" y="279.05" b="N"/>
<point x="52.31" y="286.61" b="N"/>
<point x="52.31" y="294.17" b="N"/>
<point x="52.31" y="301.73" b="N"/>
<point x="57.66" y="307.08" b="N"/>
<point x="65.22" y="307.08" b="N"/>
<point x="72.78" y="307.08" b="N"/>
<point x="80.34" y="307.08" b="N"/>
<point x="87.90" y="307.08" b="N"/>
<point x="95.46" y="307.08" b="N"/>
</structure>