<structure>
<point x="54.67" y="207.68" b="N"/>
<point x="60.01" y="202.34" b="N"/>
<point x="59.65" y="194.57" b="G"/>
<point x="59.86" y="187.01" b="C"/>
<point x="60.07" y="179.45" b="A"/>
<point x="59.86" y="171.89" b="C"/>
<point x="59.86" y="164.33" b="U"/>
<point x="59.65" y="156.77" b="G"/>
<point x="52.62" y="155.50" b="Y"/>
<point x="45.19" y="153.27" b="C"/>
<point x="38.31" y="150.14" b="U"/>
<point x="31.89" y="146.14" b="U"/>
<point x="26.04" y="141.35" b="U"/>
<point x="20.65" y="135.85" b="G"/>
<point x="16.64" y="129.72" b="A"/>
<point x="13.03" y="123.07" b="A"/>
<point x="10.11" y="116.02" b="C"/>
<point x="8.32" y="108.67" b="C"/>
<point x="7.50" y="101.16" b="U"/>
<point x="7.65" y="93.60" b="R"/>
<point x="8.93" y="86.33" b="N"/>
<point x="11.06" y="78.85" b="Y"/>
<point x="14.00" y="72.12" b="N"/>
<point x="17.87" y="65.63" b="N"/>
<point x="22.18" y="59.47" b="G"/>
<point x="28.00" y="54.18" b="Y"/>
<point x="33.83" y="49.63" b="C"/>
<point x="40.61" y="45.89" b="Y"/>
<point x="47.55" y="43.24" b="N"/>
<point x="54.71" y="41.10" b="R"/>
<point x="62.41" y="40.13" b="Y"/>
<point x="69.97" y="40.13" b="Y"/>
<point x="77.47" y="41.10" b="Y"/>
<point x="84.36" y="43.04" b="G"/>
<point x="91.57" y="45.89" b="U"/>
<point x="98.14" y="49.63" b="R"/>
<point x="104.18" y="54.18" b="R"/>
<point x="109.58" y="59.47" b="C"/>
<point x="114.45" y="65.42" b="Y"/>
<point x="118.32" y="71.91" b="Y"/>
<point x="121.32" y="78.85" b="Y"/>
<point x="123.34" y="86.33" b="N"/>
<point x="124.52" y="93.60" b="Y"/>
<point x="124.47" y="101.16" b="R"/>
<point x="123.43" y="108.67" b="G"/>
<point x="121.65" y="116.02" b="G"/>
<point x="119.14" y="123.07" b="C"/>
<point x="115.54" y="129.72" b="C"/>
<point x="111.31" y="135.85" b="A"/>
<point x="106.13" y="141.35" b="A"/>
<point x="99.87" y="146.14" b="G"/>
<point x="93.66" y="150.14" b="C"/>
<point x="86.93" y="153.48" b="N"/>
<point x="79.76" y="155.50" b="A"/>
<point x="72.10" y="156.77" b="C"/>
<point x="72.31" y="164.33" b="A"/>
<point x="71.89" y="171.89" b="G"/>
<point x="72.10" y="179.45" b="U"/>
<point x="71.89" y="187.01" b="G"/>
<point x="72.10" y="194.57" b="C"/>
<point x="72.10" y="202.13" b="U"/>
<point x="77.66" y="207.48" b="A"/>
<point x="85.01" y="207.48" b="R"/>
<point x="92.78" y="207.48" b="A"/>
<point x="100.28" y="207.68" b="N"/>
<point x="107.90" y="207.48" b="Y"/>
<point x="115.46" y="207.48" b="A"/>
<point x="122.96" y="207.68" b="N"/>
<point x="130.37" y="207.48" b="R"/>
<point x="138.08" y="207.68" b="N"/>
<point x="145.64" y="207.68" b="N"/>
<point x="153.20" y="207.68" b="N"/>
<point x="160.76" y="207.68" b="N"/>
<point x="166.16" y="202.13" b="Y"/>
<point x="165.96" y="194.57" b="U"/>
<point x="165.96" y="187.01" b="U"/>
<point x="165.75" y="179.45" b="G"/>
<point x="165.96" y="171.89" b="U"/>
<point x="166.16" y="164.33" b="Y"/>
<point x="159.45" y="160.84" b="A"/>
<point x="154.22" y="155.20" b="U"/>
<point x="151.73" y="148.13" b="A"/>
<point x="151.73" y="140.57" b="A"/>
<point x="154.22" y="133.51" b="C"/>
<point x="159.25" y="127.86" b="U"/>
<point x="165.75" y="124.38" b="G"/>
<point x="165.75" y="116.82" b="G"/>
<point x="165.96" y="109.26" b="R"/>
<point x="162.65" y="102.36" b="G"/>
<point x="165.96" y="95.47" b="C"/>
<point x="161.46" y="89.55" b="Y"/>
<point x="161.40" y="82.20" b="N"/>
<point x="166.16" y="76.07" b="Y"/>
<point x="166.16" y="68.51" b="Y"/>
<point x="166.16" y="60.95" b="Y"/>
<point x="165.96" y="53.39" b="R"/>
<point x="165.75" y="45.83" b="G"/>
<point x="161.22" y="40.27" b="N"/>
<point x="160.81" y="32.73" b="N"/>
<point x="165.12" y="26.26" b="Y"/>
<point x="172.22" y="24.06" b="N"/>
<point x="179.39" y="26.47" b="N"/>
<point x="183.64" y="32.73" b="N"/>
<point x="183.23" y="40.27" b="N"/>
<point x="178.19" y="45.83" b="C"/>
<point x="178.40" y="53.39" b="Y"/>
<point x="178.19" y="60.95" b="R"/>
<point x="178.19" y="68.51" b="R"/>
<point x="178.19" y="76.07" b="R"/>
<point x="183.11" y="81.99" b="Y"/>
<point x="183.05" y="89.76" b="N"/>
<point x="177.99" y="95.47" b="G"/>
<point x="181.29" y="102.36" b="C"/>
<point x="178.19" y="109.26" b="U"/>
<point x="178.19" y="116.82" b="C"/>
<point x="178.19" y="124.38" b="U"/>
<point x="184.90" y="127.86" b="U"/>
<point x="189.93" y="133.51" b="U"/>
<point x="192.62" y="140.57" b="U"/>
<point x="192.83" y="148.13" b="A"/>
<point x="190.14" y="155.20" b="A"/>
<point x="185.11" y="160.84" b="A"/>
<point x="178.34" y="164.54" b="N"/>
<point x="178.19" y="171.89" b="R"/>
<point x="178.19" y="179.45" b="C"/>
<point x="178.40" y="187.01" b="A"/>
<point x="178.40" y="194.57" b="A"/>
<point x="177.99" y="202.13" b="G"/>
<point x="183.69" y="207.68" b="N"/>
<point x="191.31" y="207.48" b="Y"/>
<point x="198.87" y="207.48" b="A"/>
<point x="206.22" y="207.48" b="C"/>
<point x="213.99" y="207.48" b="A"/>
<point x="221.49" y="207.68" b="N"/>
<point x="229.11" y="207.48" b="Y"/>
<point x="236.46" y="207.48" b="U"/>
</structure>