<structure>
<point x="80.36" y="227.08" b="Y"/>
<point x="80.16" y="219.52" b="R"/>
<point x="80.16" y="211.96" b="R"/>
<point x="80.16" y="204.40" b="R"/>
<point x="80.36" y="196.84" b="A"/>
<point x="80.16" y="189.28" b="U"/>
<point x="80.36" y="181.72" b="A"/>
<point x="72.86" y="180.77" b="Y"/>
<point x="65.49" y="179.11" b="A"/>
<point x="58.10" y="176.76" b="U"/>
<point x="50.96" y="173.72" b="G"/>
<point x="44.77" y="170.04" b="A"/>
<point x="38.35" y="165.75" b="U"/>
<point x="32.35" y="160.88" b="G"/>
<point x="27.48" y="155.48" b="A"/>
<point x="22.52" y="149.60" b="U"/>
<point x="18.36" y="143.29" b="C"/>
<point x="14.96" y="136.82" b="N"/>
<point x="11.92" y="129.62" b="C"/>
<point x="9.92" y="122.39" b="A"/>
<point x="8.42" y="114.99" b="Y"/>
<point x="7.63" y="107.47" b="Y"/>
<point x="7.50" y="100.12" b="N"/>
<point x="8.00" y="92.38" b="C"/>
<point x="9.58" y="84.94" b="A"/>
<point x="11.45" y="77.67" b="R"/>
<point x="14.21" y="70.63" b="C"/>
<point x="17.63" y="63.89" b="U"/>
<point x="21.68" y="57.51" b="U"/>
<point x="26.12" y="51.54" b="G"/>
<point x="31.72" y="46.05" b="A"/>
<point x="37.42" y="41.07" b="A"/>
<point x="43.35" y="36.67" b="C"/>
<point x="49.89" y="32.87" b="U"/>
<point x="56.76" y="29.71" b="C"/>
<point x="63.90" y="27.22" b="U"/>
<point x="71.24" y="25.43" b="C"/>
<point x="78.72" y="24.35" b="U"/>
<point x="86.28" y="23.98" b="C"/>
<point x="94.03" y="24.35" b="A"/>
<point x="101.31" y="25.43" b="C"/>
<point x="108.65" y="27.22" b="U"/>
<point x="115.58" y="29.71" b="G"/>
<point x="122.87" y="32.87" b="A"/>
<point x="129.20" y="36.67" b="U"/>
<point x="135.49" y="41.28" b="N"/>
<point x="141.24" y="46.05" b="A"/>
<point x="146.43" y="51.54" b="Y"/>
<point x="150.87" y="57.51" b="U"/>
<point x="154.92" y="63.89" b="U"/>
<point x="158.13" y="70.63" b="G"/>
<point x="161.31" y="77.67" b="A"/>
<point x="163.18" y="84.94" b="U"/>
<point x="164.34" y="92.38" b="G"/>
<point x="165.41" y="99.91" b="A"/>
<point x="165.34" y="107.47" b="Y"/>
<point x="164.34" y="114.99" b="R"/>
<point x="163.04" y="122.39" b="A"/>
<point x="160.78" y="129.83" b="N"/>
<point x="157.89" y="136.82" b="N"/>
<point x="154.40" y="143.29" b="A"/>
<point x="150.24" y="149.60" b="A"/>
<point x="145.49" y="155.48" b="A"/>
<point x="139.78" y="160.88" b="G"/>
<point x="134.41" y="165.75" b="A"/>
<point x="127.98" y="170.04" b="U"/>
<point x="121.38" y="173.72" b="C"/>
<point x="114.45" y="176.76" b="U"/>
<point x="107.06" y="179.11" b="G"/>
<point x="100.10" y="180.77" b="A"/>
<point x="92.40" y="181.72" b="U"/>
<point x="92.60" y="189.28" b="A"/>
<point x="92.40" y="196.84" b="U"/>
<point x="92.40" y="204.40" b="U"/>
<point x="92.60" y="211.96" b="Y"/>
<point x="92.40" y="219.52" b="U"/>
<point x="92.40" y="227.08" b="R"/>
</structure>