<structure>
<point x="30.78" y="240.64" b="G"/>
<point x="30.99" y="233.08" b="U"/>
<point x="31.20" y="225.52" b="A"/>
<point x="30.99" y="217.96" b="U"/>
<point x="30.78" y="210.40" b="G"/>
<point x="30.99" y="202.84" b="U"/>
<point x="25.19" y="197.76" b="G"/>
<point x="23.53" y="190.49" b="A"/>
<point x="25.60" y="183.22" b="A"/>
<point x="31.20" y="178.13" b="A"/>
<point x="30.78" y="170.57" b="G"/>
<point x="30.99" y="163.01" b="U"/>
<point x="23.38" y="161.49" b="G"/>
<point x="16.98" y="157.82" b="U"/>
<point x="11.97" y="152.34" b="A"/>
<point x="8.64" y="145.56" b="A"/>
<point x="7.50" y="138.08" b="A"/>
<point x="8.64" y="130.61" b="A"/>
<point x="11.77" y="123.82" b="U"/>
<point x="17.18" y="118.34" b="A"/>
<point x="23.38" y="114.67" b="G"/>
<point x="31.20" y="113.15" b="A"/>
<point x="31.20" y="105.59" b="A"/>
<point x="30.99" y="98.03" b="U"/>
<point x="30.78" y="90.47" b="G"/>
<point x="30.99" y="82.91" b="U"/>
<point x="30.99" y="75.35" b="U"/>
<point x="23.65" y="74.93" b="A"/>
<point x="18.25" y="69.44" b="C"/>
<point x="18.25" y="61.88" b="U"/>
<point x="23.44" y="56.38" b="U"/>
<point x="30.99" y="55.96" b="U"/>
<point x="30.78" y="48.40" b="G"/>
<point x="30.78" y="40.84" b="G"/>
<point x="27.80" y="34.09" b="A"/>
<point x="30.38" y="26.98" b="A"/>
<point x="37.11" y="23.98" b="U"/>
<point x="43.84" y="26.98" b="G"/>
<point x="46.84" y="34.09" b="A"/>
<point x="43.23" y="40.84" b="C"/>
<point x="43.23" y="48.40" b="U"/>
<point x="43.44" y="55.96" b="A"/>
<point x="47.94" y="61.88" b="U"/>
<point x="48.14" y="69.44" b="A"/>
<point x="43.44" y="75.35" b="A"/>
<point x="43.44" y="82.91" b="A"/>
<point x="43.23" y="90.47" b="C"/>
<point x="43.44" y="98.03" b="A"/>
<point x="43.23" y="105.59" b="U"/>
<point x="43.23" y="113.15" b="U"/>
<point x="50.23" y="116.02" b="R"/>
<point x="56.29" y="120.79" b="A"/>
<point x="60.51" y="127.07" b="A"/>
<point x="62.71" y="134.30" b="A"/>
<point x="62.29" y="141.86" b="G"/>
<point x="60.51" y="149.09" b="A"/>
<point x="56.29" y="155.37" b="A"/>
<point x="50.02" y="160.15" b="G"/>
<point x="43.44" y="163.01" b="A"/>
<point x="43.23" y="170.57" b="C"/>
<point x="43.23" y="178.13" b="U"/>
<point x="50.18" y="180.56" b="G"/>
<point x="54.58" y="186.71" b="G"/>
<point x="55.00" y="194.27" b="A"/>
<point x="50.60" y="200.41" b="A"/>
<point x="43.23" y="202.84" b="R"/>
<point x="43.23" y="210.40" b="C"/>
<point x="43.44" y="217.96" b="A"/>
<point x="43.23" y="225.52" b="U"/>
<point x="43.44" y="233.08" b="A"/>
<point x="43.23" y="240.64" b="C"/>
</structure>