<structure>
<point x="19.60" y="275.33" b="N"/>
<point x="27.22" y="275.13" b="Y"/>
<point x="32.51" y="269.99" b="N"/>
<point x="32.57" y="262.22" b="Y"/>
<point x="32.51" y="254.87" b="N"/>
<point x="32.51" y="247.31" b="N"/>
<point x="32.57" y="239.54" b="Y"/>
<point x="32.57" y="231.98" b="Y"/>
<point x="32.57" y="224.42" b="Y"/>
<point x="26.97" y="219.34" b="Y"/>
<point x="24.90" y="212.07" b="Y"/>
<point x="26.92" y="205.00" b="N"/>
<point x="32.15" y="199.71" b="G"/>
<point x="32.36" y="192.15" b="U"/>
<point x="32.15" y="184.59" b="G"/>
<point x="32.36" y="177.03" b="U"/>
<point x="29.26" y="170.14" b="U"/>
<point x="32.36" y="163.24" b="C"/>
<point x="32.57" y="155.68" b="A"/>
<point x="32.36" y="148.12" b="C"/>
<point x="25.80" y="144.84" b="N"/>
<point x="20.41" y="138.99" b="G"/>
<point x="18.14" y="131.93" b="Y"/>
<point x="17.93" y="124.37" b="R"/>
<point x="20.41" y="117.30" b="G"/>
<point x="25.65" y="111.66" b="R"/>
<point x="32.36" y="108.17" b="C"/>
<point x="32.36" y="100.61" b="C"/>
<point x="32.36" y="93.05" b="U"/>
<point x="32.36" y="85.49" b="U"/>
<point x="32.36" y="77.93" b="R"/>
<point x="32.51" y="70.58" b="N"/>
<point x="32.51" y="63.02" b="N"/>
<point x="25.72" y="59.20" b="U"/>
<point x="21.08" y="53.40" b="Y"/>
<point x="18.66" y="46.42" b="N"/>
<point x="19.12" y="38.88" b="N"/>
<point x="22.17" y="31.82" b="U"/>
<point x="27.82" y="26.85" b="N"/>
<point x="34.85" y="24.06" b="N"/>
<point x="42.41" y="24.06" b="N"/>
<point x="49.44" y="26.85" b="N"/>
<point x="54.94" y="32.03" b="N"/>
<point x="58.15" y="38.88" b="N"/>
<point x="58.66" y="46.21" b="A"/>
<point x="56.09" y="53.40" b="C"/>
<point x="51.24" y="59.20" b="R"/>
<point x="44.75" y="63.02" b="N"/>
<point x="44.75" y="70.58" b="N"/>
<point x="44.60" y="77.93" b="U"/>
<point x="44.81" y="85.49" b="A"/>
<point x="44.81" y="93.05" b="A"/>
<point x="44.39" y="100.61" b="G"/>
<point x="44.39" y="108.17" b="G"/>
<point x="51.31" y="111.66" b="C"/>
<point x="56.54" y="117.30" b="A"/>
<point x="59.03" y="124.37" b="C"/>
<point x="58.82" y="131.93" b="G"/>
<point x="56.34" y="138.99" b="C"/>
<point x="51.10" y="144.64" b="G"/>
<point x="44.39" y="148.12" b="G"/>
<point x="44.60" y="155.68" b="U"/>
<point x="44.39" y="163.24" b="G"/>
<point x="47.91" y="170.14" b="A"/>
<point x="44.81" y="177.03" b="A"/>
<point x="44.60" y="184.59" b="U"/>
<point x="44.39" y="192.15" b="G"/>
<point x="44.60" y="199.71" b="C"/>
<point x="50.20" y="204.80" b="C"/>
<point x="52.47" y="212.07" b="A"/>
<point x="50.40" y="219.34" b="A"/>
<point x="44.60" y="224.42" b="R"/>
<point x="44.60" y="231.98" b="R"/>
<point x="44.60" y="239.54" b="R"/>
<point x="44.75" y="247.31" b="N"/>
<point x="44.60" y="254.66" b="R"/>
<point x="44.60" y="262.22" b="R"/>
<point x="44.60" y="269.78" b="R"/>
<point x="50.10" y="275.33" b="N"/>
<point x="57.66" y="275.33" b="N"/>
<point x="65.22" y="275.33" b="N"/>
</structure>