<structure>
<point x="19.60" y="401.83" b="N"/>
<point x="27.16" y="401.83" b="N"/>
<point x="34.73" y="401.83" b="N"/>
<point x="39.92" y="396.27" b="R"/>
<point x="39.71" y="388.71" b="G"/>
<point x="39.92" y="381.15" b="R"/>
<point x="39.71" y="373.81" b="N"/>
<point x="46.19" y="369.92" b="N"/>
<point x="52.68" y="373.81" b="N"/>
<point x="52.37" y="381.15" b="Y"/>
<point x="52.37" y="388.71" b="Y"/>
<point x="52.31" y="396.48" b="N"/>
<point x="57.51" y="401.62" b="R"/>
<point x="65.22" y="401.83" b="N"/>
<point x="72.63" y="401.62" b="U"/>
<point x="80.19" y="401.62" b="R"/>
<point x="87.95" y="401.62" b="Y"/>
<point x="95.31" y="401.62" b="R"/>
<point x="102.87" y="401.62" b="R"/>
<point x="108.42" y="396.27" b="A"/>
<point x="108.21" y="388.71" b="C"/>
<point x="108.05" y="381.16" b="A"/>
<point x="114.48" y="377.48" b="N"/>
<point x="120.61" y="381.16" b="G"/>
<point x="120.24" y="388.71" b="G"/>
<point x="120.45" y="396.27" b="U"/>
<point x="125.59" y="401.62" b="G"/>
<point x="133.56" y="401.62" b="Y"/>
<point x="140.71" y="401.62" b="G"/>
<point x="148.68" y="401.62" b="A"/>
<point x="156.24" y="401.62" b="A"/>
<point x="163.39" y="401.62" b="G"/>
<point x="171.36" y="401.62" b="A"/>
<point x="176.29" y="396.27" b="G"/>
<point x="176.71" y="388.71" b="Y"/>
<point x="171.16" y="394.06" b="C"/>
<point x="163.60" y="394.06" b="U"/>
<point x="158.46" y="388.71" b="A"/>
<point x="158.25" y="381.15" b="U"/>
<point x="163.60" y="375.81" b="U"/>
<point x="170.95" y="375.81" b="G"/>
<point x="176.71" y="381.15" b="A"/>
<point x="176.29" y="373.59" b="G"/>
<point x="176.50" y="366.03" b="C"/>
<point x="176.50" y="358.47" b="U"/>
<point x="176.71" y="350.91" b="A"/>
<point x="171.06" y="346.04" b="N"/>
<point x="169.04" y="338.56" b="Y"/>
<point x="170.91" y="331.29" b="U"/>
<point x="176.50" y="326.20" b="R"/>
<point x="176.50" y="318.64" b="R"/>
<point x="169.66" y="315.99" b="N"/>
<point x="163.85" y="311.00" b="A"/>
<point x="159.22" y="304.73" b="G"/>
<point x="157.23" y="297.49" b="U"/>
<point x="157.23" y="289.93" b="C"/>
<point x="159.44" y="282.70" b="C"/>
<point x="163.65" y="276.42" b="U"/>
<point x="169.51" y="271.65" b="C"/>
<point x="176.50" y="268.78" b="C"/>
<point x="176.29" y="261.22" b="G"/>
<point x="176.29" y="253.66" b="G"/>
<point x="173.40" y="246.77" b="C"/>
<point x="176.50" y="239.87" b="C"/>
<point x="176.50" y="232.31" b="C"/>
<point x="176.50" y="224.75" b="C"/>
<point x="169.79" y="221.27" b="U"/>
<point x="164.56" y="215.62" b="G"/>
<point x="162.28" y="208.56" b="A"/>
<point x="162.28" y="201.00" b="A"/>
<point x="164.77" y="193.93" b="U"/>
<point x="169.59" y="188.29" b="G"/>
<point x="176.50" y="184.80" b="C"/>
<point x="176.29" y="177.24" b="G"/>
<point x="176.29" y="169.68" b="G"/>
<point x="169.12" y="171.30" b="C"/>
<point x="163.23" y="166.56" b="U"/>
<point x="163.44" y="159.00" b="A"/>
<point x="169.33" y="154.27" b="A"/>
<point x="176.50" y="155.89" b="U"/>
<point x="176.50" y="148.33" b="C"/>
<point x="176.50" y="140.77" b="C"/>
<point x="168.95" y="140.47" b="U"/>
<point x="165.46" y="133.87" b="A"/>
<point x="169.16" y="127.28" b="A"/>
<point x="176.50" y="126.98" b="C"/>
<point x="176.71" y="119.42" b="Y"/>
<point x="176.50" y="111.86" b="R"/>
<point x="176.50" y="104.30" b="C"/>
<point x="176.29" y="96.74" b="G"/>
<point x="176.29" y="89.18" b="G"/>
<point x="176.71" y="81.62" b="A"/>
<point x="170.04" y="77.37" b="G"/>
<point x="166.47" y="70.83" b="C"/>
<point x="159.13" y="70.28" b="A"/>
<point x="151.54" y="69.94" b="N"/>
<point x="143.85" y="69.18" b="R"/>
<point x="136.51" y="68.64" b="Y"/>
<point x="128.77" y="68.09" b="R"/>
<point x="121.43" y="67.54" b="Y"/>
<point x="113.89" y="66.99" b="Y"/>
<point x="106.35" y="66.45" b="Y"/>
<point x="98.76" y="66.11" b="N"/>
<point x="91.07" y="65.35" b="C"/>
<point x="84.74" y="69.15" b="A"/>
<point x="77.32" y="67.68" b="A"/>
<point x="72.69" y="61.87" b="N"/>
<point x="73.08" y="54.12" b="C"/>
<point x="78.48" y="48.83" b="C"/>
<point x="86.24" y="48.44" b="A"/>
<point x="91.74" y="53.14" b="G"/>
<point x="99.64" y="53.90" b="N"/>
<point x="106.82" y="54.24" b="G"/>
<point x="114.57" y="54.79" b="R"/>
<point x="122.11" y="55.33" b="R"/>
<point x="129.86" y="55.88" b="Y"/>
<point x="137.19" y="56.43" b="R"/>
<point x="141.23" y="50.17" b="G"/>
<point x="144.94" y="56.98" b="Y"/>
<point x="152.42" y="57.73" b="N"/>
<point x="159.81" y="58.07" b="U"/>
<point x="167.14" y="58.62" b="G"/>
<point x="172.04" y="52.69" b="U"/>
<point x="169.76" y="45.48" b="C"/>
<point x="167.27" y="38.27" b="G"/>
<point x="165.20" y="31.06" b="U"/>
<point x="168.07" y="23.98" b="A"/>
<point x="177.08" y="27.37" b="A"/>
<point x="179.36" y="34.58" b="Y"/>
<point x="181.22" y="41.79" b="G"/>
<point x="183.86" y="49.21" b="N"/>
<point x="190.75" y="51.16" b="G"/>
<point x="196.74" y="56.26" b="Y"/>
<point x="199.53" y="63.29" b="A"/>
<point x="198.99" y="70.83" b="A"/>
<point x="195.15" y="77.58" b="N"/>
<point x="188.74" y="81.62" b="U"/>
<point x="188.74" y="89.18" b="C"/>
<point x="188.74" y="96.74" b="U"/>
<point x="188.53" y="104.30" b="G"/>
<point x="188.95" y="111.86" b="Y"/>
<point x="188.74" y="119.42" b="R"/>
<point x="188.53" y="126.98" b="G"/>
<point x="191.84" y="133.87" b="C"/>
<point x="188.53" y="140.77" b="G"/>
<point x="188.53" y="148.33" b="G"/>
<point x="188.95" y="155.89" b="A"/>
<point x="192.05" y="162.78" b="A"/>
<point x="188.74" y="169.68" b="C"/>
<point x="188.74" y="177.24" b="C"/>
<point x="188.53" y="184.80" b="G"/>
<point x="196.50" y="185.26" b="A"/>
<point x="203.14" y="188.46" b="C"/>
<point x="208.32" y="193.97" b="U"/>
<point x="211.31" y="201.00" b="A"/>
<point x="211.10" y="208.56" b="C"/>
<point x="208.32" y="215.58" b="U"/>
<point x="203.14" y="221.09" b="U"/>
<point x="196.29" y="224.29" b="U"/>
<point x="188.53" y="224.75" b="G"/>
<point x="188.53" y="232.31" b="G"/>
<point x="188.53" y="239.87" b="G"/>
<point x="196.30" y="240.17" b="U"/>
<point x="199.78" y="246.77" b="G"/>
<point x="196.30" y="253.36" b="U"/>
<point x="188.74" y="253.66" b="C"/>
<point x="188.74" y="261.22" b="C"/>
<point x="188.53" y="268.78" b="G"/>
<point x="196.06" y="266.88" b="U"/>
<point x="203.41" y="267.08" b="G"/>
<point x="210.82" y="269.36" b="U"/>
<point x="217.11" y="273.56" b="U"/>
<point x="222.00" y="279.33" b="U"/>
<point x="225.09" y="286.23" b="C"/>
<point x="226.15" y="293.71" b="C"/>
<point x="225.09" y="301.20" b="U"/>
<point x="222.00" y="308.10" b="U"/>
<point x="217.11" y="313.87" b="U"/>
<point x="210.82" y="318.06" b="U"/>
<point x="203.82" y="320.35" b="A"/>
<point x="196.06" y="320.55" b="U"/>
<point x="188.95" y="318.64" b="Y"/>
<point x="188.95" y="326.20" b="Y"/>
<point x="196.24" y="325.21" b="U"/>
<point x="203.09" y="328.40" b="U"/>
<point x="207.16" y="334.78" b="R"/>
<point x="207.36" y="342.34" b="Y"/>
<point x="203.24" y="348.92" b="N"/>
<point x="196.39" y="352.11" b="N"/>
<point x="188.74" y="350.91" b="U"/>
<point x="188.53" y="358.47" b="G"/>
<point x="188.53" y="366.03" b="G"/>
<point x="188.74" y="373.59" b="C"/>
<point x="188.74" y="381.15" b="U"/>
<point x="188.53" y="388.71" b="G"/>
<point x="188.74" y="396.27" b="C"/>
<point x="194.09" y="401.62" b="U"/>
<point x="199.44" y="396.27" b="U"/>
<point x="199.64" y="388.71" b="A"/>
<point x="199.44" y="381.15" b="U"/>
<point x="199.22" y="373.59" b="G"/>
<point x="199.22" y="366.03" b="G"/>
<point x="199.44" y="358.47" b="U"/>
<point x="199.22" y="350.91" b="G"/>
<point x="199.64" y="343.35" b="A"/>
<point x="199.44" y="335.79" b="C"/>
<point x="199.64" y="328.23" b="A"/>
<point x="199.64" y="320.67" b="A"/>
<point x="199.44" y="313.11" b="U"/>
<point x="199.64" y="305.55" b="Y"/>
<point x="197.26" y="298.31" b="R"/>
<point x="201.92" y="292.45" b="N"/>
<point x="209.48" y="292.45" b="N"/>
<point x="213.85" y="298.31" b="R"/>
<point x="211.68" y="305.55" b="R"/>
<point x="211.88" y="313.11" b="A"/>
<point x="211.68" y="320.67" b="U"/>
<point x="211.68" y="328.23" b="U"/>
<point x="211.47" y="335.79" b="G"/>
<point x="211.68" y="343.35" b="U"/>
<point x="211.68" y="350.91" b="U"/>
<point x="211.88" y="358.47" b="A"/>
<point x="211.88" y="366.03" b="Y"/>
<point x="211.68" y="373.59" b="C"/>
<point x="211.88" y="381.15" b="A"/>
<point x="211.68" y="388.71" b="U"/>
<point x="211.88" y="396.27" b="A"/>
<point x="217.17" y="401.83" b="N"/>
<point x="224.79" y="401.62" b="A"/>
<point x="231.93" y="401.62" b="G"/>
<point x="239.70" y="401.62" b="C"/>
<point x="247.41" y="401.83" b="N"/>
<point x="255.03" y="401.62" b="A"/>
<point x="262.38" y="401.62" b="U"/>
<point x="269.94" y="401.62" b="U"/>
<point x="277.29" y="401.62" b="G"/>
<point x="284.85" y="401.62" b="G"/>
<point x="292.83" y="401.62" b="A"/>
<point x="300.18" y="401.62" b="U"/>
<point x="307.74" y="401.62" b="U"/>
<point x="315.09" y="401.62" b="G"/>
<point x="322.65" y="401.62" b="G"/>
<point x="330.42" y="401.62" b="C"/>
<point x="337.98" y="401.62" b="C"/>
<point x="345.75" y="401.62" b="A"/>
<point x="353.10" y="401.62" b="U"/>
<point x="360.66" y="401.62" b="C"/>
<point x="368.22" y="401.62" b="C"/>
<point x="375.57" y="401.62" b="G"/>
<point x="383.13" y="401.62" b="G"/>
<point x="390.90" y="401.62" b="U"/>
<point x="398.25" y="401.62" b="G"/>
</structure>