<structure>
<point x="76.82" y="221.45" b="G"/>
<point x="84.79" y="221.45" b="Y"/>
<point x="89.72" y="216.11" b="G"/>
<point x="89.72" y="208.55" b="G"/>
<point x="89.93" y="200.99" b="C"/>
<point x="82.63" y="200.14" b="A"/>
<point x="75.21" y="198.66" b="A"/>
<point x="67.75" y="196.56" b="U"/>
<point x="60.48" y="193.84" b="G"/>
<point x="54.10" y="190.53" b="A"/>
<point x="47.41" y="186.65" b="U"/>
<point x="41.06" y="182.23" b="G"/>
<point x="35.74" y="177.31" b="A"/>
<point x="30.03" y="171.92" b="G"/>
<point x="25.63" y="166.09" b="A"/>
<point x="21.32" y="159.87" b="A"/>
<point x="17.36" y="153.31" b="U"/>
<point x="13.96" y="146.46" b="G"/>
<point x="11.59" y="139.35" b="C"/>
<point x="9.82" y="132.06" b="A"/>
<point x="8.47" y="124.62" b="A"/>
<point x="7.56" y="117.09" b="U"/>
<point x="7.50" y="109.53" b="U"/>
<point x="8.08" y="101.99" b="C"/>
<point x="9.31" y="94.53" b="U"/>
<point x="11.37" y="87.20" b="A"/>
<point x="13.64" y="80.06" b="U"/>
<point x="16.50" y="73.15" b="G"/>
<point x="20.57" y="66.53" b="A"/>
<point x="24.56" y="60.25" b="U"/>
<point x="29.07" y="54.34" b="G"/>
<point x="34.49" y="48.86" b="U"/>
<point x="40.35" y="43.85" b="A"/>
<point x="46.21" y="39.33" b="C"/>
<point x="52.64" y="35.35" b="U"/>
<point x="59.38" y="31.93" b="U"/>
<point x="66.39" y="29.10" b="U"/>
<point x="73.40" y="26.87" b="G"/>
<point x="81.21" y="25.27" b="A"/>
<point x="88.50" y="24.31" b="U"/>
<point x="96.05" y="23.98" b="U"/>
<point x="103.61" y="24.31" b="U"/>
<point x="111.11" y="25.27" b="U"/>
<point x="118.49" y="26.87" b="U"/>
<point x="125.72" y="29.10" b="C"/>
<point x="132.73" y="31.93" b="U"/>
<point x="139.68" y="35.35" b="A"/>
<point x="145.90" y="39.33" b="U"/>
<point x="151.75" y="43.85" b="G"/>
<point x="157.82" y="48.86" b="A"/>
<point x="162.82" y="54.34" b="U"/>
<point x="167.34" y="60.25" b="G"/>
<point x="171.75" y="66.53" b="U"/>
<point x="175.61" y="73.15" b="A"/>
<point x="178.47" y="80.06" b="C"/>
<point x="180.95" y="87.20" b="U"/>
<point x="182.80" y="94.53" b="U"/>
<point x="184.03" y="101.99" b="U"/>
<point x="184.81" y="109.53" b="A"/>
<point x="184.75" y="117.09" b="A"/>
<point x="183.84" y="124.62" b="U"/>
<point x="182.50" y="132.06" b="U"/>
<point x="180.52" y="139.35" b="C"/>
<point x="177.93" y="146.46" b="U"/>
<point x="174.96" y="153.31" b="A"/>
<point x="170.99" y="159.87" b="U"/>
<point x="166.48" y="166.09" b="G"/>
<point x="162.08" y="171.92" b="A"/>
<point x="156.57" y="177.31" b="U"/>
<point x="151.04" y="182.23" b="A"/>
<point x="144.70" y="186.65" b="C"/>
<point x="138.21" y="190.53" b="U"/>
<point x="131.41" y="193.84" b="C"/>
<point x="124.36" y="196.56" b="U"/>
<point x="116.89" y="198.66" b="G"/>
<point x="109.89" y="200.14" b="A"/>
<point x="101.96" y="200.99" b="G"/>
<point x="102.17" y="208.55" b="C"/>
<point x="102.17" y="216.11" b="C"/>
<point x="107.73" y="221.45" b="A"/>
<point x="115.08" y="221.45" b="U"/>
</structure>