<structure>
<point x="19.60" y="118.31" b="N"/>
<point x="27.02" y="118.10" b="R"/>
<point x="34.58" y="118.10" b="R"/>
<point x="42.28" y="118.31" b="N"/>
<point x="49.70" y="118.10" b="R"/>
<point x="57.26" y="118.10" b="U"/>
<point x="64.81" y="118.10" b="U"/>
<point x="72.53" y="118.31" b="N"/>
<point x="80.09" y="118.31" b="N"/>
<point x="87.65" y="118.31" b="N"/>
<point x="95.20" y="118.31" b="N"/>
<point x="102.61" y="118.10" b="C"/>
<point x="110.17" y="118.10" b="U"/>
<point x="117.73" y="118.10" b="C"/>
<point x="125.30" y="118.10" b="U"/>
<point x="132.85" y="118.10" b="U"/>
<point x="140.41" y="118.10" b="U"/>
<point x="148.12" y="118.31" b="N"/>
<point x="155.74" y="118.10" b="A"/>
<point x="163.25" y="118.31" b="N"/>
<point x="170.80" y="118.31" b="N"/>
<point x="178.42" y="118.10" b="A"/>
<point x="185.78" y="118.10" b="U"/>
<point x="193.34" y="118.10" b="U"/>
<point x="200.90" y="118.10" b="U"/>
<point x="208.25" y="118.10" b="G"/>
<point x="216.01" y="118.10" b="U"/>
<point x="223.57" y="118.10" b="C"/>
<point x="231.13" y="118.10" b="U"/>
<point x="238.90" y="118.10" b="A"/>
<point x="246.04" y="118.10" b="G"/>
<point x="254.02" y="118.10" b="Y"/>
<point x="261.58" y="118.10" b="A"/>
<point x="266.51" y="112.76" b="G"/>
<point x="266.51" y="105.20" b="G"/>
<point x="266.93" y="97.64" b="Y"/>
<point x="266.93" y="90.08" b="Y"/>
<point x="266.72" y="82.52" b="U"/>
<point x="266.93" y="74.96" b="Y"/>
<point x="266.93" y="67.40" b="Y"/>
<point x="266.93" y="59.84" b="Y"/>
<point x="266.87" y="52.48" b="N"/>
<point x="266.87" y="44.92" b="N"/>
<point x="266.87" y="37.36" b="N"/>
<point x="264.75" y="29.92" b="Y"/>
<point x="269.21" y="24.06" b="N"/>
<point x="276.77" y="24.06" b="N"/>
<point x="281.28" y="30.12" b="N"/>
<point x="279.11" y="37.36" b="N"/>
<point x="279.11" y="44.92" b="N"/>
<point x="279.11" y="52.48" b="N"/>
<point x="278.75" y="59.84" b="G"/>
<point x="278.96" y="67.40" b="R"/>
<point x="278.96" y="74.96" b="R"/>
<point x="279.17" y="82.52" b="A"/>
<point x="278.96" y="90.08" b="R"/>
<point x="278.96" y="97.64" b="R"/>
<point x="278.96" y="105.20" b="C"/>
<point x="278.96" y="112.76" b="C"/>
<point x="284.31" y="118.10" b="C"/>
<point x="292.02" y="118.31" b="N"/>
<point x="299.58" y="118.31" b="N"/>
</structure>