<structure>
<point x="204.05" y="256.88" b="N"/>
<point x="211.61" y="256.88" b="N"/>
<point x="219.22" y="256.68" b="Y"/>
<point x="224.51" y="251.54" b="N"/>
<point x="224.37" y="243.77" b="U"/>
<point x="224.37" y="236.21" b="U"/>
<point x="224.16" y="228.65" b="G"/>
<point x="224.57" y="221.09" b="A"/>
<point x="220.15" y="227.22" b="Y"/>
<point x="214.94" y="233.07" b="G"/>
<point x="210.19" y="238.59" b="A"/>
<point x="204.48" y="243.77" b="U"/>
<point x="198.45" y="248.60" b="G"/>
<point x="192.75" y="253.04" b="A"/>
<point x="186.36" y="257.08" b="Y"/>
<point x="179.31" y="260.71" b="G"/>
<point x="172.88" y="263.91" b="A"/>
<point x="165.63" y="266.66" b="U"/>
<point x="158.43" y="268.97" b="C"/>
<point x="151.10" y="270.81" b="U"/>
<point x="143.46" y="272.17" b="G"/>
<point x="136.36" y="273.06" b="A"/>
<point x="128.61" y="273.48" b="U"/>
<point x="121.05" y="273.40" b="C"/>
<point x="113.66" y="273.06" b="N"/>
<point x="106.17" y="272.03" b="N"/>
<point x="98.76" y="270.52" b="N"/>
<point x="91.52" y="268.34" b="Y"/>
<point x="84.36" y="265.91" b="A"/>
<point x="77.38" y="263.02" b="Y"/>
<point x="70.59" y="259.70" b="A"/>
<point x="63.82" y="255.94" b="U"/>
<point x="57.50" y="251.78" b="C"/>
<point x="51.62" y="247.44" b="N"/>
<point x="45.74" y="242.30" b="U"/>
<point x="40.54" y="237.01" b="Y"/>
<point x="35.27" y="231.40" b="R"/>
<point x="30.59" y="225.47" b="C"/>
<point x="26.43" y="219.46" b="N"/>
<point x="22.17" y="212.77" b="G"/>
<point x="18.70" y="206.06" b="G"/>
<point x="16.07" y="199.14" b="Y"/>
<point x="13.47" y="192.04" b="Y"/>
<point x="11.13" y="184.79" b="U"/>
<point x="9.61" y="177.62" b="N"/>
<point x="8.05" y="169.95" b="G"/>
<point x="7.74" y="162.43" b="A"/>
<point x="7.50" y="154.87" b="Y"/>
<point x="7.68" y="147.52" b="N"/>
<point x="8.41" y="140.00" b="N"/>
<point x="9.61" y="132.53" b="N"/>
<point x="10.92" y="124.95" b="G"/>
<point x="13.42" y="117.91" b="N"/>
<point x="16.01" y="110.81" b="N"/>
<point x="19.06" y="103.89" b="N"/>
<point x="22.38" y="96.97" b="R"/>
<point x="26.28" y="90.49" b="U"/>
<point x="30.59" y="84.27" b="R"/>
<point x="35.42" y="78.55" b="N"/>
<point x="40.48" y="72.93" b="N"/>
<point x="45.74" y="67.44" b="C"/>
<point x="51.47" y="62.51" b="C"/>
<point x="57.65" y="58.16" b="N"/>
<point x="63.61" y="53.79" b="G"/>
<point x="70.38" y="50.04" b="U"/>
<point x="77.32" y="46.92" b="N"/>
<point x="84.16" y="43.83" b="R"/>
<point x="91.52" y="41.40" b="Y"/>
<point x="98.76" y="39.63" b="N"/>
<point x="106.17" y="38.12" b="N"/>
<point x="113.51" y="36.89" b="C"/>
<point x="121.20" y="36.54" b="N"/>
<point x="128.81" y="36.26" b="Y"/>
<point x="136.31" y="36.88" b="N"/>
<point x="143.81" y="37.77" b="N"/>
<point x="151.25" y="39.14" b="N"/>
<point x="158.58" y="40.98" b="N"/>
<point x="165.78" y="43.28" b="N"/>
<point x="172.82" y="46.04" b="N"/>
<point x="179.67" y="49.24" b="N"/>
<point x="185.95" y="52.66" b="G"/>
<point x="192.69" y="56.91" b="N"/>
<point x="198.45" y="61.14" b="G"/>
<point x="204.63" y="66.17" b="N"/>
<point x="210.14" y="71.36" b="N"/>
<point x="215.15" y="76.67" b="R"/>
<point x="220.10" y="82.72" b="N"/>
<point x="224.51" y="88.86" b="N"/>
<point x="224.37" y="81.09" b="C"/>
<point x="224.51" y="73.74" b="N"/>
<point x="224.51" y="66.18" b="N"/>
<point x="224.57" y="58.41" b="A"/>
<point x="224.51" y="51.06" b="N"/>
<point x="218.81" y="46.10" b="N"/>
<point x="216.46" y="38.91" b="N"/>
<point x="218.13" y="31.54" b="N"/>
<point x="223.35" y="26.07" b="N"/>
<point x="230.63" y="24.06" b="N"/>
<point x="237.92" y="26.07" b="N"/>
<point x="243.14" y="31.54" b="N"/>
<point x="244.66" y="38.71" b="C"/>
<point x="242.46" y="46.10" b="N"/>
<point x="236.75" y="51.06" b="N"/>
<point x="236.60" y="58.41" b="U"/>
<point x="236.75" y="66.18" b="N"/>
<point x="236.60" y="73.53" b="R"/>
<point x="236.40" y="81.09" b="G"/>
<point x="236.60" y="88.65" b="U"/>
<point x="243.87" y="89.77" b="G"/>
<point x="251.59" y="91.74" b="A"/>
<point x="258.56" y="94.72" b="N"/>
<point x="265.23" y="98.28" b="N"/>
<point x="271.45" y="102.58" b="N"/>
<point x="277.15" y="107.55" b="N"/>
<point x="282.24" y="113.13" b="N"/>
<point x="286.67" y="119.26" b="N"/>
<point x="290.37" y="125.85" b="N"/>
<point x="293.30" y="132.82" b="N"/>
<point x="295.42" y="140.08" b="N"/>
<point x="296.35" y="147.32" b="G"/>
<point x="296.99" y="154.87" b="C"/>
<point x="296.71" y="162.62" b="N"/>
<point x="295.42" y="170.08" b="N"/>
<point x="293.36" y="177.12" b="Y"/>
<point x="290.22" y="184.09" b="U"/>
<point x="286.31" y="190.68" b="G"/>
<point x="282.09" y="196.81" b="C"/>
<point x="277.00" y="202.40" b="U"/>
<point x="271.45" y="207.58" b="N"/>
<point x="265.29" y="211.66" b="A"/>
<point x="258.20" y="215.22" b="G"/>
<point x="251.53" y="218.21" b="N"/>
<point x="244.23" y="220.18" b="N"/>
<point x="236.60" y="221.09" b="U"/>
<point x="236.81" y="228.65" b="Y"/>
<point x="236.40" y="236.21" b="G"/>
<point x="236.81" y="243.77" b="A"/>
<point x="236.75" y="251.54" b="N"/>
<point x="242.10" y="256.88" b="N"/>
</structure>