<structure>
<point x="90.08" y="231.44" b="N"/>
<point x="89.72" y="223.67" b="G"/>
<point x="89.93" y="216.11" b="C"/>
<point x="89.93" y="208.55" b="U"/>
<point x="89.93" y="200.99" b="C"/>
<point x="82.42" y="200.14" b="R"/>
<point x="75.01" y="198.66" b="R"/>
<point x="67.75" y="196.56" b="U"/>
<point x="60.48" y="193.84" b="G"/>
<point x="54.10" y="190.53" b="A"/>
<point x="47.41" y="186.65" b="U"/>
<point x="41.27" y="182.23" b="U"/>
<point x="35.68" y="177.52" b="N"/>
<point x="30.39" y="172.12" b="N"/>
<point x="25.57" y="166.30" b="N"/>
<point x="21.27" y="160.08" b="N"/>
<point x="17.36" y="153.31" b="C"/>
<point x="14.17" y="146.46" b="C"/>
<point x="11.74" y="139.56" b="N"/>
<point x="9.76" y="132.26" b="N"/>
<point x="8.27" y="124.62" b="U"/>
<point x="7.77" y="117.09" b="Y"/>
<point x="7.50" y="109.53" b="R"/>
<point x="8.23" y="102.20" b="N"/>
<point x="9.46" y="94.74" b="N"/>
<point x="11.37" y="87.20" b="Y"/>
<point x="13.64" y="80.06" b="U"/>
<point x="16.50" y="73.15" b="G"/>
<point x="20.15" y="66.53" b="G"/>
<point x="24.77" y="60.25" b="Y"/>
<point x="29.43" y="54.55" b="N"/>
<point x="34.70" y="48.86" b="A"/>
<point x="40.15" y="43.85" b="U"/>
<point x="46.42" y="39.33" b="A"/>
<point x="52.64" y="35.35" b="U"/>
<point x="59.59" y="31.93" b="A"/>
<point x="66.39" y="29.10" b="C"/>
<point x="73.40" y="26.87" b="G"/>
<point x="81.00" y="25.27" b="C"/>
<point x="88.50" y="24.31" b="U"/>
<point x="96.26" y="23.98" b="A"/>
<point x="103.61" y="24.31" b="U"/>
<point x="111.11" y="25.27" b="U"/>
<point x="118.49" y="26.87" b="C"/>
<point x="125.72" y="29.10" b="U"/>
<point x="132.52" y="31.93" b="G"/>
<point x="139.68" y="35.35" b="A"/>
<point x="146.05" y="39.54" b="N"/>
<point x="152.17" y="43.85" b="Y"/>
<point x="157.77" y="49.07" b="N"/>
<point x="162.97" y="54.55" b="N"/>
<point x="167.70" y="60.46" b="N"/>
<point x="171.90" y="66.74" b="N"/>
<point x="175.55" y="73.36" b="N"/>
<point x="178.62" y="80.27" b="N"/>
<point x="181.10" y="87.41" b="N"/>
<point x="182.59" y="94.53" b="G"/>
<point x="184.03" y="101.99" b="R"/>
<point x="184.61" y="109.53" b="U"/>
<point x="184.34" y="117.09" b="G"/>
<point x="183.99" y="124.83" b="N"/>
<point x="182.65" y="132.26" b="N"/>
<point x="180.73" y="139.35" b="A"/>
<point x="178.08" y="146.66" b="N"/>
<point x="174.96" y="153.31" b="A"/>
<point x="171.14" y="160.08" b="N"/>
<point x="166.69" y="166.09" b="R"/>
<point x="162.02" y="172.12" b="N"/>
<point x="156.72" y="177.52" b="N"/>
<point x="150.99" y="182.44" b="N"/>
<point x="144.70" y="186.65" b="U"/>
<point x="138.21" y="190.53" b="U"/>
<point x="131.56" y="194.05" b="N"/>
<point x="124.36" y="196.56" b="U"/>
<point x="116.89" y="198.66" b="G"/>
<point x="109.89" y="200.14" b="A"/>
<point x="101.96" y="200.99" b="G"/>
<point x="102.38" y="208.55" b="A"/>
<point x="101.96" y="216.11" b="G"/>
<point x="102.17" y="223.67" b="C"/>
<point x="102.32" y="231.44" b="N"/>
</structure>