<structure>
<point x="19.45" y="212.10" b="C"/>
<point x="24.80" y="206.75" b="U"/>
<point x="24.80" y="199.19" b="C"/>
<point x="25.01" y="191.63" b="Y"/>
<point x="25.01" y="184.07" b="A"/>
<point x="24.80" y="176.51" b="U"/>
<point x="24.95" y="169.16" b="N"/>
<point x="17.93" y="165.81" b="U"/>
<point x="12.63" y="160.63" b="A"/>
<point x="9.02" y="154.16" b="N"/>
<point x="7.64" y="146.50" b="C"/>
<point x="8.87" y="139.03" b="U"/>
<point x="12.42" y="132.36" b="U"/>
<point x="17.93" y="127.18" b="U"/>
<point x="24.59" y="124.03" b="G"/>
<point x="24.59" y="116.47" b="G"/>
<point x="24.59" y="108.91" b="G"/>
<point x="25.01" y="101.35" b="A"/>
<point x="21.70" y="94.46" b="C"/>
<point x="24.80" y="87.56" b="C"/>
<point x="24.80" y="80.00" b="U"/>
<point x="24.59" y="72.44" b="G"/>
<point x="24.80" y="64.88" b="U"/>
<point x="24.80" y="57.32" b="C"/>
<point x="20.54" y="51.08" b="R"/>
<point x="21.26" y="43.58" b="G"/>
<point x="27.14" y="38.57" b="C"/>
<point x="34.70" y="38.57" b="U"/>
<point x="40.16" y="43.58" b="G"/>
<point x="41.30" y="51.08" b="U"/>
<point x="36.83" y="57.32" b="G"/>
<point x="37.19" y="65.09" b="N"/>
<point x="37.04" y="72.44" b="C"/>
<point x="37.25" y="80.00" b="A"/>
<point x="37.19" y="87.77" b="N"/>
<point x="44.08" y="90.89" b="N"/>
<point x="43.93" y="98.24" b="C"/>
<point x="37.04" y="101.35" b="U"/>
<point x="37.25" y="108.91" b="Y"/>
<point x="37.04" y="116.47" b="C"/>
<point x="37.04" y="124.03" b="C"/>
<point x="44.42" y="125.68" b="U"/>
<point x="50.83" y="129.68" b="U"/>
<point x="55.77" y="135.58" b="Y"/>
<point x="58.22" y="142.92" b="N"/>
<point x="58.07" y="150.28" b="U"/>
<point x="55.77" y="157.41" b="A"/>
<point x="50.62" y="163.31" b="G"/>
<point x="44.42" y="167.31" b="C"/>
<point x="37.04" y="168.96" b="C"/>
<point x="37.25" y="176.51" b="A"/>
<point x="37.04" y="184.07" b="U"/>
<point x="36.83" y="191.63" b="G"/>
<point x="36.83" y="199.19" b="G"/>
<point x="37.25" y="206.75" b="A"/>
<point x="42.59" y="212.10" b="A"/>
<point x="49.74" y="212.10" b="G"/>
<point x="57.71" y="212.10" b="A"/>
<point x="64.86" y="212.10" b="G"/>
<point x="72.63" y="212.10" b="C"/>
<point x="80.34" y="212.31" b="N"/>
<point x="87.90" y="212.31" b="N"/>
<point x="95.46" y="212.31" b="N"/>
<point x="102.87" y="212.10" b="U"/>
<point x="110.43" y="212.10" b="U"/>
<point x="117.99" y="212.10" b="C"/>
<point x="125.55" y="212.10" b="U"/>
<point x="130.89" y="206.75" b="U"/>
<point x="130.89" y="199.19" b="R"/>
<point x="130.89" y="191.63" b="U"/>
<point x="130.89" y="184.07" b="U"/>
<point x="126.19" y="178.16" b="U"/>
<point x="126.39" y="170.60" b="A"/>
<point x="130.89" y="164.68" b="U"/>
<point x="130.89" y="157.12" b="U"/>
<point x="130.68" y="149.56" b="G"/>
<point x="130.68" y="142.00" b="G"/>
<point x="131.04" y="134.65" b="N"/>
<point x="131.10" y="126.88" b="A"/>
<point x="131.10" y="119.32" b="A"/>
<point x="126.39" y="113.40" b="A"/>
<point x="125.98" y="105.84" b="G"/>
<point x="130.89" y="99.93" b="C"/>
<point x="130.89" y="92.37" b="U"/>
<point x="130.68" y="84.81" b="G"/>
<point x="126.19" y="78.89" b="U"/>
<point x="126.39" y="71.33" b="Y"/>
<point x="131.10" y="65.41" b="A"/>
<point x="131.10" y="57.85" b="Y"/>
<point x="130.89" y="50.29" b="C"/>
<point x="131.04" y="42.94" b="N"/>
<point x="126.63" y="36.49" b="U"/>
<point x="127.56" y="28.99" b="U"/>
<point x="133.23" y="23.98" b="U"/>
<point x="140.79" y="23.98" b="R"/>
<point x="146.61" y="29.20" b="N"/>
<point x="147.55" y="36.70" b="N"/>
<point x="143.13" y="42.73" b="U"/>
<point x="143.13" y="50.29" b="R"/>
<point x="142.92" y="57.85" b="G"/>
<point x="143.13" y="65.41" b="U"/>
<point x="148.04" y="71.33" b="A"/>
<point x="147.84" y="78.89" b="U"/>
<point x="143.13" y="84.81" b="C"/>
<point x="143.34" y="92.37" b="A"/>
<point x="142.92" y="99.93" b="G"/>
<point x="149.74" y="95.90" b="A"/>
<point x="157.24" y="95.89" b="N"/>
<point x="163.71" y="99.33" b="U"/>
<point x="167.55" y="105.84" b="C"/>
<point x="167.55" y="113.40" b="U"/>
<point x="163.50" y="119.92" b="G"/>
<point x="157.29" y="123.57" b="A"/>
<point x="149.53" y="123.35" b="C"/>
<point x="143.13" y="119.32" b="U"/>
<point x="143.13" y="126.88" b="U"/>
<point x="142.92" y="134.44" b="G"/>
<point x="143.13" y="142.00" b="C"/>
<point x="149.89" y="145.78" b="A"/>
<point x="143.13" y="149.56" b="C"/>
<point x="143.34" y="157.12" b="A"/>
<point x="143.34" y="164.68" b="A"/>
<point x="147.63" y="170.60" b="G"/>
<point x="147.84" y="178.16" b="U"/>
<point x="143.34" y="184.07" b="A"/>
<point x="143.34" y="191.63" b="A"/>
<point x="143.13" y="199.19" b="C"/>
<point x="143.34" y="206.75" b="A"/>
<point x="148.48" y="212.10" b="U"/>
<point x="156.04" y="212.10" b="U"/>
<point x="163.60" y="212.10" b="C"/>
</structure>