<structure>
<point x="19.66" y="159.13" b="A"/>
<point x="27.02" y="159.13" b="C"/>
<point x="34.58" y="159.13" b="U"/>
<point x="41.92" y="159.13" b="G"/>
<point x="49.70" y="159.13" b="C"/>
<point x="57.26" y="159.13" b="U"/>
<point x="64.81" y="159.13" b="U"/>
<point x="72.38" y="159.13" b="U"/>
<point x="79.94" y="159.13" b="U"/>
<point x="87.50" y="159.13" b="C"/>
<point x="95.06" y="159.13" b="U"/>
<point x="102.61" y="159.13" b="U"/>
<point x="110.17" y="159.13" b="U"/>
<point x="117.53" y="159.13" b="G"/>
<point x="125.50" y="159.13" b="A"/>
<point x="132.85" y="159.13" b="U"/>
<point x="140.41" y="159.13" b="R"/>
<point x="147.97" y="159.13" b="U"/>
<point x="155.53" y="159.13" b="C"/>
<point x="163.09" y="159.13" b="C"/>
<point x="170.66" y="159.13" b="C"/>
<point x="178.22" y="159.13" b="C"/>
<point x="185.98" y="159.13" b="A"/>
<point x="193.34" y="159.13" b="U"/>
<point x="201.04" y="159.34" b="N"/>
<point x="208.46" y="159.13" b="U"/>
<point x="216.01" y="159.13" b="U"/>
<point x="223.37" y="159.13" b="G"/>
<point x="231.28" y="159.34" b="N"/>
<point x="238.49" y="159.13" b="G"/>
<point x="246.04" y="159.13" b="G"/>
<point x="251.81" y="153.78" b="A"/>
<point x="251.39" y="146.22" b="G"/>
<point x="251.60" y="138.66" b="C"/>
<point x="251.60" y="131.10" b="C"/>
<point x="251.60" y="123.54" b="C"/>
<point x="251.60" y="115.98" b="R"/>
<point x="251.75" y="108.63" b="N"/>
<point x="251.81" y="100.86" b="Y"/>
<point x="251.60" y="93.30" b="R"/>
<point x="251.60" y="85.74" b="R"/>
<point x="251.60" y="78.18" b="U"/>
<point x="251.60" y="70.62" b="C"/>
<point x="244.70" y="67.53" b="C"/>
<point x="239.12" y="62.43" b="C"/>
<point x="235.22" y="55.83" b="G"/>
<point x="234.01" y="48.41" b="C"/>
<point x="234.99" y="40.91" b="C"/>
<point x="238.44" y="34.31" b="N"/>
<point x="243.55" y="28.68" b="U"/>
<point x="250.26" y="25.19" b="U"/>
<point x="257.72" y="23.98" b="U"/>
<point x="265.33" y="25.40" b="N"/>
<point x="271.68" y="28.68" b="G"/>
<point x="276.95" y="34.11" b="G"/>
<point x="280.45" y="40.91" b="U"/>
<point x="281.43" y="48.41" b="U"/>
<point x="280.01" y="55.83" b="C"/>
<point x="276.52" y="62.43" b="A"/>
<point x="270.95" y="67.53" b="A"/>
<point x="263.63" y="70.62" b="G"/>
<point x="264.05" y="78.18" b="A"/>
<point x="264.05" y="85.74" b="Y"/>
<point x="264.05" y="93.30" b="Y"/>
<point x="263.84" y="100.86" b="R"/>
<point x="263.99" y="108.63" b="N"/>
<point x="264.05" y="115.98" b="Y"/>
<point x="263.63" y="123.54" b="G"/>
<point x="263.63" y="131.10" b="G"/>
<point x="263.63" y="138.66" b="G"/>
<point x="263.84" y="146.22" b="U"/>
<point x="263.84" y="153.78" b="U"/>
<point x="269.19" y="159.13" b="U"/>
<point x="276.75" y="159.13" b="U"/>
<point x="284.31" y="159.13" b="U"/>
<point x="292.07" y="159.13" b="Y"/>
<point x="299.58" y="159.34" b="N"/>
<point x="307.14" y="159.34" b="N"/>
<point x="314.55" y="159.13" b="U"/>
</structure>