<structure>
<point x="17.03" y="163.06" b="G"/>
<point x="17.03" y="155.50" b="G"/>
<point x="10.50" y="152.59" b="N"/>
<point x="10.56" y="144.82" b="A"/>
<point x="17.03" y="141.70" b="G"/>
<point x="17.45" y="134.14" b="A"/>
<point x="17.24" y="126.58" b="U"/>
<point x="17.45" y="119.02" b="A"/>
<point x="17.03" y="111.46" b="G"/>
<point x="17.03" y="103.90" b="G"/>
<point x="17.24" y="96.34" b="C"/>
<point x="17.45" y="88.78" b="A"/>
<point x="17.24" y="81.22" b="U"/>
<point x="17.03" y="73.66" b="G"/>
<point x="17.24" y="66.10" b="U"/>
<point x="17.45" y="58.54" b="A"/>
<point x="17.03" y="50.98" b="G"/>
<point x="11.53" y="46.03" b="C"/>
<point x="9.18" y="38.84" b="U"/>
<point x="10.85" y="31.47" b="U"/>
<point x="16.22" y="26.21" b="N"/>
<point x="23.57" y="23.98" b="A"/>
<point x="30.80" y="26.21" b="N"/>
<point x="36.07" y="31.47" b="Y"/>
<point x="37.74" y="38.84" b="A"/>
<point x="35.19" y="46.03" b="C"/>
<point x="29.48" y="50.98" b="C"/>
<point x="29.48" y="58.54" b="U"/>
<point x="29.69" y="66.10" b="A"/>
<point x="29.48" y="73.66" b="C"/>
<point x="29.69" y="81.22" b="A"/>
<point x="29.48" y="88.78" b="U"/>
<point x="29.27" y="96.34" b="G"/>
<point x="29.48" y="103.90" b="U"/>
<point x="29.48" y="111.46" b="C"/>
<point x="29.48" y="119.02" b="U"/>
<point x="29.69" y="126.58" b="A"/>
<point x="29.48" y="134.14" b="U"/>
<point x="29.48" y="141.70" b="C"/>
<point x="32.37" y="148.60" b="G"/>
<point x="29.48" y="155.50" b="C"/>
<point x="29.48" y="163.06" b="C"/>
</structure>