<structure>
<point x="19.60" y="258.68" b="N"/>
<point x="27.16" y="258.68" b="N"/>
<point x="32.15" y="253.13" b="G"/>
<point x="32.36" y="245.57" b="C"/>
<point x="32.57" y="238.01" b="A"/>
<point x="32.36" y="230.45" b="U"/>
<point x="29.26" y="223.56" b="U"/>
<point x="32.36" y="216.66" b="C"/>
<point x="32.36" y="209.10" b="U"/>
<point x="32.36" y="201.54" b="U"/>
<point x="32.57" y="193.98" b="A"/>
<point x="25.11" y="195.22" b="A"/>
<point x="18.59" y="191.39" b="A"/>
<point x="15.81" y="184.28" b="C"/>
<point x="18.38" y="177.17" b="C"/>
<point x="24.90" y="173.35" b="C"/>
<point x="32.36" y="174.59" b="U"/>
<point x="32.36" y="167.03" b="C"/>
<point x="32.36" y="159.47" b="U"/>
<point x="32.36" y="151.91" b="U"/>
<point x="32.15" y="144.35" b="G"/>
<point x="32.15" y="136.79" b="G"/>
<point x="29.26" y="129.89" b="U"/>
<point x="32.36" y="123.00" b="R"/>
<point x="32.15" y="115.44" b="G"/>
<point x="32.36" y="107.88" b="C"/>
<point x="26.13" y="104.03" b="N"/>
<point x="22.02" y="97.68" b="N"/>
<point x="20.98" y="89.99" b="Y"/>
<point x="22.88" y="82.74" b="R"/>
<point x="27.83" y="77.01" b="C"/>
<point x="34.91" y="73.87" b="Y"/>
<point x="42.41" y="74.08" b="N"/>
<point x="49.34" y="77.01" b="Y"/>
<point x="54.23" y="82.94" b="N"/>
<point x="56.19" y="89.99" b="R"/>
<point x="55.24" y="97.68" b="N"/>
<point x="51.13" y="104.03" b="N"/>
<point x="44.39" y="107.88" b="G"/>
<point x="44.60" y="115.44" b="C"/>
<point x="44.60" y="123.00" b="U"/>
<point x="47.70" y="129.89" b="U"/>
<point x="44.60" y="136.79" b="C"/>
<point x="44.60" y="144.35" b="C"/>
<point x="44.81" y="151.91" b="A"/>
<point x="44.60" y="159.47" b="R"/>
<point x="44.39" y="167.03" b="G"/>
<point x="44.81" y="174.59" b="A"/>
<point x="49.31" y="180.50" b="U"/>
<point x="49.51" y="188.06" b="A"/>
<point x="44.81" y="193.98" b="Y"/>
<point x="44.39" y="201.54" b="G"/>
<point x="44.81" y="209.10" b="A"/>
<point x="44.39" y="216.66" b="G"/>
<point x="52.15" y="216.96" b="U"/>
<point x="55.64" y="223.56" b="G"/>
<point x="52.36" y="230.15" b="A"/>
<point x="44.81" y="230.45" b="A"/>
<point x="44.60" y="238.01" b="U"/>
<point x="44.39" y="245.57" b="G"/>
<point x="44.60" y="253.13" b="C"/>
<point x="50.10" y="258.68" b="N"/>
<point x="57.71" y="258.48" b="A"/>
<point x="65.27" y="258.48" b="Y"/>
<point x="70.62" y="253.13" b="A"/>
<point x="70.20" y="245.57" b="G"/>
<point x="70.62" y="238.01" b="A"/>
<point x="65.91" y="232.09" b="A"/>
<point x="65.91" y="224.53" b="A"/>
<point x="70.62" y="218.62" b="Y"/>
<point x="70.62" y="211.06" b="Y"/>
<point x="70.20" y="203.50" b="G"/>
<point x="70.41" y="195.94" b="C"/>
<point x="70.62" y="188.38" b="A"/>
<point x="70.20" y="180.82" b="G"/>
<point x="70.41" y="173.26" b="R"/>
<point x="63.01" y="171.74" b="R"/>
<point x="56.55" y="168.27" b="N"/>
<point x="51.39" y="162.59" b="A"/>
<point x="47.86" y="155.80" b="R"/>
<point x="46.71" y="148.33" b="U"/>
<point x="47.86" y="140.85" b="C"/>
<point x="51.19" y="134.07" b="C"/>
<point x="56.60" y="128.59" b="A"/>
<point x="63.21" y="124.92" b="A"/>
<point x="70.62" y="123.40" b="A"/>
<point x="70.41" y="115.84" b="R"/>
<point x="70.56" y="108.48" b="N"/>
<point x="70.20" y="100.72" b="G"/>
<point x="70.41" y="93.16" b="C"/>
<point x="70.41" y="85.60" b="U"/>
<point x="70.20" y="78.04" b="G"/>
<point x="67.46" y="71.35" b="N"/>
<point x="70.20" y="64.25" b="G"/>
<point x="70.41" y="56.69" b="C"/>
<point x="65.91" y="50.77" b="Y"/>
<point x="65.71" y="43.21" b="U"/>
<point x="70.41" y="37.29" b="C"/>
<point x="68.24" y="30.05" b="U"/>
<point x="72.75" y="23.98" b="C"/>
<point x="80.31" y="23.98" b="C"/>
<point x="85.03" y="30.05" b="Y"/>
<point x="82.44" y="37.29" b="G"/>
<point x="87.36" y="43.21" b="U"/>
<point x="87.15" y="50.77" b="G"/>
<point x="82.44" y="56.69" b="G"/>
<point x="82.65" y="64.25" b="C"/>
<point x="85.75" y="71.14" b="U"/>
<point x="82.86" y="78.04" b="Y"/>
<point x="82.65" y="85.60" b="R"/>
<point x="82.44" y="93.16" b="G"/>
<point x="82.86" y="100.72" b="Y"/>
<point x="82.80" y="108.48" b="N"/>
<point x="82.65" y="115.84" b="U"/>
<point x="82.65" y="123.40" b="U"/>
<point x="89.86" y="126.26" b="A"/>
<point x="95.51" y="131.04" b="U"/>
<point x="99.72" y="137.31" b="U"/>
<point x="101.92" y="144.55" b="U"/>
<point x="101.92" y="152.11" b="C"/>
<point x="99.93" y="159.34" b="A"/>
<point x="95.71" y="165.62" b="Y"/>
<point x="89.86" y="170.39" b="A"/>
<point x="82.86" y="173.26" b="Y"/>
<point x="82.65" y="180.82" b="C"/>
<point x="82.65" y="188.38" b="U"/>
<point x="82.44" y="195.94" b="G"/>
<point x="82.86" y="203.50" b="Y"/>
<point x="82.65" y="211.06" b="R"/>
<point x="82.86" y="218.62" b="A"/>
<point x="87.36" y="224.53" b="C"/>
<point x="87.56" y="232.09" b="A"/>
<point x="82.65" y="238.01" b="U"/>
<point x="82.80" y="245.78" b="N"/>
<point x="82.65" y="253.13" b="U"/>
</structure>