<structure>
<point x="19.45" y="189.11" b="R"/>
<point x="27.02" y="189.11" b="R"/>
<point x="34.58" y="189.11" b="R"/>
<point x="40.07" y="183.97" b="N"/>
<point x="32.58" y="183.29" b="Y"/>
<point x="25.87" y="179.92" b="N"/>
<point x="21.31" y="173.89" b="N"/>
<point x="19.75" y="166.29" b="A"/>
<point x="21.16" y="158.91" b="U"/>
<point x="25.51" y="152.87" b="G"/>
<point x="32.58" y="149.29" b="A"/>
<point x="39.92" y="148.82" b="R"/>
<point x="39.71" y="141.26" b="G"/>
<point x="40.13" y="133.70" b="Y"/>
<point x="40.13" y="126.14" b="Y"/>
<point x="40.13" y="118.58" b="Y"/>
<point x="39.92" y="111.02" b="C"/>
<point x="39.92" y="103.46" b="C"/>
<point x="40.13" y="95.90" b="Y"/>
<point x="39.92" y="88.34" b="C"/>
<point x="40.07" y="80.99" b="N"/>
<point x="34.22" y="85.49" b="A"/>
<point x="26.79" y="84.02" b="N"/>
<point x="23.51" y="77.21" b="N"/>
<point x="26.64" y="70.19" b="R"/>
<point x="34.16" y="68.72" b="N"/>
<point x="39.71" y="73.22" b="G"/>
<point x="39.71" y="65.66" b="G"/>
<point x="39.92" y="58.10" b="C"/>
<point x="39.71" y="50.54" b="G"/>
<point x="39.71" y="42.98" b="G"/>
<point x="39.71" y="35.42" b="G"/>
<point x="39.56" y="27.87" b="U"/>
<point x="46.04" y="23.98" b="U"/>
<point x="52.53" y="27.87" b="U"/>
<point x="52.16" y="35.42" b="C"/>
<point x="52.16" y="42.98" b="C"/>
<point x="52.16" y="50.54" b="C"/>
<point x="51.95" y="58.10" b="G"/>
<point x="52.16" y="65.66" b="C"/>
<point x="52.16" y="73.22" b="C"/>
<point x="52.31" y="80.99" b="N"/>
<point x="51.95" y="88.34" b="G"/>
<point x="52.37" y="95.90" b="A"/>
<point x="51.95" y="103.46" b="G"/>
<point x="51.95" y="111.02" b="G"/>
<point x="51.95" y="118.58" b="G"/>
<point x="52.16" y="126.14" b="R"/>
<point x="51.95" y="133.70" b="G"/>
<point x="52.16" y="141.26" b="C"/>
<point x="52.37" y="148.82" b="Y"/>
<point x="58.42" y="152.72" b="G"/>
<point x="63.21" y="158.89" b="A"/>
<point x="64.70" y="166.50" b="N"/>
<point x="62.80" y="173.69" b="G"/>
<point x="58.63" y="179.86" b="U"/>
<point x="52.31" y="183.97" b="N"/>
<point x="57.51" y="189.11" b="C"/>
<point x="64.86" y="189.11" b="G"/>
<point x="72.83" y="189.11" b="A"/>
<point x="80.39" y="189.11" b="A"/>
<point x="87.95" y="189.11" b="A"/>
<point x="95.10" y="189.11" b="G"/>
<point x="103.02" y="189.32" b="N"/>
<point x="110.43" y="189.11" b="U"/>
<point x="117.99" y="189.11" b="U"/>
<point x="125.55" y="189.11" b="U"/>
<point x="133.31" y="189.11" b="A"/>
<point x="140.87" y="189.11" b="A"/>
<point x="148.43" y="189.11" b="A"/>
<point x="155.99" y="189.11" b="A"/>
<point x="163.35" y="189.11" b="R"/>
<point x="170.70" y="189.11" b="G"/>
<point x="178.67" y="189.11" b="Y"/>
<point x="186.18" y="189.32" b="N"/>
<point x="193.79" y="189.11" b="A"/>
<point x="201.30" y="189.32" b="N"/>
<point x="208.91" y="189.11" b="Y"/>
<point x="216.47" y="189.11" b="Y"/>
<point x="224.03" y="189.11" b="Y"/>
<point x="231.59" y="189.11" b="A"/>
<point x="238.95" y="189.11" b="R"/>
<point x="246.66" y="189.32" b="N"/>
<point x="254.22" y="189.32" b="N"/>
<point x="261.63" y="189.11" b="R"/>
<point x="269.34" y="189.32" b="N"/>
<point x="276.90" y="189.32" b="N"/>
<point x="284.10" y="189.11" b="G"/>
<point x="291.87" y="189.11" b="R"/>
<point x="299.22" y="189.11" b="G"/>
<point x="307.14" y="189.32" b="N"/>
<point x="314.75" y="189.11" b="Y"/>
<point x="322.26" y="189.32" b="N"/>
<point x="329.67" y="189.11" b="R"/>
<point x="337.02" y="189.11" b="G"/>
<point x="344.94" y="189.32" b="N"/>
</structure>