<structure>
<point x="19.45" y="274.25" b="R"/>
<point x="27.22" y="274.25" b="Y"/>
<point x="32.15" y="268.91" b="G"/>
<point x="32.15" y="261.35" b="G"/>
<point x="32.36" y="253.79" b="U"/>
<point x="32.36" y="246.23" b="C"/>
<point x="29.26" y="239.33" b="U"/>
<point x="32.15" y="232.44" b="G"/>
<point x="32.36" y="224.88" b="R"/>
<point x="32.15" y="217.32" b="G"/>
<point x="24.99" y="214.89" b="G"/>
<point x="21.00" y="208.74" b="A"/>
<point x="21.00" y="201.18" b="A"/>
<point x="25.35" y="195.25" b="N"/>
<point x="32.15" y="192.61" b="G"/>
<point x="32.15" y="185.05" b="G"/>
<point x="32.36" y="177.49" b="C"/>
<point x="32.36" y="169.93" b="U"/>
<point x="32.51" y="162.58" b="N"/>
<point x="32.36" y="154.81" b="C"/>
<point x="32.36" y="147.25" b="U"/>
<point x="32.15" y="139.69" b="G"/>
<point x="25.81" y="135.91" b="U"/>
<point x="32.15" y="132.13" b="G"/>
<point x="32.36" y="124.57" b="U"/>
<point x="32.51" y="117.22" b="N"/>
<point x="32.15" y="109.45" b="G"/>
<point x="32.57" y="101.89" b="Y"/>
<point x="32.36" y="94.33" b="U"/>
<point x="32.15" y="86.77" b="G"/>
<point x="29.41" y="80.08" b="N"/>
<point x="32.36" y="72.98" b="R"/>
<point x="32.57" y="65.42" b="Y"/>
<point x="32.57" y="57.86" b="Y"/>
<point x="26.19" y="53.80" b="Y"/>
<point x="21.87" y="47.46" b="R"/>
<point x="20.92" y="40.18" b="N"/>
<point x="23.09" y="32.72" b="Y"/>
<point x="27.98" y="27.20" b="N"/>
<point x="34.85" y="24.06" b="N"/>
<point x="42.41" y="24.06" b="N"/>
<point x="49.29" y="27.20" b="N"/>
<point x="54.23" y="32.92" b="N"/>
<point x="55.98" y="39.98" b="G"/>
<point x="55.30" y="47.46" b="Y"/>
<point x="50.98" y="53.80" b="R"/>
<point x="44.60" y="57.86" b="R"/>
<point x="44.39" y="65.42" b="G"/>
<point x="44.81" y="72.98" b="Y"/>
<point x="47.70" y="79.87" b="R"/>
<point x="44.60" y="86.77" b="C"/>
<point x="44.81" y="94.33" b="A"/>
<point x="44.39" y="101.89" b="G"/>
<point x="44.60" y="109.45" b="C"/>
<point x="44.60" y="117.01" b="C"/>
<point x="51.35" y="113.23" b="Y"/>
<point x="57.84" y="117.22" b="N"/>
<point x="57.48" y="124.57" b="G"/>
<point x="51.15" y="128.35" b="U"/>
<point x="44.81" y="124.57" b="A"/>
<point x="44.60" y="132.13" b="C"/>
<point x="44.60" y="139.69" b="C"/>
<point x="44.60" y="147.25" b="R"/>
<point x="44.39" y="154.81" b="G"/>
<point x="44.60" y="162.37" b="R"/>
<point x="51.35" y="166.15" b="Y"/>
<point x="44.81" y="169.93" b="A"/>
<point x="44.39" y="177.49" b="G"/>
<point x="44.60" y="185.05" b="C"/>
<point x="44.60" y="192.61" b="C"/>
<point x="50.40" y="197.69" b="Y"/>
<point x="52.42" y="205.17" b="N"/>
<point x="50.40" y="212.23" b="A"/>
<point x="44.60" y="217.32" b="C"/>
<point x="44.60" y="224.88" b="C"/>
<point x="44.81" y="232.44" b="Y"/>
<point x="47.70" y="239.33" b="U"/>
<point x="44.39" y="246.23" b="G"/>
<point x="44.81" y="253.79" b="A"/>
<point x="44.60" y="261.35" b="C"/>
<point x="44.60" y="268.91" b="C"/>
<point x="49.95" y="274.25" b="U"/>
<point x="57.71" y="274.25" b="A"/>
<point x="65.07" y="274.25" b="R"/>
<point x="72.83" y="274.25" b="A"/>
<point x="79.98" y="274.25" b="G"/>
<point x="87.95" y="274.25" b="Y"/>
<point x="95.51" y="274.25" b="A"/>
<point x="103.07" y="274.25" b="A"/>
<point x="110.43" y="274.25" b="R"/>
<point x="118.19" y="274.25" b="Y"/>
<point x="125.70" y="274.46" b="N"/>
<point x="130.89" y="268.91" b="C"/>
<point x="130.89" y="261.35" b="C"/>
<point x="130.89" y="253.79" b="C"/>
<point x="130.89" y="246.23" b="R"/>
<point x="130.68" y="238.67" b="G"/>
<point x="130.89" y="231.11" b="R"/>
<point x="130.89" y="223.55" b="R"/>
<point x="131.04" y="216.20" b="N"/>
<point x="127.64" y="209.44" b="N"/>
<point x="130.22" y="202.34" b="N"/>
<point x="137.16" y="199.34" b="N"/>
<point x="144.10" y="202.34" b="N"/>
<point x="146.74" y="209.24" b="Y"/>
<point x="143.34" y="215.99" b="Y"/>
<point x="143.34" y="223.55" b="Y"/>
<point x="143.34" y="231.11" b="Y"/>
<point x="143.13" y="238.67" b="C"/>
<point x="143.34" y="246.23" b="Y"/>
<point x="149.83" y="250.22" b="N"/>
<point x="142.92" y="253.79" b="G"/>
<point x="142.92" y="261.35" b="G"/>
<point x="142.92" y="268.91" b="G"/>
<point x="148.63" y="274.46" b="N"/>
<point x="156.04" y="274.25" b="U"/>
<point x="163.80" y="274.25" b="Y"/>
<point x="171.31" y="274.46" b="N"/>
<point x="178.72" y="274.25" b="R"/>
<point x="186.48" y="274.25" b="A"/>
<point x="194.04" y="274.25" b="A"/>
<point x="199.18" y="268.91" b="U"/>
<point x="199.39" y="261.35" b="Y"/>
<point x="199.18" y="253.79" b="U"/>
<point x="198.97" y="246.23" b="G"/>
<point x="199.18" y="238.67" b="C"/>
<point x="199.39" y="231.11" b="A"/>
<point x="198.97" y="223.55" b="G"/>
<point x="199.18" y="215.99" b="U"/>
<point x="199.39" y="208.43" b="A"/>
<point x="196.29" y="201.53" b="A"/>
<point x="199.18" y="194.64" b="C"/>
<point x="199.39" y="187.08" b="A"/>
<point x="192.84" y="182.65" b="G"/>
<point x="189.40" y="175.92" b="G"/>
<point x="189.61" y="168.36" b="U"/>
<point x="192.84" y="161.63" b="G"/>
<point x="199.18" y="157.21" b="U"/>
<point x="198.97" y="149.65" b="G"/>
<point x="199.39" y="142.09" b="A"/>
<point x="196.08" y="135.19" b="R"/>
<point x="199.18" y="128.29" b="C"/>
<point x="199.39" y="120.73" b="A"/>
<point x="199.18" y="113.17" b="U"/>
<point x="199.39" y="105.61" b="Y"/>
<point x="192.29" y="102.50" b="C"/>
<point x="192.29" y="94.94" b="U"/>
<point x="199.39" y="91.82" b="A"/>
<point x="198.97" y="84.26" b="G"/>
<point x="199.18" y="76.70" b="C"/>
<point x="197.22" y="69.46" b="A"/>
<point x="201.31" y="63.40" b="G"/>
<point x="209.29" y="63.40" b="Y"/>
<point x="213.80" y="69.46" b="A"/>
<point x="211.21" y="76.70" b="G"/>
<point x="211.42" y="84.26" b="U"/>
<point x="211.42" y="91.82" b="U"/>
<point x="214.52" y="98.72" b="U"/>
<point x="211.21" y="105.61" b="G"/>
<point x="211.42" y="113.17" b="R"/>
<point x="211.42" y="120.73" b="U"/>
<point x="211.21" y="128.29" b="G"/>
<point x="214.52" y="135.19" b="R"/>
<point x="211.42" y="142.09" b="U"/>
<point x="211.42" y="149.65" b="C"/>
<point x="211.63" y="157.21" b="A"/>
<point x="217.55" y="161.63" b="U"/>
<point x="220.79" y="168.36" b="G"/>
<point x="221.00" y="175.92" b="U"/>
<point x="217.76" y="182.65" b="A"/>
<point x="211.42" y="187.08" b="U"/>
<point x="211.21" y="194.64" b="G"/>
<point x="214.73" y="201.53" b="A"/>
<point x="211.42" y="208.43" b="U"/>
<point x="211.63" y="215.99" b="A"/>
<point x="211.42" y="223.55" b="C"/>
<point x="211.42" y="231.11" b="U"/>
<point x="211.21" y="238.67" b="G"/>
<point x="211.42" y="246.23" b="C"/>
<point x="211.63" y="253.79" b="A"/>
<point x="211.57" y="261.56" b="N"/>
<point x="211.63" y="268.91" b="A"/>
<point x="216.77" y="274.25" b="C"/>
<point x="224.54" y="274.25" b="A"/>
<point x="231.89" y="274.25" b="R"/>
<point x="239.45" y="274.25" b="R"/>
<point x="247.01" y="274.25" b="R"/>
</structure>