<structure>
<point x="31.99" y="366.90" b="N"/>
<point x="39.55" y="366.90" b="N"/>
<point x="46.96" y="366.69" b="R"/>
<point x="54.72" y="366.69" b="Y"/>
<point x="59.65" y="361.35" b="G"/>
<point x="60.01" y="353.99" b="N"/>
<point x="60.07" y="346.23" b="A"/>
<point x="59.86" y="338.67" b="U"/>
<point x="59.86" y="331.11" b="U"/>
<point x="56.97" y="324.21" b="A"/>
<point x="59.86" y="317.31" b="C"/>
<point x="60.01" y="309.96" b="N"/>
<point x="59.65" y="302.19" b="G"/>
<point x="59.65" y="294.63" b="G"/>
<point x="59.65" y="287.07" b="G"/>
<point x="59.86" y="279.51" b="C"/>
<point x="59.86" y="271.95" b="R"/>
<point x="60.07" y="264.39" b="A"/>
<point x="60.01" y="257.04" b="N"/>
<point x="52.98" y="253.72" b="U"/>
<point x="53.13" y="246.37" b="N"/>
<point x="59.86" y="243.04" b="C"/>
<point x="59.86" y="235.49" b="U"/>
<point x="59.86" y="227.93" b="C"/>
<point x="59.86" y="220.37" b="C"/>
<point x="55.31" y="214.66" b="N"/>
<point x="55.16" y="206.89" b="U"/>
<point x="59.86" y="200.97" b="U"/>
<point x="59.65" y="193.41" b="G"/>
<point x="59.65" y="185.85" b="G"/>
<point x="59.86" y="178.29" b="C"/>
<point x="60.07" y="170.73" b="A"/>
<point x="60.01" y="163.38" b="N"/>
<point x="60.01" y="155.82" b="N"/>
<point x="60.01" y="148.26" b="N"/>
<point x="60.01" y="140.70" b="N"/>
<point x="52.56" y="139.42" b="N"/>
<point x="45.34" y="137.20" b="N"/>
<point x="38.46" y="134.06" b="N"/>
<point x="32.04" y="130.07" b="N"/>
<point x="26.19" y="125.28" b="N"/>
<point x="21.01" y="119.77" b="N"/>
<point x="16.58" y="113.65" b="N"/>
<point x="12.98" y="107.00" b="N"/>
<point x="10.26" y="99.95" b="N"/>
<point x="8.47" y="92.60" b="N"/>
<point x="7.50" y="84.88" b="R"/>
<point x="7.80" y="77.53" b="N"/>
<point x="8.78" y="69.84" b="R"/>
<point x="11.06" y="62.57" b="Y"/>
<point x="14.06" y="55.63" b="Y"/>
<point x="17.87" y="49.35" b="N"/>
<point x="22.39" y="43.19" b="R"/>
<point x="27.94" y="38.11" b="N"/>
<point x="33.98" y="33.56" b="N"/>
<point x="40.40" y="29.61" b="R"/>
<point x="47.55" y="26.96" b="N"/>
<point x="54.86" y="25.03" b="N"/>
<point x="62.35" y="24.06" b="N"/>
<point x="69.91" y="24.06" b="N"/>
<point x="77.47" y="24.82" b="A"/>
<point x="84.57" y="26.76" b="U"/>
<point x="91.72" y="29.82" b="N"/>
<point x="98.29" y="33.56" b="N"/>
<point x="104.33" y="38.11" b="N"/>
<point x="109.73" y="43.40" b="N"/>
<point x="114.40" y="49.35" b="N"/>
<point x="118.27" y="55.84" b="N"/>
<point x="121.26" y="62.78" b="N"/>
<point x="123.34" y="70.05" b="N"/>
<point x="124.47" y="77.53" b="N"/>
<point x="124.62" y="85.08" b="N"/>
<point x="123.85" y="92.39" b="Y"/>
<point x="122.01" y="99.95" b="N"/>
<point x="119.29" y="107.00" b="N"/>
<point x="115.69" y="113.65" b="N"/>
<point x="111.26" y="119.77" b="N"/>
<point x="106.08" y="125.28" b="N"/>
<point x="100.23" y="130.07" b="N"/>
<point x="93.81" y="134.06" b="N"/>
<point x="86.93" y="137.20" b="N"/>
<point x="79.71" y="139.42" b="N"/>
<point x="72.31" y="140.49" b="Y"/>
<point x="72.25" y="148.26" b="N"/>
<point x="72.25" y="155.82" b="N"/>
<point x="72.25" y="163.38" b="N"/>
<point x="72.10" y="170.73" b="U"/>
<point x="71.89" y="178.29" b="G"/>
<point x="72.10" y="185.85" b="C"/>
<point x="72.10" y="193.41" b="C"/>
<point x="72.31" y="200.97" b="A"/>
<point x="77.02" y="206.89" b="A"/>
<point x="77.02" y="214.45" b="A"/>
<point x="71.89" y="220.37" b="G"/>
<point x="71.89" y="227.93" b="G"/>
<point x="72.31" y="235.49" b="A"/>
<point x="71.89" y="243.04" b="G"/>
<point x="75.41" y="249.94" b="A"/>
<point x="72.25" y="257.04" b="N"/>
<point x="72.10" y="264.39" b="U"/>
<point x="72.10" y="271.95" b="U"/>
<point x="71.89" y="279.51" b="G"/>
<point x="72.10" y="287.07" b="C"/>
<point x="72.10" y="294.63" b="C"/>
<point x="72.10" y="302.19" b="C"/>
<point x="72.25" y="309.96" b="N"/>
<point x="71.89" y="317.31" b="G"/>
<point x="75.20" y="324.21" b="C"/>
<point x="72.10" y="331.11" b="R"/>
<point x="72.31" y="338.67" b="A"/>
<point x="72.10" y="346.23" b="U"/>
<point x="72.25" y="353.99" b="N"/>
<point x="72.10" y="361.35" b="C"/>
<point x="77.60" y="366.90" b="N"/>
<point x="85.16" y="366.90" b="N"/>
<point x="92.78" y="366.69" b="Y"/>
<point x="100.28" y="366.90" b="N"/>
</structure>