<structure>
<point x="19.60" y="106.87" b="N"/>
<point x="27.16" y="106.87" b="N"/>
<point x="34.73" y="106.87" b="N"/>
<point x="42.28" y="106.87" b="N"/>
<point x="49.84" y="106.87" b="N"/>
<point x="57.41" y="106.87" b="N"/>
<point x="64.97" y="106.87" b="N"/>
<point x="70.16" y="101.32" b="R"/>
<point x="70.16" y="93.76" b="C"/>
<point x="70.16" y="86.20" b="C"/>
<point x="70.37" y="78.64" b="Y"/>
<point x="66.91" y="72.09" b="N"/>
<point x="69.55" y="64.78" b="Y"/>
<point x="76.49" y="61.78" b="Y"/>
<point x="83.43" y="64.78" b="Y"/>
<point x="85.95" y="72.09" b="N"/>
<point x="82.19" y="78.64" b="G"/>
<point x="82.19" y="86.20" b="G"/>
<point x="82.19" y="93.76" b="G"/>
<point x="82.40" y="101.32" b="C"/>
<point x="87.75" y="106.66" b="R"/>
<point x="95.31" y="106.66" b="U"/>
<point x="102.87" y="106.66" b="U"/>
<point x="110.63" y="106.66" b="Y"/>
<point x="118.19" y="106.66" b="Y"/>
<point x="125.55" y="106.66" b="C"/>
<point x="133.11" y="106.66" b="U"/>
<point x="140.67" y="106.66" b="C"/>
<point x="148.23" y="106.66" b="C"/>
<point x="155.79" y="106.66" b="C"/>
<point x="163.35" y="106.66" b="U"/>
<point x="171.11" y="106.66" b="A"/>
<point x="178.47" y="106.66" b="R"/>
<point x="186.23" y="106.66" b="A"/>
<point x="193.59" y="106.66" b="C"/>
<point x="201.15" y="106.66" b="U"/>
<point x="208.71" y="106.66" b="U"/>
<point x="216.42" y="106.87" b="N"/>
<point x="223.98" y="106.87" b="N"/>
<point x="228.96" y="101.32" b="G"/>
<point x="228.96" y="93.76" b="G"/>
<point x="229.32" y="86.41" b="N"/>
<point x="229.17" y="78.64" b="C"/>
<point x="229.32" y="71.29" b="N"/>
<point x="229.32" y="63.73" b="N"/>
<point x="229.32" y="56.17" b="N"/>
<point x="229.32" y="48.61" b="N"/>
<point x="229.32" y="41.05" b="N"/>
<point x="225.92" y="34.29" b="N"/>
<point x="228.50" y="27.19" b="N"/>
<point x="235.50" y="23.98" b="Y"/>
<point x="242.38" y="27.19" b="N"/>
<point x="244.96" y="34.29" b="N"/>
<point x="241.56" y="41.05" b="N"/>
<point x="241.56" y="48.61" b="N"/>
<point x="241.56" y="56.17" b="N"/>
<point x="241.56" y="63.73" b="N"/>
<point x="241.56" y="71.29" b="N"/>
<point x="241.20" y="78.64" b="G"/>
<point x="241.56" y="86.41" b="N"/>
<point x="241.41" y="93.76" b="C"/>
<point x="241.62" y="101.32" b="Y"/>
<point x="246.96" y="106.66" b="Y"/>
<point x="254.32" y="106.66" b="U"/>
<point x="261.88" y="106.66" b="U"/>
<point x="269.44" y="106.66" b="U"/>
<point x="277.00" y="106.66" b="U"/>
<point x="284.56" y="106.66" b="U"/>
<point x="292.12" y="106.66" b="U"/>
<point x="299.68" y="106.66" b="U"/>
<point x="307.39" y="106.87" b="N"/>
<point x="314.95" y="106.87" b="N"/>
<point x="322.51" y="106.87" b="N"/>
<point x="330.07" y="106.87" b="N"/>
<point x="337.63" y="106.87" b="N"/>
<point x="345.19" y="106.87" b="N"/>
<point x="352.75" y="106.87" b="N"/>
</structure>