<structure>
<point x="24.73" y="348.59" b="C"/>
<point x="32.44" y="348.80" b="N"/>
<point x="39.85" y="348.59" b="R"/>
<point x="45.20" y="343.25" b="R"/>
<point x="42.30" y="336.35" b="A"/>
<point x="45.35" y="329.66" b="N"/>
<point x="45.40" y="321.90" b="Y"/>
<point x="45.40" y="314.34" b="Y"/>
<point x="45.20" y="306.78" b="R"/>
<point x="45.20" y="299.22" b="R"/>
<point x="42.25" y="292.53" b="N"/>
<point x="45.20" y="285.43" b="U"/>
<point x="45.20" y="277.87" b="U"/>
<point x="45.35" y="270.51" b="N"/>
<point x="45.40" y="262.75" b="A"/>
<point x="45.20" y="255.19" b="U"/>
<point x="45.35" y="247.83" b="N"/>
<point x="45.35" y="240.27" b="N"/>
<point x="38.64" y="236.79" b="N"/>
<point x="33.61" y="231.14" b="N"/>
<point x="30.77" y="223.87" b="C"/>
<point x="30.92" y="216.52" b="N"/>
<point x="33.61" y="209.45" b="N"/>
<point x="38.64" y="203.81" b="N"/>
<point x="45.40" y="200.11" b="Y"/>
<point x="45.20" y="192.55" b="C"/>
<point x="44.99" y="184.99" b="G"/>
<point x="45.20" y="177.43" b="U"/>
<point x="45.40" y="169.87" b="Y"/>
<point x="45.40" y="162.31" b="Y"/>
<point x="45.20" y="154.75" b="R"/>
<point x="45.40" y="147.19" b="Y"/>
<point x="45.20" y="139.63" b="U"/>
<point x="45.35" y="132.28" b="N"/>
<point x="40.53" y="138.11" b="N"/>
<point x="33.91" y="141.76" b="N"/>
<point x="26.47" y="142.50" b="Y"/>
<point x="19.09" y="140.84" b="N"/>
<point x="12.97" y="136.39" b="N"/>
<point x="8.92" y="130.01" b="N"/>
<point x="7.50" y="122.59" b="N"/>
<point x="8.92" y="115.16" b="N"/>
<point x="12.97" y="108.78" b="N"/>
<point x="19.09" y="104.34" b="N"/>
<point x="26.26" y="102.25" b="C"/>
<point x="33.76" y="103.20" b="U"/>
<point x="40.59" y="106.85" b="A"/>
<point x="45.20" y="112.68" b="C"/>
<point x="45.20" y="105.12" b="U"/>
<point x="45.40" y="97.56" b="A"/>
<point x="45.20" y="90.00" b="C"/>
<point x="45.20" y="82.44" b="U"/>
<point x="37.79" y="82.35" b="N"/>
<point x="34.15" y="75.55" b="A"/>
<point x="37.85" y="68.95" b="A"/>
<point x="45.20" y="68.65" b="C"/>
<point x="44.99" y="61.09" b="G"/>
<point x="45.20" y="53.53" b="C"/>
<point x="45.40" y="45.97" b="A"/>
<point x="40.31" y="40.20" b="U"/>
<point x="40.11" y="32.65" b="Y"/>
<point x="44.36" y="26.40" b="Y"/>
<point x="51.52" y="23.98" b="Y"/>
<point x="58.48" y="26.40" b="U"/>
<point x="62.93" y="32.65" b="Y"/>
<point x="62.47" y="40.41" b="N"/>
<point x="57.44" y="45.97" b="U"/>
<point x="57.23" y="53.53" b="G"/>
<point x="57.44" y="61.09" b="C"/>
<point x="57.23" y="68.65" b="G"/>
<point x="60.54" y="75.55" b="C"/>
<point x="57.23" y="82.44" b="G"/>
<point x="57.23" y="90.00" b="G"/>
<point x="57.44" y="97.56" b="U"/>
<point x="57.64" y="105.12" b="A"/>
<point x="57.23" y="112.68" b="G"/>
<point x="62.14" y="118.60" b="R"/>
<point x="62.35" y="126.16" b="Y"/>
<point x="57.64" y="132.07" b="Y"/>
<point x="57.44" y="139.63" b="R"/>
<point x="57.23" y="147.19" b="G"/>
<point x="57.44" y="154.75" b="U"/>
<point x="57.23" y="162.31" b="G"/>
<point x="57.44" y="169.87" b="R"/>
<point x="57.44" y="177.43" b="R"/>
<point x="57.44" y="184.99" b="C"/>
<point x="57.23" y="192.55" b="G"/>
<point x="57.23" y="200.11" b="G"/>
<point x="64.29" y="203.81" b="N"/>
<point x="69.38" y="209.25" b="A"/>
<point x="71.86" y="216.31" b="U"/>
<point x="71.86" y="223.87" b="U"/>
<point x="69.17" y="230.94" b="C"/>
<point x="64.35" y="236.58" b="A"/>
<point x="57.44" y="240.07" b="R"/>
<point x="57.59" y="247.83" b="N"/>
<point x="57.44" y="255.19" b="R"/>
<point x="57.64" y="262.75" b="Y"/>
<point x="57.59" y="270.51" b="N"/>
<point x="57.44" y="277.87" b="R"/>
<point x="57.64" y="285.43" b="A"/>
<point x="60.69" y="292.53" b="N"/>
<point x="57.64" y="299.22" b="Y"/>
<point x="57.44" y="306.78" b="C"/>
<point x="57.59" y="314.54" b="N"/>
<point x="57.59" y="322.10" b="N"/>
<point x="57.59" y="329.66" b="N"/>
<point x="60.74" y="336.35" b="Y"/>
<point x="57.44" y="343.25" b="C"/>
<point x="62.93" y="348.80" b="N"/>
<point x="70.49" y="348.80" b="N"/>
<point x="77.90" y="348.59" b="R"/>
<point x="85.61" y="348.80" b="N"/>
<point x="93.17" y="348.80" b="N"/>
<point x="100.73" y="348.80" b="N"/>
<point x="108.29" y="348.80" b="N"/>
<point x="115.85" y="348.80" b="N"/>
<point x="123.41" y="348.80" b="N"/>
<point x="130.97" y="348.80" b="N"/>
<point x="136.17" y="343.25" b="R"/>
<point x="136.37" y="335.69" b="A"/>
<point x="136.37" y="328.13" b="A"/>
<point x="136.37" y="320.57" b="A"/>
<point x="136.17" y="313.01" b="C"/>
<point x="136.17" y="305.45" b="C"/>
<point x="136.17" y="297.89" b="C"/>
<point x="135.96" y="290.33" b="G"/>
<point x="136.17" y="282.77" b="C"/>
<point x="135.96" y="275.21" b="G"/>
<point x="136.17" y="267.65" b="C"/>
<point x="134.20" y="260.41" b="Y"/>
<point x="138.51" y="254.34" b="R"/>
<point x="146.22" y="254.55" b="N"/>
<point x="150.58" y="260.41" b="U"/>
<point x="148.20" y="267.65" b="G"/>
<point x="148.41" y="275.21" b="C"/>
<point x="148.20" y="282.77" b="G"/>
<point x="148.41" y="290.33" b="C"/>
<point x="148.20" y="297.89" b="G"/>
<point x="148.20" y="305.45" b="G"/>
<point x="148.20" y="313.01" b="G"/>
<point x="148.41" y="320.57" b="U"/>
<point x="148.41" y="328.13" b="U"/>
<point x="148.41" y="335.69" b="U"/>
<point x="148.41" y="343.25" b="U"/>
<point x="153.75" y="348.59" b="U"/>
<point x="161.31" y="348.59" b="U"/>
<point x="168.87" y="348.59" b="U"/>
</structure>