<structure>
<point x="19.60" y="222.99" b="N"/>
<point x="27.02" y="222.78" b="U"/>
<point x="34.78" y="222.78" b="A"/>
<point x="40.13" y="217.44" b="Y"/>
<point x="39.92" y="209.88" b="C"/>
<point x="40.13" y="202.32" b="A"/>
<point x="40.13" y="194.76" b="A"/>
<point x="40.13" y="187.20" b="A"/>
<point x="32.94" y="189.53" b="A"/>
<point x="28.08" y="183.42" b="G"/>
<point x="32.94" y="177.30" b="Y"/>
<point x="39.92" y="179.64" b="U"/>
<point x="40.13" y="172.08" b="A"/>
<point x="40.07" y="164.72" b="N"/>
<point x="40.13" y="156.96" b="Y"/>
<point x="40.13" y="149.40" b="Y"/>
<point x="39.92" y="141.84" b="U"/>
<point x="32.37" y="141.54" b="U"/>
<point x="28.82" y="135.15" b="N"/>
<point x="32.37" y="128.34" b="U"/>
<point x="39.92" y="128.04" b="R"/>
<point x="39.92" y="120.48" b="R"/>
<point x="35.36" y="114.78" b="N"/>
<point x="35.22" y="107.01" b="R"/>
<point x="40.07" y="101.30" b="N"/>
<point x="39.71" y="93.53" b="G"/>
<point x="39.92" y="85.97" b="R"/>
<point x="40.13" y="78.41" b="A"/>
<point x="39.92" y="70.85" b="R"/>
<point x="39.71" y="63.29" b="G"/>
<point x="40.13" y="55.73" b="Y"/>
<point x="39.92" y="48.17" b="U"/>
<point x="34.57" y="42.83" b="U"/>
<point x="33.09" y="35.42" b="U"/>
<point x="36.18" y="28.43" b="Y"/>
<point x="42.47" y="24.23" b="Y"/>
<point x="50.03" y="24.23" b="A"/>
<point x="56.31" y="28.43" b="A"/>
<point x="59.20" y="35.42" b="A"/>
<point x="57.51" y="42.83" b="U"/>
<point x="52.37" y="48.17" b="A"/>
<point x="52.37" y="55.73" b="A"/>
<point x="52.16" y="63.29" b="C"/>
<point x="52.16" y="70.85" b="C"/>
<point x="59.72" y="70.85" b="U"/>
<point x="59.72" y="78.41" b="U"/>
<point x="52.31" y="78.62" b="N"/>
<point x="52.37" y="85.97" b="A"/>
<point x="52.16" y="93.53" b="C"/>
<point x="52.16" y="101.09" b="C"/>
<point x="57.07" y="107.01" b="A"/>
<point x="57.07" y="114.57" b="A"/>
<point x="52.37" y="120.48" b="Y"/>
<point x="52.31" y="128.25" b="N"/>
<point x="55.47" y="134.94" b="Y"/>
<point x="52.16" y="141.84" b="R"/>
<point x="51.95" y="149.40" b="G"/>
<point x="51.95" y="156.96" b="G"/>
<point x="52.16" y="164.52" b="C"/>
<point x="52.16" y="172.08" b="U"/>
<point x="52.16" y="179.64" b="R"/>
<point x="52.16" y="187.20" b="U"/>
<point x="52.16" y="194.76" b="U"/>
<point x="52.16" y="202.32" b="U"/>
<point x="51.95" y="209.88" b="G"/>
<point x="51.95" y="217.44" b="G"/>
<point x="57.66" y="222.99" b="N"/>
<point x="65.27" y="222.78" b="A"/>
<point x="72.63" y="222.78" b="R"/>
<point x="80.39" y="222.78" b="A"/>
<point x="87.75" y="222.78" b="R"/>
<point x="95.31" y="222.78" b="U"/>
<point x="102.87" y="222.78" b="R"/>
<point x="110.63" y="222.78" b="A"/>
<point x="117.99" y="222.78" b="R"/>
<point x="125.70" y="222.99" b="N"/>
<point x="133.26" y="222.99" b="N"/>
<point x="138.66" y="217.44" b="A"/>
<point x="138.24" y="209.88" b="G"/>
<point x="135.56" y="202.98" b="A"/>
<point x="138.45" y="196.09" b="C"/>
<point x="138.45" y="188.53" b="C"/>
<point x="138.66" y="180.97" b="A"/>
<point x="138.45" y="173.41" b="C"/>
<point x="138.66" y="165.84" b="A"/>
<point x="131.74" y="162.36" b="C"/>
<point x="126.72" y="156.72" b="U"/>
<point x="124.03" y="149.65" b="C"/>
<point x="124.23" y="142.09" b="Y"/>
<point x="126.72" y="135.03" b="R"/>
<point x="131.74" y="129.38" b="C"/>
<point x="138.66" y="125.89" b="A"/>
<point x="138.24" y="118.33" b="G"/>
<point x="138.66" y="110.77" b="Y"/>
<point x="138.24" y="103.21" b="G"/>
<point x="138.24" y="95.65" b="G"/>
<point x="138.24" y="88.09" b="G"/>
<point x="138.66" y="80.53" b="Y"/>
<point x="138.45" y="72.97" b="U"/>
<point x="138.66" y="65.41" b="A"/>
<point x="138.45" y="57.85" b="U"/>
<point x="138.66" y="50.29" b="A"/>
<point x="138.45" y="42.73" b="C"/>
<point x="134.19" y="36.49" b="C"/>
<point x="135.33" y="28.99" b="A"/>
<point x="141.00" y="23.98" b="Y"/>
<point x="148.35" y="23.98" b="U"/>
<point x="154.17" y="29.20" b="N"/>
<point x="155.16" y="36.49" b="A"/>
<point x="150.84" y="42.94" b="N"/>
<point x="150.69" y="50.29" b="U"/>
<point x="150.90" y="57.85" b="A"/>
<point x="150.69" y="65.41" b="U"/>
<point x="150.69" y="72.97" b="R"/>
<point x="150.48" y="80.53" b="G"/>
<point x="150.69" y="88.09" b="U"/>
<point x="150.69" y="95.65" b="U"/>
<point x="150.69" y="103.21" b="C"/>
<point x="150.90" y="110.77" b="A"/>
<point x="150.90" y="118.33" b="Y"/>
<point x="150.69" y="125.89" b="U"/>
<point x="158.24" y="127.69" b="A"/>
<point x="164.19" y="132.08" b="C"/>
<point x="168.27" y="138.45" b="U"/>
<point x="169.91" y="145.87" b="A"/>
<point x="168.27" y="153.29" b="U"/>
<point x="164.34" y="159.86" b="N"/>
<point x="158.04" y="164.05" b="U"/>
<point x="150.69" y="165.84" b="U"/>
<point x="150.48" y="173.41" b="G"/>
<point x="150.69" y="180.97" b="U"/>
<point x="150.69" y="188.53" b="R"/>
<point x="150.48" y="196.09" b="G"/>
<point x="154.00" y="202.98" b="Y"/>
<point x="150.69" y="209.88" b="C"/>
<point x="150.69" y="217.44" b="U"/>
<point x="156.24" y="222.78" b="A"/>
<point x="163.60" y="222.78" b="C"/>
<point x="171.36" y="222.78" b="A"/>
<point x="178.72" y="222.78" b="U"/>
<point x="186.28" y="222.78" b="U"/>
</structure>