<structure>
<point x="19.60" y="271.95" b="N"/>
<point x="27.16" y="271.95" b="N"/>
<point x="34.73" y="271.95" b="N"/>
<point x="41.92" y="271.74" b="G"/>
<point x="49.84" y="271.95" b="N"/>
<point x="57.46" y="271.74" b="A"/>
<point x="65.02" y="271.74" b="Y"/>
<point x="72.53" y="271.95" b="N"/>
<point x="79.72" y="271.74" b="G"/>
<point x="87.50" y="271.74" b="U"/>
<point x="94.84" y="271.74" b="G"/>
<point x="102.61" y="271.74" b="U"/>
<point x="107.75" y="266.39" b="G"/>
<point x="107.96" y="258.83" b="C"/>
<point x="107.96" y="251.28" b="R"/>
<point x="107.96" y="243.72" b="U"/>
<point x="101.49" y="247.27" b="A"/>
<point x="93.60" y="248.37" b="G"/>
<point x="86.39" y="246.88" b="U"/>
<point x="80.06" y="243.20" b="N"/>
<point x="75.12" y="237.14" b="U"/>
<point x="72.78" y="230.03" b="Y"/>
<point x="72.58" y="222.47" b="C"/>
<point x="75.12" y="215.35" b="R"/>
<point x="79.91" y="209.50" b="U"/>
<point x="86.39" y="205.61" b="C"/>
<point x="93.81" y="204.12" b="U"/>
<point x="101.08" y="205.22" b="G"/>
<point x="108.17" y="208.77" b="Y"/>
<point x="107.75" y="201.21" b="G"/>
<point x="107.96" y="193.65" b="U"/>
<point x="105.07" y="186.76" b="Y"/>
<point x="107.96" y="179.86" b="U"/>
<point x="107.96" y="172.30" b="R"/>
<point x="107.75" y="164.74" b="G"/>
<point x="107.96" y="157.18" b="U"/>
<point x="107.96" y="149.62" b="R"/>
<point x="108.11" y="142.27" b="N"/>
<point x="108.17" y="134.50" b="Y"/>
<point x="107.96" y="126.94" b="R"/>
<point x="108.11" y="119.59" b="N"/>
<point x="105.01" y="112.70" b="N"/>
<point x="108.11" y="105.80" b="N"/>
<point x="108.17" y="98.03" b="Y"/>
<point x="107.96" y="90.47" b="C"/>
<point x="108.11" y="83.12" b="N"/>
<point x="107.96" y="75.35" b="R"/>
<point x="103.25" y="69.44" b="U"/>
<point x="103.46" y="61.88" b="Y"/>
<point x="107.96" y="55.96" b="U"/>
<point x="107.75" y="48.40" b="G"/>
<point x="107.96" y="40.84" b="U"/>
<point x="104.35" y="34.09" b="G"/>
<point x="107.14" y="26.98" b="U"/>
<point x="114.29" y="23.98" b="Y"/>
<point x="121.23" y="26.98" b="Y"/>
<point x="123.60" y="34.09" b="U"/>
<point x="120.20" y="40.84" b="R"/>
<point x="120.20" y="48.40" b="C"/>
<point x="120.41" y="55.96" b="A"/>
<point x="125.06" y="62.08" b="N"/>
<point x="125.06" y="69.64" b="N"/>
<point x="120.41" y="75.35" b="Y"/>
<point x="120.35" y="83.12" b="N"/>
<point x="119.99" y="90.47" b="G"/>
<point x="120.20" y="98.03" b="R"/>
<point x="120.35" y="105.80" b="N"/>
<point x="123.45" y="112.70" b="N"/>
<point x="120.35" y="119.59" b="N"/>
<point x="120.41" y="126.94" b="Y"/>
<point x="120.20" y="134.50" b="R"/>
<point x="120.35" y="142.27" b="N"/>
<point x="120.20" y="149.62" b="U"/>
<point x="120.35" y="157.39" b="N"/>
<point x="126.95" y="160.96" b="Y"/>
<point x="120.41" y="164.74" b="Y"/>
<point x="120.20" y="172.30" b="C"/>
<point x="120.41" y="179.86" b="A"/>
<point x="123.30" y="186.76" b="C"/>
<point x="120.41" y="193.65" b="A"/>
<point x="120.20" y="201.21" b="C"/>
<point x="120.20" y="208.77" b="R"/>
<point x="126.83" y="212.89" b="N"/>
<point x="131.25" y="218.84" b="A"/>
<point x="132.74" y="226.45" b="N"/>
<point x="131.20" y="233.85" b="N"/>
<point x="126.88" y="239.81" b="Y"/>
<point x="120.35" y="243.92" b="N"/>
<point x="120.35" y="251.48" b="N"/>
<point x="120.20" y="258.83" b="R"/>
<point x="120.41" y="266.39" b="Y"/>
<point x="125.55" y="271.74" b="R"/>
<point x="132.90" y="271.74" b="G"/>
<point x="140.67" y="271.74" b="C"/>
<point x="148.23" y="271.74" b="C"/>
<point x="155.99" y="271.74" b="A"/>
<point x="163.50" y="271.95" b="N"/>
<point x="171.11" y="271.74" b="A"/>
<point x="178.26" y="271.74" b="G"/>
<point x="186.23" y="271.74" b="A"/>
<point x="193.74" y="271.95" b="N"/>
<point x="201.30" y="271.95" b="N"/>
<point x="208.86" y="271.95" b="N"/>
<point x="216.47" y="271.74" b="A"/>
<point x="223.83" y="271.74" b="C"/>
<point x="231.59" y="271.74" b="Y"/>
<point x="236.88" y="266.60" b="N"/>
<point x="236.52" y="258.83" b="G"/>
<point x="236.73" y="251.28" b="R"/>
<point x="236.52" y="243.72" b="G"/>
<point x="236.94" y="236.16" b="A"/>
<point x="229.74" y="233.29" b="U"/>
<point x="223.88" y="228.51" b="C"/>
<point x="219.87" y="222.24" b="A"/>
<point x="217.46" y="215.00" b="U"/>
<point x="217.67" y="207.44" b="A"/>
<point x="219.45" y="200.21" b="G"/>
<point x="223.88" y="193.94" b="U"/>
<point x="229.94" y="189.16" b="A"/>
<point x="236.73" y="186.29" b="C"/>
<point x="236.73" y="178.73" b="U"/>
<point x="236.52" y="171.17" b="G"/>
<point x="236.52" y="163.61" b="G"/>
<point x="236.94" y="156.05" b="Y"/>
<point x="236.73" y="148.49" b="C"/>
<point x="230.19" y="144.71" b="U"/>
<point x="236.94" y="140.93" b="A"/>
<point x="236.52" y="133.37" b="G"/>
<point x="236.73" y="125.81" b="U"/>
<point x="236.52" y="118.25" b="G"/>
<point x="233.78" y="111.57" b="N"/>
<point x="236.94" y="104.46" b="Y"/>
<point x="236.88" y="97.11" b="N"/>
<point x="236.88" y="89.55" b="N"/>
<point x="236.88" y="81.99" b="N"/>
<point x="236.73" y="74.22" b="U"/>
<point x="236.73" y="66.66" b="C"/>
<point x="233.33" y="59.91" b="U"/>
<point x="235.91" y="52.81" b="R"/>
<point x="243.00" y="50.02" b="N"/>
<point x="249.94" y="53.01" b="N"/>
<point x="252.37" y="59.91" b="U"/>
<point x="248.97" y="66.66" b="R"/>
<point x="249.18" y="74.22" b="A"/>
<point x="248.97" y="81.78" b="C"/>
<point x="249.12" y="89.55" b="N"/>
<point x="249.18" y="96.90" b="Y"/>
<point x="248.97" y="104.46" b="R"/>
<point x="256.14" y="101.52" b="Y"/>
<point x="262.93" y="104.38" b="C"/>
<point x="266.04" y="111.36" b="Y"/>
<point x="263.08" y="118.55" b="N"/>
<point x="255.94" y="121.20" b="C"/>
<point x="248.97" y="118.25" b="C"/>
<point x="249.18" y="125.81" b="A"/>
<point x="248.97" y="133.37" b="C"/>
<point x="248.97" y="140.93" b="U"/>
<point x="248.76" y="148.49" b="G"/>
<point x="248.97" y="156.05" b="R"/>
<point x="248.97" y="163.61" b="C"/>
<point x="248.97" y="171.17" b="C"/>
<point x="249.18" y="178.73" b="A"/>
<point x="248.76" y="186.29" b="G"/>
<point x="256.38" y="187.82" b="C"/>
<point x="262.99" y="191.49" b="C"/>
<point x="268.20" y="196.97" b="U"/>
<point x="271.52" y="203.75" b="C"/>
<point x="272.67" y="211.22" b="C"/>
<point x="271.73" y="218.70" b="A"/>
<point x="268.35" y="225.69" b="N"/>
<point x="263.19" y="230.97" b="A"/>
<point x="256.53" y="234.84" b="N"/>
<point x="248.97" y="236.16" b="U"/>
<point x="248.97" y="243.72" b="C"/>
<point x="249.18" y="251.28" b="Y"/>
<point x="248.97" y="258.83" b="C"/>
<point x="249.12" y="266.60" b="N"/>
<point x="254.47" y="271.95" b="N"/>
<point x="262.08" y="271.74" b="A"/>
<point x="269.44" y="271.74" b="C"/>
<point x="277.20" y="271.74" b="A"/>
<point x="284.71" y="271.95" b="N"/>
<point x="292.27" y="271.95" b="N"/>
<point x="299.83" y="271.95" b="N"/>
</structure>