<structure>
<point x="19.25" y="146.36" b="G"/>
<point x="27.22" y="146.36" b="A"/>
<point x="34.78" y="146.36" b="Y"/>
<point x="42.34" y="146.36" b="A"/>
<point x="47.48" y="141.01" b="C"/>
<point x="47.69" y="133.45" b="A"/>
<point x="47.48" y="125.89" b="U"/>
<point x="47.69" y="118.33" b="A"/>
<point x="47.27" y="110.77" b="G"/>
<point x="47.27" y="103.21" b="G"/>
<point x="47.69" y="95.65" b="A"/>
<point x="44.59" y="88.76" b="A"/>
<point x="47.48" y="81.86" b="C"/>
<point x="47.48" y="74.30" b="C"/>
<point x="47.48" y="66.74" b="U"/>
<point x="43.22" y="60.50" b="C"/>
<point x="44.15" y="53.00" b="C"/>
<point x="49.82" y="47.99" b="U"/>
<point x="57.38" y="47.99" b="C"/>
<point x="63.25" y="53.00" b="A"/>
<point x="64.19" y="60.50" b="A"/>
<point x="59.93" y="66.74" b="A"/>
<point x="59.51" y="74.30" b="G"/>
<point x="59.51" y="81.86" b="G"/>
<point x="63.03" y="88.76" b="A"/>
<point x="59.72" y="95.65" b="U"/>
<point x="59.72" y="103.21" b="U"/>
<point x="59.72" y="110.77" b="C"/>
<point x="59.72" y="118.33" b="U"/>
<point x="59.93" y="125.89" b="A"/>
<point x="59.72" y="133.45" b="U"/>
<point x="59.51" y="141.01" b="G"/>
<point x="64.86" y="146.36" b="G"/>
<point x="72.83" y="146.36" b="A"/>
<point x="80.19" y="146.36" b="C"/>
<point x="87.95" y="146.36" b="A"/>
<point x="92.88" y="141.01" b="G"/>
<point x="93.09" y="133.45" b="U"/>
<point x="93.09" y="125.89" b="C"/>
<point x="92.88" y="118.33" b="G"/>
<point x="93.30" y="110.77" b="A"/>
<point x="93.09" y="103.21" b="U"/>
<point x="92.88" y="95.65" b="G"/>
<point x="93.09" y="88.09" b="C"/>
<point x="93.30" y="80.53" b="A"/>
<point x="92.88" y="72.97" b="G"/>
<point x="92.88" y="65.41" b="G"/>
<point x="92.88" y="57.85" b="G"/>
<point x="93.30" y="50.29" b="A"/>
<point x="92.88" y="42.73" b="G"/>
<point x="88.98" y="36.70" b="N"/>
<point x="89.92" y="29.20" b="N"/>
<point x="95.64" y="23.98" b="A"/>
<point x="102.99" y="23.98" b="C"/>
<point x="108.81" y="29.20" b="N"/>
<point x="109.75" y="36.70" b="N"/>
<point x="105.33" y="42.73" b="C"/>
<point x="105.33" y="50.29" b="U"/>
<point x="105.33" y="57.85" b="C"/>
<point x="105.33" y="65.41" b="C"/>
<point x="105.33" y="72.97" b="C"/>
<point x="105.33" y="80.53" b="U"/>
<point x="105.12" y="88.09" b="G"/>
<point x="105.33" y="95.65" b="C"/>
<point x="105.54" y="103.21" b="A"/>
<point x="105.33" y="110.77" b="U"/>
<point x="105.33" y="118.33" b="C"/>
<point x="105.12" y="125.89" b="G"/>
<point x="105.12" y="133.45" b="G"/>
<point x="105.33" y="141.01" b="C"/>
<point x="110.47" y="146.36" b="G"/>
<point x="118.44" y="146.36" b="A"/>
<point x="125.80" y="146.36" b="U"/>
<point x="133.36" y="146.36" b="U"/>
<point x="140.92" y="146.36" b="U"/>
<point x="148.63" y="146.57" b="N"/>
</structure>