<structure>
<point x="92.98" y="294.16" b="N"/>
<point x="92.98" y="286.60" b="N"/>
<point x="92.98" y="279.04" b="N"/>
<point x="92.98" y="271.48" b="N"/>
<point x="92.98" y="263.92" b="N"/>
<point x="92.98" y="256.36" b="N"/>
<point x="92.83" y="248.59" b="R"/>
<point x="93.04" y="241.03" b="Y"/>
<point x="85.49" y="243.54" b="G"/>
<point x="78.11" y="245.16" b="G"/>
<point x="70.79" y="245.85" b="U"/>
<point x="63.02" y="245.62" b="G"/>
<point x="55.97" y="244.46" b="A"/>
<point x="48.49" y="242.39" b="U"/>
<point x="41.32" y="239.44" b="G"/>
<point x="35.19" y="235.66" b="A"/>
<point x="28.95" y="231.11" b="R"/>
<point x="23.67" y="226.05" b="N"/>
<point x="18.79" y="219.95" b="C"/>
<point x="15.01" y="213.53" b="A"/>
<point x="11.85" y="206.66" b="A"/>
<point x="9.56" y="199.45" b="Y"/>
<point x="8.12" y="192.23" b="N"/>
<point x="7.50" y="184.48" b="U"/>
<point x="7.97" y="176.93" b="U"/>
<point x="9.35" y="169.50" b="U"/>
<point x="11.80" y="162.50" b="N"/>
<point x="14.81" y="155.43" b="U"/>
<point x="18.58" y="149.00" b="G"/>
<point x="23.52" y="143.11" b="U"/>
<point x="28.74" y="137.85" b="G"/>
<point x="34.77" y="133.29" b="G"/>
<point x="41.74" y="129.51" b="A"/>
<point x="48.49" y="126.56" b="C"/>
<point x="55.76" y="124.49" b="U"/>
<point x="63.44" y="123.33" b="A"/>
<point x="70.58" y="123.10" b="G"/>
<point x="78.52" y="123.80" b="A"/>
<point x="85.49" y="125.41" b="G"/>
<point x="92.83" y="127.92" b="U"/>
<point x="92.83" y="120.36" b="U"/>
<point x="92.83" y="112.80" b="U"/>
<point x="92.83" y="105.24" b="C"/>
<point x="87.39" y="100.37" b="N"/>
<point x="84.96" y="92.89" b="G"/>
<point x="87.45" y="85.62" b="A"/>
<point x="92.83" y="80.53" b="U"/>
<point x="92.98" y="73.18" b="N"/>
<point x="93.04" y="65.41" b="Y"/>
<point x="92.98" y="58.06" b="N"/>
<point x="92.83" y="50.29" b="R"/>
<point x="92.98" y="42.94" b="N"/>
<point x="88.57" y="36.49" b="U"/>
<point x="89.66" y="29.20" b="N"/>
<point x="95.17" y="23.98" b="C"/>
<point x="102.73" y="23.98" b="U"/>
<point x="108.61" y="28.99" b="Y"/>
<point x="109.49" y="36.70" b="N"/>
<point x="105.22" y="42.94" b="N"/>
<point x="105.28" y="50.29" b="Y"/>
<point x="105.22" y="58.06" b="N"/>
<point x="105.07" y="65.41" b="R"/>
<point x="105.22" y="73.18" b="N"/>
<point x="105.28" y="80.53" b="A"/>
<point x="110.82" y="85.83" b="N"/>
<point x="112.74" y="92.89" b="U"/>
<point x="110.67" y="100.16" b="U"/>
<point x="104.86" y="105.24" b="G"/>
<point x="105.28" y="112.80" b="A"/>
<point x="105.28" y="120.36" b="A"/>
<point x="104.86" y="127.92" b="G"/>
<point x="112.73" y="129.23" b="A"/>
<point x="119.93" y="131.52" b="Y"/>
<point x="126.77" y="134.74" b="Y"/>
<point x="133.07" y="139.05" b="N"/>
<point x="138.87" y="143.75" b="A"/>
<point x="143.92" y="149.38" b="A"/>
<point x="147.98" y="155.62" b="C"/>
<point x="151.37" y="162.38" b="C"/>
<point x="153.84" y="169.52" b="C"/>
<point x="155.34" y="176.93" b="U"/>
<point x="155.84" y="184.48" b="U"/>
<point x="155.13" y="192.02" b="G"/>
<point x="153.63" y="199.43" b="G"/>
<point x="151.37" y="206.58" b="C"/>
<point x="147.98" y="213.33" b="U"/>
<point x="143.51" y="219.58" b="G"/>
<point x="138.67" y="225.20" b="U"/>
<point x="132.92" y="230.11" b="C"/>
<point x="126.56" y="234.21" b="U"/>
<point x="119.52" y="237.43" b="G"/>
<point x="112.73" y="239.72" b="A"/>
<point x="104.86" y="241.03" b="G"/>
<point x="105.28" y="248.59" b="Y"/>
<point x="105.22" y="256.36" b="N"/>
<point x="105.28" y="263.71" b="Y"/>
<point x="105.28" y="271.27" b="Y"/>
<point x="105.22" y="279.04" b="N"/>
<point x="105.22" y="286.60" b="N"/>
<point x="105.22" y="294.16" b="N"/>
</structure>