<structure>
<point x="81.50" y="206.93" b="N"/>
<point x="81.50" y="199.37" b="N"/>
<point x="81.35" y="191.60" b="U"/>
<point x="81.50" y="184.25" b="N"/>
<point x="74.00" y="183.31" b="N"/>
<point x="66.68" y="181.47" b="A"/>
<point x="59.42" y="179.36" b="N"/>
<point x="52.12" y="176.16" b="G"/>
<point x="45.91" y="172.53" b="A"/>
<point x="39.44" y="168.29" b="U"/>
<point x="33.40" y="163.48" b="G"/>
<point x="28.25" y="158.15" b="R"/>
<point x="23.57" y="152.54" b="N"/>
<point x="19.37" y="146.08" b="Y"/>
<point x="15.66" y="139.67" b="N"/>
<point x="12.65" y="132.74" b="N"/>
<point x="10.30" y="125.55" b="N"/>
<point x="8.70" y="117.97" b="A"/>
<point x="7.75" y="110.47" b="A"/>
<point x="7.50" y="102.91" b="A"/>
<point x="7.97" y="95.37" b="A"/>
<point x="9.09" y="88.11" b="N"/>
<point x="10.60" y="80.57" b="G"/>
<point x="13.57" y="73.46" b="A"/>
<point x="16.58" y="66.62" b="C"/>
<point x="20.63" y="60.11" b="A"/>
<point x="25.07" y="53.99" b="A"/>
<point x="29.65" y="48.31" b="G"/>
<point x="35.37" y="43.13" b="C"/>
<point x="41.54" y="38.50" b="A"/>
<point x="47.72" y="34.44" b="U"/>
<point x="54.66" y="31.01" b="A"/>
<point x="61.48" y="28.23" b="U"/>
<point x="68.53" y="26.11" b="G"/>
<point x="76.32" y="24.90" b="N"/>
<point x="83.69" y="23.98" b="C"/>
<point x="91.25" y="23.98" b="U"/>
<point x="98.57" y="24.70" b="G"/>
<point x="106.41" y="26.11" b="A"/>
<point x="113.67" y="28.23" b="A"/>
<point x="120.70" y="31.01" b="Y"/>
<point x="127.43" y="34.44" b="Y"/>
<point x="133.82" y="38.50" b="Y"/>
<point x="139.73" y="43.34" b="N"/>
<point x="145.24" y="48.52" b="N"/>
<point x="150.29" y="53.99" b="A"/>
<point x="154.67" y="60.31" b="N"/>
<point x="158.16" y="66.62" b="G"/>
<point x="161.73" y="73.67" b="N"/>
<point x="164.14" y="80.57" b="R"/>
<point x="166.16" y="88.11" b="N"/>
<point x="167.33" y="95.57" b="N"/>
<point x="167.65" y="102.91" b="R"/>
<point x="167.61" y="110.47" b="Y"/>
<point x="166.66" y="117.97" b="Y"/>
<point x="164.94" y="125.55" b="N"/>
<point x="162.45" y="132.53" b="U"/>
<point x="159.64" y="139.46" b="Y"/>
<point x="155.78" y="146.08" b="U"/>
<point x="151.73" y="152.33" b="Y"/>
<point x="146.69" y="158.15" b="R"/>
<point x="141.49" y="163.69" b="N"/>
<point x="135.66" y="168.50" b="N"/>
<point x="129.40" y="172.74" b="N"/>
<point x="122.61" y="176.16" b="C"/>
<point x="115.67" y="179.15" b="U"/>
<point x="108.27" y="181.47" b="G"/>
<point x="101.30" y="183.11" b="A"/>
<point x="93.74" y="184.25" b="N"/>
<point x="93.80" y="191.60" b="A"/>
<point x="93.74" y="199.37" b="N"/>
<point x="93.74" y="206.93" b="N"/>
</structure>