<structure>
<point x="19.60" y="222.21" b="N"/>
<point x="27.16" y="222.21" b="N"/>
<point x="32.51" y="216.86" b="N"/>
<point x="32.51" y="209.30" b="N"/>
<point x="32.51" y="201.74" b="N"/>
<point x="32.51" y="194.18" b="N"/>
<point x="32.51" y="186.62" b="N"/>
<point x="32.36" y="178.86" b="U"/>
<point x="32.57" y="171.30" b="Y"/>
<point x="32.36" y="163.74" b="U"/>
<point x="29.41" y="157.05" b="N"/>
<point x="32.36" y="149.94" b="U"/>
<point x="32.57" y="142.38" b="A"/>
<point x="29.26" y="135.49" b="U"/>
<point x="32.36" y="128.59" b="U"/>
<point x="32.36" y="121.03" b="C"/>
<point x="32.15" y="113.47" b="G"/>
<point x="32.36" y="105.92" b="C"/>
<point x="32.36" y="98.35" b="C"/>
<point x="32.36" y="90.79" b="C"/>
<point x="32.36" y="83.23" b="U"/>
<point x="32.36" y="75.67" b="U"/>
<point x="32.15" y="68.11" b="G"/>
<point x="32.36" y="60.55" b="C"/>
<point x="32.15" y="52.99" b="G"/>
<point x="26.38" y="48.37" b="U"/>
<point x="23.11" y="41.46" b="G"/>
<point x="23.93" y="33.92" b="U"/>
<point x="28.05" y="27.59" b="C"/>
<point x="34.70" y="23.98" b="C"/>
<point x="42.47" y="23.98" b="A"/>
<point x="48.91" y="27.59" b="U"/>
<point x="53.03" y="33.92" b="U"/>
<point x="53.43" y="41.46" b="G"/>
<point x="50.58" y="48.37" b="U"/>
<point x="44.60" y="52.99" b="U"/>
<point x="44.39" y="60.55" b="G"/>
<point x="44.60" y="68.11" b="C"/>
<point x="44.81" y="75.67" b="A"/>
<point x="44.81" y="83.23" b="A"/>
<point x="44.39" y="90.79" b="G"/>
<point x="44.39" y="98.35" b="G"/>
<point x="51.35" y="102.14" b="A"/>
<point x="44.39" y="105.92" b="G"/>
<point x="44.60" y="113.47" b="C"/>
<point x="44.39" y="121.03" b="G"/>
<point x="44.81" y="128.59" b="A"/>
<point x="51.49" y="131.71" b="U"/>
<point x="51.49" y="139.27" b="U"/>
<point x="44.60" y="142.38" b="U"/>
<point x="44.39" y="149.94" b="G"/>
<point x="47.49" y="156.84" b="G"/>
<point x="44.81" y="163.74" b="A"/>
<point x="44.39" y="171.30" b="G"/>
<point x="44.81" y="178.86" b="A"/>
<point x="44.81" y="186.42" b="A"/>
<point x="44.81" y="193.98" b="A"/>
<point x="44.81" y="201.54" b="A"/>
<point x="44.60" y="209.10" b="U"/>
<point x="44.81" y="216.66" b="A"/>
<point x="50.15" y="222.00" b="A"/>
<point x="57.71" y="222.00" b="A"/>
</structure>