<structure>
<point x="66.44" y="185.22" b="U"/>
<point x="71.79" y="179.87" b="U"/>
<point x="71.94" y="172.52" b="N"/>
<point x="71.79" y="164.75" b="C"/>
<point x="64.45" y="163.90" b="N"/>
<point x="56.97" y="161.84" b="R"/>
<point x="49.88" y="159.21" b="U"/>
<point x="42.91" y="155.84" b="G"/>
<point x="36.95" y="151.77" b="A"/>
<point x="30.85" y="147.04" b="U"/>
<point x="25.29" y="141.70" b="G"/>
<point x="20.95" y="135.82" b="A"/>
<point x="16.79" y="129.68" b="N"/>
<point x="13.40" y="122.92" b="N"/>
<point x="10.60" y="115.64" b="C"/>
<point x="8.87" y="108.52" b="N"/>
<point x="7.84" y="100.83" b="A"/>
<point x="7.50" y="93.48" b="N"/>
<point x="7.88" y="85.74" b="C"/>
<point x="9.42" y="78.29" b="Y"/>
<point x="11.54" y="71.04" b="A"/>
<point x="14.01" y="64.05" b="G"/>
<point x="17.84" y="57.41" b="C"/>
<point x="22.15" y="51.20" b="U"/>
<point x="27.09" y="45.48" b="C"/>
<point x="32.83" y="40.33" b="A"/>
<point x="38.88" y="35.79" b="Y"/>
<point x="45.17" y="31.93" b="U"/>
<point x="52.20" y="29.00" b="N"/>
<point x="59.22" y="26.40" b="U"/>
<point x="66.40" y="24.79" b="G"/>
<point x="74.33" y="23.98" b="A"/>
<point x="81.89" y="23.98" b="Y"/>
<point x="89.41" y="24.79" b="Y"/>
<point x="96.74" y="26.61" b="N"/>
<point x="103.91" y="29.00" b="N"/>
<point x="110.79" y="32.14" b="N"/>
<point x="117.29" y="36.00" b="N"/>
<point x="123.19" y="40.33" b="R"/>
<point x="128.72" y="45.48" b="U"/>
<point x="133.46" y="51.20" b="G"/>
<point x="137.97" y="57.41" b="R"/>
<point x="141.59" y="64.05" b="R"/>
<point x="144.63" y="71.25" b="N"/>
<point x="146.75" y="78.50" b="N"/>
<point x="148.08" y="85.94" b="N"/>
<point x="148.61" y="93.48" b="N"/>
<point x="148.39" y="100.83" b="Y"/>
<point x="147.25" y="108.52" b="N"/>
<point x="145.22" y="115.64" b="U"/>
<point x="142.35" y="122.72" b="G"/>
<point x="139.38" y="129.47" b="A"/>
<point x="135.28" y="135.82" b="A"/>
<point x="130.32" y="141.70" b="C"/>
<point x="125.11" y="147.25" b="N"/>
<point x="119.07" y="151.77" b="C"/>
<point x="112.70" y="155.84" b="C"/>
<point x="105.93" y="159.21" b="U"/>
<point x="98.63" y="161.84" b="G"/>
<point x="91.72" y="163.69" b="A"/>
<point x="83.82" y="164.75" b="G"/>
<point x="84.18" y="172.52" b="N"/>
<point x="84.23" y="179.87" b="A"/>
<point x="89.52" y="185.42" b="N"/>
<point x="97.08" y="185.42" b="N"/>
</structure>