<structure>
<point x="19.60" y="152.93" b="N"/>
<point x="24.95" y="147.59" b="N"/>
<point x="24.95" y="140.03" b="N"/>
<point x="24.95" y="132.47" b="N"/>
<point x="24.80" y="124.70" b="R"/>
<point x="24.80" y="117.14" b="C"/>
<point x="17.64" y="114.71" b="C"/>
<point x="13.03" y="108.56" b="G"/>
<point x="13.39" y="101.21" b="N"/>
<point x="17.43" y="94.86" b="G"/>
<point x="24.59" y="92.43" b="G"/>
<point x="24.80" y="84.87" b="C"/>
<point x="24.80" y="77.31" b="C"/>
<point x="21.91" y="70.41" b="A"/>
<point x="24.80" y="63.52" b="C"/>
<point x="24.59" y="55.96" b="G"/>
<point x="24.80" y="48.40" b="C"/>
<point x="24.95" y="41.05" b="N"/>
<point x="21.19" y="34.09" b="G"/>
<point x="24.19" y="26.98" b="A"/>
<point x="30.71" y="23.98" b="G"/>
<point x="37.86" y="26.98" b="U"/>
<point x="40.65" y="34.09" b="A"/>
<point x="37.19" y="41.05" b="N"/>
<point x="36.83" y="48.40" b="G"/>
<point x="44.81" y="48.40" b="A"/>
<point x="44.60" y="55.96" b="U"/>
<point x="37.04" y="55.96" b="C"/>
<point x="36.83" y="63.52" b="G"/>
<point x="44.14" y="66.63" b="A"/>
<point x="43.72" y="74.19" b="G"/>
<point x="36.83" y="77.31" b="G"/>
<point x="36.83" y="84.87" b="G"/>
<point x="37.04" y="92.43" b="U"/>
<point x="42.84" y="97.51" b="A"/>
<point x="44.71" y="104.78" b="C"/>
<point x="42.84" y="112.06" b="A"/>
<point x="36.83" y="117.14" b="G"/>
<point x="37.25" y="124.70" b="Y"/>
<point x="37.19" y="132.47" b="N"/>
<point x="37.19" y="140.03" b="N"/>
<point x="37.19" y="147.59" b="N"/>
<point x="42.54" y="152.93" b="N"/>
</structure>