<structure>
<point x="87.44" y="243.28" b="R"/>
<point x="87.44" y="235.72" b="R"/>
<point x="81.04" y="232.15" b="N"/>
<point x="87.44" y="228.16" b="U"/>
<point x="87.44" y="220.60" b="C"/>
<point x="87.65" y="213.04" b="A"/>
<point x="80.05" y="213.76" b="N"/>
<point x="72.34" y="213.26" b="R"/>
<point x="64.86" y="212.18" b="U"/>
<point x="57.33" y="210.31" b="G"/>
<point x="50.65" y="207.68" b="A"/>
<point x="43.68" y="204.31" b="U"/>
<point x="37.09" y="200.25" b="G"/>
<point x="31.59" y="195.54" b="A"/>
<point x="25.79" y="190.24" b="G"/>
<point x="21.21" y="184.39" b="R"/>
<point x="17.21" y="178.28" b="N"/>
<point x="13.74" y="171.56" b="N"/>
<point x="11.07" y="164.31" b="A"/>
<point x="9.04" y="157.22" b="N"/>
<point x="7.90" y="149.54" b="A"/>
<point x="7.50" y="141.99" b="A"/>
<point x="7.69" y="134.44" b="C"/>
<point x="8.89" y="126.98" b="U"/>
<point x="10.65" y="119.68" b="G"/>
<point x="13.59" y="112.63" b="C"/>
<point x="17.26" y="105.91" b="A"/>
<point x="21.41" y="99.59" b="A"/>
<point x="26.00" y="93.75" b="C"/>
<point x="31.59" y="88.44" b="A"/>
<point x="37.51" y="83.73" b="A"/>
<point x="43.68" y="79.67" b="U"/>
<point x="50.65" y="76.31" b="A"/>
<point x="57.54" y="73.68" b="U"/>
<point x="64.65" y="71.81" b="G"/>
<point x="72.55" y="70.72" b="A"/>
<point x="79.90" y="70.44" b="U"/>
<point x="87.23" y="70.94" b="G"/>
<point x="87.23" y="63.38" b="G"/>
<point x="87.44" y="55.82" b="R"/>
<point x="87.59" y="48.47" b="N"/>
<point x="87.59" y="40.91" b="N"/>
<point x="84.19" y="34.16" b="N"/>
<point x="86.77" y="27.05" b="N"/>
<point x="93.71" y="24.06" b="N"/>
<point x="100.65" y="27.05" b="N"/>
<point x="103.23" y="34.16" b="N"/>
<point x="99.83" y="40.91" b="N"/>
<point x="99.68" y="48.26" b="U"/>
<point x="99.89" y="55.82" b="Y"/>
<point x="99.89" y="63.38" b="Y"/>
<point x="99.89" y="70.94" b="Y"/>
<point x="107.17" y="71.99" b="R"/>
<point x="114.50" y="73.82" b="U"/>
<point x="121.39" y="76.42" b="G"/>
<point x="128.59" y="79.76" b="A"/>
<point x="134.78" y="83.80" b="U"/>
<point x="140.71" y="88.49" b="U"/>
<point x="146.10" y="93.78" b="C"/>
<point x="151.12" y="99.61" b="Y"/>
<point x="155.08" y="105.92" b="U"/>
<point x="158.76" y="112.64" b="A"/>
<point x="161.44" y="119.89" b="N"/>
<point x="163.06" y="126.98" b="G"/>
<point x="164.47" y="134.44" b="U"/>
<point x="165.08" y="141.99" b="A"/>
<point x="164.47" y="149.54" b="U"/>
<point x="163.27" y="157.01" b="U"/>
<point x="161.29" y="164.30" b="U"/>
<point x="158.76" y="171.35" b="A"/>
<point x="155.28" y="178.06" b="A"/>
<point x="150.70" y="184.37" b="G"/>
<point x="146.10" y="190.21" b="U"/>
<point x="140.71" y="195.50" b="C"/>
<point x="134.78" y="200.19" b="U"/>
<point x="128.38" y="204.22" b="C"/>
<point x="121.60" y="207.56" b="U"/>
<point x="114.29" y="210.16" b="G"/>
<point x="107.37" y="212.00" b="A"/>
<point x="99.68" y="213.04" b="U"/>
<point x="99.47" y="220.60" b="G"/>
<point x="99.89" y="228.16" b="A"/>
<point x="99.89" y="235.72" b="Y"/>
<point x="99.89" y="243.28" b="Y"/>
</structure>