<structure>
<point x="83.93" y="371.36" b="N"/>
<point x="83.99" y="363.59" b="Y"/>
<point x="83.78" y="356.03" b="U"/>
<point x="83.57" y="348.47" b="G"/>
<point x="83.99" y="340.91" b="A"/>
<point x="83.57" y="333.35" b="G"/>
<point x="83.78" y="325.79" b="R"/>
<point x="83.57" y="318.23" b="G"/>
<point x="83.57" y="310.67" b="G"/>
<point x="83.99" y="303.11" b="A"/>
<point x="83.99" y="295.55" b="A"/>
<point x="83.78" y="287.99" b="U"/>
<point x="83.57" y="280.43" b="G"/>
<point x="79.28" y="274.51" b="Y"/>
<point x="79.28" y="266.95" b="Y"/>
<point x="83.57" y="261.04" b="G"/>
<point x="83.78" y="253.48" b="U"/>
<point x="83.78" y="245.92" b="C"/>
<point x="83.78" y="238.36" b="U"/>
<point x="83.57" y="230.80" b="G"/>
<point x="83.57" y="223.24" b="G"/>
<point x="79.28" y="217.32" b="Y"/>
<point x="79.28" y="209.76" b="Y"/>
<point x="83.78" y="203.84" b="C"/>
<point x="83.78" y="196.28" b="R"/>
<point x="83.99" y="188.72" b="A"/>
<point x="76.07" y="187.82" b="G"/>
<point x="68.88" y="186.23" b="R"/>
<point x="61.82" y="184.18" b="N"/>
<point x="54.90" y="181.07" b="Y"/>
<point x="48.16" y="177.74" b="N"/>
<point x="41.88" y="173.41" b="Y"/>
<point x="35.89" y="168.92" b="N"/>
<point x="30.42" y="163.71" b="N"/>
<point x="25.44" y="158.02" b="N"/>
<point x="21.01" y="151.90" b="N"/>
<point x="17.15" y="145.39" b="N"/>
<point x="13.91" y="138.56" b="N"/>
<point x="11.30" y="131.47" b="N"/>
<point x="9.36" y="124.16" b="N"/>
<point x="8.08" y="116.71" b="N"/>
<point x="7.50" y="109.17" b="N"/>
<point x="7.61" y="101.61" b="N"/>
<point x="8.41" y="94.10" b="N"/>
<point x="9.89" y="86.68" b="N"/>
<point x="12.04" y="79.44" b="N"/>
<point x="14.85" y="72.42" b="N"/>
<point x="18.29" y="65.68" b="N"/>
<point x="22.32" y="59.29" b="N"/>
<point x="26.93" y="53.30" b="N"/>
<point x="32.07" y="47.75" b="N"/>
<point x="37.69" y="42.69" b="N"/>
<point x="43.75" y="38.17" b="N"/>
<point x="50.19" y="34.23" b="N"/>
<point x="56.97" y="30.88" b="N"/>
<point x="64.03" y="28.18" b="N"/>
<point x="71.31" y="26.13" b="N"/>
<point x="78.74" y="24.75" b="N"/>
<point x="86.27" y="24.06" b="N"/>
<point x="93.83" y="24.06" b="N"/>
<point x="101.36" y="24.75" b="N"/>
<point x="108.79" y="26.13" b="N"/>
<point x="116.07" y="28.18" b="N"/>
<point x="123.13" y="30.88" b="N"/>
<point x="129.91" y="34.23" b="N"/>
<point x="136.36" y="38.17" b="N"/>
<point x="142.42" y="42.69" b="N"/>
<point x="148.04" y="47.75" b="N"/>
<point x="153.17" y="53.30" b="N"/>
<point x="157.78" y="59.29" b="N"/>
<point x="161.82" y="65.68" b="N"/>
<point x="165.25" y="72.42" b="N"/>
<point x="168.06" y="79.44" b="N"/>
<point x="170.22" y="86.68" b="N"/>
<point x="171.70" y="94.10" b="N"/>
<point x="172.50" y="101.61" b="N"/>
<point x="172.60" y="109.17" b="N"/>
<point x="172.02" y="116.71" b="N"/>
<point x="170.75" y="124.16" b="N"/>
<point x="168.80" y="131.47" b="N"/>
<point x="166.19" y="138.56" b="N"/>
<point x="162.95" y="145.39" b="N"/>
<point x="159.09" y="151.90" b="N"/>
<point x="154.66" y="158.02" b="N"/>
<point x="149.68" y="163.71" b="N"/>
<point x="144.06" y="168.72" b="R"/>
<point x="138.13" y="173.41" b="R"/>
<point x="131.95" y="177.74" b="N"/>
<point x="125.11" y="181.07" b="R"/>
<point x="118.29" y="184.18" b="N"/>
<point x="111.12" y="186.23" b="Y"/>
<point x="103.68" y="188.03" b="N"/>
<point x="96.02" y="188.72" b="U"/>
<point x="96.02" y="196.28" b="C"/>
<point x="95.81" y="203.84" b="G"/>
<point x="100.52" y="209.76" b="G"/>
<point x="100.93" y="217.32" b="A"/>
<point x="96.02" y="223.24" b="C"/>
<point x="96.02" y="230.80" b="C"/>
<point x="96.23" y="238.36" b="A"/>
<point x="95.81" y="245.92" b="G"/>
<point x="95.81" y="253.48" b="G"/>
<point x="96.02" y="261.04" b="C"/>
<point x="100.73" y="266.95" b="U"/>
<point x="100.73" y="274.51" b="U"/>
<point x="96.02" y="280.43" b="C"/>
<point x="96.23" y="287.99" b="A"/>
<point x="96.02" y="295.55" b="U"/>
<point x="96.02" y="303.11" b="U"/>
<point x="96.02" y="310.67" b="C"/>
<point x="96.02" y="318.23" b="C"/>
<point x="96.23" y="325.79" b="Y"/>
<point x="96.02" y="333.35" b="C"/>
<point x="96.23" y="340.91" b="Y"/>
<point x="96.02" y="348.47" b="C"/>
<point x="96.23" y="356.03" b="A"/>
<point x="96.02" y="363.59" b="R"/>
<point x="96.23" y="371.15" b="Y"/>
</structure>