<structure>
<point x="19.60" y="186.54" b="N"/>
<point x="27.16" y="186.54" b="N"/>
<point x="34.78" y="186.33" b="Y"/>
<point x="42.13" y="186.33" b="R"/>
<point x="49.48" y="186.33" b="G"/>
<point x="57.41" y="186.54" b="N"/>
<point x="64.81" y="186.33" b="C"/>
<point x="70.16" y="180.99" b="C"/>
<point x="70.37" y="173.43" b="Y"/>
<point x="70.16" y="165.87" b="U"/>
<point x="70.37" y="158.31" b="A"/>
<point x="70.16" y="150.75" b="U"/>
<point x="63.29" y="147.60" b="C"/>
<point x="57.57" y="142.42" b="G"/>
<point x="54.44" y="135.75" b="A"/>
<point x="53.21" y="128.29" b="A"/>
<point x="54.02" y="120.83" b="G"/>
<point x="57.78" y="114.16" b="C"/>
<point x="63.29" y="108.97" b="U"/>
<point x="69.95" y="105.83" b="G"/>
<point x="70.16" y="98.27" b="C"/>
<point x="70.31" y="90.91" b="N"/>
<point x="70.31" y="83.35" b="N"/>
<point x="70.37" y="75.59" b="Y"/>
<point x="70.16" y="68.03" b="U"/>
<point x="70.16" y="60.47" b="R"/>
<point x="65.01" y="55.13" b="Y"/>
<point x="63.53" y="47.71" b="Y"/>
<point x="66.42" y="40.73" b="Y"/>
<point x="72.50" y="36.53" b="C"/>
<point x="80.27" y="36.53" b="Y"/>
<point x="86.50" y="40.93" b="N"/>
<point x="89.44" y="47.71" b="Y"/>
<point x="87.75" y="55.13" b="R"/>
<point x="82.61" y="60.47" b="Y"/>
<point x="82.40" y="68.03" b="R"/>
<point x="82.55" y="75.79" b="N"/>
<point x="82.61" y="83.15" b="Y"/>
<point x="82.55" y="90.91" b="N"/>
<point x="82.19" y="98.27" b="G"/>
<point x="82.61" y="105.83" b="Y"/>
<point x="89.99" y="104.67" b="N"/>
<point x="97.12" y="105.50" b="G"/>
<point x="104.26" y="109.03" b="N"/>
<point x="109.52" y="114.11" b="R"/>
<point x="112.78" y="120.82" b="G"/>
<point x="114.19" y="128.29" b="U"/>
<point x="113.00" y="135.75" b="C"/>
<point x="109.72" y="142.47" b="A"/>
<point x="104.32" y="147.75" b="A"/>
<point x="97.53" y="151.08" b="A"/>
<point x="90.04" y="152.11" b="A"/>
<point x="82.61" y="150.75" b="A"/>
<point x="82.19" y="158.31" b="G"/>
<point x="82.40" y="165.87" b="R"/>
<point x="82.61" y="173.43" b="A"/>
<point x="82.19" y="180.99" b="G"/>
<point x="87.75" y="186.33" b="C"/>
<point x="95.31" y="186.33" b="C"/>
<point x="103.02" y="186.54" b="N"/>
<point x="110.63" y="186.33" b="A"/>
<point x="117.99" y="186.33" b="R"/>
<point x="125.75" y="186.33" b="A"/>
<point x="132.90" y="186.33" b="G"/>
<point x="140.87" y="186.33" b="Y"/>
<point x="148.23" y="186.33" b="R"/>
<point x="155.99" y="186.33" b="A"/>
<point x="163.35" y="186.33" b="C"/>
<point x="171.11" y="186.33" b="A"/>
<point x="178.62" y="186.54" b="N"/>
<point x="184.02" y="180.99" b="Y"/>
<point x="183.81" y="173.43" b="U"/>
<point x="183.81" y="165.87" b="U"/>
<point x="183.81" y="158.31" b="U"/>
<point x="183.81" y="150.75" b="C"/>
<point x="184.02" y="143.19" b="Y"/>
<point x="184.02" y="135.63" b="Y"/>
<point x="176.80" y="133.38" b="Y"/>
<point x="169.88" y="129.53" b="G"/>
<point x="164.83" y="124.30" b="A"/>
<point x="160.71" y="117.97" b="Y"/>
<point x="157.73" y="110.85" b="G"/>
<point x="156.86" y="103.34" b="G"/>
<point x="157.94" y="95.83" b="U"/>
<point x="160.50" y="88.72" b="C"/>
<point x="164.62" y="82.38" b="R"/>
<point x="170.09" y="77.15" b="C"/>
<point x="176.80" y="73.31" b="Y"/>
<point x="183.60" y="71.06" b="G"/>
<point x="183.81" y="63.50" b="U"/>
<point x="183.81" y="55.94" b="U"/>
<point x="177.61" y="51.61" b="C"/>
<point x="174.13" y="45.19" b="N"/>
<point x="173.46" y="37.43" b="G"/>
<point x="176.75" y="30.53" b="U"/>
<point x="182.57" y="25.71" b="U"/>
<point x="189.93" y="23.98" b="U"/>
<point x="197.44" y="25.92" b="N"/>
<point x="203.27" y="30.73" b="N"/>
<point x="206.20" y="37.43" b="U"/>
<point x="205.89" y="44.99" b="R"/>
<point x="202.25" y="51.61" b="U"/>
<point x="196.26" y="55.94" b="A"/>
<point x="196.26" y="63.50" b="A"/>
<point x="196.05" y="71.06" b="C"/>
<point x="203.65" y="69.48" b="Y"/>
<point x="210.79" y="69.57" b="G"/>
<point x="218.51" y="71.54" b="N"/>
<point x="225.14" y="74.68" b="U"/>
<point x="231.02" y="79.43" b="C"/>
<point x="235.91" y="85.37" b="Y"/>
<point x="238.74" y="92.19" b="G"/>
<point x="240.62" y="99.56" b="C"/>
<point x="240.83" y="107.12" b="A"/>
<point x="239.16" y="114.50" b="A"/>
<point x="235.70" y="121.32" b="C"/>
<point x="231.22" y="127.25" b="A"/>
<point x="225.14" y="132.01" b="U"/>
<point x="218.36" y="135.35" b="U"/>
<point x="211.16" y="137.32" b="N"/>
<point x="203.60" y="137.41" b="N"/>
<point x="196.05" y="135.63" b="R"/>
<point x="195.84" y="143.19" b="G"/>
<point x="195.84" y="150.75" b="G"/>
<point x="196.05" y="158.31" b="R"/>
<point x="196.26" y="165.87" b="A"/>
<point x="196.26" y="173.43" b="A"/>
<point x="196.05" y="180.99" b="R"/>
<point x="201.55" y="186.54" b="N"/>
<point x="209.16" y="186.33" b="A"/>
<point x="216.52" y="186.33" b="C"/>
<point x="224.28" y="186.33" b="A"/>
<point x="231.79" y="186.54" b="N"/>
<point x="239.40" y="186.33" b="Y"/>
<point x="246.96" y="186.33" b="Y"/>
</structure>