<structure>
<point x="19.60" y="219.34" b="N"/>
<point x="27.22" y="219.14" b="Y"/>
<point x="34.37" y="219.14" b="G"/>
<point x="41.92" y="219.14" b="G"/>
<point x="49.84" y="219.34" b="N"/>
<point x="57.26" y="219.14" b="C"/>
<point x="62.81" y="213.79" b="Y"/>
<point x="62.60" y="206.23" b="U"/>
<point x="62.60" y="198.67" b="U"/>
<point x="62.60" y="191.11" b="U"/>
<point x="62.81" y="183.55" b="Y"/>
<point x="62.60" y="175.99" b="C"/>
<point x="56.34" y="171.46" b="G"/>
<point x="53.31" y="164.63" b="C"/>
<point x="45.90" y="163.13" b="C"/>
<point x="38.28" y="161.63" b="G"/>
<point x="31.29" y="160.13" b="Y"/>
<point x="24.46" y="163.77" b="C"/>
<point x="16.98" y="162.67" b="U"/>
<point x="11.90" y="157.26" b="Y"/>
<point x="10.75" y="149.76" b="R"/>
<point x="14.54" y="143.22" b="C"/>
<point x="21.72" y="140.30" b="A"/>
<point x="29.04" y="142.19" b="A"/>
<point x="33.51" y="148.13" b="R"/>
<point x="40.92" y="149.63" b="C"/>
<point x="48.12" y="151.13" b="G"/>
<point x="55.53" y="152.63" b="G"/>
<point x="61.17" y="147.60" b="G"/>
<point x="60.73" y="140.07" b="C"/>
<point x="57.95" y="133.04" b="R"/>
<point x="62.13" y="126.61" b="Y"/>
<point x="69.66" y="125.96" b="Y"/>
<point x="74.26" y="131.62" b="G"/>
<point x="72.72" y="139.02" b="G"/>
<point x="73.78" y="146.55" b="Y"/>
<point x="80.00" y="150.55" b="U"/>
<point x="83.81" y="157.08" b="U"/>
<point x="84.28" y="164.84" b="N"/>
<point x="80.89" y="171.46" b="R"/>
<point x="74.63" y="175.99" b="G"/>
<point x="74.63" y="183.55" b="G"/>
<point x="74.84" y="191.11" b="R"/>
<point x="74.84" y="198.67" b="R"/>
<point x="75.05" y="206.23" b="A"/>
<point x="74.84" y="213.79" b="R"/>
<point x="79.98" y="219.14" b="G"/>
<point x="87.75" y="219.14" b="R"/>
<point x="95.46" y="219.34" b="N"/>
<point x="103.02" y="219.34" b="N"/>
<point x="110.43" y="219.14" b="U"/>
<point x="118.19" y="219.14" b="Y"/>
<point x="125.55" y="219.14" b="C"/>
<point x="133.26" y="219.34" b="N"/>
<point x="140.67" y="219.14" b="R"/>
<point x="148.23" y="219.14" b="U"/>
<point x="155.79" y="219.14" b="R"/>
<point x="160.92" y="213.79" b="G"/>
<point x="161.13" y="206.23" b="C"/>
<point x="161.13" y="198.67" b="C"/>
<point x="153.74" y="196.32" b="G"/>
<point x="147.53" y="192.33" b="U"/>
<point x="142.45" y="186.93" b="A"/>
<point x="138.60" y="180.42" b="A"/>
<point x="136.21" y="173.18" b="R"/>
<point x="136.02" y="165.63" b="Y"/>
<point x="137.01" y="158.20" b="G"/>
<point x="140.36" y="151.33" b="C"/>
<point x="135.01" y="146.21" b="A"/>
<point x="129.24" y="141.09" b="R"/>
<point x="123.47" y="135.97" b="G"/>
<point x="118.11" y="130.85" b="C"/>
<point x="112.55" y="125.73" b="R"/>
<point x="106.99" y="120.61" b="C"/>
<point x="99.51" y="119.52" b="R"/>
<point x="94.77" y="113.96" b="N"/>
<point x="94.78" y="106.19" b="C"/>
<point x="100.05" y="100.84" b="N"/>
<point x="107.42" y="99.85" b="C"/>
<point x="113.72" y="104.45" b="N"/>
<point x="115.07" y="111.60" b="G"/>
<point x="120.84" y="116.72" b="U"/>
<point x="126.19" y="121.84" b="G"/>
<point x="131.96" y="126.96" b="C"/>
<point x="137.53" y="132.08" b="U"/>
<point x="143.09" y="137.20" b="U"/>
<point x="148.44" y="142.32" b="G"/>
<point x="155.45" y="138.62" b="Y"/>
<point x="162.68" y="136.81" b="N"/>
<point x="170.24" y="136.58" b="N"/>
<point x="172.22" y="129.12" b="U"/>
<point x="174.34" y="121.87" b="C"/>
<point x="176.47" y="114.61" b="R"/>
<point x="178.60" y="107.36" b="C"/>
<point x="180.52" y="100.10" b="G"/>
<point x="182.65" y="92.85" b="G"/>
<point x="184.99" y="85.60" b="C"/>
<point x="187.33" y="78.34" b="A"/>
<point x="186.09" y="70.85" b="R"/>
<point x="191.00" y="65.11" b="U"/>
<point x="193.34" y="57.86" b="A"/>
<point x="195.26" y="50.60" b="U"/>
<point x="197.39" y="43.35" b="C"/>
<point x="199.31" y="36.09" b="G"/>
<point x="199.48" y="28.53" b="C"/>
<point x="205.51" y="23.98" b="C"/>
<point x="212.77" y="26.11" b="R"/>
<point x="215.18" y="33.21" b="G"/>
<point x="211.27" y="39.54" b="U"/>
<point x="208.93" y="46.80" b="G"/>
<point x="206.80" y="54.05" b="G"/>
<point x="204.88" y="61.30" b="U"/>
<point x="202.54" y="68.56" b="G"/>
<point x="203.78" y="76.05" b="C"/>
<point x="198.87" y="81.79" b="U"/>
<point x="196.53" y="89.04" b="G"/>
<point x="194.76" y="96.50" b="N"/>
<point x="192.48" y="103.55" b="C"/>
<point x="190.14" y="110.81" b="G"/>
<point x="188.22" y="118.06" b="U"/>
<point x="185.88" y="125.31" b="G"/>
<point x="184.17" y="132.57" b="A"/>
<point x="181.98" y="140.03" b="N"/>
<point x="187.85" y="144.10" b="G"/>
<point x="194.07" y="139.50" b="C"/>
<point x="199.86" y="134.90" b="G"/>
<point x="205.86" y="130.30" b="G"/>
<point x="212.07" y="125.70" b="U"/>
<point x="218.07" y="121.10" b="C"/>
<point x="224.07" y="116.50" b="U"/>
<point x="226.58" y="109.53" b="N"/>
<point x="233.10" y="105.71" b="N"/>
<point x="240.16" y="106.96" b="G"/>
<point x="244.97" y="112.96" b="C"/>
<point x="244.65" y="120.50" b="A"/>
<point x="239.06" y="125.81" b="U"/>
<point x="231.30" y="126.22" b="G"/>
<point x="225.30" y="130.82" b="G"/>
<point x="219.72" y="135.42" b="A"/>
<point x="213.51" y="140.02" b="C"/>
<point x="207.51" y="144.62" b="C"/>
<point x="201.30" y="149.21" b="G"/>
<point x="195.51" y="153.81" b="C"/>
<point x="198.22" y="160.94" b="A"/>
<point x="205.58" y="160.77" b="C"/>
<point x="213.34" y="160.60" b="A"/>
<point x="220.90" y="160.43" b="A"/>
<point x="228.25" y="160.26" b="U"/>
<point x="235.60" y="160.09" b="G"/>
<point x="243.57" y="159.92" b="A"/>
<point x="243.70" y="152.36" b="A"/>
<point x="250.16" y="148.73" b="N"/>
<point x="256.84" y="152.27" b="N"/>
<point x="257.31" y="159.82" b="N"/>
<point x="264.92" y="159.44" b="A"/>
<point x="272.27" y="159.27" b="C"/>
<point x="279.62" y="159.10" b="G"/>
<point x="287.39" y="158.93" b="R"/>
<point x="294.94" y="158.76" b="U"/>
<point x="302.50" y="158.59" b="R"/>
<point x="310.06" y="158.42" b="C"/>
<point x="317.25" y="156.09" b="U"/>
<point x="323.42" y="160.46" b="U"/>
<point x="323.59" y="168.02" b="U"/>
<point x="317.62" y="172.67" b="U"/>
<point x="310.13" y="170.66" b="G"/>
<point x="302.78" y="170.83" b="U"/>
<point x="295.22" y="171.00" b="R"/>
<point x="287.66" y="171.17" b="U"/>
<point x="280.31" y="171.34" b="Y"/>
<point x="272.34" y="171.51" b="G"/>
<point x="264.99" y="171.68" b="U"/>
<point x="257.43" y="171.85" b="R"/>
<point x="250.61" y="175.10" b="C"/>
<point x="243.64" y="172.16" b="U"/>
<point x="236.29" y="172.33" b="Y"/>
<point x="228.53" y="172.50" b="R"/>
<point x="220.97" y="172.67" b="U"/>
<point x="213.41" y="172.84" b="U"/>
<point x="205.64" y="173.01" b="G"/>
<point x="198.29" y="173.18" b="U"/>
<point x="196.26" y="180.63" b="N"/>
<point x="192.26" y="186.93" b="U"/>
<point x="187.19" y="192.33" b="Y"/>
<point x="180.56" y="196.32" b="U"/>
<point x="173.16" y="198.67" b="G"/>
<point x="173.16" y="206.23" b="G"/>
<point x="173.58" y="213.79" b="Y"/>
<point x="183.85" y="224.48" b="G"/>
<point x="191.62" y="224.48" b="C"/>
<point x="195.19" y="217.94" b="G"/>
<point x="199.39" y="224.48" b="Y"/>
<point x="206.74" y="224.48" b="U"/>
<point x="214.09" y="224.48" b="G"/>
<point x="221.86" y="224.48" b="U"/>
<point x="229.42" y="224.48" b="U"/>
<point x="231.09" y="217.28" b="N"/>
<point x="233.72" y="210.19" b="N"/>
<point x="237.25" y="203.39" b="C"/>
<point x="242.05" y="197.64" b="N"/>
<point x="247.62" y="192.25" b="Y"/>
<point x="253.80" y="188.19" b="N"/>
<point x="260.62" y="184.92" b="N"/>
<point x="267.50" y="182.53" b="G"/>
<point x="275.34" y="181.69" b="N"/>
<point x="282.75" y="181.59" b="R"/>
<point x="290.41" y="182.86" b="A"/>
<point x="297.58" y="185.25" b="A"/>
<point x="304.30" y="188.71" b="Y"/>
<point x="310.36" y="193.37" b="N"/>
<point x="315.36" y="198.50" b="G"/>
<point x="321.86" y="194.32" b="R"/>
<point x="328.16" y="190.14" b="R"/>
<point x="334.25" y="185.96" b="G"/>
<point x="340.55" y="181.48" b="U"/>
<point x="347.58" y="184.73" b="Y"/>
<point x="347.87" y="192.49" b="N"/>
<point x="341.44" y="196.16" b="Y"/>
<point x="334.93" y="200.34" b="U"/>
<point x="328.84" y="204.52" b="Y"/>
<point x="322.54" y="208.70" b="Y"/>
<point x="325.17" y="215.71" b="R"/>
<point x="326.90" y="223.06" b="R"/>
<point x="327.48" y="230.60" b="C"/>
<point x="327.10" y="238.14" b="A"/>
<point x="325.37" y="245.50" b="A"/>
<point x="322.33" y="252.51" b="C"/>
<point x="318.61" y="259.21" b="N"/>
<point x="313.78" y="265.03" b="N"/>
<point x="308.13" y="270.04" b="N"/>
<point x="301.77" y="274.13" b="N"/>
<point x="294.71" y="276.99" b="U"/>
<point x="287.56" y="279.17" b="N"/>
<point x="280.05" y="280.00" b="N"/>
<point x="272.55" y="279.46" b="Y"/>
<point x="264.93" y="277.98" b="R"/>
<point x="261.78" y="284.95" b="G"/>
<point x="259.06" y="291.91" b="U"/>
<point x="261.91" y="298.91" b="R"/>
<point x="260.61" y="306.32" b="A"/>
<point x="255.23" y="311.63" b="Y"/>
<point x="247.75" y="313.27" b="N"/>
<point x="240.84" y="310.13" b="A"/>
<point x="236.62" y="304.02" b="N"/>
<point x="236.53" y="296.26" b="C"/>
<point x="240.98" y="290.00" b="A"/>
<point x="247.98" y="287.16" b="A"/>
<point x="250.71" y="280.19" b="C"/>
<point x="253.80" y="273.43" b="N"/>
<point x="247.62" y="268.95" b="Y"/>
<point x="242.05" y="263.99" b="N"/>
<point x="237.46" y="257.82" b="Y"/>
<point x="233.72" y="251.43" b="N"/>
<point x="230.94" y="244.13" b="R"/>
<point x="229.42" y="236.72" b="R"/>
<point x="221.65" y="236.72" b="G"/>
<point x="214.30" y="236.72" b="C"/>
<point x="206.95" y="236.72" b="A"/>
<point x="199.18" y="236.72" b="R"/>
<point x="191.41" y="236.72" b="G"/>
<point x="184.06" y="236.72" b="U"/>
<point x="178.92" y="242.07" b="A"/>
<point x="178.92" y="249.63" b="A"/>
<point x="178.51" y="257.19" b="G"/>
<point x="178.72" y="264.75" b="C"/>
<point x="178.72" y="272.31" b="C"/>
<point x="178.87" y="280.08" b="N"/>
<point x="183.85" y="285.21" b="G"/>
<point x="191.62" y="285.21" b="R"/>
<point x="199.33" y="285.42" b="N"/>
<point x="206.89" y="285.42" b="N"/>
<point x="214.09" y="285.21" b="G"/>
<point x="221.86" y="285.21" b="C"/>
<point x="229.42" y="285.21" b="C"/>
<point x="236.77" y="285.21" b="G"/>
<point x="244.54" y="285.21" b="C"/>
<point x="252.10" y="285.21" b="C"/>
<point x="259.66" y="285.21" b="C"/>
<point x="266.90" y="283.04" b="U"/>
<point x="273.12" y="287.76" b="N"/>
<point x="273.18" y="295.11" b="Y"/>
<point x="267.06" y="299.83" b="N"/>
<point x="259.45" y="297.45" b="G"/>
<point x="251.89" y="297.45" b="G"/>
<point x="244.33" y="297.45" b="G"/>
<point x="236.98" y="297.45" b="C"/>
<point x="229.21" y="297.45" b="G"/>
<point x="221.65" y="297.45" b="G"/>
<point x="214.30" y="297.45" b="C"/>
<point x="206.89" y="297.66" b="N"/>
<point x="199.18" y="297.45" b="U"/>
<point x="195.55" y="304.21" b="N"/>
<point x="191.83" y="297.45" b="Y"/>
<point x="184.27" y="297.45" b="Y"/>
<point x="178.72" y="302.80" b="U"/>
<point x="178.72" y="310.36" b="U"/>
</structure>