<structure>
<point x="27.46" y="205.55" b="G"/>
<point x="27.67" y="197.99" b="C"/>
<point x="27.87" y="190.43" b="A"/>
<point x="27.67" y="182.87" b="C"/>
<point x="27.67" y="175.31" b="C"/>
<point x="20.12" y="174.84" b="U"/>
<point x="13.46" y="171.26" b="R"/>
<point x="9.12" y="165.23" b="A"/>
<point x="7.50" y="157.84" b="A"/>
<point x="8.91" y="150.46" b="U"/>
<point x="13.46" y="144.42" b="C"/>
<point x="20.12" y="140.84" b="U"/>
<point x="27.67" y="140.37" b="U"/>
<point x="27.67" y="132.81" b="U"/>
<point x="27.67" y="125.25" b="C"/>
<point x="27.67" y="117.69" b="C"/>
<point x="27.67" y="110.13" b="C"/>
<point x="27.87" y="102.57" b="A"/>
<point x="27.87" y="95.01" b="Y"/>
<point x="24.57" y="88.12" b="U"/>
<point x="27.67" y="81.22" b="C"/>
<point x="27.67" y="73.66" b="C"/>
<point x="20.93" y="70.24" b="U"/>
<point x="15.95" y="64.89" b="N"/>
<point x="12.72" y="57.69" b="G"/>
<point x="12.68" y="50.13" b="C"/>
<point x="15.09" y="42.97" b="U"/>
<point x="19.63" y="37.09" b="G"/>
<point x="26.55" y="33.24" b="Y"/>
<point x="33.94" y="32.11" b="N"/>
<point x="41.43" y="33.24" b="Y"/>
<point x="47.88" y="37.30" b="N"/>
<point x="52.28" y="42.97" b="G"/>
<point x="54.89" y="50.13" b="U"/>
<point x="54.44" y="57.69" b="G"/>
<point x="51.78" y="64.69" b="C"/>
<point x="46.80" y="70.45" b="N"/>
<point x="39.70" y="73.66" b="G"/>
<point x="39.70" y="81.22" b="G"/>
<point x="43.21" y="88.12" b="Y"/>
<point x="40.06" y="95.22" b="N"/>
<point x="39.91" y="102.57" b="U"/>
<point x="39.70" y="110.13" b="G"/>
<point x="39.70" y="117.69" b="G"/>
<point x="39.70" y="125.25" b="G"/>
<point x="39.70" y="132.81" b="G"/>
<point x="40.11" y="140.37" b="A"/>
<point x="46.38" y="144.28" b="C"/>
<point x="50.96" y="150.44" b="A"/>
<point x="52.30" y="157.84" b="R"/>
<point x="50.76" y="165.24" b="R"/>
<point x="46.59" y="171.41" b="Y"/>
<point x="39.70" y="175.31" b="G"/>
<point x="39.70" y="182.87" b="G"/>
<point x="39.91" y="190.43" b="U"/>
<point x="39.70" y="197.99" b="G"/>
<point x="39.91" y="205.55" b="C"/>
<point x="45.46" y="210.90" b="Y"/>
<point x="53.02" y="210.90" b="A"/>
<point x="60.58" y="210.90" b="Y"/>
<point x="68.14" y="210.90" b="A"/>
<point x="75.49" y="210.90" b="R"/>
<point x="83.26" y="210.90" b="Y"/>
<point x="90.82" y="210.90" b="A"/>
<point x="98.32" y="211.11" b="N"/>
<point x="105.73" y="210.90" b="R"/>
<point x="113.50" y="210.90" b="A"/>
<point x="118.43" y="205.55" b="G"/>
<point x="118.64" y="197.99" b="C"/>
<point x="118.85" y="190.43" b="A"/>
<point x="118.43" y="182.87" b="G"/>
<point x="118.85" y="175.31" b="A"/>
<point x="118.43" y="167.75" b="G"/>
<point x="111.09" y="165.96" b="G"/>
<point x="105.35" y="161.56" b="A"/>
<point x="101.27" y="155.20" b="A"/>
<point x="99.84" y="147.78" b="A"/>
<point x="101.06" y="140.35" b="U"/>
<point x="105.14" y="133.99" b="C"/>
<point x="111.30" y="129.60" b="C"/>
<point x="118.85" y="127.80" b="A"/>
<point x="118.43" y="120.24" b="G"/>
<point x="118.85" y="112.68" b="A"/>
<point x="118.64" y="105.12" b="C"/>
<point x="118.64" y="97.56" b="R"/>
<point x="118.43" y="90.00" b="G"/>
<point x="118.43" y="82.44" b="G"/>
<point x="118.64" y="74.88" b="U"/>
<point x="112.36" y="78.76" b="Y"/>
<point x="104.69" y="77.53" b="R"/>
<point x="100.01" y="71.77" b="Y"/>
<point x="99.80" y="64.21" b="U"/>
<point x="104.69" y="58.44" b="U"/>
<point x="112.30" y="57.41" b="N"/>
<point x="118.64" y="61.09" b="C"/>
<point x="118.85" y="53.53" b="Y"/>
<point x="118.64" y="45.97" b="R"/>
<point x="113.96" y="40.20" b="Y"/>
<point x="113.35" y="32.65" b="U"/>
<point x="117.59" y="26.40" b="U"/>
<point x="124.76" y="23.98" b="R"/>
<point x="132.13" y="26.40" b="Y"/>
<point x="136.32" y="32.86" b="N"/>
<point x="135.77" y="40.20" b="U"/>
<point x="130.88" y="45.97" b="U"/>
<point x="130.67" y="53.53" b="G"/>
<point x="130.67" y="61.09" b="G"/>
<point x="133.98" y="67.99" b="R"/>
<point x="130.88" y="74.88" b="R"/>
<point x="130.88" y="82.44" b="C"/>
<point x="131.09" y="90.00" b="Y"/>
<point x="130.88" y="97.56" b="U"/>
<point x="130.67" y="105.12" b="G"/>
<point x="130.88" y="112.68" b="U"/>
<point x="130.88" y="120.24" b="C"/>
<point x="130.88" y="127.80" b="U"/>
<point x="137.59" y="131.29" b="C"/>
<point x="142.62" y="136.93" b="U"/>
<point x="145.51" y="144.00" b="A"/>
<point x="145.31" y="151.56" b="C"/>
<point x="142.82" y="158.62" b="A"/>
<point x="137.59" y="164.27" b="R"/>
<point x="130.88" y="167.75" b="C"/>
<point x="130.88" y="175.31" b="U"/>
<point x="130.88" y="182.87" b="C"/>
<point x="130.88" y="190.43" b="U"/>
<point x="130.67" y="197.99" b="G"/>
<point x="130.88" y="205.55" b="C"/>
<point x="136.38" y="211.11" b="N"/>
<point x="143.99" y="210.90" b="A"/>
<point x="151.34" y="210.90" b="C"/>
<point x="159.11" y="210.90" b="A"/>
<point x="166.67" y="210.90" b="Y"/>
<point x="174.03" y="210.90" b="U"/>
<point x="181.79" y="210.90" b="Y"/>
</structure>