<structure>
<point x="19.45" y="213.96" b="U"/>
<point x="27.16" y="214.17" b="N"/>
<point x="34.78" y="213.96" b="A"/>
<point x="39.92" y="208.62" b="U"/>
<point x="39.71" y="201.06" b="G"/>
<point x="39.92" y="193.50" b="C"/>
<point x="39.92" y="185.94" b="C"/>
<point x="40.13" y="178.38" b="A"/>
<point x="39.92" y="170.81" b="U"/>
<point x="32.37" y="170.38" b="U"/>
<point x="25.39" y="167.47" b="U"/>
<point x="19.55" y="162.43" b="G"/>
<point x="15.90" y="155.81" b="G"/>
<point x="14.85" y="148.35" b="U"/>
<point x="16.32" y="140.90" b="A"/>
<point x="19.76" y="134.28" b="U"/>
<point x="25.39" y="129.24" b="C"/>
<point x="32.37" y="126.33" b="U"/>
<point x="39.71" y="125.89" b="G"/>
<point x="40.13" y="118.33" b="A"/>
<point x="39.92" y="110.77" b="C"/>
<point x="40.07" y="103.42" b="N"/>
<point x="39.92" y="95.65" b="C"/>
<point x="40.13" y="88.09" b="A"/>
<point x="39.92" y="80.53" b="U"/>
<point x="40.07" y="73.18" b="N"/>
<point x="39.92" y="65.41" b="R"/>
<point x="39.92" y="57.85" b="U"/>
<point x="39.92" y="50.29" b="C"/>
<point x="33.52" y="46.72" b="N"/>
<point x="39.92" y="42.73" b="R"/>
<point x="35.86" y="36.49" b="Y"/>
<point x="36.59" y="28.99" b="U"/>
<point x="42.47" y="23.98" b="Y"/>
<point x="50.03" y="23.98" b="Y"/>
<point x="55.49" y="28.99" b="U"/>
<point x="56.57" y="36.70" b="N"/>
<point x="52.16" y="42.73" b="U"/>
<point x="51.95" y="50.29" b="G"/>
<point x="52.37" y="57.85" b="A"/>
<point x="52.37" y="65.41" b="Y"/>
<point x="52.16" y="72.97" b="U"/>
<point x="52.37" y="80.53" b="A"/>
<point x="52.16" y="88.09" b="U"/>
<point x="52.31" y="95.86" b="N"/>
<point x="52.31" y="103.42" b="N"/>
<point x="51.95" y="110.77" b="G"/>
<point x="52.16" y="118.33" b="U"/>
<point x="52.16" y="125.89" b="C"/>
<point x="59.04" y="129.04" b="U"/>
<point x="64.75" y="134.22" b="Y"/>
<point x="67.88" y="140.90" b="G"/>
<point x="69.53" y="148.35" b="A"/>
<point x="68.30" y="155.81" b="A"/>
<point x="64.75" y="162.49" b="A"/>
<point x="59.24" y="167.67" b="Y"/>
<point x="52.37" y="170.81" b="A"/>
<point x="52.16" y="178.38" b="U"/>
<point x="51.95" y="185.94" b="G"/>
<point x="51.95" y="193.50" b="G"/>
<point x="52.16" y="201.06" b="C"/>
<point x="52.37" y="208.62" b="A"/>
<point x="57.66" y="214.17" b="N"/>
<point x="65.27" y="213.96" b="A"/>
<point x="72.78" y="214.17" b="N"/>
<point x="80.39" y="213.96" b="A"/>
<point x="87.75" y="213.96" b="R"/>
<point x="95.51" y="213.96" b="Y"/>
<point x="102.87" y="213.96" b="R"/>
<point x="110.63" y="213.96" b="A"/>
<point x="117.78" y="213.96" b="G"/>
<point x="125.34" y="213.96" b="G"/>
<point x="132.90" y="213.96" b="G"/>
<point x="140.46" y="213.96" b="G"/>
<point x="148.02" y="213.96" b="G"/>
<point x="153.78" y="208.62" b="A"/>
<point x="153.78" y="201.06" b="A"/>
<point x="153.57" y="193.50" b="C"/>
<point x="153.36" y="185.94" b="G"/>
<point x="153.36" y="178.38" b="G"/>
<point x="146.56" y="176.16" b="N"/>
<point x="140.28" y="171.83" b="Y"/>
<point x="134.94" y="166.28" b="C"/>
<point x="131.33" y="159.64" b="U"/>
<point x="129.47" y="152.31" b="U"/>
<point x="129.26" y="144.75" b="G"/>
<point x="131.33" y="137.43" b="C"/>
<point x="134.73" y="130.78" b="G"/>
<point x="140.28" y="125.23" b="A"/>
<point x="146.41" y="121.12" b="C"/>
<point x="153.78" y="118.69" b="A"/>
<point x="153.78" y="111.13" b="Y"/>
<point x="153.57" y="103.57" b="U"/>
<point x="153.36" y="96.01" b="G"/>
<point x="153.57" y="88.45" b="R"/>
<point x="150.47" y="81.56" b="U"/>
<point x="153.72" y="74.87" b="N"/>
<point x="153.36" y="67.10" b="G"/>
<point x="153.78" y="59.54" b="Y"/>
<point x="153.57" y="51.98" b="U"/>
<point x="148.37" y="46.85" b="N"/>
<point x="146.74" y="39.23" b="C"/>
<point x="149.63" y="32.24" b="U"/>
<point x="156.06" y="28.25" b="N"/>
<point x="163.47" y="28.04" b="U"/>
<point x="169.96" y="32.24" b="A"/>
<point x="172.65" y="39.23" b="U"/>
<point x="170.95" y="46.64" b="G"/>
<point x="166.02" y="51.98" b="A"/>
<point x="165.96" y="59.75" b="N"/>
<point x="165.81" y="67.10" b="C"/>
<point x="166.02" y="74.66" b="Y"/>
<point x="168.91" y="81.56" b="U"/>
<point x="165.81" y="88.45" b="C"/>
<point x="166.02" y="96.01" b="Y"/>
<point x="166.02" y="103.57" b="A"/>
<point x="165.81" y="111.13" b="R"/>
<point x="165.81" y="118.69" b="U"/>
<point x="172.97" y="121.12" b="U"/>
<point x="179.52" y="125.23" b="A"/>
<point x="184.45" y="130.78" b="C"/>
<point x="188.06" y="137.43" b="U"/>
<point x="190.12" y="144.75" b="A"/>
<point x="189.92" y="152.31" b="U"/>
<point x="188.26" y="159.64" b="A"/>
<point x="184.45" y="166.28" b="U"/>
<point x="179.52" y="171.83" b="A"/>
<point x="173.12" y="176.16" b="N"/>
<point x="165.81" y="178.38" b="C"/>
<point x="165.81" y="185.94" b="C"/>
<point x="165.60" y="193.50" b="G"/>
<point x="165.81" y="201.06" b="U"/>
<point x="165.81" y="208.62" b="U"/>
<point x="171.16" y="213.96" b="U"/>
<point x="178.92" y="213.96" b="A"/>
<point x="186.28" y="213.96" b="C"/>
<point x="194.04" y="213.96" b="A"/>
<point x="201.55" y="214.17" b="N"/>
<point x="209.11" y="214.17" b="N"/>
<point x="216.52" y="213.96" b="U"/>
</structure>