<structure>
<point x="19.25" y="239.90" b="G"/>
<point x="27.16" y="240.11" b="N"/>
<point x="32.15" y="234.55" b="G"/>
<point x="32.15" y="226.99" b="G"/>
<point x="32.15" y="219.43" b="G"/>
<point x="26.77" y="214.35" b="U"/>
<point x="24.90" y="207.08" b="Y"/>
<point x="26.77" y="199.81" b="U"/>
<point x="32.36" y="194.72" b="U"/>
<point x="32.57" y="187.16" b="A"/>
<point x="32.15" y="179.60" b="G"/>
<point x="32.36" y="172.04" b="U"/>
<point x="32.15" y="164.48" b="G"/>
<point x="32.15" y="156.92" b="G"/>
<point x="32.57" y="149.36" b="A"/>
<point x="32.57" y="141.80" b="A"/>
<point x="32.15" y="134.24" b="G"/>
<point x="32.36" y="126.68" b="U"/>
<point x="32.15" y="119.12" b="G"/>
<point x="25.01" y="119.12" b="A"/>
<point x="24.80" y="111.56" b="C"/>
<point x="32.15" y="111.56" b="G"/>
<point x="32.36" y="104.00" b="U"/>
<point x="32.15" y="96.44" b="G"/>
<point x="32.36" y="88.88" b="C"/>
<point x="32.36" y="81.32" b="U"/>
<point x="32.15" y="73.76" b="G"/>
<point x="32.36" y="66.20" b="U"/>
<point x="32.15" y="58.64" b="G"/>
<point x="29.47" y="51.75" b="A"/>
<point x="32.51" y="45.06" b="N"/>
<point x="32.36" y="37.29" b="U"/>
<point x="30.39" y="30.05" b="A"/>
<point x="34.85" y="24.19" b="N"/>
<point x="42.26" y="23.98" b="R"/>
<point x="46.92" y="30.26" b="N"/>
<point x="44.60" y="37.29" b="R"/>
<point x="44.81" y="44.85" b="Y"/>
<point x="47.70" y="51.75" b="C"/>
<point x="44.60" y="58.64" b="C"/>
<point x="44.81" y="66.20" b="A"/>
<point x="44.60" y="73.76" b="U"/>
<point x="44.81" y="81.32" b="A"/>
<point x="44.39" y="88.88" b="G"/>
<point x="44.60" y="96.44" b="C"/>
<point x="44.81" y="104.00" b="A"/>
<point x="44.60" y="111.56" b="C"/>
<point x="44.60" y="119.12" b="C"/>
<point x="44.39" y="126.68" b="G"/>
<point x="44.60" y="134.24" b="C"/>
<point x="44.60" y="141.80" b="U"/>
<point x="51.35" y="145.58" b="A"/>
<point x="44.60" y="149.36" b="U"/>
<point x="44.60" y="156.92" b="C"/>
<point x="44.60" y="164.48" b="C"/>
<point x="44.81" y="172.04" b="A"/>
<point x="44.60" y="179.60" b="C"/>
<point x="44.60" y="187.16" b="U"/>
<point x="44.81" y="194.72" b="A"/>
<point x="50.20" y="199.81" b="U"/>
<point x="52.06" y="207.08" b="G"/>
<point x="50.20" y="214.35" b="U"/>
<point x="44.60" y="219.43" b="C"/>
<point x="44.60" y="226.99" b="U"/>
<point x="44.60" y="234.55" b="C"/>
<point x="49.95" y="239.90" b="R"/>
<point x="57.51" y="239.90" b="C"/>
<point x="65.07" y="239.90" b="C"/>
<point x="72.78" y="240.11" b="N"/>
<point x="79.98" y="239.90" b="G"/>
</structure>