<structure>
<point x="19.45" y="306.71" b="R"/>
<point x="27.16" y="306.92" b="N"/>
<point x="34.73" y="306.92" b="N"/>
<point x="39.92" y="301.36" b="C"/>
<point x="40.07" y="294.01" b="N"/>
<point x="39.92" y="286.24" b="C"/>
<point x="32.97" y="283.81" b="Y"/>
<point x="28.36" y="277.67" b="R"/>
<point x="28.56" y="270.11" b="Y"/>
<point x="32.76" y="263.96" b="U"/>
<point x="39.71" y="261.53" b="G"/>
<point x="39.92" y="253.97" b="U"/>
<point x="39.71" y="246.41" b="G"/>
<point x="40.07" y="239.06" b="N"/>
<point x="40.13" y="231.29" b="Y"/>
<point x="40.13" y="223.73" b="Y"/>
<point x="39.92" y="216.17" b="U"/>
<point x="40.13" y="208.61" b="A"/>
<point x="39.92" y="201.05" b="U"/>
<point x="39.71" y="193.49" b="G"/>
<point x="39.71" y="185.93" b="G"/>
<point x="39.92" y="178.37" b="C"/>
<point x="39.92" y="170.81" b="U"/>
<point x="39.92" y="163.25" b="U"/>
<point x="39.92" y="155.69" b="U"/>
<point x="32.97" y="153.26" b="Y"/>
<point x="28.36" y="147.12" b="U"/>
<point x="28.56" y="139.56" b="A"/>
<point x="32.76" y="133.41" b="U"/>
<point x="39.92" y="130.99" b="U"/>
<point x="39.92" y="123.42" b="C"/>
<point x="39.92" y="115.86" b="C"/>
<point x="39.92" y="108.31" b="U"/>
<point x="40.13" y="100.75" b="A"/>
<point x="39.92" y="93.18" b="U"/>
<point x="39.71" y="85.62" b="G"/>
<point x="39.92" y="78.06" b="U"/>
<point x="39.71" y="70.50" b="G"/>
<point x="40.13" y="62.94" b="A"/>
<point x="33.28" y="59.34" b="U"/>
<point x="28.43" y="53.53" b="U"/>
<point x="26.22" y="46.56" b="N"/>
<point x="26.68" y="39.01" b="N"/>
<point x="29.94" y="31.96" b="Y"/>
<point x="35.38" y="26.98" b="N"/>
<point x="42.41" y="24.19" b="N"/>
<point x="50.03" y="23.98" b="Y"/>
<point x="57.00" y="26.98" b="N"/>
<point x="62.50" y="32.16" b="N"/>
<point x="65.71" y="39.01" b="N"/>
<point x="66.01" y="46.35" b="R"/>
<point x="63.80" y="53.74" b="N"/>
<point x="58.95" y="59.54" b="N"/>
<point x="52.16" y="62.94" b="U"/>
<point x="52.16" y="70.50" b="C"/>
<point x="52.37" y="78.06" b="A"/>
<point x="52.16" y="85.62" b="U"/>
<point x="51.95" y="93.18" b="G"/>
<point x="52.16" y="100.75" b="U"/>
<point x="52.37" y="108.31" b="A"/>
<point x="51.95" y="115.86" b="G"/>
<point x="51.95" y="123.42" b="G"/>
<point x="51.95" y="130.99" b="G"/>
<point x="57.91" y="136.28" b="N"/>
<point x="60.03" y="143.34" b="Y"/>
<point x="57.91" y="150.82" b="N"/>
<point x="52.16" y="155.69" b="R"/>
<point x="52.37" y="163.25" b="A"/>
<point x="52.37" y="170.81" b="A"/>
<point x="51.95" y="178.37" b="G"/>
<point x="52.16" y="185.93" b="C"/>
<point x="52.16" y="193.49" b="C"/>
<point x="52.37" y="201.05" b="A"/>
<point x="52.16" y="208.61" b="U"/>
<point x="52.31" y="216.38" b="N"/>
<point x="52.16" y="223.73" b="R"/>
<point x="52.16" y="231.29" b="R"/>
<point x="52.31" y="239.06" b="N"/>
<point x="52.37" y="246.41" b="Y"/>
<point x="52.37" y="253.97" b="A"/>
<point x="52.16" y="261.53" b="C"/>
<point x="57.76" y="266.62" b="R"/>
<point x="59.98" y="274.10" b="N"/>
<point x="57.91" y="281.37" b="N"/>
<point x="51.95" y="286.24" b="G"/>
<point x="52.31" y="294.01" b="N"/>
<point x="51.95" y="301.36" b="G"/>
<point x="57.51" y="306.71" b="R"/>
<point x="65.07" y="306.71" b="R"/>
<point x="72.78" y="306.92" b="N"/>
<point x="80.34" y="306.92" b="N"/>
</structure>