<structure>
<point x="111.69" y="229.51" b="N"/>
<point x="119.25" y="229.51" b="N"/>
<point x="124.60" y="224.17" b="N"/>
<point x="124.24" y="216.40" b="G"/>
<point x="124.24" y="208.84" b="G"/>
<point x="124.24" y="201.28" b="G"/>
<point x="124.45" y="193.72" b="C"/>
<point x="124.66" y="186.16" b="A"/>
<point x="118.18" y="190.36" b="N"/>
<point x="111.23" y="193.47" b="R"/>
<point x="104.14" y="196.08" b="U"/>
<point x="96.61" y="197.96" b="G"/>
<point x="89.55" y="199.10" b="A"/>
<point x="81.79" y="199.47" b="U"/>
<point x="74.03" y="199.07" b="G"/>
<point x="66.98" y="197.92" b="A"/>
<point x="59.45" y="196.02" b="R"/>
<point x="52.52" y="193.59" b="N"/>
<point x="45.58" y="190.05" b="C"/>
<point x="39.17" y="186.04" b="U"/>
<point x="33.40" y="181.41" b="Y"/>
<point x="27.93" y="176.20" b="A"/>
<point x="22.95" y="170.67" b="N"/>
<point x="18.48" y="164.25" b="R"/>
<point x="14.97" y="157.85" b="N"/>
<point x="11.99" y="150.90" b="N"/>
<point x="9.78" y="143.48" b="Y"/>
<point x="8.21" y="136.28" b="N"/>
<point x="7.50" y="128.55" b="A"/>
<point x="7.50" y="120.99" b="A"/>
<point x="8.06" y="113.47" b="U"/>
<point x="9.37" y="106.07" b="G"/>
<point x="11.63" y="98.85" b="G"/>
<point x="14.61" y="91.90" b="G"/>
<point x="18.48" y="85.29" b="U"/>
<point x="23.01" y="79.08" b="A"/>
<point x="27.93" y="73.35" b="A"/>
<point x="33.20" y="68.13" b="U"/>
<point x="39.17" y="63.50" b="U"/>
<point x="45.58" y="59.50" b="U"/>
<point x="52.16" y="56.16" b="G"/>
<point x="59.45" y="53.53" b="C"/>
<point x="66.56" y="51.62" b="G"/>
<point x="74.24" y="50.47" b="U"/>
<point x="81.79" y="50.08" b="C"/>
<point x="89.34" y="50.45" b="U"/>
<point x="96.61" y="51.58" b="G"/>
<point x="104.34" y="53.47" b="A"/>
<point x="111.38" y="56.29" b="N"/>
<point x="118.18" y="59.60" b="N"/>
<point x="124.60" y="63.59" b="N"/>
<point x="124.60" y="56.03" b="N"/>
<point x="124.45" y="48.26" b="U"/>
<point x="124.66" y="40.70" b="Y"/>
<point x="121.20" y="34.16" b="N"/>
<point x="123.83" y="26.85" b="Y"/>
<point x="130.72" y="24.06" b="N"/>
<point x="137.66" y="27.05" b="N"/>
<point x="140.09" y="33.95" b="U"/>
<point x="136.48" y="40.70" b="G"/>
<point x="136.90" y="48.26" b="A"/>
<point x="136.69" y="55.82" b="U"/>
<point x="136.48" y="63.38" b="G"/>
<point x="144.30" y="64.80" b="N"/>
<point x="151.56" y="66.91" b="N"/>
<point x="158.51" y="69.90" b="N"/>
<point x="165.03" y="73.71" b="N"/>
<point x="170.90" y="78.09" b="U"/>
<point x="176.45" y="83.58" b="N"/>
<point x="181.03" y="89.27" b="U"/>
<point x="184.99" y="95.71" b="C"/>
<point x="188.34" y="102.59" b="A"/>
<point x="190.42" y="109.79" b="C"/>
<point x="191.80" y="117.23" b="C"/>
<point x="192.26" y="124.77" b="U"/>
<point x="191.80" y="132.32" b="U"/>
<point x="190.21" y="139.75" b="G"/>
<point x="187.93" y="146.96" b="G"/>
<point x="185.19" y="153.83" b="A"/>
<point x="180.82" y="160.27" b="G"/>
<point x="176.51" y="166.18" b="A"/>
<point x="171.05" y="171.67" b="N"/>
<point x="164.88" y="176.04" b="C"/>
<point x="158.36" y="179.85" b="U"/>
<point x="151.20" y="182.84" b="G"/>
<point x="144.36" y="184.95" b="A"/>
<point x="136.69" y="186.16" b="U"/>
<point x="136.48" y="193.72" b="G"/>
<point x="136.69" y="201.28" b="C"/>
<point x="136.90" y="208.84" b="Y"/>
<point x="136.90" y="216.40" b="Y"/>
<point x="136.84" y="224.17" b="N"/>
<point x="142.24" y="229.31" b="Y"/>
<point x="149.75" y="229.51" b="N"/>
</structure>