<structure>
<point x="19.60" y="123.70" b="N"/>
<point x="27.16" y="123.70" b="N"/>
<point x="34.73" y="123.70" b="N"/>
<point x="42.28" y="123.70" b="N"/>
<point x="49.84" y="123.70" b="N"/>
<point x="57.41" y="123.70" b="N"/>
<point x="64.97" y="123.70" b="N"/>
<point x="72.53" y="123.70" b="N"/>
<point x="79.94" y="123.49" b="C"/>
<point x="85.28" y="118.14" b="C"/>
<point x="85.07" y="110.58" b="G"/>
<point x="85.28" y="103.03" b="U"/>
<point x="85.07" y="95.46" b="G"/>
<point x="85.07" y="87.90" b="G"/>
<point x="85.28" y="80.34" b="U"/>
<point x="77.97" y="77.76" b="G"/>
<point x="72.21" y="73.39" b="A"/>
<point x="67.19" y="67.56" b="U"/>
<point x="64.09" y="60.67" b="U"/>
<point x="62.90" y="53.20" b="U"/>
<point x="63.50" y="45.69" b="G"/>
<point x="66.63" y="38.86" b="N"/>
<point x="71.14" y="32.80" b="N"/>
<point x="77.09" y="28.13" b="N"/>
<point x="83.70" y="24.99" b="G"/>
<point x="91.19" y="23.98" b="G"/>
<point x="98.89" y="24.99" b="C"/>
<point x="105.86" y="27.92" b="C"/>
<point x="111.60" y="32.59" b="G"/>
<point x="116.11" y="38.65" b="G"/>
<point x="119.09" y="45.69" b="C"/>
<point x="119.90" y="53.20" b="U"/>
<point x="118.72" y="60.67" b="U"/>
<point x="115.40" y="67.56" b="G"/>
<point x="110.80" y="73.39" b="C"/>
<point x="104.62" y="77.76" b="R"/>
<point x="97.31" y="80.34" b="G"/>
<point x="97.52" y="87.90" b="C"/>
<point x="97.52" y="95.46" b="C"/>
<point x="97.73" y="103.03" b="A"/>
<point x="97.52" y="110.58" b="C"/>
<point x="97.31" y="118.14" b="G"/>
<point x="102.87" y="123.49" b="U"/>
<point x="110.43" y="123.49" b="U"/>
<point x="118.19" y="123.49" b="A"/>
<point x="125.75" y="123.49" b="A"/>
<point x="133.31" y="123.49" b="A"/>
<point x="140.82" y="123.70" b="N"/>
<point x="148.43" y="123.49" b="A"/>
<point x="155.99" y="123.49" b="A"/>
<point x="163.50" y="123.70" b="N"/>
<point x="171.11" y="123.49" b="Y"/>
<point x="178.47" y="123.49" b="C"/>
<point x="185.82" y="123.49" b="G"/>
<point x="193.59" y="123.49" b="C"/>
<point x="201.15" y="123.49" b="U"/>
<point x="208.91" y="123.49" b="A"/>
<point x="216.47" y="123.49" b="A"/>
<point x="224.03" y="123.49" b="A"/>
<point x="231.39" y="123.49" b="R"/>
<point x="239.10" y="123.70" b="N"/>
<point x="246.30" y="123.49" b="G"/>
<point x="253.86" y="123.49" b="G"/>
<point x="261.83" y="123.49" b="Y"/>
<point x="269.19" y="123.49" b="C"/>
<point x="276.75" y="123.49" b="R"/>
<point x="284.46" y="123.70" b="N"/>
<point x="291.66" y="123.49" b="G"/>
<point x="299.58" y="123.70" b="N"/>
<point x="307.14" y="123.70" b="N"/>
<point x="314.70" y="123.70" b="N"/>
<point x="322.26" y="123.70" b="N"/>
<point x="329.82" y="123.70" b="N"/>
<point x="337.38" y="123.70" b="N"/>
<point x="344.94" y="123.70" b="N"/>
<point x="352.50" y="123.70" b="N"/>
<point x="360.06" y="123.70" b="N"/>
<point x="367.62" y="123.70" b="N"/>
<point x="375.18" y="123.70" b="N"/>
</structure>