<structure>
<point x="19.45" y="126.92" b="R"/>
<point x="24.80" y="121.57" b="R"/>
<point x="24.95" y="114.22" b="N"/>
<point x="24.95" y="106.66" b="N"/>
<point x="20.69" y="100.41" b="N"/>
<point x="21.62" y="92.91" b="N"/>
<point x="27.29" y="87.91" b="N"/>
<point x="34.85" y="87.91" b="N"/>
<point x="40.52" y="92.91" b="N"/>
<point x="41.45" y="100.41" b="N"/>
<point x="37.19" y="106.66" b="N"/>
<point x="37.19" y="114.22" b="N"/>
<point x="37.25" y="121.57" b="Y"/>
<point x="42.54" y="127.12" b="N"/>
<point x="50.10" y="127.12" b="N"/>
<point x="57.66" y="127.12" b="N"/>
<point x="65.22" y="127.12" b="N"/>
<point x="72.78" y="127.12" b="N"/>
<point x="80.34" y="127.12" b="N"/>
<point x="87.90" y="127.12" b="N"/>
<point x="95.31" y="126.92" b="R"/>
<point x="103.07" y="126.92" b="Y"/>
<point x="110.58" y="127.12" b="N"/>
<point x="118.19" y="126.92" b="Y"/>
<point x="125.75" y="126.92" b="Y"/>
<point x="133.26" y="127.12" b="N"/>
<point x="140.87" y="126.92" b="A"/>
<point x="148.23" y="126.92" b="C"/>
<point x="155.99" y="126.92" b="Y"/>
<point x="163.50" y="127.12" b="N"/>
<point x="171.06" y="127.12" b="N"/>
<point x="178.47" y="126.92" b="U"/>
<point x="186.23" y="126.92" b="A"/>
<point x="193.38" y="126.92" b="G"/>
<point x="201.15" y="126.92" b="C"/>
<point x="208.50" y="126.92" b="G"/>
<point x="216.27" y="126.92" b="C"/>
<point x="224.03" y="126.92" b="A"/>
<point x="231.39" y="126.92" b="C"/>
<point x="236.52" y="121.57" b="G"/>
<point x="236.52" y="114.01" b="G"/>
<point x="236.73" y="106.45" b="C"/>
<point x="236.73" y="98.89" b="U"/>
<point x="236.73" y="91.33" b="C"/>
<point x="236.73" y="83.77" b="U"/>
<point x="232.62" y="77.73" b="N"/>
<point x="233.55" y="70.23" b="N"/>
<point x="239.22" y="65.23" b="N"/>
<point x="246.78" y="65.23" b="N"/>
<point x="252.45" y="70.23" b="N"/>
<point x="253.44" y="77.53" b="A"/>
<point x="249.18" y="83.77" b="A"/>
<point x="248.76" y="91.33" b="G"/>
<point x="249.18" y="98.89" b="A"/>
<point x="248.76" y="106.45" b="G"/>
<point x="248.97" y="114.01" b="C"/>
<point x="248.97" y="121.57" b="C"/>
<point x="254.52" y="126.92" b="A"/>
<point x="261.88" y="126.92" b="U"/>
<point x="269.44" y="126.92" b="U"/>
<point x="277.20" y="126.92" b="Y"/>
<point x="284.56" y="126.92" b="C"/>
<point x="292.12" y="126.92" b="C"/>
<point x="299.68" y="126.92" b="C"/>
<point x="307.24" y="126.92" b="U"/>
<point x="312.58" y="121.57" b="R"/>
<point x="312.37" y="114.01" b="G"/>
<point x="312.58" y="106.45" b="R"/>
<point x="312.58" y="98.89" b="C"/>
<point x="312.58" y="91.33" b="C"/>
<point x="312.73" y="83.98" b="N"/>
<point x="312.79" y="76.21" b="A"/>
<point x="312.58" y="68.65" b="R"/>
<point x="312.73" y="61.30" b="N"/>
<point x="312.79" y="53.53" b="A"/>
<point x="312.79" y="45.97" b="Y"/>
<point x="307.90" y="40.20" b="A"/>
<point x="307.08" y="32.65" b="G"/>
<point x="311.33" y="26.40" b="G"/>
<point x="318.91" y="23.98" b="A"/>
<point x="326.07" y="26.40" b="A"/>
<point x="330.11" y="32.65" b="U"/>
<point x="329.86" y="40.41" b="N"/>
<point x="324.61" y="45.97" b="G"/>
<point x="324.82" y="53.53" b="U"/>
<point x="324.97" y="61.30" b="N"/>
<point x="324.82" y="68.65" b="U"/>
<point x="324.82" y="76.21" b="U"/>
<point x="324.97" y="83.98" b="N"/>
<point x="324.61" y="91.33" b="G"/>
<point x="324.61" y="98.89" b="G"/>
<point x="325.03" y="106.45" b="Y"/>
<point x="324.82" y="114.01" b="C"/>
<point x="324.82" y="121.57" b="U"/>
<point x="330.17" y="126.92" b="U"/>
<point x="337.73" y="126.92" b="U"/>
<point x="345.29" y="126.92" b="U"/>
<point x="352.85" y="126.92" b="U"/>
<point x="360.41" y="126.92" b="U"/>
<point x="367.97" y="126.92" b="U"/>
</structure>