<structure>
<point x="89.93" y="223.67" b="U"/>
<point x="89.72" y="216.11" b="G"/>
<point x="89.72" y="208.55" b="G"/>
<point x="90.14" y="200.99" b="A"/>
<point x="82.63" y="200.14" b="Y"/>
<point x="75.21" y="198.66" b="A"/>
<point x="67.75" y="196.56" b="U"/>
<point x="60.48" y="193.84" b="G"/>
<point x="54.10" y="190.53" b="A"/>
<point x="47.41" y="186.65" b="U"/>
<point x="41.06" y="182.23" b="G"/>
<point x="35.74" y="177.31" b="A"/>
<point x="30.24" y="171.92" b="C"/>
<point x="25.42" y="166.09" b="U"/>
<point x="20.91" y="159.87" b="G"/>
<point x="17.57" y="153.31" b="A"/>
<point x="14.17" y="146.46" b="U"/>
<point x="11.59" y="139.35" b="U"/>
<point x="9.82" y="132.06" b="A"/>
<point x="8.27" y="124.62" b="U"/>
<point x="7.56" y="117.09" b="C"/>
<point x="7.50" y="109.53" b="U"/>
<point x="7.87" y="101.99" b="G"/>
<point x="9.51" y="94.53" b="A"/>
<point x="10.95" y="87.20" b="G"/>
<point x="13.84" y="80.06" b="A"/>
<point x="16.91" y="73.15" b="A"/>
<point x="20.36" y="66.53" b="R"/>
<point x="24.71" y="60.46" b="N"/>
<point x="29.28" y="54.34" b="R"/>
<point x="34.70" y="48.86" b="A"/>
<point x="40.35" y="43.85" b="Y"/>
<point x="46.21" y="39.33" b="U"/>
<point x="52.43" y="35.35" b="G"/>
<point x="59.59" y="31.93" b="A"/>
<point x="66.39" y="29.10" b="U"/>
<point x="73.40" y="26.87" b="G"/>
<point x="81.21" y="25.27" b="A"/>
<point x="88.71" y="24.31" b="A"/>
<point x="96.26" y="23.98" b="A"/>
<point x="103.81" y="24.31" b="Y"/>
<point x="111.31" y="25.27" b="Y"/>
<point x="118.64" y="27.08" b="N"/>
<point x="125.72" y="29.10" b="C"/>
<point x="132.88" y="32.14" b="N"/>
<point x="139.47" y="35.35" b="R"/>
<point x="145.90" y="39.33" b="R"/>
<point x="152.17" y="43.85" b="A"/>
<point x="157.82" y="48.86" b="A"/>
<point x="163.03" y="54.34" b="A"/>
<point x="167.75" y="60.25" b="A"/>
<point x="171.75" y="66.53" b="U"/>
<point x="175.40" y="73.15" b="U"/>
<point x="178.47" y="80.06" b="C"/>
<point x="180.95" y="87.20" b="C"/>
<point x="182.80" y="94.53" b="U"/>
<point x="184.03" y="101.99" b="C"/>
<point x="184.61" y="109.53" b="U"/>
<point x="184.75" y="117.09" b="A"/>
<point x="183.63" y="124.62" b="G"/>
<point x="182.70" y="132.06" b="A"/>
<point x="180.52" y="139.35" b="U"/>
<point x="178.14" y="146.46" b="A"/>
<point x="174.54" y="153.31" b="G"/>
<point x="170.99" y="159.87" b="U"/>
<point x="166.69" y="166.09" b="C"/>
<point x="162.08" y="171.92" b="A"/>
<point x="156.78" y="177.31" b="A"/>
<point x="150.63" y="182.23" b="G"/>
<point x="144.70" y="186.65" b="U"/>
<point x="138.21" y="190.53" b="U"/>
<point x="131.41" y="193.84" b="C"/>
<point x="124.36" y="196.56" b="U"/>
<point x="116.89" y="198.66" b="G"/>
<point x="109.89" y="200.14" b="A"/>
<point x="102.17" y="200.99" b="U"/>
<point x="102.17" y="208.55" b="C"/>
<point x="102.17" y="216.11" b="C"/>
<point x="102.38" y="223.67" b="A"/>
<point x="107.31" y="229.01" b="G"/>
</structure>