<structure>
<point x="19.66" y="93.44" b="A"/>
<point x="24.95" y="88.30" b="N"/>
<point x="24.95" y="80.74" b="N"/>
<point x="24.95" y="73.18" b="N"/>
<point x="24.95" y="65.62" b="N"/>
<point x="18.43" y="61.80" b="N"/>
<point x="13.92" y="55.73" b="N"/>
<point x="11.99" y="48.18" b="U"/>
<point x="13.38" y="40.93" b="N"/>
<point x="17.43" y="34.55" b="N"/>
<point x="23.72" y="30.05" b="A"/>
<point x="31.13" y="28.54" b="Y"/>
<point x="38.48" y="30.26" b="N"/>
<point x="44.76" y="34.34" b="A"/>
<point x="48.61" y="40.72" b="R"/>
<point x="50.06" y="48.18" b="Y"/>
<point x="48.22" y="55.73" b="N"/>
<point x="43.77" y="61.59" b="Y"/>
<point x="37.19" y="65.62" b="N"/>
<point x="37.19" y="73.18" b="N"/>
<point x="37.19" y="80.74" b="N"/>
<point x="37.19" y="88.30" b="N"/>
<point x="42.54" y="93.65" b="N"/>
<point x="50.10" y="93.65" b="N"/>
<point x="57.66" y="93.65" b="N"/>
<point x="65.22" y="93.65" b="N"/>
<point x="72.78" y="93.65" b="N"/>
<point x="80.39" y="93.44" b="Y"/>
<point x="87.95" y="93.44" b="A"/>
<point x="95.46" y="93.65" b="N"/>
<point x="103.02" y="93.65" b="N"/>
<point x="108.36" y="88.30" b="N"/>
<point x="108.42" y="80.53" b="A"/>
<point x="105.26" y="73.85" b="N"/>
<point x="108.36" y="66.95" b="N"/>
<point x="108.36" y="59.39" b="N"/>
<point x="104.96" y="52.64" b="N"/>
<point x="107.54" y="45.53" b="N"/>
<point x="114.48" y="42.54" b="N"/>
<point x="121.27" y="45.33" b="U"/>
<point x="124.00" y="52.64" b="N"/>
<point x="120.60" y="59.39" b="N"/>
<point x="120.60" y="66.95" b="N"/>
<point x="123.70" y="73.85" b="N"/>
<point x="120.45" y="80.53" b="U"/>
<point x="120.45" y="88.09" b="R"/>
<point x="125.95" y="93.65" b="N"/>
<point x="133.51" y="93.65" b="N"/>
<point x="141.07" y="93.65" b="N"/>
<point x="148.27" y="93.44" b="G"/>
<point x="156.04" y="93.44" b="R"/>
<point x="163.80" y="93.44" b="A"/>
<point x="171.16" y="93.44" b="R"/>
<point x="178.92" y="93.44" b="Y"/>
<point x="186.43" y="93.65" b="N"/>
<point x="193.99" y="93.65" b="N"/>
<point x="201.55" y="93.65" b="N"/>
<point x="208.75" y="93.44" b="G"/>
<point x="216.67" y="93.65" b="N"/>
<point x="224.28" y="93.44" b="A"/>
<point x="231.64" y="93.44" b="U"/>
<point x="236.98" y="88.09" b="U"/>
<point x="236.77" y="80.53" b="G"/>
<point x="236.98" y="72.97" b="C"/>
<point x="236.62" y="65.42" b="U"/>
<point x="242.89" y="61.54" b="G"/>
<point x="249.59" y="65.42" b="U"/>
<point x="249.01" y="72.97" b="G"/>
<point x="249.22" y="80.53" b="U"/>
<point x="249.01" y="88.09" b="G"/>
<point x="254.57" y="93.44" b="U"/>
<point x="262.34" y="93.44" b="A"/>
<point x="269.48" y="93.44" b="G"/>
<point x="277.25" y="93.44" b="U"/>
<point x="284.81" y="93.44" b="C"/>
<point x="292.37" y="93.44" b="U"/>
<point x="299.93" y="93.44" b="U"/>
<point x="307.49" y="93.44" b="U"/>
<point x="312.62" y="88.09" b="G"/>
<point x="312.83" y="80.53" b="C"/>
<point x="312.83" y="72.97" b="C"/>
<point x="313.04" y="65.41" b="Y"/>
<point x="312.83" y="57.85" b="R"/>
<point x="312.83" y="50.29" b="U"/>
<point x="312.83" y="42.73" b="C"/>
<point x="308.72" y="36.70" b="N"/>
<point x="309.51" y="28.99" b="C"/>
<point x="315.18" y="23.98" b="C"/>
<point x="322.74" y="23.98" b="U"/>
<point x="328.61" y="28.99" b="A"/>
<point x="329.49" y="36.70" b="N"/>
<point x="324.87" y="42.73" b="G"/>
<point x="325.28" y="50.29" b="A"/>
<point x="325.28" y="57.85" b="Y"/>
<point x="324.87" y="65.41" b="G"/>
<point x="324.87" y="72.97" b="G"/>
<point x="324.87" y="80.53" b="G"/>
<point x="325.07" y="88.09" b="C"/>
<point x="330.42" y="93.44" b="U"/>
<point x="337.98" y="93.44" b="U"/>
<point x="345.54" y="93.44" b="U"/>
<point x="353.10" y="93.44" b="U"/>
<point x="360.66" y="93.44" b="U"/>
<point x="368.22" y="93.44" b="U"/>
<point x="375.78" y="93.44" b="U"/>
<point x="383.34" y="93.44" b="U"/>
<point x="391.05" y="93.65" b="N"/>
<point x="398.61" y="93.65" b="N"/>
</structure>