<structure>
<point x="19.66" y="86.57" b="A"/>
<point x="27.22" y="86.57" b="A"/>
<point x="34.58" y="86.57" b="C"/>
<point x="41.92" y="86.57" b="G"/>
<point x="49.70" y="86.57" b="U"/>
<point x="57.26" y="86.57" b="U"/>
<point x="62.39" y="81.22" b="G"/>
<point x="62.60" y="73.66" b="C"/>
<point x="62.81" y="66.10" b="A"/>
<point x="62.60" y="58.54" b="U"/>
<point x="62.39" y="50.98" b="G"/>
<point x="57.10" y="46.03" b="A"/>
<point x="54.54" y="38.84" b="U"/>
<point x="56.21" y="31.47" b="C"/>
<point x="61.22" y="26.00" b="G"/>
<point x="68.72" y="23.98" b="U"/>
<point x="76.21" y="26.00" b="A"/>
<point x="81.43" y="31.47" b="A"/>
<point x="83.10" y="38.84" b="A"/>
<point x="80.75" y="46.03" b="A"/>
<point x="74.84" y="50.98" b="C"/>
<point x="75.05" y="58.54" b="A"/>
<point x="74.84" y="66.10" b="U"/>
<point x="74.63" y="73.66" b="G"/>
<point x="74.84" y="81.22" b="C"/>
<point x="80.19" y="86.57" b="C"/>
<point x="85.53" y="81.22" b="C"/>
<point x="85.32" y="73.66" b="G"/>
<point x="85.32" y="66.10" b="G"/>
<point x="85.53" y="58.54" b="C"/>
<point x="85.53" y="50.98" b="U"/>
<point x="85.53" y="43.42" b="U"/>
<point x="82.34" y="36.67" b="A"/>
<point x="84.71" y="29.57" b="C"/>
<point x="91.65" y="26.57" b="C"/>
<point x="98.38" y="29.57" b="G"/>
<point x="101.17" y="36.67" b="U"/>
<point x="97.56" y="43.42" b="G"/>
<point x="97.98" y="50.98" b="A"/>
<point x="97.56" y="58.54" b="G"/>
<point x="97.77" y="66.10" b="C"/>
<point x="97.77" y="73.66" b="C"/>
<point x="97.56" y="81.22" b="G"/>
<point x="108.46" y="91.92" b="C"/>
<point x="116.02" y="91.92" b="C"/>
<point x="123.58" y="91.92" b="U"/>
<point x="131.14" y="91.92" b="U"/>
<point x="138.70" y="91.92" b="U"/>
<point x="145.25" y="88.51" b="G"/>
<point x="152.77" y="91.09" b="A"/>
<point x="155.76" y="98.04" b="A"/>
<point x="152.77" y="104.98" b="A"/>
<point x="145.25" y="107.56" b="G"/>
<point x="138.91" y="104.16" b="A"/>
<point x="131.35" y="104.16" b="A"/>
<point x="123.79" y="104.16" b="A"/>
<point x="115.81" y="104.16" b="G"/>
<point x="108.25" y="104.16" b="G"/>
<point x="103.12" y="109.50" b="U"/>
<point x="103.12" y="117.06" b="U"/>
<point x="103.12" y="124.62" b="U"/>
<point x="103.32" y="132.18" b="A"/>
<point x="103.12" y="139.74" b="C"/>
<point x="103.32" y="147.30" b="A"/>
<point x="103.12" y="154.86" b="C"/>
<point x="108.25" y="160.21" b="G"/>
<point x="115.81" y="160.21" b="G"/>
<point x="122.15" y="155.50" b="A"/>
<point x="129.50" y="155.50" b="C"/>
<point x="135.42" y="160.21" b="U"/>
<point x="142.98" y="160.21" b="C"/>
<point x="150.54" y="160.21" b="U"/>
<point x="157.89" y="160.21" b="G"/>
<point x="165.66" y="160.21" b="U"/>
<point x="173.22" y="160.21" b="U"/>
<point x="180.57" y="160.21" b="G"/>
<point x="175.43" y="154.86" b="C"/>
<point x="175.22" y="147.30" b="G"/>
<point x="180.78" y="141.96" b="U"/>
<point x="188.34" y="141.96" b="U"/>
<point x="193.89" y="147.30" b="A"/>
<point x="193.68" y="154.86" b="C"/>
<point x="188.13" y="160.21" b="G"/>
<point x="195.90" y="160.21" b="C"/>
<point x="203.66" y="160.21" b="A"/>
<point x="211.02" y="160.21" b="C"/>
<point x="218.37" y="160.21" b="G"/>
<point x="223.54" y="154.50" b="U"/>
<point x="230.93" y="152.15" b="A"/>
<point x="238.09" y="153.82" b="C"/>
<point x="243.56" y="159.04" b="C"/>
<point x="245.58" y="166.33" b="U"/>
<point x="243.77" y="173.61" b="A"/>
<point x="238.30" y="178.83" b="A"/>
<point x="230.72" y="180.50" b="C"/>
<point x="223.74" y="178.15" b="Y"/>
<point x="218.78" y="172.45" b="Y"/>
<point x="210.81" y="172.45" b="G"/>
<point x="203.46" y="172.45" b="U"/>
<point x="195.69" y="172.45" b="G"/>
<point x="188.34" y="172.45" b="C"/>
<point x="180.78" y="172.45" b="C"/>
<point x="173.22" y="172.45" b="R"/>
<point x="165.45" y="172.45" b="G"/>
<point x="158.10" y="172.45" b="C"/>
<point x="150.74" y="172.45" b="A"/>
<point x="142.77" y="172.45" b="G"/>
<point x="135.62" y="172.45" b="A"/>
<point x="138.97" y="179.23" b="A"/>
<point x="137.84" y="186.73" b="U"/>
<point x="133.17" y="192.51" b="A"/>
<point x="125.93" y="194.67" b="A"/>
<point x="118.68" y="192.51" b="A"/>
<point x="113.39" y="186.73" b="G"/>
<point x="112.89" y="179.23" b="A"/>
<point x="116.02" y="172.45" b="C"/>
<point x="108.46" y="172.45" b="C"/>
<point x="103.12" y="177.79" b="U"/>
<point x="103.12" y="185.35" b="U"/>
<point x="103.12" y="192.91" b="U"/>
<point x="103.12" y="200.47" b="U"/>
<point x="102.91" y="208.03" b="G"/>
<point x="102.91" y="215.59" b="G"/>
<point x="103.12" y="223.15" b="U"/>
<point x="103.12" y="230.71" b="U"/>
<point x="103.12" y="238.27" b="U"/>
<point x="103.12" y="245.83" b="C"/>
<point x="103.12" y="253.39" b="U"/>
<point x="103.32" y="260.95" b="A"/>
<point x="103.12" y="268.51" b="C"/>
<point x="103.32" y="276.07" b="A"/>
<point x="102.91" y="283.63" b="G"/>
<point x="103.12" y="291.19" b="U"/>
<point x="103.12" y="298.75" b="U"/>
<point x="103.12" y="306.31" b="U"/>
<point x="103.12" y="313.87" b="U"/>
<point x="103.12" y="321.43" b="U"/>
<point x="103.12" y="328.99" b="U"/>
<point x="103.12" y="336.55" b="C"/>
<point x="103.12" y="344.11" b="C"/>
</structure>