<structure>
<point x="17.24" y="72.97" b="R"/>
<point x="17.39" y="65.62" b="N"/>
<point x="17.39" y="58.06" b="N"/>
<point x="17.39" y="50.50" b="N"/>
<point x="17.39" y="42.94" b="N"/>
<point x="13.13" y="36.70" b="N"/>
<point x="14.06" y="29.20" b="N"/>
<point x="19.79" y="23.98" b="Y"/>
<point x="27.14" y="23.98" b="C"/>
<point x="32.60" y="28.99" b="G"/>
<point x="33.89" y="36.70" b="N"/>
<point x="29.63" y="42.94" b="N"/>
<point x="29.63" y="50.50" b="N"/>
<point x="29.63" y="58.06" b="N"/>
<point x="29.63" y="65.62" b="N"/>
<point x="29.69" y="72.97" b="Y"/>
<point x="34.98" y="78.53" b="N"/>
<point x="42.59" y="78.32" b="Y"/>
<point x="50.10" y="78.53" b="N"/>
<point x="57.71" y="78.32" b="Y"/>
<point x="65.22" y="78.53" b="N"/>
<point x="72.78" y="78.53" b="N"/>
<point x="80.34" y="78.53" b="N"/>
<point x="87.90" y="78.53" b="N"/>
<point x="95.31" y="78.32" b="R"/>
<point x="103.07" y="78.32" b="A"/>
<point x="110.58" y="78.53" b="N"/>
<point x="117.99" y="78.32" b="U"/>
<point x="125.55" y="78.32" b="U"/>
<point x="132.90" y="78.32" b="G"/>
<point x="140.67" y="78.32" b="R"/>
<point x="148.43" y="78.32" b="A"/>
<point x="155.99" y="78.32" b="A"/>
<point x="163.50" y="78.53" b="N"/>
<point x="171.06" y="78.53" b="N"/>
<point x="178.67" y="78.32" b="A"/>
<point x="186.23" y="78.32" b="Y"/>
<point x="193.79" y="78.32" b="A"/>
<point x="201.15" y="78.32" b="C"/>
<point x="208.91" y="78.32" b="A"/>
<point x="216.06" y="78.32" b="G"/>
<point x="224.03" y="78.32" b="A"/>
<point x="231.18" y="78.32" b="G"/>
<point x="239.15" y="78.32" b="A"/>
<point x="246.71" y="78.32" b="A"/>
<point x="253.86" y="78.32" b="G"/>
<point x="261.83" y="78.32" b="A"/>
<point x="269.19" y="78.32" b="U"/>
<point x="276.75" y="78.32" b="U"/>
<point x="284.51" y="78.32" b="A"/>
<point x="291.66" y="78.32" b="G"/>
<point x="299.43" y="78.32" b="C"/>
<point x="307.19" y="78.32" b="A"/>
<point x="314.55" y="78.32" b="U"/>
<point x="322.11" y="78.32" b="R"/>
<point x="329.46" y="78.32" b="G"/>
<point x="337.23" y="78.32" b="C"/>
<point x="344.79" y="78.32" b="C"/>
<point x="352.35" y="78.32" b="C"/>
<point x="359.91" y="78.32" b="C"/>
<point x="367.47" y="78.32" b="U"/>
<point x="374.82" y="78.32" b="G"/>
<point x="382.59" y="78.32" b="C"/>
<point x="390.15" y="78.32" b="R"/>
<point x="397.91" y="78.32" b="Y"/>
<point x="405.47" y="78.32" b="A"/>
<point x="413.03" y="78.32" b="A"/>
<point x="420.18" y="78.32" b="G"/>
<point x="427.74" y="78.32" b="G"/>
<point x="435.71" y="78.32" b="A"/>
<point x="443.07" y="78.32" b="U"/>
<point x="450.42" y="78.32" b="G"/>
<point x="458.39" y="78.32" b="A"/>
<point x="465.75" y="78.32" b="C"/>
<point x="473.51" y="78.32" b="A"/>
<point x="481.07" y="78.32" b="Y"/>
<point x="488.58" y="78.53" b="N"/>
<point x="496.14" y="78.53" b="N"/>
<point x="503.70" y="78.53" b="N"/>
<point x="511.26" y="78.53" b="N"/>
<point x="518.82" y="78.53" b="N"/>
<point x="526.38" y="78.53" b="N"/>
<point x="533.99" y="78.32" b="Y"/>
<point x="541.50" y="78.53" b="N"/>
<point x="548.91" y="78.32" b="R"/>
<point x="556.62" y="78.53" b="N"/>
<point x="563.82" y="78.32" b="G"/>
<point x="571.79" y="78.32" b="A"/>
<point x="579.15" y="78.32" b="R"/>
<point x="586.71" y="78.32" b="R"/>
<point x="594.42" y="78.53" b="N"/>
<point x="601.98" y="78.53" b="N"/>
<point x="609.59" y="78.32" b="Y"/>
<point x="617.10" y="78.53" b="N"/>
<point x="624.66" y="78.53" b="N"/>
<point x="632.22" y="78.53" b="N"/>
<point x="639.78" y="78.53" b="N"/>
<point x="647.34" y="78.53" b="N"/>
<point x="654.90" y="78.53" b="N"/>
<point x="662.51" y="78.32" b="Y"/>
<point x="669.87" y="78.32" b="U"/>
<point x="677.43" y="78.32" b="U"/>
<point x="684.99" y="78.32" b="U"/>
<point x="692.55" y="78.32" b="U"/>
</structure>