<structure>
<point x="44.88" y="608.20" b="N"/>
<point x="50.23" y="602.85" b="N"/>
<point x="50.23" y="595.29" b="N"/>
<point x="50.23" y="587.73" b="N"/>
<point x="50.23" y="580.17" b="N"/>
<point x="50.23" y="572.61" b="N"/>
<point x="50.08" y="564.84" b="C"/>
<point x="50.08" y="557.28" b="U"/>
<point x="49.87" y="549.72" b="G"/>
<point x="50.23" y="542.37" b="N"/>
<point x="50.23" y="534.81" b="N"/>
<point x="50.23" y="527.25" b="N"/>
<point x="50.08" y="519.48" b="U"/>
<point x="49.87" y="511.92" b="G"/>
<point x="50.08" y="504.36" b="U"/>
<point x="43.68" y="500.79" b="N"/>
<point x="50.28" y="496.80" b="Y"/>
<point x="49.87" y="489.24" b="G"/>
<point x="50.28" y="481.68" b="Y"/>
<point x="42.93" y="479.92" b="N"/>
<point x="36.02" y="476.32" b="R"/>
<point x="30.23" y="471.86" b="N"/>
<point x="25.34" y="466.10" b="N"/>
<point x="21.69" y="459.47" b="N"/>
<point x="19.45" y="452.25" b="N"/>
<point x="18.69" y="444.73" b="N"/>
<point x="19.50" y="437.00" b="Y"/>
<point x="21.69" y="429.99" b="N"/>
<point x="25.34" y="423.36" b="N"/>
<point x="30.23" y="417.60" b="N"/>
<point x="36.17" y="412.93" b="N"/>
<point x="42.93" y="409.54" b="N"/>
<point x="50.23" y="407.57" b="N"/>
<point x="50.23" y="400.01" b="N"/>
<point x="50.28" y="392.24" b="Y"/>
<point x="50.28" y="384.68" b="Y"/>
<point x="47.13" y="378.00" b="N"/>
<point x="50.23" y="371.10" b="N"/>
<point x="49.87" y="363.33" b="G"/>
<point x="50.08" y="355.77" b="R"/>
<point x="50.23" y="348.42" b="N"/>
<point x="50.08" y="340.65" b="C"/>
<point x="50.08" y="333.09" b="C"/>
<point x="42.68" y="333.62" b="N"/>
<point x="35.21" y="332.43" b="N"/>
<point x="28.14" y="329.76" b="N"/>
<point x="21.74" y="325.73" b="N"/>
<point x="16.28" y="320.50" b="N"/>
<point x="11.98" y="314.28" b="N"/>
<point x="9.01" y="307.33" b="N"/>
<point x="7.50" y="299.92" b="N"/>
<point x="7.50" y="292.36" b="N"/>
<point x="9.01" y="284.95" b="N"/>
<point x="11.98" y="278.00" b="N"/>
<point x="16.28" y="271.78" b="N"/>
<point x="21.74" y="266.55" b="N"/>
<point x="28.14" y="262.52" b="N"/>
<point x="35.21" y="259.85" b="N"/>
<point x="42.68" y="258.66" b="N"/>
<point x="49.87" y="258.77" b="G"/>
<point x="49.87" y="251.21" b="G"/>
<point x="49.87" y="243.65" b="G"/>
<point x="47.13" y="236.97" b="N"/>
<point x="50.08" y="229.86" b="R"/>
<point x="50.23" y="222.51" b="N"/>
<point x="50.23" y="214.95" b="N"/>
<point x="50.23" y="207.39" b="N"/>
<point x="50.23" y="199.83" b="N"/>
<point x="42.68" y="199.41" b="N"/>
<point x="37.54" y="193.71" b="Y"/>
<point x="37.49" y="186.35" b="N"/>
<point x="42.68" y="180.86" b="N"/>
<point x="50.23" y="180.44" b="N"/>
<point x="50.23" y="172.88" b="N"/>
<point x="50.23" y="165.32" b="N"/>
<point x="50.23" y="157.76" b="N"/>
<point x="50.23" y="150.20" b="N"/>
<point x="50.23" y="142.64" b="N"/>
<point x="50.23" y="135.08" b="N"/>
<point x="43.75" y="131.17" b="N"/>
<point x="39.38" y="125.01" b="N"/>
<point x="37.84" y="117.61" b="N"/>
<point x="39.38" y="110.21" b="N"/>
<point x="43.75" y="104.04" b="N"/>
<point x="50.08" y="99.93" b="R"/>
<point x="50.23" y="92.58" b="N"/>
<point x="43.03" y="89.63" b="R"/>
<point x="40.23" y="82.88" b="N"/>
<point x="43.03" y="75.71" b="R"/>
<point x="50.08" y="72.97" b="C"/>
<point x="50.28" y="65.41" b="Y"/>
<point x="50.23" y="58.06" b="N"/>
<point x="50.23" y="50.50" b="N"/>
<point x="50.23" y="42.94" b="N"/>
<point x="46.02" y="36.49" b="Y"/>
<point x="46.90" y="29.20" b="N"/>
<point x="52.62" y="23.98" b="Y"/>
<point x="59.98" y="23.98" b="R"/>
<point x="65.80" y="29.20" b="N"/>
<point x="66.73" y="36.70" b="N"/>
<point x="62.47" y="42.94" b="N"/>
<point x="62.47" y="50.50" b="N"/>
<point x="62.47" y="58.06" b="N"/>
<point x="62.32" y="65.41" b="R"/>
<point x="62.11" y="72.97" b="G"/>
<point x="67.23" y="78.89" b="A"/>
<point x="67.17" y="86.66" b="N"/>
<point x="62.47" y="92.58" b="N"/>
<point x="62.52" y="99.93" b="Y"/>
<point x="68.94" y="104.04" b="N"/>
<point x="73.32" y="110.21" b="N"/>
<point x="74.86" y="117.61" b="N"/>
<point x="73.17" y="124.80" b="R"/>
<point x="68.94" y="131.17" b="N"/>
<point x="62.47" y="135.08" b="N"/>
<point x="62.47" y="142.64" b="N"/>
<point x="62.47" y="150.20" b="N"/>
<point x="62.47" y="157.76" b="N"/>
<point x="62.47" y="165.32" b="N"/>
<point x="62.47" y="172.88" b="N"/>
<point x="62.47" y="180.44" b="N"/>
<point x="67.17" y="186.35" b="N"/>
<point x="67.17" y="193.91" b="N"/>
<point x="62.47" y="199.83" b="N"/>
<point x="62.47" y="207.39" b="N"/>
<point x="62.47" y="214.95" b="N"/>
<point x="62.47" y="222.51" b="N"/>
<point x="62.52" y="229.86" b="Y"/>
<point x="65.42" y="236.76" b="R"/>
<point x="62.32" y="243.65" b="C"/>
<point x="62.32" y="251.21" b="C"/>
<point x="62.32" y="258.77" b="C"/>
<point x="69.62" y="260.75" b="R"/>
<point x="76.37" y="264.13" b="C"/>
<point x="82.32" y="268.80" b="C"/>
<point x="87.21" y="274.57" b="U"/>
<point x="91.00" y="281.40" b="N"/>
<point x="93.25" y="288.62" b="N"/>
<point x="94.01" y="296.14" b="N"/>
<point x="93.25" y="303.66" b="N"/>
<point x="91.00" y="310.88" b="N"/>
<point x="87.36" y="317.51" b="N"/>
<point x="82.47" y="323.27" b="N"/>
<point x="76.58" y="327.73" b="Y"/>
<point x="69.77" y="331.33" b="N"/>
<point x="62.11" y="333.09" b="G"/>
<point x="62.11" y="340.65" b="G"/>
<point x="62.52" y="348.21" b="Y"/>
<point x="62.32" y="355.77" b="U"/>
<point x="62.32" y="363.33" b="C"/>
<point x="62.47" y="371.10" b="N"/>
<point x="65.57" y="378.00" b="N"/>
<point x="62.32" y="384.68" b="R"/>
<point x="62.32" y="392.24" b="R"/>
<point x="62.47" y="400.01" b="N"/>
<point x="62.47" y="407.57" b="N"/>
<point x="69.77" y="409.54" b="N"/>
<point x="76.52" y="412.93" b="N"/>
<point x="82.47" y="417.60" b="N"/>
<point x="87.36" y="423.36" b="N"/>
<point x="91.00" y="429.99" b="N"/>
<point x="93.25" y="437.21" b="N"/>
<point x="94.01" y="444.73" b="N"/>
<point x="93.25" y="452.25" b="N"/>
<point x="91.00" y="459.47" b="N"/>
<point x="87.36" y="466.10" b="N"/>
<point x="82.47" y="471.86" b="N"/>
<point x="76.52" y="476.53" b="N"/>
<point x="69.77" y="479.92" b="N"/>
<point x="62.32" y="481.68" b="R"/>
<point x="62.32" y="489.24" b="C"/>
<point x="62.11" y="496.80" b="G"/>
<point x="62.11" y="504.36" b="G"/>
<point x="62.32" y="511.92" b="C"/>
<point x="62.32" y="519.48" b="R"/>
<point x="62.47" y="527.25" b="N"/>
<point x="62.47" y="534.81" b="N"/>
<point x="62.47" y="542.37" b="N"/>
<point x="62.52" y="549.72" b="Y"/>
<point x="62.11" y="557.28" b="G"/>
<point x="62.11" y="564.84" b="G"/>
<point x="62.47" y="572.61" b="N"/>
<point x="62.47" y="580.17" b="N"/>
<point x="62.47" y="587.73" b="N"/>
<point x="62.47" y="595.29" b="N"/>
<point x="62.47" y="602.85" b="N"/>
<point x="67.87" y="607.99" b="Y"/>
<point x="75.37" y="608.20" b="N"/>
</structure>