<structure>
<point x="17.24" y="134.24" b="U"/>
<point x="17.45" y="126.68" b="A"/>
<point x="17.24" y="119.12" b="C"/>
<point x="17.24" y="111.56" b="U"/>
<point x="14.14" y="104.67" b="U"/>
<point x="17.03" y="97.77" b="G"/>
<point x="17.24" y="90.21" b="C"/>
<point x="17.03" y="82.65" b="G"/>
<point x="17.24" y="75.09" b="C"/>
<point x="17.03" y="67.53" b="G"/>
<point x="17.03" y="59.97" b="G"/>
<point x="17.24" y="52.41" b="C"/>
<point x="17.03" y="44.85" b="G"/>
<point x="17.24" y="37.29" b="C"/>
<point x="15.07" y="30.05" b="U"/>
<point x="19.79" y="23.98" b="A"/>
<point x="27.14" y="23.98" b="U"/>
<point x="31.86" y="30.05" b="A"/>
<point x="29.27" y="37.29" b="G"/>
<point x="29.48" y="44.85" b="C"/>
<point x="29.27" y="52.41" b="G"/>
<point x="29.48" y="59.97" b="C"/>
<point x="29.48" y="67.53" b="C"/>
<point x="29.27" y="75.09" b="G"/>
<point x="29.48" y="82.65" b="C"/>
<point x="29.27" y="90.21" b="G"/>
<point x="29.48" y="97.77" b="C"/>
<point x="32.58" y="104.67" b="U"/>
<point x="29.69" y="111.56" b="A"/>
<point x="29.27" y="119.12" b="G"/>
<point x="29.48" y="126.68" b="U"/>
<point x="29.27" y="134.24" b="G"/>
<point x="39.96" y="144.93" b="G"/>
<point x="47.52" y="144.93" b="G"/>
<point x="55.29" y="144.93" b="C"/>
<point x="62.85" y="144.93" b="C"/>
<point x="67.94" y="139.34" b="C"/>
<point x="75.21" y="137.27" b="C"/>
<point x="82.48" y="139.34" b="C"/>
<point x="87.35" y="144.93" b="G"/>
<point x="95.12" y="144.93" b="C"/>
<point x="102.47" y="144.93" b="G"/>
<point x="108.45" y="140.05" b="C"/>
<point x="115.79" y="139.64" b="G"/>
<point x="122.46" y="143.89" b="A"/>
<point x="124.87" y="151.05" b="A"/>
<point x="122.46" y="158.22" b="A"/>
<point x="116.00" y="162.46" b="C"/>
<point x="108.45" y="162.06" b="C"/>
<point x="102.68" y="157.17" b="C"/>
<point x="94.91" y="157.17" b="G"/>
<point x="87.56" y="157.17" b="C"/>
<point x="85.34" y="164.33" b="A"/>
<point x="79.19" y="168.74" b="Y"/>
<point x="71.43" y="168.74" b="U"/>
<point x="65.49" y="164.33" b="A"/>
<point x="62.64" y="157.17" b="G"/>
<point x="55.29" y="157.17" b="C"/>
<point x="47.73" y="157.17" b="C"/>
<point x="40.17" y="157.17" b="C"/>
<point x="35.03" y="162.52" b="A"/>
<point x="34.83" y="170.08" b="C"/>
<point x="34.83" y="177.64" b="U"/>
<point x="35.03" y="185.20" b="A"/>
<point x="34.62" y="192.76" b="G"/>
<point x="35.03" y="200.32" b="A"/>
<point x="34.83" y="207.88" b="U"/>
<point x="34.83" y="215.44" b="U"/>
</structure>