<structure>
<point x="19.66" y="145.82" b="A"/>
<point x="27.22" y="145.82" b="A"/>
<point x="34.58" y="145.82" b="R"/>
<point x="42.13" y="145.82" b="U"/>
<point x="49.48" y="145.82" b="G"/>
<point x="57.05" y="145.82" b="G"/>
<point x="64.81" y="145.82" b="U"/>
<point x="72.38" y="145.82" b="U"/>
<point x="79.72" y="145.82" b="G"/>
<point x="87.28" y="145.82" b="G"/>
<point x="95.26" y="145.82" b="A"/>
<point x="102.61" y="145.82" b="C"/>
<point x="110.17" y="145.82" b="U"/>
<point x="117.73" y="145.82" b="C"/>
<point x="125.50" y="145.82" b="Y"/>
<point x="132.85" y="145.82" b="U"/>
<point x="140.41" y="145.82" b="U"/>
<point x="148.18" y="145.82" b="Y"/>
<point x="155.53" y="145.82" b="U"/>
<point x="163.30" y="145.82" b="A"/>
<point x="170.86" y="145.82" b="A"/>
<point x="178.42" y="145.82" b="A"/>
<point x="185.92" y="146.03" b="N"/>
<point x="191.12" y="140.47" b="U"/>
<point x="188.23" y="133.58" b="A"/>
<point x="190.91" y="126.68" b="G"/>
<point x="191.33" y="119.12" b="A"/>
<point x="190.91" y="111.56" b="G"/>
<point x="188.23" y="104.67" b="A"/>
<point x="191.12" y="97.77" b="C"/>
<point x="191.33" y="90.21" b="A"/>
<point x="191.33" y="82.65" b="A"/>
<point x="191.12" y="75.09" b="U"/>
<point x="191.12" y="67.53" b="U"/>
<point x="191.33" y="59.97" b="Y"/>
<point x="190.91" y="52.41" b="G"/>
<point x="191.27" y="45.06" b="N"/>
<point x="191.27" y="37.50" b="N"/>
<point x="189.10" y="30.26" b="N"/>
<point x="193.61" y="24.19" b="N"/>
<point x="201.23" y="23.98" b="A"/>
<point x="205.74" y="30.05" b="A"/>
<point x="203.36" y="37.29" b="U"/>
<point x="203.36" y="44.85" b="U"/>
<point x="203.57" y="52.41" b="Y"/>
<point x="203.51" y="60.18" b="N"/>
<point x="203.57" y="67.53" b="A"/>
<point x="203.57" y="75.09" b="A"/>
<point x="203.36" y="82.65" b="U"/>
<point x="203.36" y="90.21" b="U"/>
<point x="203.15" y="97.77" b="G"/>
<point x="206.25" y="104.67" b="G"/>
<point x="203.36" y="111.56" b="C"/>
<point x="203.36" y="119.12" b="U"/>
<point x="203.36" y="126.68" b="U"/>
<point x="206.67" y="133.58" b="A"/>
<point x="203.57" y="140.47" b="A"/>
<point x="214.05" y="151.16" b="C"/>
<point x="221.61" y="151.16" b="C"/>
<point x="229.17" y="151.16" b="C"/>
<point x="236.73" y="151.16" b="U"/>
<point x="244.50" y="151.16" b="A"/>
<point x="251.85" y="151.16" b="C"/>
<point x="259.62" y="151.16" b="Y"/>
<point x="266.76" y="151.16" b="G"/>
<point x="274.53" y="151.16" b="C"/>
<point x="282.30" y="151.16" b="A"/>
<point x="289.86" y="151.16" b="Y"/>
<point x="297.42" y="151.16" b="Y"/>
<point x="300.66" y="144.34" b="A"/>
<point x="305.99" y="138.97" b="A"/>
<point x="312.58" y="135.66" b="C"/>
<point x="320.09" y="134.79" b="C"/>
<point x="327.25" y="136.46" b="G"/>
<point x="334.08" y="140.47" b="A"/>
<point x="338.80" y="146.37" b="A"/>
<point x="341.10" y="153.50" b="C"/>
<point x="341.10" y="161.06" b="U"/>
<point x="338.80" y="168.20" b="A"/>
<point x="333.66" y="174.10" b="G"/>
<point x="327.67" y="178.11" b="A"/>
<point x="320.30" y="179.78" b="Y"/>
<point x="312.79" y="178.91" b="A"/>
<point x="305.99" y="175.60" b="A"/>
<point x="300.66" y="170.23" b="Y"/>
<point x="297.21" y="163.40" b="R"/>
<point x="289.44" y="163.40" b="G"/>
<point x="282.09" y="163.40" b="U"/>
<point x="274.32" y="163.40" b="G"/>
<point x="266.97" y="163.40" b="C"/>
<point x="259.41" y="163.40" b="R"/>
<point x="251.64" y="163.40" b="G"/>
<point x="244.29" y="163.40" b="U"/>
<point x="236.94" y="163.40" b="A"/>
<point x="228.96" y="163.40" b="G"/>
<point x="221.40" y="163.40" b="G"/>
<point x="213.84" y="163.40" b="G"/>
<point x="208.50" y="168.75" b="G"/>
<point x="208.71" y="176.31" b="U"/>
<point x="208.91" y="183.87" b="A"/>
<point x="208.91" y="191.43" b="A"/>
<point x="208.91" y="198.99" b="A"/>
<point x="208.71" y="206.55" b="U"/>
<point x="208.71" y="214.11" b="U"/>
<point x="208.71" y="221.67" b="C"/>
<point x="208.71" y="229.23" b="U"/>
<point x="214.05" y="234.58" b="C"/>
<point x="221.61" y="234.58" b="C"/>
<point x="228.96" y="234.58" b="G"/>
<point x="236.73" y="234.58" b="C"/>
<point x="242.71" y="229.69" b="A"/>
<point x="250.05" y="229.29" b="U"/>
<point x="256.30" y="233.53" b="U"/>
<point x="258.72" y="240.70" b="C"/>
<point x="256.09" y="247.86" b="G"/>
<point x="249.84" y="252.11" b="G"/>
<point x="242.50" y="251.70" b="U"/>
<point x="236.52" y="246.82" b="G"/>
<point x="229.17" y="246.82" b="C"/>
<point x="221.40" y="246.82" b="G"/>
<point x="213.84" y="246.82" b="G"/>
</structure>