<structure>
<point x="95.11" y="233.37" b="N"/>
<point x="94.75" y="225.61" b="G"/>
<point x="94.96" y="218.05" b="C"/>
<point x="95.16" y="210.49" b="A"/>
<point x="87.59" y="209.89" b="N"/>
<point x="80.01" y="208.28" b="R"/>
<point x="72.72" y="206.28" b="U"/>
<point x="65.41" y="203.69" b="G"/>
<point x="58.95" y="200.54" b="A"/>
<point x="52.15" y="196.85" b="U"/>
<point x="45.67" y="192.63" b="G"/>
<point x="39.96" y="187.92" b="U"/>
<point x="34.66" y="182.75" b="Y"/>
<point x="29.58" y="177.15" b="Y"/>
<point x="24.92" y="171.36" b="N"/>
<point x="20.66" y="164.81" b="U"/>
<point x="17.23" y="158.35" b="N"/>
<point x="14.05" y="151.22" b="C"/>
<point x="11.59" y="144.07" b="U"/>
<point x="9.71" y="136.75" b="C"/>
<point x="8.64" y="129.30" b="A"/>
<point x="7.77" y="121.77" b="C"/>
<point x="7.50" y="114.21" b="G"/>
<point x="8.47" y="106.67" b="A"/>
<point x="9.42" y="99.20" b="U"/>
<point x="10.98" y="91.84" b="G"/>
<point x="13.33" y="84.66" b="G"/>
<point x="16.46" y="77.69" b="U"/>
<point x="19.94" y="70.97" b="C"/>
<point x="23.95" y="64.57" b="U"/>
<point x="28.46" y="58.50" b="U"/>
<point x="33.45" y="52.82" b="C"/>
<point x="38.88" y="47.56" b="R"/>
<point x="44.51" y="42.76" b="G"/>
<point x="51.14" y="38.45" b="A"/>
<point x="57.62" y="34.86" b="N"/>
<point x="64.44" y="31.61" b="N"/>
<point x="71.56" y="28.70" b="Y"/>
<point x="78.82" y="26.59" b="Y"/>
<point x="86.02" y="25.07" b="C"/>
<point x="93.67" y="24.36" b="N"/>
<point x="101.23" y="24.06" b="N"/>
<point x="108.78" y="24.36" b="N"/>
<point x="116.29" y="25.28" b="N"/>
<point x="123.69" y="26.80" b="N"/>
<point x="130.59" y="28.70" b="G"/>
<point x="138.01" y="31.61" b="N"/>
<point x="144.48" y="34.65" b="G"/>
<point x="151.38" y="38.66" b="N"/>
<point x="157.64" y="42.76" b="A"/>
<point x="163.42" y="47.77" b="N"/>
<point x="168.71" y="52.82" b="U"/>
<point x="173.49" y="58.50" b="G"/>
<point x="178.36" y="64.77" b="N"/>
<point x="182.43" y="70.97" b="Y"/>
<point x="185.49" y="77.69" b="G"/>
<point x="188.83" y="84.66" b="A"/>
<point x="191.12" y="92.05" b="N"/>
<point x="192.94" y="99.20" b="A"/>
<point x="194.10" y="106.67" b="A"/>
<point x="194.60" y="114.41" b="N"/>
<point x="194.18" y="121.77" b="G"/>
<point x="193.72" y="129.30" b="C"/>
<point x="192.44" y="136.75" b="C"/>
<point x="190.78" y="144.07" b="A"/>
<point x="188.26" y="151.43" b="N"/>
<point x="185.23" y="158.35" b="N"/>
<point x="181.65" y="165.01" b="N"/>
<point x="177.18" y="171.15" b="G"/>
<point x="172.78" y="177.15" b="R"/>
<point x="167.91" y="182.75" b="Y"/>
<point x="162.34" y="188.13" b="N"/>
<point x="156.43" y="192.84" b="N"/>
<point x="150.16" y="197.06" b="N"/>
<point x="143.20" y="200.54" b="G"/>
<point x="136.54" y="203.69" b="C"/>
<point x="129.43" y="206.28" b="U"/>
<point x="121.93" y="208.28" b="G"/>
<point x="114.92" y="209.69" b="A"/>
<point x="107.20" y="210.49" b="U"/>
<point x="106.99" y="218.05" b="G"/>
<point x="107.20" y="225.61" b="C"/>
<point x="107.20" y="233.17" b="C"/>
<point x="112.69" y="238.72" b="N"/>
<point x="120.25" y="238.72" b="N"/>
<point x="127.66" y="238.51" b="R"/>
<point x="135.22" y="238.51" b="R"/>
<point x="142.78" y="238.51" b="R"/>
</structure>