<structure>
<point x="170.42" y="384.93" b="C"/>
<point x="170.42" y="377.37" b="U"/>
<point x="170.42" y="369.81" b="U"/>
<point x="170.42" y="362.25" b="C"/>
<point x="162.87" y="361.81" b="R"/>
<point x="155.14" y="361.03" b="G"/>
<point x="147.87" y="359.92" b="U"/>
<point x="140.24" y="358.47" b="G"/>
<point x="133.31" y="356.69" b="A"/>
<point x="125.99" y="354.79" b="N"/>
<point x="118.47" y="352.16" b="G"/>
<point x="111.84" y="349.42" b="A"/>
<point x="104.87" y="346.57" b="N"/>
<point x="98.16" y="343.00" b="A"/>
<point x="91.54" y="339.34" b="Y"/>
<point x="84.68" y="335.39" b="G"/>
<point x="78.84" y="331.16" b="A"/>
<point x="72.56" y="326.65" b="U"/>
<point x="66.49" y="321.87" b="G"/>
<point x="61.27" y="316.83" b="A"/>
<point x="55.65" y="311.55" b="C"/>
<point x="50.28" y="306.04" b="G"/>
<point x="45.78" y="300.29" b="A"/>
<point x="40.71" y="294.33" b="G"/>
<point x="36.53" y="288.18" b="U"/>
<point x="32.43" y="281.83" b="C"/>
<point x="28.76" y="275.51" b="N"/>
<point x="24.88" y="268.61" b="G"/>
<point x="22.07" y="261.77" b="A"/>
<point x="18.96" y="254.79" b="R"/>
<point x="16.51" y="247.90" b="N"/>
<point x="14.09" y="240.49" b="R"/>
<point x="12.13" y="233.18" b="R"/>
<point x="10.66" y="226.00" b="N"/>
<point x="9.37" y="218.56" b="N"/>
<point x="8.41" y="211.06" b="N"/>
<point x="7.79" y="203.52" b="N"/>
<point x="7.50" y="195.97" b="N"/>
<point x="7.55" y="188.41" b="N"/>
<point x="7.94" y="180.86" b="N"/>
<point x="8.67" y="173.33" b="N"/>
<point x="9.79" y="165.64" b="Y"/>
<point x="11.13" y="158.42" b="N"/>
<point x="12.91" y="150.85" b="Y"/>
<point x="14.76" y="143.57" b="U"/>
<point x="17.28" y="136.61" b="N"/>
<point x="20.03" y="129.34" b="Y"/>
<point x="22.98" y="122.61" b="N"/>
<point x="26.15" y="115.60" b="C"/>
<point x="29.91" y="109.17" b="N"/>
<point x="33.82" y="102.70" b="N"/>
<point x="38.01" y="96.41" b="N"/>
<point x="42.48" y="90.31" b="N"/>
<point x="47.22" y="84.42" b="N"/>
<point x="52.21" y="78.74" b="N"/>
<point x="57.45" y="73.30" b="N"/>
<point x="62.99" y="67.88" b="Y"/>
<point x="68.65" y="63.14" b="N"/>
<point x="74.57" y="58.44" b="N"/>
<point x="80.75" y="53.80" b="Y"/>
<point x="87.02" y="49.86" b="N"/>
<point x="93.52" y="46.00" b="N"/>
<point x="100.03" y="42.23" b="R"/>
<point x="107.06" y="38.96" b="Y"/>
<point x="113.96" y="36.21" b="N"/>
<point x="120.89" y="33.36" b="C"/>
<point x="128.29" y="31.03" b="Y"/>
<point x="135.37" y="29.03" b="R"/>
<point x="142.75" y="27.35" b="C"/>
<point x="149.97" y="26.01" b="G"/>
<point x="157.68" y="25.00" b="U"/>
<point x="165.21" y="24.32" b="U"/>
<point x="172.76" y="23.98" b="C"/>
<point x="180.32" y="23.98" b="U"/>
<point x="187.66" y="24.32" b="G"/>
<point x="195.40" y="25.00" b="U"/>
<point x="202.68" y="26.01" b="G"/>
<point x="210.48" y="27.56" b="N"/>
<point x="217.91" y="29.03" b="Y"/>
<point x="225.14" y="31.24" b="N"/>
<point x="232.19" y="33.36" b="C"/>
<point x="239.42" y="36.21" b="N"/>
<point x="246.38" y="39.17" b="N"/>
<point x="253.25" y="42.23" b="Y"/>
<point x="259.86" y="46.00" b="N"/>
<point x="266.36" y="49.86" b="N"/>
<point x="272.68" y="54.01" b="N"/>
<point x="278.81" y="58.44" b="N"/>
<point x="284.58" y="62.93" b="R"/>
<point x="290.08" y="67.88" b="G"/>
<point x="295.92" y="73.30" b="N"/>
<point x="301.17" y="78.74" b="N"/>
<point x="306.01" y="84.21" b="C"/>
<point x="310.95" y="90.10" b="Y"/>
<point x="315.37" y="96.41" b="N"/>
<point x="319.62" y="102.49" b="Y"/>
<point x="323.47" y="109.17" b="N"/>
<point x="327.08" y="115.81" b="N"/>
<point x="330.39" y="122.61" b="N"/>
<point x="333.40" y="129.54" b="N"/>
<point x="336.10" y="136.61" b="N"/>
<point x="338.47" y="143.78" b="N"/>
<point x="340.38" y="150.85" b="R"/>
<point x="342.10" y="158.21" b="R"/>
<point x="343.65" y="165.85" b="N"/>
<point x="344.71" y="173.33" b="N"/>
<point x="345.49" y="180.65" b="Y"/>
<point x="345.88" y="188.20" b="Y"/>
<point x="345.93" y="195.76" b="Y"/>
<point x="345.44" y="203.32" b="U"/>
<point x="344.97" y="211.06" b="N"/>
<point x="344.07" y="218.35" b="Y"/>
<point x="342.57" y="225.80" b="U"/>
<point x="341.09" y="233.39" b="N"/>
<point x="339.14" y="240.69" b="N"/>
<point x="336.87" y="247.90" b="N"/>
<point x="334.27" y="255.00" b="N"/>
<point x="331.36" y="261.98" b="N"/>
<point x="327.99" y="268.61" b="R"/>
<point x="324.62" y="275.51" b="N"/>
<point x="320.80" y="282.03" b="N"/>
<point x="316.34" y="288.18" b="G"/>
<point x="312.31" y="294.54" b="N"/>
<point x="307.71" y="300.29" b="Y"/>
<point x="302.74" y="306.24" b="N"/>
<point x="297.42" y="311.55" b="U"/>
<point x="292.16" y="317.04" b="N"/>
<point x="286.16" y="321.87" b="G"/>
<point x="280.72" y="326.65" b="A"/>
<point x="274.24" y="331.16" b="G"/>
<point x="267.98" y="335.39" b="G"/>
<point x="261.74" y="339.34" b="C"/>
<point x="255.33" y="343.00" b="A"/>
<point x="248.35" y="346.37" b="U"/>
<point x="241.44" y="349.42" b="U"/>
<point x="234.39" y="352.16" b="U"/>
<point x="227.02" y="354.59" b="G"/>
<point x="219.97" y="356.69" b="U"/>
<point x="212.62" y="358.47" b="C"/>
<point x="205.20" y="359.92" b="U"/>
<point x="197.51" y="361.03" b="G"/>
<point x="190.41" y="361.81" b="A"/>
<point x="182.45" y="362.25" b="G"/>
<point x="182.87" y="369.81" b="A"/>
<point x="182.87" y="377.37" b="A"/>
<point x="182.45" y="384.93" b="G"/>
<point x="187.79" y="390.27" b="G"/>
</structure>