<structure>
<point x="19.60" y="268.71" b="N"/>
<point x="24.95" y="263.37" b="N"/>
<point x="24.95" y="255.81" b="N"/>
<point x="25.01" y="248.04" b="Y"/>
<point x="24.80" y="240.48" b="R"/>
<point x="24.80" y="232.92" b="U"/>
<point x="24.95" y="225.57" b="N"/>
<point x="20.30" y="219.44" b="Y"/>
<point x="20.30" y="211.88" b="A"/>
<point x="24.80" y="205.97" b="C"/>
<point x="24.80" y="198.41" b="C"/>
<point x="24.80" y="190.85" b="C"/>
<point x="17.90" y="188.32" b="N"/>
<point x="14.60" y="181.15" b="G"/>
<point x="17.75" y="174.19" b="U"/>
<point x="25.01" y="171.45" b="A"/>
<point x="24.59" y="163.89" b="G"/>
<point x="25.01" y="156.33" b="A"/>
<point x="24.80" y="148.77" b="U"/>
<point x="24.80" y="141.21" b="C"/>
<point x="24.80" y="133.65" b="C"/>
<point x="24.80" y="126.09" b="R"/>
<point x="25.01" y="118.53" b="A"/>
<point x="24.95" y="111.18" b="N"/>
<point x="25.01" y="103.41" b="Y"/>
<point x="25.01" y="95.85" b="Y"/>
<point x="24.80" y="88.29" b="U"/>
<point x="24.59" y="80.73" b="G"/>
<point x="24.80" y="73.17" b="U"/>
<point x="24.95" y="65.82" b="N"/>
<point x="18.21" y="62.40" b="N"/>
<point x="13.08" y="56.85" b="N"/>
<point x="10.21" y="49.85" b="N"/>
<point x="9.97" y="42.29" b="N"/>
<point x="12.37" y="35.13" b="N"/>
<point x="17.12" y="29.25" b="N"/>
<point x="23.63" y="25.40" b="N"/>
<point x="31.07" y="24.06" b="N"/>
<point x="38.51" y="25.40" b="N"/>
<point x="45.02" y="29.25" b="N"/>
<point x="49.77" y="35.13" b="N"/>
<point x="52.23" y="42.09" b="Y"/>
<point x="51.78" y="49.64" b="R"/>
<point x="49.06" y="56.85" b="N"/>
<point x="43.93" y="62.40" b="N"/>
<point x="37.19" y="65.82" b="N"/>
<point x="37.25" y="73.17" b="A"/>
<point x="37.04" y="80.73" b="C"/>
<point x="37.25" y="88.29" b="A"/>
<point x="37.04" y="95.85" b="R"/>
<point x="37.04" y="103.41" b="R"/>
<point x="37.25" y="110.97" b="Y"/>
<point x="37.04" y="118.53" b="U"/>
<point x="37.19" y="126.30" b="N"/>
<point x="36.83" y="133.65" b="G"/>
<point x="37.19" y="141.42" b="N"/>
<point x="37.19" y="148.98" b="N"/>
<point x="37.04" y="156.33" b="U"/>
<point x="37.19" y="164.10" b="N"/>
<point x="37.04" y="171.45" b="U"/>
<point x="41.95" y="177.37" b="A"/>
<point x="41.90" y="185.14" b="N"/>
<point x="37.04" y="190.85" b="R"/>
<point x="36.83" y="198.41" b="G"/>
<point x="36.83" y="205.97" b="G"/>
<point x="41.90" y="212.09" b="N"/>
<point x="41.90" y="219.65" b="N"/>
<point x="37.25" y="225.36" b="Y"/>
<point x="37.04" y="232.92" b="R"/>
<point x="37.25" y="240.48" b="Y"/>
<point x="37.04" y="248.04" b="R"/>
<point x="37.19" y="255.81" b="N"/>
<point x="37.19" y="263.37" b="N"/>
<point x="42.39" y="268.50" b="R"/>
<point x="50.10" y="268.71" b="N"/>
</structure>