<structure>
<point x="19.45" y="116.12" b="U"/>
<point x="27.02" y="116.12" b="U"/>
<point x="34.58" y="116.12" b="U"/>
<point x="42.13" y="116.12" b="U"/>
<point x="49.70" y="116.12" b="U"/>
<point x="57.26" y="116.12" b="U"/>
<point x="65.02" y="116.12" b="A"/>
<point x="72.17" y="116.12" b="G"/>
<point x="79.72" y="116.12" b="G"/>
<point x="87.28" y="116.12" b="G"/>
<point x="95.26" y="116.12" b="A"/>
<point x="102.82" y="116.12" b="A"/>
<point x="110.38" y="116.12" b="A"/>
<point x="117.94" y="116.12" b="A"/>
<point x="125.30" y="116.12" b="U"/>
<point x="130.85" y="110.77" b="Y"/>
<point x="130.64" y="103.21" b="U"/>
<point x="130.43" y="95.65" b="G"/>
<point x="130.43" y="88.09" b="G"/>
<point x="130.64" y="80.53" b="C"/>
<point x="130.64" y="72.97" b="C"/>
<point x="130.64" y="65.41" b="U"/>
<point x="130.64" y="57.85" b="U"/>
<point x="130.64" y="50.29" b="C"/>
<point x="130.64" y="42.73" b="C"/>
<point x="126.53" y="36.70" b="N"/>
<point x="127.31" y="28.99" b="R"/>
<point x="132.98" y="23.98" b="C"/>
<point x="140.75" y="23.98" b="A"/>
<point x="146.41" y="28.99" b="A"/>
<point x="147.14" y="36.49" b="R"/>
<point x="142.67" y="42.73" b="G"/>
<point x="142.67" y="50.29" b="G"/>
<point x="142.88" y="57.85" b="R"/>
<point x="143.09" y="65.41" b="A"/>
<point x="142.67" y="72.97" b="G"/>
<point x="142.67" y="80.53" b="G"/>
<point x="142.88" y="88.09" b="C"/>
<point x="142.88" y="95.65" b="C"/>
<point x="143.09" y="103.21" b="A"/>
<point x="142.67" y="110.77" b="G"/>
<point x="148.02" y="116.12" b="G"/>
<point x="155.79" y="116.12" b="R"/>
<point x="163.55" y="116.12" b="A"/>
<point x="171.11" y="116.12" b="A"/>
<point x="178.67" y="116.12" b="Y"/>
<point x="186.03" y="116.12" b="U"/>
<point x="193.59" y="116.12" b="U"/>
<point x="201.35" y="116.12" b="Y"/>
<point x="208.71" y="116.12" b="C"/>
<point x="216.47" y="116.12" b="Y"/>
<point x="223.83" y="116.12" b="U"/>
</structure>