<structure>
<point x="19.60" y="116.33" b="N"/>
<point x="27.02" y="116.12" b="R"/>
<point x="34.73" y="116.33" b="N"/>
<point x="42.28" y="116.33" b="N"/>
<point x="49.90" y="116.12" b="Y"/>
<point x="57.26" y="116.12" b="R"/>
<point x="64.97" y="116.33" b="N"/>
<point x="72.53" y="116.33" b="N"/>
<point x="80.09" y="116.33" b="N"/>
<point x="87.50" y="116.12" b="R"/>
<point x="95.06" y="116.12" b="R"/>
<point x="102.77" y="116.33" b="N"/>
<point x="110.17" y="116.12" b="R"/>
<point x="117.73" y="116.12" b="R"/>
<point x="125.30" y="116.12" b="R"/>
<point x="132.65" y="116.12" b="G"/>
<point x="140.56" y="116.33" b="N"/>
<point x="148.12" y="116.33" b="N"/>
<point x="155.53" y="116.12" b="R"/>
<point x="163.09" y="116.12" b="R"/>
<point x="168.65" y="110.77" b="Y"/>
<point x="168.44" y="103.21" b="R"/>
<point x="168.44" y="95.65" b="U"/>
<point x="163.55" y="89.89" b="C"/>
<point x="163.36" y="82.34" b="A"/>
<point x="167.19" y="76.08" b="G"/>
<point x="174.35" y="73.67" b="G"/>
<point x="181.93" y="76.08" b="A"/>
<point x="185.97" y="82.34" b="U"/>
<point x="185.36" y="89.89" b="G"/>
<point x="180.68" y="95.65" b="R"/>
<point x="180.68" y="103.21" b="U"/>
<point x="180.47" y="110.77" b="G"/>
<point x="186.18" y="116.33" b="N"/>
<point x="193.79" y="116.12" b="Y"/>
<point x="201.15" y="116.12" b="R"/>
<point x="208.86" y="116.33" b="N"/>
<point x="216.42" y="116.33" b="N"/>
<point x="223.98" y="116.33" b="N"/>
<point x="231.59" y="116.12" b="Y"/>
<point x="239.10" y="116.33" b="N"/>
<point x="246.66" y="116.33" b="N"/>
<point x="254.22" y="116.33" b="N"/>
<point x="261.78" y="116.33" b="N"/>
<point x="269.34" y="116.33" b="N"/>
<point x="276.54" y="116.12" b="G"/>
<point x="284.51" y="116.12" b="A"/>
<point x="292.02" y="116.33" b="N"/>
<point x="297.36" y="110.98" b="N"/>
<point x="297.42" y="103.21" b="Y"/>
<point x="297.36" y="95.86" b="N"/>
<point x="297.42" y="88.09" b="Y"/>
<point x="297.21" y="80.53" b="C"/>
<point x="294.02" y="73.78" b="A"/>
<point x="296.18" y="66.68" b="G"/>
<point x="303.12" y="63.68" b="G"/>
<point x="310.48" y="66.68" b="A"/>
<point x="313.00" y="73.99" b="N"/>
<point x="309.24" y="80.53" b="G"/>
<point x="309.45" y="88.09" b="R"/>
<point x="309.60" y="95.86" b="N"/>
<point x="309.45" y="103.21" b="R"/>
<point x="309.60" y="110.98" b="N"/>
<point x="314.80" y="116.12" b="R"/>
<point x="322.56" y="116.12" b="Y"/>
<point x="329.92" y="116.12" b="R"/>
<point x="337.63" y="116.33" b="N"/>
<point x="345.04" y="116.12" b="R"/>
<point x="352.39" y="116.12" b="G"/>
<point x="360.16" y="116.12" b="R"/>
<point x="367.87" y="116.33" b="N"/>
<point x="375.48" y="116.12" b="A"/>
<point x="382.99" y="116.33" b="N"/>
<point x="388.33" y="110.98" b="N"/>
<point x="388.39" y="103.21" b="Y"/>
<point x="388.39" y="95.65" b="Y"/>
<point x="388.18" y="88.09" b="U"/>
<point x="388.18" y="80.53" b="C"/>
<point x="384.99" y="73.78" b="A"/>
<point x="387.15" y="66.68" b="G"/>
<point x="394.09" y="63.68" b="G"/>
<point x="401.45" y="66.68" b="A"/>
<point x="403.97" y="73.99" b="N"/>
<point x="400.21" y="80.53" b="G"/>
<point x="400.63" y="88.09" b="A"/>
<point x="400.63" y="95.65" b="A"/>
<point x="400.42" y="103.21" b="R"/>
<point x="400.42" y="110.77" b="C"/>
<point x="405.77" y="116.12" b="R"/>
<point x="413.48" y="116.33" b="N"/>
<point x="420.89" y="116.12" b="R"/>
<point x="428.45" y="116.12" b="R"/>
<point x="436.01" y="116.12" b="R"/>
<point x="443.78" y="116.12" b="A"/>
<point x="451.28" y="116.33" b="N"/>
<point x="456.48" y="110.77" b="R"/>
<point x="456.62" y="103.42" b="N"/>
<point x="456.68" y="95.65" b="Y"/>
<point x="456.62" y="88.30" b="N"/>
<point x="456.48" y="80.53" b="C"/>
<point x="453.28" y="73.78" b="A"/>
<point x="455.44" y="66.68" b="G"/>
<point x="462.38" y="63.68" b="G"/>
<point x="469.74" y="66.68" b="A"/>
<point x="472.32" y="73.78" b="Y"/>
<point x="468.50" y="80.53" b="G"/>
<point x="468.87" y="88.30" b="N"/>
<point x="468.71" y="95.65" b="R"/>
<point x="468.87" y="103.42" b="N"/>
<point x="468.92" y="110.77" b="Y"/>
<point x="474.21" y="116.33" b="N"/>
<point x="481.83" y="116.12" b="A"/>
<point x="489.18" y="116.12" b="R"/>
<point x="496.53" y="116.12" b="G"/>
<point x="504.09" y="116.12" b="G"/>
<point x="512.07" y="116.12" b="A"/>
<point x="519.42" y="116.12" b="C"/>
<point x="527.19" y="116.12" b="A"/>
<point x="534.54" y="116.12" b="C"/>
<point x="539.89" y="110.77" b="C"/>
<point x="539.89" y="103.21" b="U"/>
<point x="539.89" y="95.65" b="C"/>
<point x="539.89" y="88.09" b="C"/>
<point x="536.69" y="81.34" b="A"/>
<point x="538.86" y="74.24" b="G"/>
<point x="545.80" y="71.24" b="G"/>
<point x="553.15" y="74.24" b="A"/>
<point x="555.73" y="81.34" b="Y"/>
<point x="551.92" y="88.09" b="G"/>
<point x="551.92" y="95.65" b="G"/>
<point x="552.33" y="103.21" b="A"/>
<point x="551.92" y="110.77" b="G"/>
<point x="557.68" y="116.12" b="A"/>
<point x="565.18" y="116.33" b="N"/>
<point x="572.80" y="116.12" b="Y"/>
<point x="579.94" y="116.12" b="G"/>
<point x="587.92" y="116.12" b="A"/>
<point x="595.06" y="116.12" b="G"/>
<point x="603.04" y="116.12" b="A"/>
<point x="607.97" y="110.77" b="G"/>
<point x="608.18" y="103.21" b="C"/>
<point x="608.18" y="95.65" b="C"/>
<point x="607.97" y="88.09" b="G"/>
<point x="608.33" y="80.74" b="N"/>
<point x="608.18" y="72.97" b="U"/>
<point x="603.29" y="67.21" b="C"/>
<point x="603.09" y="59.66" b="A"/>
<point x="606.92" y="53.40" b="G"/>
<point x="614.09" y="50.99" b="G"/>
<point x="621.67" y="53.40" b="A"/>
<point x="625.86" y="59.86" b="N"/>
<point x="625.46" y="67.41" b="N"/>
<point x="620.42" y="72.97" b="R"/>
<point x="620.62" y="80.53" b="Y"/>
<point x="620.62" y="88.09" b="Y"/>
<point x="620.21" y="95.65" b="G"/>
<point x="620.21" y="103.21" b="G"/>
<point x="620.62" y="110.77" b="Y"/>
<point x="625.55" y="116.12" b="G"/>
<point x="630.90" y="110.77" b="G"/>
<point x="630.90" y="103.21" b="G"/>
<point x="631.32" y="95.65" b="Y"/>
<point x="626.43" y="89.89" b="Y"/>
<point x="626.02" y="82.34" b="A"/>
<point x="629.86" y="76.08" b="G"/>
<point x="637.02" y="73.67" b="G"/>
<point x="644.60" y="76.08" b="A"/>
<point x="648.79" y="82.54" b="N"/>
<point x="648.24" y="89.89" b="R"/>
<point x="643.35" y="95.65" b="R"/>
<point x="643.35" y="103.21" b="C"/>
<point x="643.56" y="110.77" b="Y"/>
<point x="648.85" y="116.33" b="N"/>
<point x="656.40" y="116.33" b="N"/>
<point x="663.97" y="116.33" b="N"/>
<point x="671.52" y="116.33" b="N"/>
<point x="679.09" y="116.33" b="N"/>
<point x="686.64" y="116.33" b="N"/>
<point x="691.99" y="110.98" b="N"/>
<point x="691.99" y="103.42" b="N"/>
<point x="691.99" y="95.86" b="N"/>
<point x="691.99" y="88.30" b="N"/>
<point x="688.65" y="81.34" b="A"/>
<point x="690.81" y="74.24" b="G"/>
<point x="697.75" y="71.24" b="G"/>
<point x="705.11" y="74.24" b="A"/>
<point x="707.69" y="81.34" b="Y"/>
<point x="704.23" y="88.30" b="N"/>
<point x="704.29" y="95.65" b="A"/>
<point x="704.23" y="103.42" b="N"/>
<point x="704.23" y="110.98" b="N"/>
<point x="709.58" y="116.33" b="N"/>
<point x="717.14" y="116.33" b="N"/>
<point x="724.70" y="116.33" b="N"/>
<point x="732.26" y="116.33" b="N"/>
<point x="739.82" y="116.33" b="N"/>
<point x="747.38" y="116.33" b="N"/>
<point x="754.99" y="116.12" b="A"/>
<point x="762.50" y="116.33" b="N"/>
<point x="769.91" y="116.12" b="C"/>
<point x="777.47" y="116.12" b="R"/>
<point x="784.82" y="116.12" b="G"/>
<point x="792.38" y="116.12" b="G"/>
<point x="800.15" y="116.12" b="R"/>
<point x="807.86" y="116.33" b="N"/>
<point x="815.27" y="116.12" b="R"/>
<point x="822.83" y="116.12" b="R"/>
<point x="830.54" y="116.33" b="N"/>
<point x="838.10" y="116.33" b="N"/>
<point x="845.66" y="116.33" b="N"/>
<point x="853.22" y="116.33" b="N"/>
<point x="860.78" y="116.33" b="N"/>
<point x="866.12" y="110.98" b="N"/>
<point x="865.97" y="103.21" b="C"/>
<point x="862.78" y="96.46" b="A"/>
<point x="864.94" y="89.36" b="G"/>
<point x="871.88" y="86.36" b="G"/>
<point x="879.24" y="89.36" b="A"/>
<point x="881.76" y="96.67" b="N"/>
<point x="878.00" y="103.21" b="G"/>
<point x="878.36" y="110.98" b="N"/>
<point x="883.71" y="116.33" b="N"/>
<point x="891.27" y="116.33" b="N"/>
<point x="898.83" y="116.33" b="N"/>
<point x="906.39" y="116.33" b="N"/>
<point x="913.95" y="116.33" b="N"/>
<point x="921.51" y="116.33" b="N"/>
<point x="929.07" y="116.33" b="N"/>
<point x="936.63" y="116.33" b="N"/>
<point x="944.19" y="116.33" b="N"/>
<point x="951.75" y="116.33" b="N"/>
<point x="959.31" y="116.33" b="N"/>
<point x="966.87" y="116.33" b="N"/>
<point x="974.43" y="116.33" b="N"/>
<point x="981.99" y="116.33" b="N"/>
<point x="989.40" y="116.12" b="R"/>
<point x="997.11" y="116.33" b="N"/>
<point x="1004.72" y="116.12" b="Y"/>
<point x="1012.08" y="116.12" b="R"/>
<point x="1019.79" y="116.33" b="N"/>
<point x="1027.35" y="116.33" b="N"/>
<point x="1034.90" y="116.33" b="N"/>
<point x="1042.11" y="116.12" b="G"/>
<point x="1050.03" y="116.33" b="N"/>
<point x="1057.64" y="116.12" b="Y"/>
<point x="1065.14" y="116.33" b="N"/>
<point x="1072.35" y="116.12" b="G"/>
<point x="1080.27" y="116.33" b="N"/>
<point x="1087.88" y="116.12" b="A"/>
<point x="1095.38" y="116.33" b="N"/>
<point x="1102.80" y="116.12" b="R"/>
<point x="1110.36" y="116.12" b="R"/>
<point x="1117.92" y="116.12" b="C"/>
<point x="1125.68" y="116.12" b="Y"/>
<point x="1133.18" y="116.33" b="N"/>
<point x="1140.74" y="116.33" b="N"/>
<point x="1148.36" y="116.12" b="A"/>
<point x="1155.51" y="116.12" b="G"/>
<point x="1163.07" y="116.12" b="G"/>
<point x="1171.04" y="116.12" b="A"/>
<point x="1178.60" y="116.12" b="A"/>
<point x="1186.16" y="116.12" b="A"/>
<point x="1193.72" y="116.12" b="A"/>
<point x="1200.87" y="116.12" b="G"/>
<point x="1208.64" y="116.12" b="U"/>
<point x="1216.20" y="116.12" b="U"/>
<point x="1223.90" y="116.33" b="N"/>
<point x="1229.10" y="110.77" b="U"/>
<point x="1229.10" y="103.21" b="C"/>
<point x="1225.05" y="96.97" b="A"/>
<point x="1225.92" y="89.68" b="N"/>
<point x="1231.23" y="84.47" b="G"/>
<point x="1238.79" y="84.47" b="G"/>
<point x="1244.88" y="89.47" b="A"/>
<point x="1245.81" y="96.97" b="Y"/>
<point x="1241.13" y="103.21" b="G"/>
<point x="1241.55" y="110.77" b="A"/>
<point x="1246.48" y="116.12" b="G"/>
<point x="1254.25" y="116.12" b="C"/>
<point x="1262.02" y="116.12" b="A"/>
<point x="1269.16" y="116.12" b="G"/>
<point x="1276.72" y="116.12" b="G"/>
<point x="1284.28" y="116.12" b="G"/>
<point x="1292.26" y="116.12" b="A"/>
<point x="1299.40" y="116.12" b="G"/>
<point x="1307.17" y="116.12" b="C"/>
<point x="1314.94" y="116.12" b="A"/>
<point x="1322.50" y="116.12" b="Y"/>
<point x="1329.99" y="116.33" b="N"/>
<point x="1337.62" y="116.12" b="A"/>
<point x="1345.12" y="116.33" b="N"/>
<point x="1352.67" y="116.33" b="N"/>
<point x="1360.23" y="116.33" b="N"/>
<point x="1365.23" y="110.77" b="G"/>
<point x="1365.44" y="103.21" b="U"/>
<point x="1365.64" y="95.65" b="A"/>
<point x="1365.23" y="88.09" b="G"/>
<point x="1365.44" y="80.53" b="C"/>
<point x="1361.33" y="74.50" b="N"/>
<point x="1361.90" y="66.79" b="G"/>
<point x="1367.57" y="61.78" b="G"/>
<point x="1375.54" y="61.78" b="A"/>
<point x="1381.15" y="67.00" b="N"/>
<point x="1382.14" y="74.29" b="Y"/>
<point x="1377.47" y="80.53" b="G"/>
<point x="1377.68" y="88.09" b="C"/>
<point x="1377.68" y="95.65" b="U"/>
<point x="1377.68" y="103.21" b="R"/>
<point x="1377.88" y="110.77" b="Y"/>
<point x="1383.02" y="116.12" b="R"/>
<point x="1390.79" y="116.12" b="A"/>
<point x="1398.35" y="116.12" b="A"/>
<point x="1405.91" y="116.12" b="A"/>
<point x="1413.26" y="116.12" b="C"/>
<point x="1420.61" y="116.12" b="G"/>
<point x="1428.59" y="116.12" b="A"/>
<point x="1436.15" y="116.12" b="A"/>
<point x="1443.50" y="116.12" b="C"/>
<point x="1451.06" y="116.12" b="C"/>
<point x="1456.20" y="110.77" b="G"/>
<point x="1456.20" y="103.21" b="G"/>
<point x="1456.20" y="95.65" b="G"/>
<point x="1456.41" y="88.09" b="R"/>
<point x="1456.20" y="80.53" b="G"/>
<point x="1456.61" y="72.97" b="Y"/>
<point x="1456.61" y="65.41" b="A"/>
<point x="1456.41" y="57.85" b="C"/>
<point x="1456.41" y="50.29" b="U"/>
<point x="1456.20" y="42.73" b="G"/>
<point x="1452.30" y="36.70" b="N"/>
<point x="1453.22" y="29.20" b="N"/>
<point x="1458.89" y="24.19" b="N"/>
<point x="1466.51" y="23.98" b="A"/>
<point x="1472.12" y="29.20" b="N"/>
<point x="1473.12" y="36.49" b="A"/>
<point x="1468.65" y="42.73" b="C"/>
<point x="1468.85" y="50.29" b="A"/>
<point x="1468.44" y="57.85" b="G"/>
<point x="1468.65" y="65.41" b="U"/>
<point x="1468.65" y="72.97" b="R"/>
<point x="1468.65" y="80.53" b="C"/>
<point x="1468.85" y="88.09" b="Y"/>
<point x="1468.65" y="95.65" b="C"/>
<point x="1468.65" y="103.21" b="C"/>
<point x="1468.65" y="110.77" b="C"/>
<point x="1473.99" y="116.12" b="U"/>
<point x="1481.55" y="116.12" b="U"/>
<point x="1489.11" y="116.12" b="U"/>
<point x="1496.67" y="116.12" b="U"/>
<point x="1504.23" y="116.12" b="U"/>
<point x="1511.79" y="116.12" b="U"/>
<point x="1519.35" y="116.12" b="U"/>
<point x="1527.07" y="116.33" b="N"/>
<point x="1534.62" y="116.33" b="N"/>
<point x="1542.18" y="116.33" b="N"/>
</structure>