<structure>
<point x="21.11" y="311.11" b="N"/>
<point x="26.30" y="305.55" b="R"/>
<point x="26.45" y="298.20" b="N"/>
<point x="26.51" y="290.43" b="Y"/>
<point x="26.51" y="282.87" b="Y"/>
<point x="26.45" y="275.52" b="N"/>
<point x="26.30" y="267.75" b="R"/>
<point x="26.51" y="260.19" b="Y"/>
<point x="26.45" y="252.84" b="N"/>
<point x="26.51" y="245.07" b="Y"/>
<point x="26.51" y="237.51" b="Y"/>
<point x="26.30" y="229.95" b="R"/>
<point x="26.30" y="222.39" b="U"/>
<point x="26.45" y="215.04" b="N"/>
<point x="23.20" y="207.94" b="U"/>
<point x="26.09" y="201.04" b="G"/>
<point x="26.09" y="193.48" b="G"/>
<point x="19.16" y="191.69" b="A"/>
<point x="13.01" y="187.29" b="A"/>
<point x="8.51" y="180.93" b="G"/>
<point x="7.50" y="173.51" b="A"/>
<point x="8.72" y="166.08" b="C"/>
<point x="12.80" y="159.72" b="U"/>
<point x="19.16" y="155.33" b="A"/>
<point x="26.09" y="153.53" b="G"/>
<point x="26.30" y="145.97" b="U"/>
<point x="26.09" y="138.41" b="G"/>
<point x="26.51" y="130.85" b="A"/>
<point x="26.30" y="123.29" b="U"/>
<point x="19.75" y="119.51" b="U"/>
<point x="26.30" y="115.73" b="U"/>
<point x="26.30" y="108.17" b="U"/>
<point x="26.09" y="100.61" b="G"/>
<point x="26.30" y="93.05" b="U"/>
<point x="26.30" y="85.49" b="U"/>
<point x="26.09" y="77.93" b="G"/>
<point x="26.30" y="70.37" b="U"/>
<point x="26.30" y="62.81" b="U"/>
<point x="19.81" y="59.41" b="N"/>
<point x="14.81" y="53.40" b="U"/>
<point x="12.60" y="46.42" b="N"/>
<point x="13.06" y="38.88" b="N"/>
<point x="16.32" y="31.82" b="Y"/>
<point x="21.76" y="26.85" b="N"/>
<point x="28.79" y="24.06" b="N"/>
<point x="36.35" y="24.06" b="N"/>
<point x="43.38" y="26.85" b="N"/>
<point x="48.88" y="32.03" b="N"/>
<point x="52.09" y="38.88" b="N"/>
<point x="52.54" y="46.42" b="N"/>
<point x="50.18" y="53.60" b="N"/>
<point x="45.39" y="59.20" b="Y"/>
<point x="38.54" y="62.81" b="R"/>
<point x="38.75" y="70.37" b="A"/>
<point x="38.54" y="77.93" b="C"/>
<point x="38.75" y="85.49" b="A"/>
<point x="38.75" y="93.05" b="A"/>
<point x="38.75" y="100.61" b="Y"/>
<point x="38.75" y="108.17" b="A"/>
<point x="38.75" y="115.73" b="A"/>
<point x="38.54" y="123.29" b="R"/>
<point x="38.54" y="130.85" b="U"/>
<point x="38.54" y="138.41" b="C"/>
<point x="38.69" y="146.18" b="N"/>
<point x="38.54" y="153.53" b="C"/>
<point x="45.40" y="157.22" b="N"/>
<point x="50.28" y="162.66" b="R"/>
<point x="53.12" y="169.93" b="N"/>
<point x="53.17" y="177.29" b="Y"/>
<point x="50.48" y="184.35" b="Y"/>
<point x="45.40" y="190.20" b="N"/>
<point x="38.54" y="193.48" b="C"/>
<point x="38.54" y="201.04" b="C"/>
<point x="41.79" y="208.15" b="N"/>
<point x="38.75" y="214.83" b="Y"/>
<point x="38.75" y="222.39" b="A"/>
<point x="38.75" y="229.95" b="Y"/>
<point x="38.54" y="237.51" b="R"/>
<point x="38.54" y="245.07" b="R"/>
<point x="38.69" y="252.84" b="N"/>
<point x="38.54" y="260.19" b="R"/>
<point x="38.75" y="267.75" b="Y"/>
<point x="38.69" y="275.52" b="N"/>
<point x="38.69" y="283.08" b="N"/>
<point x="38.54" y="290.43" b="R"/>
<point x="38.69" y="298.20" b="N"/>
<point x="38.75" y="305.55" b="Y"/>
<point x="44.04" y="311.11" b="N"/>
</structure>