<structure>
<point x="87.18" y="266.84" b="A"/>
<point x="80.63" y="263.06" b="Y"/>
<point x="86.76" y="259.28" b="G"/>
<point x="86.97" y="251.72" b="C"/>
<point x="79.46" y="250.85" b="R"/>
<point x="72.27" y="249.32" b="A"/>
<point x="64.82" y="247.15" b="U"/>
<point x="57.59" y="244.34" b="G"/>
<point x="51.26" y="240.93" b="A"/>
<point x="44.64" y="236.94" b="U"/>
<point x="38.38" y="232.39" b="G"/>
<point x="33.18" y="227.33" b="A"/>
<point x="27.61" y="221.80" b="G"/>
<point x="23.39" y="215.84" b="Y"/>
<point x="18.87" y="209.48" b="G"/>
<point x="15.76" y="202.80" b="A"/>
<point x="12.84" y="195.82" b="A"/>
<point x="10.12" y="188.62" b="G"/>
<point x="8.89" y="181.24" b="Y"/>
<point x="7.89" y="173.75" b="A"/>
<point x="7.50" y="166.41" b="N"/>
<point x="7.83" y="158.85" b="N"/>
<point x="8.47" y="151.15" b="G"/>
<point x="10.48" y="143.98" b="N"/>
<point x="12.63" y="136.57" b="C"/>
<point x="15.55" y="129.60" b="U"/>
<point x="18.87" y="122.91" b="G"/>
<point x="23.39" y="116.56" b="A"/>
<point x="27.82" y="110.59" b="C"/>
<point x="32.97" y="105.06" b="C"/>
<point x="38.59" y="100.00" b="U"/>
<point x="44.43" y="95.46" b="G"/>
<point x="50.84" y="91.47" b="G"/>
<point x="57.80" y="88.05" b="U"/>
<point x="65.03" y="85.25" b="A"/>
<point x="72.06" y="83.07" b="U"/>
<point x="79.46" y="81.54" b="U"/>
<point x="86.76" y="80.67" b="G"/>
<point x="86.97" y="73.11" b="C"/>
<point x="87.18" y="65.55" b="Y"/>
<point x="87.12" y="58.20" b="N"/>
<point x="80.75" y="54.14" b="N"/>
<point x="76.63" y="47.80" b="N"/>
<point x="75.17" y="40.11" b="G"/>
<point x="77.50" y="32.85" b="C"/>
<point x="82.65" y="27.13" b="Y"/>
<point x="89.31" y="23.98" b="U"/>
<point x="97.08" y="23.98" b="Y"/>
<point x="103.90" y="27.34" b="N"/>
<point x="108.84" y="33.06" b="N"/>
<point x="110.95" y="40.32" b="N"/>
<point x="109.70" y="47.59" b="R"/>
<point x="105.80" y="53.93" b="Y"/>
<point x="99.36" y="58.20" b="N"/>
<point x="99.21" y="65.55" b="R"/>
<point x="99.00" y="73.11" b="G"/>
<point x="99.21" y="80.67" b="C"/>
<point x="106.77" y="80.54" b="U"/>
<point x="114.52" y="81.07" b="Y"/>
<point x="121.78" y="82.27" b="U"/>
<point x="128.90" y="84.11" b="G"/>
<point x="136.46" y="86.60" b="A"/>
<point x="143.14" y="89.71" b="C"/>
<point x="149.73" y="93.41" b="C"/>
<point x="156.18" y="97.68" b="A"/>
<point x="161.60" y="102.48" b="G"/>
<point x="166.99" y="107.78" b="G"/>
<point x="172.11" y="113.53" b="R"/>
<point x="176.64" y="119.90" b="N"/>
<point x="180.51" y="126.22" b="A"/>
<point x="183.54" y="133.05" b="U"/>
<point x="185.94" y="140.15" b="G"/>
<point x="188.33" y="147.44" b="A"/>
<point x="189.66" y="154.89" b="Y"/>
<point x="190.12" y="162.42" b="C"/>
<point x="190.33" y="169.98" b="Y"/>
<point x="189.66" y="177.51" b="Y"/>
<point x="188.13" y="184.95" b="U"/>
<point x="186.15" y="192.25" b="U"/>
<point x="183.74" y="199.34" b="A"/>
<point x="180.51" y="206.18" b="A"/>
<point x="176.49" y="212.70" b="U"/>
<point x="172.11" y="218.86" b="C"/>
<point x="167.20" y="224.62" b="U"/>
<point x="161.81" y="229.91" b="U"/>
<point x="155.97" y="234.72" b="C"/>
<point x="149.73" y="238.99" b="U"/>
<point x="143.14" y="242.69" b="C"/>
<point x="136.25" y="245.79" b="U"/>
<point x="129.11" y="248.28" b="C"/>
<point x="121.78" y="250.13" b="U"/>
<point x="114.10" y="251.32" b="G"/>
<point x="106.98" y="251.86" b="A"/>
<point x="99.00" y="251.72" b="G"/>
<point x="99.21" y="259.28" b="C"/>
<point x="99.21" y="266.84" b="U"/>
<point x="104.35" y="272.19" b="G"/>
</structure>