<structure>
<point x="89.00" y="221.39" b="N"/>
<point x="88.85" y="213.62" b="U"/>
<point x="88.64" y="206.06" b="G"/>
<point x="88.85" y="198.50" b="C"/>
<point x="81.49" y="197.85" b="N"/>
<point x="73.93" y="196.14" b="R"/>
<point x="66.68" y="194.01" b="U"/>
<point x="59.43" y="191.25" b="G"/>
<point x="53.07" y="187.90" b="A"/>
<point x="46.40" y="183.97" b="U"/>
<point x="40.10" y="179.50" b="G"/>
<point x="34.82" y="174.53" b="A"/>
<point x="29.59" y="169.07" b="Y"/>
<point x="24.78" y="163.40" b="N"/>
<point x="20.62" y="156.92" b="Y"/>
<point x="16.75" y="150.30" b="C"/>
<point x="13.88" y="143.40" b="Y"/>
<point x="11.35" y="136.46" b="N"/>
<point x="9.51" y="129.13" b="N"/>
<point x="8.31" y="121.66" b="N"/>
<point x="7.76" y="114.12" b="N"/>
<point x="7.50" y="106.36" b="G"/>
<point x="8.25" y="98.83" b="G"/>
<point x="9.87" y="91.41" b="U"/>
<point x="11.90" y="84.13" b="U"/>
<point x="14.56" y="77.05" b="U"/>
<point x="17.82" y="70.23" b="C"/>
<point x="21.45" y="63.72" b="G"/>
<point x="26.05" y="57.56" b="C"/>
<point x="31.10" y="52.01" b="N"/>
<point x="36.48" y="46.70" b="N"/>
<point x="42.30" y="41.88" b="N"/>
<point x="48.37" y="37.37" b="U"/>
<point x="55.08" y="33.82" b="N"/>
<point x="61.95" y="30.65" b="N"/>
<point x="68.91" y="27.88" b="C"/>
<point x="76.22" y="25.94" b="U"/>
<point x="83.45" y="24.64" b="G"/>
<point x="91.40" y="23.98" b="A"/>
<point x="98.90" y="24.19" b="N"/>
<point x="106.44" y="24.85" b="N"/>
<point x="113.94" y="25.94" b="Y"/>
<point x="121.19" y="28.09" b="N"/>
<point x="128.30" y="30.65" b="N"/>
<point x="135.16" y="33.82" b="N"/>
<point x="141.58" y="37.37" b="R"/>
<point x="147.94" y="41.88" b="N"/>
<point x="153.40" y="46.49" b="G"/>
<point x="159.20" y="51.80" b="A"/>
<point x="164.05" y="57.77" b="N"/>
<point x="168.07" y="63.72" b="G"/>
<point x="172.27" y="70.44" b="N"/>
<point x="175.38" y="77.05" b="C"/>
<point x="178.19" y="84.33" b="N"/>
<point x="180.08" y="91.41" b="C"/>
<point x="181.63" y="99.04" b="N"/>
<point x="182.39" y="106.57" b="N"/>
<point x="182.55" y="113.92" b="Y"/>
<point x="181.79" y="121.46" b="U"/>
<point x="180.59" y="128.92" b="C"/>
<point x="178.95" y="136.25" b="Y"/>
<point x="176.27" y="143.40" b="C"/>
<point x="173.20" y="150.30" b="U"/>
<point x="169.53" y="156.92" b="U"/>
<point x="165.10" y="163.19" b="G"/>
<point x="160.36" y="169.07" b="G"/>
<point x="155.33" y="174.53" b="C"/>
<point x="149.64" y="179.50" b="U"/>
<point x="143.34" y="183.97" b="G"/>
<point x="137.08" y="187.90" b="U"/>
<point x="130.31" y="191.25" b="C"/>
<point x="123.27" y="194.01" b="U"/>
<point x="115.81" y="196.14" b="G"/>
<point x="108.81" y="197.64" b="A"/>
<point x="100.88" y="198.50" b="G"/>
<point x="101.09" y="206.06" b="C"/>
<point x="101.09" y="213.62" b="R"/>
<point x="101.24" y="221.39" b="N"/>
</structure>