<structure>
<point x="19.45" y="242.63" b="U"/>
<point x="27.22" y="242.63" b="A"/>
<point x="34.58" y="242.63" b="U"/>
<point x="42.34" y="242.63" b="A"/>
<point x="49.48" y="242.63" b="G"/>
<point x="54.83" y="237.29" b="G"/>
<point x="55.04" y="229.73" b="C"/>
<point x="54.83" y="222.17" b="G"/>
<point x="55.04" y="214.61" b="U"/>
<point x="55.04" y="207.05" b="U"/>
<point x="48.00" y="204.90" b="A"/>
<point x="41.19" y="201.22" b="U"/>
<point x="35.74" y="196.20" b="A"/>
<point x="31.12" y="190.06" b="C"/>
<point x="28.14" y="183.12" b="U"/>
<point x="26.75" y="175.69" b="U"/>
<point x="27.01" y="168.13" b="U"/>
<point x="29.11" y="160.81" b="A"/>
<point x="32.35" y="154.08" b="C"/>
<point x="37.39" y="148.27" b="A"/>
<point x="42.95" y="143.64" b="G"/>
<point x="50.00" y="140.43" b="C"/>
<point x="57.59" y="138.78" b="A"/>
<point x="65.15" y="138.78" b="A"/>
<point x="72.32" y="140.43" b="C"/>
<point x="79.37" y="143.64" b="A"/>
<point x="84.93" y="148.27" b="G"/>
<point x="89.97" y="154.08" b="U"/>
<point x="93.62" y="160.81" b="A"/>
<point x="95.31" y="168.13" b="C"/>
<point x="95.36" y="175.69" b="G"/>
<point x="94.18" y="183.12" b="C"/>
<point x="91.20" y="190.06" b="C"/>
<point x="86.57" y="196.20" b="G"/>
<point x="81.14" y="201.22" b="C"/>
<point x="74.53" y="204.90" b="U"/>
<point x="67.49" y="207.05" b="A"/>
<point x="67.49" y="214.61" b="A"/>
<point x="67.28" y="222.17" b="C"/>
<point x="67.07" y="229.73" b="G"/>
<point x="67.28" y="237.29" b="C"/>
<point x="72.83" y="242.63" b="A"/>
<point x="80.39" y="242.63" b="A"/>
<point x="87.75" y="242.63" b="U"/>
<point x="93.09" y="237.29" b="U"/>
<point x="92.88" y="229.73" b="G"/>
<point x="93.09" y="222.17" b="C"/>
<point x="93.09" y="214.61" b="U"/>
<point x="93.30" y="207.05" b="A"/>
<point x="90.92" y="199.81" b="C"/>
<point x="95.43" y="193.74" b="C"/>
<point x="102.99" y="193.74" b="U"/>
<point x="107.50" y="199.81" b="C"/>
<point x="105.33" y="207.05" b="U"/>
<point x="105.12" y="214.61" b="G"/>
<point x="105.12" y="222.17" b="G"/>
<point x="105.33" y="229.73" b="C"/>
<point x="105.54" y="237.29" b="A"/>
<point x="110.68" y="242.63" b="U"/>
<point x="118.44" y="242.63" b="A"/>
<point x="126.00" y="242.63" b="A"/>
<point x="133.36" y="242.63" b="C"/>
<point x="141.12" y="242.63" b="A"/>
<point x="148.68" y="242.63" b="A"/>
<point x="155.83" y="242.63" b="G"/>
<point x="163.60" y="242.63" b="U"/>
<point x="171.36" y="242.63" b="A"/>
<point x="178.72" y="242.63" b="U"/>
<point x="186.48" y="242.63" b="A"/>
<point x="193.84" y="242.63" b="U"/>
<point x="201.40" y="242.63" b="C"/>
<point x="208.75" y="242.63" b="G"/>
<point x="216.31" y="242.63" b="G"/>
<point x="223.87" y="242.63" b="G"/>
<point x="231.64" y="242.63" b="U"/>
<point x="239.40" y="242.63" b="A"/>
<point x="246.96" y="242.63" b="A"/>
<point x="254.11" y="242.63" b="G"/>
<point x="261.67" y="242.63" b="G"/>
<point x="269.23" y="242.63" b="G"/>
<point x="277.00" y="242.63" b="U"/>
<point x="284.56" y="242.63" b="U"/>
<point x="292.12" y="242.63" b="U"/>
<point x="299.68" y="242.63" b="C"/>
<point x="305.02" y="237.29" b="U"/>
<point x="304.81" y="229.73" b="G"/>
<point x="305.02" y="222.17" b="U"/>
<point x="305.02" y="214.61" b="U"/>
<point x="305.02" y="207.05" b="C"/>
<point x="305.02" y="199.49" b="C"/>
<point x="304.81" y="191.93" b="G"/>
<point x="297.52" y="191.04" b="C"/>
<point x="290.32" y="189.48" b="A"/>
<point x="282.89" y="187.26" b="C"/>
<point x="276.10" y="184.40" b="A"/>
<point x="269.18" y="180.93" b="C"/>
<point x="262.59" y="176.86" b="G"/>
<point x="256.82" y="172.24" b="C"/>
<point x="251.48" y="167.10" b="A"/>
<point x="246.00" y="161.49" b="G"/>
<point x="241.47" y="155.44" b="G"/>
<point x="237.70" y="149.01" b="C"/>
<point x="234.11" y="142.25" b="G"/>
<point x="231.56" y="135.21" b="C"/>
<point x="229.65" y="127.95" b="A"/>
<point x="227.78" y="120.53" b="G"/>
<point x="227.41" y="113.02" b="A"/>
<point x="226.89" y="105.46" b="G"/>
<point x="227.67" y="97.92" b="U"/>
<point x="229.13" y="90.46" b="A"/>
<point x="230.84" y="83.15" b="U"/>
<point x="233.40" y="76.04" b="C"/>
<point x="236.38" y="69.18" b="G"/>
<point x="240.38" y="62.64" b="U"/>
<point x="244.75" y="56.47" b="U"/>
<point x="249.86" y="50.72" b="A"/>
<point x="255.26" y="45.42" b="A"/>
<point x="260.69" y="40.64" b="G"/>
<point x="267.37" y="36.40" b="A"/>
<point x="273.78" y="32.74" b="U"/>
<point x="280.49" y="29.69" b="G"/>
<point x="287.86" y="27.27" b="U"/>
<point x="295.21" y="25.50" b="C"/>
<point x="302.69" y="24.41" b="C"/>
<point x="310.44" y="23.98" b="A"/>
<point x="317.79" y="24.24" b="U"/>
<point x="325.50" y="25.18" b="A"/>
<point x="332.68" y="26.79" b="U"/>
<point x="339.89" y="29.05" b="U"/>
<point x="346.67" y="31.95" b="G"/>
<point x="353.57" y="35.47" b="U"/>
<point x="359.92" y="39.57" b="U"/>
<point x="365.66" y="44.23" b="G"/>
<point x="371.38" y="49.40" b="U"/>
<point x="376.41" y="55.05" b="U"/>
<point x="380.91" y="61.13" b="U"/>
<point x="384.84" y="67.58" b="U"/>
<point x="388.39" y="74.37" b="A"/>
<point x="390.89" y="81.42" b="R"/>
<point x="393.12" y="88.90" b="N"/>
<point x="394.38" y="96.12" b="C"/>
<point x="395.11" y="103.64" b="C"/>
<point x="395.17" y="111.20" b="C"/>
<point x="394.34" y="118.74" b="G"/>
<point x="393.25" y="126.19" b="C"/>
<point x="391.29" y="133.49" b="U"/>
<point x="398.52" y="136.29" b="A"/>
<point x="405.12" y="139.10" b="G"/>
<point x="412.36" y="141.90" b="U"/>
<point x="419.38" y="144.70" b="R"/>
<point x="426.60" y="147.51" b="A"/>
<point x="433.42" y="150.31" b="U"/>
<point x="438.53" y="144.94" b="G"/>
<point x="445.42" y="141.41" b="C"/>
<point x="452.65" y="140.05" b="G"/>
<point x="460.36" y="140.98" b="C"/>
<point x="467.24" y="144.12" b="U"/>
<point x="473.07" y="149.17" b="A"/>
<point x="476.70" y="155.68" b="C"/>
<point x="478.21" y="163.04" b="G"/>
<point x="477.64" y="170.58" b="G"/>
<point x="474.84" y="177.60" b="G"/>
<point x="470.27" y="183.46" b="U"/>
<point x="464.16" y="187.61" b="A"/>
<point x="456.68" y="189.68" b="U"/>
<point x="449.12" y="189.47" b="U"/>
<point x="441.98" y="187.01" b="U"/>
<point x="436.10" y="182.51" b="A"/>
<point x="431.65" y="176.40" b="A"/>
<point x="429.03" y="169.24" b="U"/>
<point x="429.08" y="161.68" b="A"/>
<point x="421.86" y="158.88" b="U"/>
<point x="414.83" y="156.07" b="U"/>
<point x="407.61" y="153.27" b="G"/>
<point x="400.79" y="150.46" b="U"/>
<point x="393.77" y="147.66" b="U"/>
<point x="386.96" y="144.85" b="A"/>
<point x="383.35" y="151.50" b="A"/>
<point x="379.10" y="158.00" b="N"/>
<point x="374.21" y="163.68" b="C"/>
<point x="368.96" y="169.12" b="C"/>
<point x="363.24" y="174.06" b="C"/>
<point x="357.11" y="178.48" b="U"/>
<point x="350.38" y="182.32" b="G"/>
<point x="353.85" y="189.24" b="A"/>
<point x="356.70" y="196.15" b="U"/>
<point x="359.96" y="203.07" b="A"/>
<point x="363.01" y="209.99" b="A"/>
<point x="365.85" y="216.90" b="U"/>
<point x="368.90" y="223.82" b="C"/>
<point x="371.75" y="230.74" b="G"/>
<point x="375.34" y="237.50" b="C"/>
<point x="370.97" y="243.67" b="U"/>
<point x="363.47" y="242.73" b="C"/>
<point x="360.76" y="235.68" b="C"/>
<point x="357.50" y="228.76" b="G"/>
<point x="354.44" y="221.84" b="G"/>
<point x="351.60" y="214.93" b="U"/>
<point x="348.55" y="208.01" b="U"/>
<point x="345.71" y="201.09" b="A"/>
<point x="342.45" y="194.18" b="U"/>
<point x="339.40" y="187.26" b="U"/>
<point x="332.17" y="189.48" b="U"/>
<point x="324.77" y="191.04" b="C"/>
<point x="317.26" y="191.93" b="C"/>
<point x="317.05" y="199.49" b="G"/>
<point x="317.05" y="207.05" b="G"/>
<point x="317.05" y="214.61" b="G"/>
<point x="317.47" y="222.17" b="A"/>
<point x="317.26" y="229.73" b="U"/>
<point x="317.47" y="237.29" b="A"/>
<point x="322.82" y="242.63" b="A"/>
<point x="330.38" y="242.63" b="A"/>
<point x="337.73" y="242.63" b="U"/>
<point x="345.08" y="242.63" b="G"/>
<point x="352.85" y="242.63" b="U"/>
<point x="360.62" y="242.63" b="A"/>
<point x="367.97" y="242.63" b="C"/>
<point x="375.53" y="242.63" b="U"/>
<point x="383.30" y="242.63" b="A"/>
<point x="390.65" y="242.63" b="C"/>
<point x="398.21" y="242.63" b="C"/>
</structure>