<structure>
<point x="19.45" y="108.67" b="C"/>
<point x="26.80" y="108.67" b="G"/>
<point x="34.58" y="108.67" b="C"/>
<point x="42.13" y="108.67" b="U"/>
<point x="49.90" y="108.67" b="A"/>
<point x="57.26" y="108.67" b="U"/>
<point x="64.81" y="108.67" b="C"/>
<point x="72.58" y="108.67" b="A"/>
<point x="79.94" y="108.67" b="U"/>
<point x="87.50" y="108.67" b="C"/>
<point x="95.26" y="108.67" b="A"/>
<point x="102.61" y="108.67" b="U"/>
<point x="110.17" y="108.67" b="U"/>
<point x="117.94" y="108.67" b="A"/>
<point x="125.45" y="108.88" b="N"/>
<point x="133.06" y="108.67" b="Y"/>
<point x="140.41" y="108.67" b="U"/>
<point x="147.97" y="108.67" b="U"/>
<point x="155.74" y="108.67" b="Y"/>
<point x="163.30" y="108.67" b="A"/>
<point x="170.66" y="108.67" b="U"/>
<point x="178.22" y="108.67" b="U"/>
<point x="185.92" y="108.88" b="N"/>
<point x="193.54" y="108.67" b="A"/>
<point x="200.90" y="108.67" b="U"/>
<point x="208.46" y="108.67" b="U"/>
<point x="216.22" y="108.67" b="A"/>
<point x="223.57" y="108.67" b="C"/>
<point x="231.13" y="108.67" b="C"/>
<point x="238.84" y="108.88" b="N"/>
<point x="246.25" y="108.67" b="U"/>
<point x="253.81" y="108.67" b="C"/>
<point x="259.37" y="103.33" b="A"/>
<point x="259.16" y="95.77" b="U"/>
<point x="259.16" y="88.21" b="U"/>
<point x="259.31" y="80.85" b="N"/>
<point x="259.31" y="73.29" b="N"/>
<point x="259.16" y="65.53" b="C"/>
<point x="261.71" y="58.34" b="Y"/>
<point x="269.21" y="58.54" b="N"/>
<point x="271.55" y="65.73" b="N"/>
<point x="271.55" y="73.29" b="N"/>
<point x="271.55" y="80.85" b="N"/>
<point x="271.61" y="88.21" b="A"/>
<point x="271.61" y="95.77" b="A"/>
<point x="271.40" y="103.33" b="U"/>
<point x="276.90" y="108.88" b="N"/>
<point x="284.31" y="108.67" b="U"/>
<point x="291.87" y="108.67" b="C"/>
<point x="299.43" y="108.67" b="U"/>
<point x="306.78" y="108.67" b="G"/>
<point x="314.75" y="108.67" b="Y"/>
<point x="322.26" y="108.88" b="N"/>
<point x="329.67" y="108.67" b="U"/>
<point x="337.43" y="108.67" b="A"/>
<point x="344.79" y="108.67" b="C"/>
<point x="352.35" y="108.67" b="C"/>
<point x="360.06" y="108.88" b="N"/>
<point x="367.62" y="108.88" b="N"/>
<point x="375.18" y="108.88" b="N"/>
<point x="382.74" y="108.88" b="N"/>
<point x="390.30" y="108.88" b="N"/>
<point x="397.71" y="108.67" b="U"/>
<point x="405.27" y="108.67" b="U"/>
<point x="413.03" y="108.67" b="Y"/>
<point x="418.38" y="103.33" b="A"/>
<point x="418.38" y="95.77" b="A"/>
<point x="418.17" y="88.21" b="C"/>
<point x="418.17" y="80.65" b="C"/>
<point x="417.96" y="73.09" b="G"/>
<point x="417.96" y="65.53" b="G"/>
<point x="418.32" y="58.17" b="N"/>
<point x="418.17" y="50.41" b="U"/>
<point x="418.32" y="43.05" b="N"/>
<point x="418.17" y="35.29" b="C"/>
<point x="417.96" y="27.94" b="N"/>
<point x="424.44" y="24.06" b="N"/>
<point x="430.93" y="27.94" b="N"/>
<point x="430.56" y="35.49" b="N"/>
<point x="430.62" y="42.85" b="Y"/>
<point x="430.41" y="50.41" b="R"/>
<point x="430.56" y="58.17" b="N"/>
<point x="430.62" y="65.53" b="Y"/>
<point x="430.41" y="73.09" b="C"/>
<point x="430.20" y="80.65" b="G"/>
<point x="430.20" y="88.21" b="G"/>
<point x="430.41" y="95.77" b="U"/>
<point x="430.41" y="103.33" b="U"/>
<point x="435.76" y="108.67" b="U"/>
<point x="443.32" y="108.67" b="U"/>
<point x="450.88" y="108.67" b="U"/>
<point x="458.44" y="108.67" b="U"/>
<point x="466.15" y="108.88" b="N"/>
<point x="473.56" y="108.67" b="U"/>
</structure>