<structure>
<point x="26.92" y="218.04" b="N"/>
<point x="26.77" y="210.27" b="U"/>
<point x="26.77" y="202.71" b="C"/>
<point x="26.77" y="195.15" b="C"/>
<point x="26.98" y="187.59" b="A"/>
<point x="26.98" y="180.03" b="A"/>
<point x="26.98" y="172.47" b="A"/>
<point x="26.56" y="164.91" b="G"/>
<point x="26.77" y="157.35" b="U"/>
<point x="19.56" y="154.49" b="G"/>
<point x="13.92" y="149.71" b="U"/>
<point x="9.70" y="143.43" b="U"/>
<point x="7.50" y="136.20" b="R"/>
<point x="7.71" y="128.64" b="A"/>
<point x="9.49" y="121.41" b="G"/>
<point x="13.92" y="115.13" b="U"/>
<point x="19.77" y="110.35" b="U"/>
<point x="26.77" y="107.49" b="C"/>
<point x="26.98" y="99.93" b="A"/>
<point x="26.56" y="92.37" b="G"/>
<point x="22.07" y="86.45" b="U"/>
<point x="22.27" y="78.89" b="Y"/>
<point x="26.77" y="72.97" b="C"/>
<point x="26.98" y="65.41" b="A"/>
<point x="26.56" y="57.85" b="G"/>
<point x="26.56" y="50.29" b="G"/>
<point x="26.56" y="42.73" b="G"/>
<point x="22.71" y="36.49" b="Y"/>
<point x="23.65" y="28.99" b="A"/>
<point x="28.90" y="23.98" b="G"/>
<point x="36.67" y="23.98" b="C"/>
<point x="42.34" y="28.99" b="U"/>
<point x="43.27" y="36.49" b="U"/>
<point x="39.01" y="42.73" b="C"/>
<point x="39.01" y="50.29" b="C"/>
<point x="39.22" y="57.85" b="Y"/>
<point x="39.01" y="65.41" b="U"/>
<point x="38.80" y="72.97" b="G"/>
<point x="43.92" y="78.89" b="Y"/>
<point x="43.72" y="86.45" b="U"/>
<point x="39.01" y="92.37" b="C"/>
<point x="39.01" y="99.93" b="U"/>
<point x="38.80" y="107.49" b="G"/>
<point x="46.01" y="110.35" b="U"/>
<point x="51.87" y="115.13" b="U"/>
<point x="56.29" y="121.41" b="A"/>
<point x="58.49" y="128.64" b="A"/>
<point x="58.28" y="136.20" b="U"/>
<point x="56.08" y="143.43" b="U"/>
<point x="52.07" y="149.71" b="A"/>
<point x="46.21" y="154.49" b="A"/>
<point x="39.22" y="157.35" b="A"/>
<point x="39.01" y="164.91" b="C"/>
<point x="39.01" y="172.47" b="U"/>
<point x="39.01" y="180.03" b="U"/>
<point x="39.01" y="187.59" b="U"/>
<point x="38.80" y="195.15" b="G"/>
<point x="38.80" y="202.71" b="G"/>
<point x="39.01" y="210.27" b="R"/>
<point x="39.22" y="217.83" b="A"/>
<point x="44.36" y="223.18" b="C"/>
<point x="52.12" y="223.18" b="A"/>
<point x="59.48" y="223.18" b="U"/>
<point x="67.04" y="223.18" b="U"/>
<point x="74.39" y="223.18" b="G"/>
<point x="82.36" y="223.18" b="A"/>
<point x="89.92" y="223.18" b="A"/>
<point x="97.48" y="223.18" b="A"/>
<point x="105.04" y="223.18" b="Y"/>
<point x="112.55" y="223.38" b="N"/>
<point x="117.53" y="217.83" b="G"/>
<point x="117.53" y="210.27" b="G"/>
<point x="117.74" y="202.71" b="C"/>
<point x="117.74" y="195.15" b="U"/>
<point x="114.64" y="188.25" b="R"/>
<point x="117.74" y="181.36" b="R"/>
<point x="117.53" y="173.80" b="G"/>
<point x="117.74" y="166.24" b="R"/>
<point x="117.74" y="158.68" b="R"/>
<point x="110.40" y="158.21" b="A"/>
<point x="103.54" y="154.63" b="R"/>
<point x="99.19" y="148.59" b="A"/>
<point x="97.37" y="141.21" b="U"/>
<point x="98.77" y="133.82" b="G"/>
<point x="103.75" y="127.79" b="A"/>
<point x="110.40" y="124.21" b="Y"/>
<point x="117.74" y="123.74" b="U"/>
<point x="117.53" y="116.18" b="G"/>
<point x="117.74" y="108.62" b="R"/>
<point x="117.74" y="101.06" b="R"/>
<point x="117.74" y="93.50" b="U"/>
<point x="117.95" y="85.94" b="A"/>
<point x="117.53" y="78.38" b="G"/>
<point x="117.95" y="70.82" b="A"/>
<point x="117.74" y="63.26" b="R"/>
<point x="113.06" y="57.49" b="A"/>
<point x="112.45" y="49.94" b="R"/>
<point x="116.90" y="43.68" b="Y"/>
<point x="124.07" y="41.27" b="A"/>
<point x="131.03" y="43.68" b="U"/>
<point x="135.27" y="49.94" b="U"/>
<point x="135.08" y="57.49" b="A"/>
<point x="130.19" y="63.26" b="Y"/>
<point x="129.98" y="70.82" b="U"/>
<point x="129.98" y="78.38" b="C"/>
<point x="129.98" y="85.94" b="U"/>
<point x="130.19" y="93.50" b="A"/>
<point x="129.98" y="101.06" b="U"/>
<point x="129.98" y="108.62" b="U"/>
<point x="129.98" y="116.18" b="C"/>
<point x="130.19" y="123.74" b="A"/>
<point x="136.46" y="127.64" b="U"/>
<point x="140.98" y="134.01" b="N"/>
<point x="142.37" y="141.21" b="U"/>
<point x="140.83" y="148.61" b="R"/>
<point x="136.46" y="154.77" b="C"/>
<point x="130.19" y="158.68" b="Y"/>
<point x="130.19" y="166.24" b="Y"/>
<point x="129.98" y="173.80" b="C"/>
<point x="130.19" y="181.36" b="Y"/>
<point x="133.23" y="188.46" b="N"/>
<point x="130.19" y="195.15" b="A"/>
<point x="129.77" y="202.71" b="G"/>
<point x="129.98" y="210.27" b="C"/>
<point x="129.98" y="217.83" b="C"/>
<point x="135.33" y="223.18" b="U"/>
<point x="143.09" y="223.18" b="A"/>
<point x="150.45" y="223.18" b="C"/>
<point x="158.21" y="223.18" b="A"/>
<point x="165.72" y="223.38" b="N"/>
<point x="173.33" y="223.18" b="A"/>
<point x="180.84" y="223.38" b="N"/>
</structure>