<structure>
<point x="97.20" y="261.00" b="N"/>
<point x="97.20" y="253.44" b="N"/>
<point x="97.20" y="245.89" b="N"/>
<point x="97.20" y="238.33" b="N"/>
<point x="97.05" y="230.56" b="R"/>
<point x="97.26" y="223.00" b="Y"/>
<point x="97.20" y="215.65" b="N"/>
<point x="89.68" y="214.87" b="N"/>
<point x="82.30" y="213.29" b="A"/>
<point x="74.79" y="211.34" b="U"/>
<point x="67.46" y="208.81" b="G"/>
<point x="60.97" y="205.74" b="A"/>
<point x="54.12" y="202.13" b="U"/>
<point x="47.57" y="198.00" b="G"/>
<point x="42.00" y="193.39" b="A"/>
<point x="36.33" y="188.53" b="N"/>
<point x="31.14" y="183.04" b="N"/>
<point x="26.39" y="177.15" b="N"/>
<point x="22.13" y="170.91" b="N"/>
<point x="18.37" y="164.35" b="N"/>
<point x="15.14" y="157.52" b="N"/>
<point x="12.46" y="150.45" b="N"/>
<point x="10.34" y="143.19" b="N"/>
<point x="8.80" y="135.79" b="N"/>
<point x="7.85" y="128.29" b="N"/>
<point x="7.50" y="120.74" b="N"/>
<point x="7.74" y="113.18" b="N"/>
<point x="8.58" y="105.67" b="N"/>
<point x="10.00" y="98.24" b="N"/>
<point x="12.01" y="90.95" b="N"/>
<point x="14.59" y="83.85" b="N"/>
<point x="17.71" y="76.96" b="N"/>
<point x="21.37" y="70.35" b="N"/>
<point x="25.60" y="63.83" b="A"/>
<point x="29.84" y="57.88" b="G"/>
<point x="35.16" y="52.31" b="U"/>
<point x="40.69" y="47.15" b="U"/>
<point x="46.82" y="42.46" b="A"/>
<point x="52.89" y="38.24" b="U"/>
<point x="59.48" y="34.53" b="C"/>
<point x="66.34" y="31.35" b="C"/>
<point x="73.42" y="28.72" b="C"/>
<point x="80.70" y="26.66" b="U"/>
<point x="87.90" y="25.18" b="G"/>
<point x="95.62" y="24.28" b="U"/>
<point x="103.17" y="23.98" b="C"/>
<point x="110.73" y="24.28" b="U"/>
<point x="118.38" y="25.38" b="N"/>
<point x="125.85" y="26.66" b="A"/>
<point x="133.13" y="28.72" b="A"/>
<point x="140.16" y="31.56" b="N"/>
<point x="147.02" y="34.73" b="N"/>
<point x="153.60" y="38.44" b="N"/>
<point x="159.88" y="42.66" b="N"/>
<point x="165.80" y="47.36" b="N"/>
<point x="171.33" y="52.51" b="N"/>
<point x="176.44" y="58.09" b="N"/>
<point x="181.15" y="63.83" b="Y"/>
<point x="185.27" y="70.35" b="N"/>
<point x="188.93" y="76.96" b="N"/>
<point x="192.06" y="83.85" b="N"/>
<point x="194.63" y="90.95" b="N"/>
<point x="196.64" y="98.24" b="N"/>
<point x="197.91" y="105.46" b="U"/>
<point x="198.54" y="112.97" b="G"/>
<point x="199.14" y="120.74" b="N"/>
<point x="198.79" y="128.29" b="N"/>
<point x="197.48" y="135.58" b="G"/>
<point x="196.36" y="142.98" b="A"/>
<point x="194.19" y="150.45" b="N"/>
<point x="191.50" y="157.52" b="N"/>
<point x="188.27" y="164.35" b="N"/>
<point x="184.51" y="170.91" b="N"/>
<point x="180.25" y="177.15" b="N"/>
<point x="175.51" y="183.04" b="N"/>
<point x="170.31" y="188.53" b="N"/>
<point x="164.70" y="193.60" b="N"/>
<point x="158.71" y="198.21" b="N"/>
<point x="152.37" y="202.33" b="N"/>
<point x="145.73" y="205.94" b="N"/>
<point x="138.68" y="208.81" b="C"/>
<point x="131.55" y="211.34" b="U"/>
<point x="124.04" y="213.29" b="G"/>
<point x="117.02" y="214.66" b="A"/>
<point x="109.44" y="215.65" b="N"/>
<point x="109.29" y="223.00" b="R"/>
<point x="109.50" y="230.56" b="Y"/>
<point x="109.44" y="238.33" b="N"/>
<point x="109.44" y="245.89" b="N"/>
<point x="109.44" y="253.44" b="N"/>
<point x="109.44" y="261.00" b="N"/>
</structure>