<structure>
<point x="84.97" y="214.03" b="C"/>
<point x="84.97" y="206.47" b="U"/>
<point x="85.18" y="198.91" b="A"/>
<point x="84.97" y="191.35" b="C"/>
<point x="77.46" y="190.46" b="R"/>
<point x="69.86" y="188.90" b="G"/>
<point x="62.99" y="186.88" b="N"/>
<point x="55.64" y="183.81" b="G"/>
<point x="49.34" y="180.32" b="A"/>
<point x="42.77" y="176.24" b="U"/>
<point x="36.59" y="171.61" b="G"/>
<point x="31.47" y="166.46" b="A"/>
<point x="26.22" y="160.82" b="U"/>
<point x="21.85" y="154.97" b="N"/>
<point x="17.90" y="148.53" b="N"/>
<point x="14.55" y="141.75" b="N"/>
<point x="11.82" y="134.70" b="N"/>
<point x="9.79" y="127.23" b="A"/>
<point x="8.31" y="120.01" b="N"/>
<point x="7.56" y="112.49" b="N"/>
<point x="7.50" y="104.93" b="N"/>
<point x="8.17" y="97.18" b="Y"/>
<point x="9.26" y="89.74" b="U"/>
<point x="11.01" y="82.43" b="G"/>
<point x="14.04" y="75.34" b="A"/>
<point x="17.27" y="68.51" b="A"/>
<point x="20.91" y="62.00" b="C"/>
<point x="25.32" y="55.86" b="U"/>
<point x="30.27" y="50.14" b="C"/>
<point x="35.71" y="44.89" b="U"/>
<point x="41.60" y="40.16" b="C"/>
<point x="47.90" y="35.97" b="U"/>
<point x="54.55" y="32.37" b="C"/>
<point x="61.49" y="29.39" b="U"/>
<point x="68.68" y="27.04" b="U"/>
<point x="76.20" y="25.55" b="N"/>
<point x="83.54" y="24.33" b="C"/>
<point x="91.09" y="23.98" b="U"/>
<point x="98.43" y="24.33" b="G"/>
<point x="106.34" y="25.35" b="A"/>
<point x="113.65" y="27.25" b="N"/>
<point x="120.48" y="29.39" b="G"/>
<point x="127.78" y="32.58" b="N"/>
<point x="134.43" y="36.18" b="N"/>
<point x="140.78" y="40.16" b="Y"/>
<point x="146.47" y="44.89" b="U"/>
<point x="152.12" y="50.14" b="A"/>
<point x="156.65" y="55.86" b="G"/>
<point x="161.27" y="62.00" b="U"/>
<point x="164.90" y="68.51" b="G"/>
<point x="168.14" y="75.34" b="G"/>
<point x="171.17" y="82.43" b="A"/>
<point x="172.71" y="89.74" b="G"/>
<point x="174.42" y="97.18" b="A"/>
<point x="175.04" y="104.72" b="A"/>
<point x="174.97" y="112.28" b="A"/>
<point x="174.17" y="120.01" b="N"/>
<point x="172.75" y="127.43" b="N"/>
<point x="170.66" y="134.70" b="N"/>
<point x="167.93" y="141.75" b="N"/>
<point x="164.58" y="148.53" b="N"/>
<point x="160.48" y="154.76" b="R"/>
<point x="155.96" y="160.82" b="R"/>
<point x="151.12" y="166.46" b="A"/>
<point x="145.53" y="171.82" b="N"/>
<point x="139.56" y="176.45" b="N"/>
<point x="133.04" y="180.32" b="U"/>
<point x="126.33" y="183.81" b="C"/>
<point x="119.34" y="186.67" b="U"/>
<point x="111.90" y="188.90" b="G"/>
<point x="104.92" y="190.46" b="A"/>
<point x="97.00" y="191.35" b="G"/>
<point x="97.21" y="198.91" b="U"/>
<point x="97.42" y="206.47" b="A"/>
<point x="97.00" y="214.03" b="G"/>
<point x="102.56" y="219.38" b="C"/>
</structure>