<structure>
<point x="19.45" y="143.11" b="U"/>
<point x="27.16" y="143.32" b="N"/>
<point x="34.78" y="143.11" b="Y"/>
<point x="42.28" y="143.32" b="N"/>
<point x="49.84" y="143.32" b="N"/>
<point x="57.05" y="143.11" b="G"/>
<point x="64.81" y="143.11" b="U"/>
<point x="72.53" y="143.32" b="N"/>
<point x="79.94" y="143.11" b="R"/>
<point x="87.70" y="143.11" b="Y"/>
<point x="95.20" y="143.32" b="N"/>
<point x="102.82" y="143.11" b="Y"/>
<point x="110.17" y="143.11" b="U"/>
<point x="117.73" y="143.11" b="U"/>
<point x="122.87" y="137.77" b="G"/>
<point x="122.87" y="130.21" b="G"/>
<point x="123.29" y="122.65" b="Y"/>
<point x="122.87" y="115.09" b="G"/>
<point x="122.87" y="107.53" b="G"/>
<point x="123.29" y="99.97" b="Y"/>
<point x="123.29" y="92.41" b="A"/>
<point x="119.98" y="85.51" b="U"/>
<point x="123.08" y="78.62" b="C"/>
<point x="123.29" y="71.06" b="A"/>
<point x="122.87" y="63.50" b="G"/>
<point x="123.08" y="55.94" b="U"/>
<point x="117.03" y="51.82" b="N"/>
<point x="113.39" y="45.19" b="N"/>
<point x="113.08" y="37.64" b="N"/>
<point x="116.16" y="30.73" b="N"/>
<point x="121.99" y="25.92" b="N"/>
<point x="129.20" y="23.98" b="U"/>
<point x="136.77" y="25.71" b="Y"/>
<point x="142.54" y="30.73" b="N"/>
<point x="145.47" y="37.43" b="R"/>
<point x="145.31" y="45.19" b="N"/>
<point x="141.67" y="51.82" b="N"/>
<point x="135.47" y="56.14" b="N"/>
<point x="135.32" y="63.50" b="C"/>
<point x="135.47" y="71.26" b="N"/>
<point x="135.11" y="78.62" b="G"/>
<point x="143.02" y="79.12" b="N"/>
<point x="146.57" y="85.51" b="U"/>
<point x="143.02" y="92.32" b="N"/>
<point x="135.32" y="92.41" b="U"/>
<point x="135.47" y="100.18" b="N"/>
<point x="135.32" y="107.53" b="C"/>
<point x="135.32" y="115.09" b="C"/>
<point x="135.32" y="122.65" b="R"/>
<point x="135.32" y="130.21" b="C"/>
<point x="135.32" y="137.77" b="C"/>
<point x="140.87" y="143.11" b="Y"/>
</structure>