<structure>
<point x="43.99" y="368.78" b="N"/>
<point x="43.84" y="361.01" b="U"/>
<point x="40.89" y="354.32" b="N"/>
<point x="43.63" y="347.22" b="G"/>
<point x="43.63" y="339.66" b="G"/>
<point x="40.89" y="332.97" b="N"/>
<point x="43.84" y="325.87" b="U"/>
<point x="44.05" y="318.31" b="A"/>
<point x="44.05" y="310.75" b="Y"/>
<point x="43.63" y="303.19" b="G"/>
<point x="43.63" y="295.63" b="G"/>
<point x="40.89" y="288.94" b="N"/>
<point x="43.63" y="281.84" b="G"/>
<point x="44.05" y="274.28" b="A"/>
<point x="44.05" y="266.72" b="Y"/>
<point x="44.05" y="259.16" b="A"/>
<point x="40.74" y="252.26" b="U"/>
<point x="43.63" y="245.37" b="G"/>
<point x="43.99" y="238.01" b="N"/>
<point x="43.84" y="230.25" b="R"/>
<point x="44.05" y="222.69" b="Y"/>
<point x="36.64" y="221.14" b="N"/>
<point x="29.56" y="217.91" b="C"/>
<point x="23.43" y="213.91" b="N"/>
<point x="17.85" y="208.44" b="R"/>
<point x="13.58" y="202.52" b="N"/>
<point x="10.32" y="195.69" b="N"/>
<point x="8.38" y="188.20" b="A"/>
<point x="7.50" y="180.67" b="C"/>
<point x="8.32" y="173.34" b="N"/>
<point x="10.32" y="166.05" b="N"/>
<point x="13.64" y="159.02" b="Y"/>
<point x="18.00" y="153.09" b="N"/>
<point x="23.43" y="147.84" b="N"/>
<point x="29.71" y="143.63" b="N"/>
<point x="36.64" y="140.60" b="N"/>
<point x="43.63" y="138.65" b="G"/>
<point x="43.63" y="131.09" b="G"/>
<point x="43.99" y="123.73" b="N"/>
<point x="44.05" y="115.97" b="A"/>
<point x="37.05" y="113.10" b="A"/>
<point x="30.99" y="108.32" b="R"/>
<point x="26.92" y="102.25" b="N"/>
<point x="24.57" y="94.81" b="U"/>
<point x="24.72" y="87.46" b="N"/>
<point x="26.56" y="80.02" b="G"/>
<point x="30.99" y="73.75" b="U"/>
<point x="37.00" y="69.18" b="N"/>
<point x="43.63" y="66.10" b="G"/>
<point x="43.63" y="58.54" b="G"/>
<point x="43.99" y="51.19" b="N"/>
<point x="38.29" y="46.23" b="N"/>
<point x="35.79" y="38.84" b="C"/>
<point x="37.61" y="31.67" b="N"/>
<point x="42.88" y="26.00" b="Y"/>
<point x="49.96" y="23.98" b="U"/>
<point x="57.40" y="26.21" b="N"/>
<point x="62.47" y="31.47" b="U"/>
<point x="63.93" y="38.84" b="G"/>
<point x="62.00" y="46.03" b="Y"/>
<point x="56.23" y="51.19" b="N"/>
<point x="56.08" y="58.54" b="C"/>
<point x="56.23" y="66.31" b="N"/>
<point x="63.78" y="66.73" b="N"/>
<point x="70.71" y="69.18" b="U"/>
<point x="76.82" y="74.03" b="N"/>
<point x="80.98" y="80.04" b="R"/>
<point x="83.24" y="87.25" b="C"/>
<point x="83.39" y="95.02" b="N"/>
<point x="80.77" y="102.03" b="G"/>
<point x="76.46" y="108.24" b="G"/>
<point x="70.86" y="113.10" b="N"/>
<point x="63.42" y="115.54" b="G"/>
<point x="56.08" y="115.97" b="U"/>
<point x="56.23" y="123.73" b="N"/>
<point x="56.29" y="131.09" b="Y"/>
<point x="56.08" y="138.65" b="U"/>
<point x="63.58" y="139.63" b="R"/>
<point x="70.78" y="141.94" b="R"/>
<point x="77.65" y="145.51" b="Y"/>
<point x="83.57" y="150.21" b="Y"/>
<point x="88.56" y="155.89" b="A"/>
<point x="92.24" y="162.37" b="U"/>
<point x="95.11" y="169.45" b="Y"/>
<point x="96.05" y="176.89" b="G"/>
<point x="96.26" y="184.45" b="C"/>
<point x="95.05" y="192.09" b="N"/>
<point x="92.45" y="198.96" b="Y"/>
<point x="88.35" y="205.44" b="U"/>
<point x="83.37" y="211.13" b="R"/>
<point x="77.44" y="215.83" b="C"/>
<point x="70.78" y="219.39" b="C"/>
<point x="63.73" y="221.91" b="N"/>
<point x="55.87" y="222.69" b="G"/>
<point x="56.08" y="230.25" b="U"/>
<point x="56.23" y="238.01" b="N"/>
<point x="56.08" y="245.37" b="C"/>
<point x="59.18" y="252.26" b="C"/>
<point x="56.23" y="259.36" b="N"/>
<point x="55.87" y="266.72" b="G"/>
<point x="56.08" y="274.28" b="U"/>
<point x="56.29" y="281.84" b="Y"/>
<point x="59.39" y="288.73" b="A"/>
<point x="56.08" y="295.63" b="U"/>
<point x="56.29" y="303.19" b="Y"/>
<point x="55.87" y="310.75" b="G"/>
<point x="56.08" y="318.31" b="U"/>
<point x="56.23" y="326.07" b="N"/>
<point x="59.33" y="332.97" b="N"/>
<point x="56.23" y="339.87" b="N"/>
<point x="56.29" y="347.22" b="Y"/>
<point x="59.39" y="354.11" b="A"/>
<point x="56.29" y="361.01" b="A"/>
<point x="56.29" y="368.57" b="Y"/>
</structure>