<structure>
<point x="19.60" y="123.89" b="N"/>
<point x="27.16" y="123.89" b="N"/>
<point x="34.58" y="123.68" b="R"/>
<point x="42.28" y="123.89" b="N"/>
<point x="49.84" y="123.89" b="N"/>
<point x="57.41" y="123.89" b="N"/>
<point x="64.97" y="123.89" b="N"/>
<point x="72.58" y="123.68" b="A"/>
<point x="80.14" y="123.68" b="A"/>
<point x="87.70" y="123.68" b="A"/>
<point x="95.20" y="123.89" b="N"/>
<point x="102.82" y="123.68" b="Y"/>
<point x="110.38" y="123.68" b="A"/>
<point x="117.89" y="123.89" b="N"/>
<point x="125.45" y="123.89" b="N"/>
<point x="133.06" y="123.68" b="A"/>
<point x="140.56" y="123.89" b="N"/>
<point x="148.12" y="123.89" b="N"/>
<point x="155.69" y="123.89" b="N"/>
<point x="163.30" y="123.68" b="A"/>
<point x="170.80" y="123.89" b="N"/>
<point x="178.22" y="123.68" b="R"/>
<point x="185.92" y="123.89" b="N"/>
<point x="193.34" y="123.68" b="R"/>
<point x="200.90" y="123.68" b="U"/>
<point x="208.46" y="123.68" b="R"/>
<point x="216.16" y="123.89" b="N"/>
<point x="223.78" y="123.68" b="Y"/>
<point x="231.34" y="123.68" b="A"/>
<point x="238.49" y="123.68" b="G"/>
<point x="246.46" y="123.68" b="Y"/>
<point x="253.96" y="123.89" b="N"/>
<point x="261.38" y="123.68" b="R"/>
<point x="269.08" y="123.89" b="N"/>
<point x="276.70" y="123.68" b="A"/>
<point x="284.06" y="123.68" b="C"/>
<point x="291.62" y="123.68" b="U"/>
<point x="297.17" y="118.33" b="A"/>
<point x="296.75" y="110.77" b="G"/>
<point x="296.75" y="103.21" b="G"/>
<point x="297.17" y="95.65" b="A"/>
<point x="292.90" y="89.41" b="A"/>
<point x="293.63" y="81.91" b="C"/>
<point x="299.30" y="76.91" b="C"/>
<point x="307.07" y="76.91" b="A"/>
<point x="312.53" y="81.91" b="C"/>
<point x="313.46" y="89.41" b="C"/>
<point x="309.20" y="95.65" b="U"/>
<point x="309.20" y="103.21" b="C"/>
<point x="309.20" y="110.77" b="C"/>
<point x="309.20" y="118.33" b="U"/>
<point x="314.55" y="123.68" b="U"/>
<point x="319.89" y="118.33" b="R"/>
<point x="319.68" y="110.77" b="G"/>
<point x="319.89" y="103.21" b="C"/>
<point x="319.89" y="95.65" b="C"/>
<point x="320.04" y="88.30" b="N"/>
<point x="319.68" y="80.53" b="G"/>
<point x="320.10" y="72.97" b="Y"/>
<point x="320.04" y="65.62" b="N"/>
<point x="320.10" y="57.85" b="Y"/>
<point x="320.10" y="50.29" b="A"/>
<point x="320.10" y="42.73" b="A"/>
<point x="315.63" y="36.49" b="U"/>
<point x="316.56" y="28.99" b="C"/>
<point x="322.23" y="23.98" b="U"/>
<point x="329.79" y="23.98" b="C"/>
<point x="335.46" y="28.99" b="C"/>
<point x="336.40" y="36.49" b="C"/>
<point x="332.13" y="42.73" b="U"/>
<point x="332.13" y="50.29" b="U"/>
<point x="332.13" y="57.85" b="R"/>
<point x="332.28" y="65.62" b="N"/>
<point x="331.92" y="72.97" b="G"/>
<point x="332.13" y="80.53" b="C"/>
<point x="332.28" y="88.30" b="N"/>
<point x="331.92" y="95.65" b="G"/>
<point x="331.92" y="103.21" b="G"/>
<point x="332.13" y="110.77" b="C"/>
<point x="332.34" y="118.33" b="Y"/>
<point x="337.48" y="123.68" b="U"/>
<point x="345.19" y="123.89" b="N"/>
<point x="352.60" y="123.68" b="U"/>
<point x="360.16" y="123.68" b="U"/>
<point x="367.92" y="123.68" b="Y"/>
</structure>