<structure>
<point x="19.66" y="428.64" b="A"/>
<point x="27.22" y="428.64" b="A"/>
<point x="34.58" y="428.64" b="U"/>
<point x="42.13" y="428.64" b="U"/>
<point x="49.70" y="428.64" b="C"/>
<point x="57.26" y="428.64" b="C"/>
<point x="65.02" y="428.64" b="A"/>
<point x="72.17" y="428.64" b="G"/>
<point x="79.94" y="428.64" b="C"/>
<point x="87.28" y="428.64" b="G"/>
<point x="95.26" y="428.64" b="A"/>
<point x="102.41" y="428.64" b="G"/>
<point x="110.38" y="428.64" b="A"/>
<point x="115.31" y="423.30" b="G"/>
<point x="115.31" y="415.74" b="G"/>
<point x="115.52" y="408.18" b="C"/>
<point x="115.73" y="400.62" b="A"/>
<point x="108.76" y="396.83" b="G"/>
<point x="115.73" y="393.06" b="A"/>
<point x="115.31" y="385.50" b="G"/>
<point x="115.31" y="377.94" b="G"/>
<point x="115.31" y="370.38" b="G"/>
<point x="108.27" y="371.61" b="A"/>
<point x="101.33" y="367.79" b="G"/>
<point x="98.97" y="360.68" b="C"/>
<point x="101.33" y="353.57" b="G"/>
<point x="108.27" y="349.75" b="A"/>
<point x="115.31" y="350.98" b="G"/>
<point x="115.52" y="343.42" b="C"/>
<point x="115.31" y="335.86" b="G"/>
<point x="115.31" y="328.30" b="G"/>
<point x="115.31" y="320.74" b="G"/>
<point x="115.52" y="313.18" b="C"/>
<point x="112.21" y="306.29" b="G"/>
<point x="115.31" y="299.39" b="G"/>
<point x="115.67" y="292.04" b="N"/>
<point x="112.42" y="284.94" b="C"/>
<point x="115.31" y="278.04" b="G"/>
<point x="115.31" y="270.48" b="G"/>
<point x="115.52" y="262.92" b="C"/>
<point x="115.67" y="255.57" b="N"/>
<point x="109.18" y="251.58" b="A"/>
<point x="115.31" y="247.80" b="G"/>
<point x="115.31" y="240.24" b="G"/>
<point x="115.31" y="232.68" b="G"/>
<point x="108.97" y="228.90" b="U"/>
<point x="115.31" y="225.12" b="G"/>
<point x="115.31" y="217.56" b="G"/>
<point x="115.73" y="210.00" b="A"/>
<point x="109.02" y="206.51" b="A"/>
<point x="103.57" y="200.87" b="G"/>
<point x="101.30" y="193.80" b="A"/>
<point x="100.88" y="186.24" b="G"/>
<point x="103.78" y="179.18" b="C"/>
<point x="108.81" y="173.53" b="C"/>
<point x="115.31" y="170.05" b="G"/>
<point x="115.31" y="162.49" b="G"/>
<point x="115.31" y="154.93" b="G"/>
<point x="115.52" y="147.37" b="C"/>
<point x="108.42" y="144.26" b="G"/>
<point x="103.28" y="139.14" b="A"/>
<point x="95.91" y="142.10" b="G"/>
<point x="89.16" y="145.06" b="C"/>
<point x="82.56" y="148.35" b="A"/>
<point x="76.03" y="143.90" b="G"/>
<point x="77.48" y="136.41" b="A"/>
<point x="84.16" y="133.79" b="G"/>
<point x="91.32" y="130.83" b="C"/>
<point x="98.28" y="127.87" b="U"/>
<point x="98.23" y="120.31" b="G"/>
<point x="100.98" y="113.19" b="C"/>
<point x="95.32" y="107.95" b="G"/>
<point x="90.09" y="102.71" b="C"/>
<point x="84.64" y="97.47" b="U"/>
<point x="77.67" y="95.13" b="N"/>
<point x="74.70" y="87.91" b="C"/>
<point x="69.04" y="82.66" b="G"/>
<point x="63.60" y="77.42" b="G"/>
<point x="58.15" y="72.18" b="G"/>
<point x="50.83" y="71.47" b="C"/>
<point x="45.18" y="66.22" b="G"/>
<point x="44.38" y="58.73" b="U"/>
<point x="38.94" y="53.49" b="C"/>
<point x="33.49" y="48.25" b="C"/>
<point x="28.04" y="43.01" b="U"/>
<point x="20.61" y="40.77" b="G"/>
<point x="17.28" y="33.99" b="G"/>
<point x="19.93" y="26.91" b="G"/>
<point x="27.32" y="23.98" b="A"/>
<point x="34.23" y="27.05" b="A"/>
<point x="36.32" y="34.19" b="G"/>
<point x="41.77" y="39.43" b="G"/>
<point x="47.21" y="44.67" b="G"/>
<point x="53.08" y="49.91" b="A"/>
<point x="60.19" y="50.62" b="G"/>
<point x="66.05" y="55.87" b="A"/>
<point x="66.85" y="63.36" b="U"/>
<point x="72.29" y="68.60" b="C"/>
<point x="77.74" y="73.84" b="C"/>
<point x="82.98" y="79.09" b="G"/>
<point x="90.10" y="81.63" b="G"/>
<point x="93.33" y="88.65" b="A"/>
<point x="98.36" y="93.89" b="G"/>
<point x="104.02" y="99.13" b="C"/>
<point x="109.26" y="104.38" b="G"/>
<point x="116.69" y="101.56" b="A"/>
<point x="124.24" y="101.11" b="A"/>
<point x="131.48" y="103.28" b="N"/>
<point x="137.84" y="107.24" b="A"/>
<point x="142.09" y="113.19" b="G"/>
<point x="144.63" y="120.31" b="G"/>
<point x="144.79" y="127.87" b="G"/>
<point x="151.75" y="130.83" b="G"/>
<point x="158.71" y="133.79" b="G"/>
<point x="165.87" y="136.75" b="C"/>
<point x="172.83" y="139.71" b="U"/>
<point x="179.84" y="136.88" b="U"/>
<point x="187.24" y="138.42" b="C"/>
<point x="192.32" y="143.81" b="G"/>
<point x="193.94" y="151.24" b="C"/>
<point x="190.98" y="158.20" b="C"/>
<point x="184.65" y="162.33" b="U"/>
<point x="177.09" y="162.26" b="C"/>
<point x="171.06" y="157.99" b="Y"/>
<point x="167.83" y="150.98" b="G"/>
<point x="160.87" y="148.02" b="G"/>
<point x="154.12" y="145.06" b="C"/>
<point x="147.17" y="142.10" b="C"/>
<point x="140.21" y="139.14" b="C"/>
<point x="134.86" y="144.26" b="A"/>
<point x="127.55" y="147.37" b="G"/>
<point x="127.76" y="154.93" b="C"/>
<point x="127.76" y="162.49" b="C"/>
<point x="127.76" y="170.05" b="C"/>
<point x="135.29" y="169.43" b="U"/>
<point x="142.55" y="171.56" b="C"/>
<point x="148.56" y="176.15" b="C"/>
<point x="152.51" y="182.59" b="C"/>
<point x="153.68" y="190.02" b="G"/>
<point x="152.51" y="197.46" b="C"/>
<point x="148.56" y="203.90" b="U"/>
<point x="142.34" y="208.49" b="G"/>
<point x="135.50" y="210.62" b="A"/>
<point x="127.97" y="210.00" b="Y"/>
<point x="127.76" y="217.56" b="C"/>
<point x="127.76" y="225.12" b="C"/>
<point x="127.76" y="232.68" b="C"/>
<point x="127.76" y="240.24" b="C"/>
<point x="127.76" y="247.80" b="C"/>
<point x="127.97" y="255.36" b="A"/>
<point x="127.55" y="262.92" b="G"/>
<point x="127.91" y="270.69" b="N"/>
<point x="127.76" y="278.04" b="C"/>
<point x="131.07" y="284.94" b="A"/>
<point x="127.55" y="291.83" b="G"/>
<point x="127.76" y="299.39" b="C"/>
<point x="130.65" y="306.29" b="G"/>
<point x="127.55" y="313.18" b="G"/>
<point x="127.76" y="320.74" b="U"/>
<point x="127.76" y="328.30" b="C"/>
<point x="127.76" y="335.86" b="C"/>
<point x="127.55" y="343.42" b="G"/>
<point x="127.76" y="350.98" b="C"/>
<point x="132.67" y="356.90" b="A"/>
<point x="132.67" y="364.46" b="A"/>
<point x="127.76" y="370.38" b="C"/>
<point x="127.76" y="377.94" b="C"/>
<point x="127.76" y="385.50" b="C"/>
<point x="127.76" y="393.06" b="U"/>
<point x="127.76" y="400.62" b="U"/>
<point x="127.55" y="408.18" b="G"/>
<point x="127.76" y="415.74" b="C"/>
<point x="127.76" y="423.30" b="C"/>
<point x="132.90" y="428.64" b="G"/>
<point x="140.67" y="428.64" b="C"/>
<point x="148.43" y="428.64" b="A"/>
<point x="155.79" y="428.64" b="U"/>
<point x="163.35" y="428.64" b="C"/>
<point x="170.91" y="428.64" b="C"/>
<point x="178.67" y="428.64" b="A"/>
<point x="186.03" y="428.64" b="C"/>
<point x="193.38" y="428.64" b="G"/>
<point x="201.35" y="428.64" b="A"/>
<point x="208.91" y="428.64" b="A"/>
<point x="216.47" y="428.64" b="A"/>
<point x="223.83" y="428.64" b="C"/>
<point x="231.39" y="428.64" b="U"/>
<point x="238.95" y="428.64" b="U"/>
<point x="246.51" y="428.64" b="U"/>
<point x="253.86" y="428.64" b="G"/>
<point x="261.63" y="428.64" b="C"/>
<point x="269.19" y="428.64" b="C"/>
<point x="276.75" y="428.64" b="C"/>
<point x="284.51" y="428.64" b="A"/>
<point x="291.87" y="428.64" b="U"/>
<point x="299.63" y="428.64" b="A"/>
<point x="306.78" y="428.64" b="G"/>
<point x="314.55" y="428.64" b="C"/>
<point x="322.31" y="428.64" b="A"/>
<point x="329.46" y="428.64" b="G"/>
<point x="337.23" y="428.64" b="C"/>
<point x="344.58" y="428.64" b="G"/>
<point x="352.14" y="428.64" b="G"/>
<point x="359.70" y="428.64" b="G"/>
<point x="367.47" y="428.64" b="C"/>
<point x="374.82" y="428.64" b="G"/>
<point x="382.38" y="428.64" b="G"/>
<point x="389.94" y="428.64" b="G"/>
<point x="397.71" y="428.64" b="C"/>
<point x="405.47" y="428.64" b="A"/>
<point x="412.83" y="428.64" b="C"/>
<point x="420.39" y="428.64" b="U"/>
<point x="427.95" y="428.64" b="U"/>
<point x="435.51" y="428.64" b="U"/>
<point x="442.86" y="428.64" b="G"/>
<point x="450.63" y="428.64" b="C"/>
<point x="458.39" y="428.64" b="A"/>
<point x="465.75" y="428.64" b="C"/>
<point x="473.31" y="428.64" b="U"/>
<point x="480.66" y="428.64" b="G"/>
<point x="488.22" y="428.64" b="G"/>
<point x="496.19" y="428.64" b="A"/>
<point x="503.75" y="428.64" b="A"/>
<point x="511.11" y="428.64" b="C"/>
<point x="518.67" y="428.64" b="U"/>
<point x="526.23" y="428.64" b="U"/>
<point x="533.99" y="428.64" b="A"/>
<point x="541.35" y="428.64" b="C"/>
<point x="549.11" y="428.64" b="A"/>
<point x="556.67" y="428.64" b="A"/>
<point x="564.03" y="428.64" b="C"/>
<point x="571.79" y="428.64" b="A"/>
<point x="579.15" y="428.64" b="C"/>
<point x="586.71" y="428.64" b="C"/>
<point x="594.27" y="428.64" b="C"/>
<point x="601.98" y="428.85" b="N"/>
<point x="609.59" y="428.64" b="A"/>
<point x="616.74" y="428.64" b="G"/>
<point x="624.51" y="428.64" b="C"/>
<point x="632.27" y="428.64" b="A"/>
<point x="639.83" y="428.64" b="A"/>
<point x="646.98" y="428.64" b="G"/>
<point x="654.54" y="428.64" b="G"/>
<point x="662.51" y="428.64" b="A"/>
<point x="669.87" y="428.64" b="C"/>
<point x="677.22" y="428.64" b="G"/>
<point x="684.99" y="428.64" b="C"/>
<point x="692.34" y="428.64" b="G"/>
<point x="700.31" y="428.64" b="A"/>
<point x="707.67" y="428.64" b="C"/>
<point x="715.23" y="428.64" b="U"/>
<point x="722.79" y="428.64" b="C"/>
<point x="730.35" y="428.64" b="U"/>
<point x="737.91" y="428.64" b="C"/>
<point x="745.47" y="428.64" b="C"/>
<point x="753.03" y="428.64" b="C"/>
<point x="760.38" y="428.64" b="G"/>
<point x="768.35" y="428.64" b="A"/>
<point x="775.71" y="428.64" b="C"/>
<point x="780.84" y="423.30" b="G"/>
<point x="781.05" y="415.74" b="C"/>
<point x="780.84" y="408.18" b="G"/>
<point x="780.84" y="400.62" b="G"/>
<point x="780.84" y="393.06" b="G"/>
<point x="780.84" y="385.50" b="G"/>
<point x="781.26" y="377.94" b="A"/>
<point x="780.84" y="370.38" b="G"/>
<point x="780.84" y="362.81" b="G"/>
<point x="773.72" y="364.66" b="C"/>
<point x="766.32" y="363.10" b="U"/>
<point x="760.57" y="358.45" b="A"/>
<point x="757.04" y="351.66" b="U"/>
<point x="757.04" y="344.10" b="U"/>
<point x="760.36" y="337.31" b="C"/>
<point x="766.32" y="332.66" b="U"/>
<point x="773.51" y="331.10" b="G"/>
<point x="781.05" y="332.94" b="C"/>
<point x="781.05" y="325.38" b="C"/>
<point x="781.05" y="317.82" b="C"/>
<point x="779.09" y="310.58" b="A"/>
<point x="783.39" y="304.52" b="U"/>
<point x="790.95" y="304.52" b="U"/>
<point x="795.47" y="310.58" b="U"/>
<point x="793.08" y="317.82" b="G"/>
<point x="793.08" y="325.38" b="G"/>
<point x="793.08" y="332.94" b="G"/>
<point x="799.21" y="337.37" b="G"/>
<point x="803.07" y="344.10" b="A"/>
<point x="802.86" y="351.66" b="C"/>
<point x="799.63" y="358.39" b="A"/>
<point x="793.29" y="362.81" b="C"/>
<point x="793.29" y="370.38" b="U"/>
<point x="793.29" y="377.94" b="U"/>
<point x="793.29" y="385.50" b="C"/>
<point x="793.29" y="393.06" b="C"/>
<point x="793.29" y="400.62" b="C"/>
<point x="793.29" y="408.18" b="C"/>
<point x="793.08" y="415.74" b="G"/>
<point x="793.29" y="423.30" b="C"/>
<point x="798.64" y="428.64" b="C"/>
<point x="805.99" y="428.64" b="G"/>
<point x="813.76" y="428.64" b="C"/>
</structure>