<structure>
<point x="19.45" y="118.57" b="C"/>
<point x="27.02" y="118.57" b="U"/>
<point x="34.58" y="118.57" b="U"/>
<point x="42.13" y="118.57" b="C"/>
<point x="49.70" y="118.57" b="C"/>
<point x="57.05" y="118.57" b="G"/>
<point x="65.02" y="118.57" b="A"/>
<point x="72.38" y="118.57" b="U"/>
<point x="79.72" y="118.57" b="G"/>
<point x="87.50" y="118.57" b="U"/>
<point x="95.26" y="118.57" b="A"/>
<point x="100.19" y="113.23" b="G"/>
<point x="100.61" y="105.67" b="A"/>
<point x="100.40" y="98.11" b="C"/>
<point x="100.40" y="90.55" b="C"/>
<point x="100.40" y="82.99" b="C"/>
<point x="100.19" y="75.43" b="G"/>
<point x="100.40" y="67.87" b="U"/>
<point x="93.72" y="64.83" b="N"/>
<point x="88.20" y="59.30" b="U"/>
<point x="85.10" y="52.50" b="Y"/>
<point x="84.03" y="44.99" b="C"/>
<point x="85.69" y="37.62" b="U"/>
<point x="89.70" y="31.21" b="U"/>
<point x="95.61" y="26.49" b="C"/>
<point x="102.53" y="23.98" b="G"/>
<point x="110.30" y="23.98" b="C"/>
<point x="117.44" y="26.49" b="C"/>
<point x="123.34" y="31.21" b="U"/>
<point x="127.14" y="37.62" b="G"/>
<point x="129.22" y="44.99" b="Y"/>
<point x="128.14" y="52.50" b="R"/>
<point x="125.04" y="59.30" b="Y"/>
<point x="119.47" y="64.62" b="C"/>
<point x="112.85" y="67.87" b="A"/>
<point x="112.64" y="75.43" b="C"/>
<point x="112.43" y="82.99" b="G"/>
<point x="112.43" y="90.55" b="G"/>
<point x="112.43" y="98.11" b="G"/>
<point x="112.64" y="105.67" b="U"/>
<point x="112.64" y="113.23" b="C"/>
<point x="118.14" y="118.78" b="N"/>
<point x="125.34" y="118.57" b="G"/>
<point x="133.26" y="118.78" b="N"/>
<point x="140.67" y="118.57" b="U"/>
<point x="148.23" y="118.57" b="U"/>
<point x="155.94" y="118.78" b="N"/>
<point x="163.35" y="118.57" b="R"/>
<point x="170.91" y="118.57" b="R"/>
<point x="178.67" y="118.57" b="Y"/>
<point x="186.03" y="118.57" b="R"/>
<point x="193.59" y="118.57" b="C"/>
<point x="201.35" y="118.57" b="A"/>
<point x="208.50" y="118.57" b="G"/>
<point x="216.06" y="118.57" b="G"/>
<point x="223.83" y="118.57" b="C"/>
<point x="231.18" y="118.57" b="G"/>
<point x="238.95" y="118.57" b="U"/>
<point x="246.51" y="118.57" b="U"/>
<point x="254.07" y="118.57" b="U"/>
<point x="261.63" y="118.57" b="U"/>
<point x="269.19" y="118.57" b="C"/>
<point x="276.75" y="118.57" b="U"/>
<point x="284.46" y="118.78" b="N"/>
</structure>