<structure>
<point x="57.42" y="225.20" b="A"/>
<point x="64.57" y="225.20" b="G"/>
<point x="72.34" y="225.20" b="C"/>
<point x="77.89" y="219.86" b="A"/>
<point x="77.47" y="212.30" b="G"/>
<point x="77.89" y="204.74" b="A"/>
<point x="77.68" y="197.18" b="U"/>
<point x="70.19" y="196.17" b="U"/>
<point x="62.63" y="194.42" b="G"/>
<point x="55.91" y="191.92" b="A"/>
<point x="48.85" y="188.72" b="U"/>
<point x="42.16" y="184.84" b="G"/>
<point x="36.51" y="180.31" b="A"/>
<point x="30.74" y="175.20" b="U"/>
<point x="25.50" y="169.55" b="G"/>
<point x="21.50" y="163.42" b="A"/>
<point x="17.72" y="156.88" b="A"/>
<point x="14.62" y="149.98" b="A"/>
<point x="12.03" y="142.80" b="C"/>
<point x="10.60" y="135.42" b="A"/>
<point x="9.71" y="127.92" b="A"/>
<point x="9.39" y="120.36" b="U"/>
<point x="10.03" y="112.83" b="U"/>
<point x="11.44" y="105.40" b="U"/>
<point x="13.60" y="98.15" b="C"/>
<point x="16.48" y="91.16" b="U"/>
<point x="20.05" y="84.50" b="C"/>
<point x="24.28" y="78.23" b="C"/>
<point x="29.33" y="72.43" b="A"/>
<point x="34.73" y="67.14" b="A"/>
<point x="29.80" y="61.08" b="G"/>
<point x="25.48" y="55.02" b="C"/>
<point x="20.75" y="48.96" b="G"/>
<point x="16.44" y="42.90" b="U"/>
<point x="9.68" y="39.52" b="U"/>
<point x="7.50" y="32.29" b="U"/>
<point x="11.06" y="25.73" b="G"/>
<point x="18.63" y="23.98" b="U"/>
<point x="24.94" y="28.14" b="U"/>
<point x="26.46" y="35.58" b="A"/>
<point x="30.78" y="41.64" b="C"/>
<point x="35.09" y="47.70" b="G"/>
<point x="39.82" y="53.76" b="C"/>
<point x="44.34" y="59.82" b="U"/>
<point x="50.73" y="56.15" b="G"/>
<point x="58.09" y="53.16" b="A"/>
<point x="65.10" y="50.89" b="U"/>
<point x="72.50" y="49.36" b="C"/>
<point x="80.02" y="48.60" b="C"/>
<point x="87.79" y="48.60" b="A"/>
<point x="95.11" y="49.36" b="U"/>
<point x="102.72" y="50.89" b="A"/>
<point x="109.72" y="53.16" b="U"/>
<point x="116.46" y="56.15" b="G"/>
<point x="123.48" y="59.82" b="A"/>
<point x="129.47" y="64.15" b="U"/>
<point x="134.99" y="69.08" b="G"/>
<point x="140.19" y="74.57" b="G"/>
<point x="146.73" y="70.15" b="A"/>
<point x="152.45" y="65.72" b="G"/>
<point x="158.58" y="61.30" b="G"/>
<point x="164.71" y="56.87" b="G"/>
<point x="171.05" y="52.45" b="C"/>
<point x="177.18" y="48.03" b="U"/>
<point x="183.51" y="43.60" b="A"/>
<point x="189.44" y="39.18" b="U"/>
<point x="195.36" y="34.75" b="G"/>
<point x="200.32" y="28.96" b="N"/>
<point x="207.73" y="28.86" b="U"/>
<point x="212.36" y="34.99" b="A"/>
<point x="210.02" y="42.41" b="N"/>
<point x="202.73" y="44.68" b="C"/>
<point x="196.81" y="49.10" b="A"/>
<point x="190.47" y="53.53" b="U"/>
<point x="184.55" y="57.95" b="A"/>
<point x="178.00" y="62.38" b="G"/>
<point x="172.08" y="66.80" b="C"/>
<point x="165.95" y="71.22" b="C"/>
<point x="159.82" y="75.65" b="U"/>
<point x="153.69" y="80.07" b="U"/>
<point x="147.56" y="84.50" b="C"/>
<point x="151.34" y="91.16" b="A"/>
<point x="154.01" y="98.15" b="U"/>
<point x="156.37" y="105.40" b="A"/>
<point x="157.36" y="112.83" b="G"/>
<point x="158.22" y="120.36" b="U"/>
<point x="158.10" y="127.92" b="U"/>
<point x="157.22" y="135.42" b="U"/>
<point x="155.58" y="142.80" b="U"/>
<point x="153.19" y="149.98" b="C"/>
<point x="150.30" y="156.88" b="A"/>
<point x="146.52" y="163.42" b="A"/>
<point x="141.89" y="169.55" b="U"/>
<point x="136.87" y="175.20" b="C"/>
<point x="131.30" y="180.31" b="U"/>
<point x="125.03" y="184.84" b="G"/>
<point x="118.96" y="188.72" b="A"/>
<point x="112.11" y="191.92" b="A"/>
<point x="104.77" y="194.42" b="C"/>
<point x="97.42" y="196.17" b="C"/>
<point x="90.13" y="197.18" b="A"/>
<point x="89.92" y="204.74" b="U"/>
<point x="89.92" y="212.30" b="C"/>
<point x="89.92" y="219.86" b="U"/>
</structure>