<structure>
<point x="20.88" y="130.37" b="N"/>
<point x="28.50" y="130.16" b="Y"/>
<point x="33.43" y="124.81" b="G"/>
<point x="33.43" y="117.25" b="G"/>
<point x="33.79" y="109.90" b="N"/>
<point x="33.85" y="102.13" b="Y"/>
<point x="33.79" y="94.78" b="N"/>
<point x="33.43" y="87.01" b="G"/>
<point x="33.79" y="79.66" b="N"/>
<point x="29.70" y="86.02" b="N"/>
<point x="22.83" y="89.16" b="N"/>
<point x="15.34" y="88.08" b="N"/>
<point x="9.27" y="82.93" b="G"/>
<point x="7.50" y="75.88" b="N"/>
<point x="9.48" y="68.42" b="C"/>
<point x="15.40" y="63.47" b="Y"/>
<point x="22.68" y="62.39" b="C"/>
<point x="29.70" y="65.74" b="N"/>
<point x="33.64" y="71.89" b="R"/>
<point x="33.64" y="64.33" b="C"/>
<point x="33.64" y="56.77" b="C"/>
<point x="28.29" y="51.43" b="U"/>
<point x="26.81" y="44.02" b="C"/>
<point x="29.70" y="37.03" b="C"/>
<point x="36.19" y="32.83" b="Y"/>
<point x="43.54" y="32.83" b="C"/>
<point x="49.62" y="37.03" b="G"/>
<point x="52.71" y="44.02" b="C"/>
<point x="51.38" y="51.64" b="N"/>
<point x="45.67" y="56.77" b="G"/>
<point x="45.67" y="64.33" b="G"/>
<point x="46.09" y="71.89" b="Y"/>
<point x="46.03" y="79.66" b="N"/>
<point x="45.88" y="87.01" b="C"/>
<point x="46.03" y="94.78" b="N"/>
<point x="45.88" y="102.13" b="R"/>
<point x="46.03" y="109.90" b="N"/>
<point x="45.88" y="117.25" b="C"/>
<point x="45.88" y="124.81" b="U"/>
<point x="51.02" y="130.16" b="G"/>
<point x="58.58" y="130.16" b="G"/>
<point x="66.14" y="130.16" b="G"/>
<point x="74.06" y="130.37" b="N"/>
<point x="81.62" y="130.37" b="N"/>
<point x="89.18" y="130.37" b="N"/>
<point x="94.37" y="124.81" b="C"/>
<point x="94.58" y="117.25" b="A"/>
<point x="94.37" y="109.69" b="U"/>
<point x="94.52" y="102.34" b="N"/>
<point x="94.37" y="94.57" b="C"/>
<point x="94.37" y="87.01" b="C"/>
<point x="94.16" y="79.45" b="G"/>
<point x="94.58" y="71.89" b="A"/>
<point x="94.16" y="64.33" b="G"/>
<point x="94.16" y="56.77" b="G"/>
<point x="94.37" y="49.21" b="R"/>
<point x="91.06" y="42.32" b="G"/>
<point x="94.37" y="35.42" b="R"/>
<point x="94.16" y="28.08" b="N"/>
<point x="100.70" y="23.98" b="Y"/>
<point x="106.77" y="27.87" b="G"/>
<point x="106.82" y="35.42" b="Y"/>
<point x="109.86" y="42.52" b="N"/>
<point x="106.82" y="49.21" b="Y"/>
<point x="106.61" y="56.77" b="C"/>
<point x="106.61" y="64.33" b="C"/>
<point x="106.61" y="71.89" b="U"/>
<point x="106.61" y="79.45" b="C"/>
<point x="106.40" y="87.01" b="G"/>
<point x="106.40" y="94.57" b="G"/>
<point x="106.76" y="102.34" b="N"/>
<point x="106.82" y="109.69" b="A"/>
<point x="106.61" y="117.25" b="U"/>
<point x="106.40" y="124.81" b="G"/>
<point x="111.75" y="130.16" b="G"/>
<point x="119.52" y="130.16" b="C"/>
<point x="127.23" y="130.37" b="N"/>
<point x="134.84" y="130.16" b="A"/>
<point x="142.40" y="130.16" b="A"/>
<point x="149.91" y="130.37" b="N"/>
<point x="157.11" y="130.16" b="G"/>
<point x="164.88" y="130.16" b="R"/>
<point x="172.23" y="130.16" b="G"/>
<point x="180.15" y="130.37" b="N"/>
<point x="187.56" y="130.16" b="C"/>
<point x="195.27" y="130.37" b="N"/>
<point x="202.83" y="130.37" b="N"/>
<point x="210.39" y="130.37" b="N"/>
</structure>