<structure>
<point x="75.07" y="114.60" b="R"/>
<point x="75.07" y="107.04" b="R"/>
<point x="75.07" y="99.48" b="R"/>
<point x="75.28" y="91.92" b="A"/>
<point x="68.80" y="88.13" b="N"/>
<point x="64.57" y="81.87" b="N"/>
<point x="63.27" y="74.42" b="N"/>
<point x="55.90" y="71.39" b="G"/>
<point x="49.31" y="68.56" b="A"/>
<point x="42.29" y="65.73" b="A"/>
<point x="34.87" y="62.91" b="G"/>
<point x="28.06" y="60.08" b="C"/>
<point x="21.05" y="57.25" b="U"/>
<point x="13.52" y="57.88" b="C"/>
<point x="7.89" y="52.83" b="U"/>
<point x="7.50" y="45.28" b="G"/>
<point x="12.87" y="39.96" b="G"/>
<point x="20.64" y="40.22" b="C"/>
<point x="25.84" y="45.90" b="A"/>
<point x="32.43" y="48.73" b="G"/>
<point x="39.65" y="51.55" b="C"/>
<point x="46.66" y="54.38" b="U"/>
<point x="53.68" y="57.21" b="U"/>
<point x="60.89" y="60.03" b="Y"/>
<point x="67.70" y="62.86" b="U"/>
<point x="73.95" y="58.60" b="N"/>
<point x="81.34" y="57.02" b="N"/>
<point x="88.79" y="58.40" b="A"/>
<point x="94.48" y="62.86" b="G"/>
<point x="101.70" y="60.03" b="C"/>
<point x="108.50" y="57.21" b="G"/>
<point x="115.93" y="54.38" b="Y"/>
<point x="120.96" y="48.93" b="U"/>
<point x="128.51" y="49.22" b="U"/>
<point x="135.73" y="46.40" b="A"/>
<point x="142.54" y="43.57" b="U"/>
<point x="149.75" y="40.74" b="A"/>
<point x="156.56" y="37.92" b="U"/>
<point x="163.78" y="35.09" b="A"/>
<point x="166.52" y="28.13" b="R"/>
<point x="173.05" y="23.98" b="Y"/>
<point x="180.55" y="24.26" b="N"/>
<point x="186.86" y="28.31" b="A"/>
<point x="189.27" y="35.32" b="G"/>
<point x="188.14" y="42.72" b="A"/>
<point x="182.74" y="48.01" b="A"/>
<point x="175.31" y="49.41" b="A"/>
<point x="168.15" y="46.44" b="U"/>
<point x="161.34" y="49.27" b="A"/>
<point x="154.12" y="52.10" b="U"/>
<point x="147.32" y="54.92" b="A"/>
<point x="140.10" y="57.75" b="U"/>
<point x="133.30" y="60.58" b="A"/>
<point x="127.85" y="66.03" b="U"/>
<point x="120.30" y="65.73" b="R"/>
<point x="113.29" y="68.56" b="C"/>
<point x="106.07" y="71.39" b="G"/>
<point x="99.26" y="74.21" b="C"/>
<point x="97.97" y="81.66" b="R"/>
<point x="93.89" y="88.13" b="N"/>
<point x="87.31" y="91.92" b="U"/>
<point x="87.52" y="99.48" b="Y"/>
<point x="87.52" y="107.04" b="Y"/>
<point x="87.46" y="114.80" b="N"/>
</structure>