<structure>
<point x="19.66" y="150.24" b="A"/>
<point x="27.16" y="150.45" b="N"/>
<point x="34.58" y="150.24" b="C"/>
<point x="42.34" y="150.24" b="Y"/>
<point x="49.70" y="150.24" b="U"/>
<point x="57.26" y="150.24" b="U"/>
<point x="64.61" y="150.24" b="G"/>
<point x="72.58" y="150.24" b="Y"/>
<point x="79.72" y="150.24" b="G"/>
<point x="87.50" y="150.24" b="C"/>
<point x="95.20" y="150.45" b="N"/>
<point x="102.77" y="150.45" b="N"/>
<point x="109.97" y="150.24" b="G"/>
<point x="117.53" y="150.24" b="G"/>
<point x="125.08" y="150.24" b="G"/>
<point x="133.06" y="150.24" b="Y"/>
<point x="138.41" y="144.89" b="A"/>
<point x="138.35" y="137.54" b="N"/>
<point x="135.10" y="130.44" b="U"/>
<point x="138.41" y="123.54" b="A"/>
<point x="138.41" y="115.98" b="Y"/>
<point x="138.35" y="108.63" b="N"/>
<point x="138.35" y="101.07" b="N"/>
<point x="138.35" y="93.51" b="N"/>
<point x="131.80" y="89.73" b="N"/>
<point x="138.20" y="85.74" b="R"/>
<point x="138.41" y="78.18" b="Y"/>
<point x="138.41" y="70.62" b="Y"/>
<point x="131.51" y="67.53" b="A"/>
<point x="125.72" y="62.43" b="R"/>
<point x="122.03" y="55.83" b="U"/>
<point x="120.40" y="48.41" b="G"/>
<point x="121.80" y="40.91" b="A"/>
<point x="124.89" y="34.11" b="R"/>
<point x="129.94" y="28.68" b="G"/>
<point x="137.01" y="25.40" b="N"/>
<point x="144.53" y="23.98" b="Y"/>
<point x="151.99" y="25.19" b="Y"/>
<point x="158.64" y="28.89" b="N"/>
<point x="163.91" y="34.31" b="N"/>
<point x="167.20" y="41.12" b="N"/>
<point x="168.03" y="48.41" b="C"/>
<point x="166.81" y="55.83" b="Y"/>
<point x="162.71" y="62.43" b="G"/>
<point x="157.55" y="67.53" b="A"/>
<point x="150.23" y="70.62" b="G"/>
<point x="150.44" y="78.18" b="R"/>
<point x="150.65" y="85.74" b="Y"/>
<point x="150.59" y="93.51" b="N"/>
<point x="150.59" y="101.07" b="N"/>
<point x="150.59" y="108.63" b="N"/>
<point x="150.44" y="115.98" b="R"/>
<point x="150.65" y="123.54" b="Y"/>
<point x="157.53" y="126.66" b="Y"/>
<point x="157.48" y="134.43" b="N"/>
<point x="150.44" y="137.33" b="U"/>
<point x="150.44" y="144.89" b="U"/>
<point x="155.58" y="150.24" b="G"/>
<point x="163.35" y="150.24" b="C"/>
<point x="170.91" y="150.24" b="U"/>
<point x="178.47" y="150.24" b="R"/>
<point x="183.60" y="144.89" b="G"/>
<point x="183.81" y="137.33" b="U"/>
<point x="183.81" y="129.77" b="U"/>
<point x="183.60" y="122.21" b="G"/>
<point x="177.82" y="117.89" b="A"/>
<point x="174.18" y="111.26" b="A"/>
<point x="173.87" y="103.71" b="A"/>
<point x="176.95" y="96.80" b="A"/>
<point x="182.57" y="91.99" b="C"/>
<point x="189.93" y="90.26" b="U"/>
<point x="197.44" y="92.20" b="N"/>
<point x="203.33" y="96.80" b="Y"/>
<point x="206.35" y="103.92" b="N"/>
<point x="206.09" y="111.26" b="Y"/>
<point x="202.40" y="118.10" b="N"/>
<point x="196.26" y="122.21" b="Y"/>
<point x="196.05" y="129.77" b="R"/>
<point x="196.26" y="137.33" b="A"/>
<point x="196.26" y="144.89" b="Y"/>
<point x="201.55" y="150.45" b="N"/>
<point x="209.16" y="150.24" b="Y"/>
<point x="216.67" y="150.45" b="N"/>
<point x="224.08" y="150.24" b="C"/>
<point x="229.57" y="145.10" b="N"/>
<point x="229.63" y="137.33" b="Y"/>
<point x="229.63" y="129.77" b="Y"/>
<point x="229.57" y="122.42" b="N"/>
<point x="229.57" y="114.86" b="N"/>
<point x="229.57" y="107.30" b="N"/>
<point x="229.57" y="99.74" b="N"/>
<point x="229.57" y="92.18" b="N"/>
<point x="229.57" y="84.62" b="N"/>
<point x="229.57" y="77.06" b="N"/>
<point x="229.57" y="69.50" b="N"/>
<point x="229.57" y="61.94" b="N"/>
<point x="229.57" y="54.38" b="N"/>
<point x="227.40" y="47.14" b="N"/>
<point x="231.91" y="41.08" b="N"/>
<point x="239.47" y="41.08" b="N"/>
<point x="243.99" y="47.14" b="N"/>
<point x="241.81" y="54.38" b="N"/>
<point x="241.81" y="61.94" b="N"/>
<point x="241.81" y="69.50" b="N"/>
<point x="241.81" y="77.06" b="N"/>
<point x="241.81" y="84.62" b="N"/>
<point x="241.81" y="92.18" b="N"/>
<point x="241.81" y="99.74" b="N"/>
<point x="241.81" y="107.30" b="N"/>
<point x="241.81" y="114.86" b="N"/>
<point x="241.81" y="122.42" b="N"/>
<point x="248.36" y="126.20" b="N"/>
<point x="241.66" y="129.77" b="R"/>
<point x="241.81" y="137.54" b="N"/>
<point x="241.81" y="145.10" b="N"/>
<point x="247.22" y="150.24" b="A"/>
<point x="254.78" y="150.24" b="A"/>
<point x="262.13" y="150.24" b="U"/>
<point x="269.69" y="150.24" b="U"/>
<point x="277.25" y="150.24" b="U"/>
<point x="285.02" y="150.24" b="Y"/>
<point x="292.37" y="150.24" b="U"/>
<point x="299.72" y="150.24" b="G"/>
<point x="307.49" y="150.24" b="R"/>
<point x="315.20" y="150.45" b="N"/>
<point x="322.61" y="150.24" b="R"/>
<point x="330.32" y="150.45" b="N"/>
<point x="335.66" y="145.10" b="N"/>
<point x="335.66" y="137.54" b="N"/>
<point x="335.72" y="129.77" b="Y"/>
<point x="335.66" y="122.42" b="N"/>
<point x="333.49" y="115.18" b="N"/>
<point x="338.00" y="109.12" b="N"/>
<point x="345.56" y="109.12" b="N"/>
<point x="350.08" y="115.18" b="N"/>
<point x="347.90" y="122.42" b="N"/>
<point x="347.75" y="129.77" b="R"/>
<point x="347.90" y="137.54" b="N"/>
<point x="347.90" y="145.10" b="N"/>
</structure>