<structure>
<point x="19.45" y="74.00" b="U"/>
<point x="27.02" y="74.00" b="R"/>
<point x="34.78" y="74.00" b="A"/>
<point x="41.92" y="74.00" b="G"/>
<point x="49.70" y="74.00" b="U"/>
<point x="57.26" y="74.00" b="U"/>
<point x="64.81" y="74.00" b="C"/>
<point x="72.38" y="74.00" b="U"/>
<point x="77.72" y="68.65" b="C"/>
<point x="77.51" y="61.09" b="G"/>
<point x="77.93" y="53.53" b="A"/>
<point x="77.72" y="45.97" b="U"/>
<point x="72.83" y="40.20" b="C"/>
<point x="72.43" y="32.65" b="U"/>
<point x="76.68" y="26.40" b="C"/>
<point x="83.84" y="23.98" b="U"/>
<point x="91.21" y="26.40" b="A"/>
<point x="95.46" y="32.65" b="A"/>
<point x="95.05" y="40.20" b="A"/>
<point x="90.17" y="45.97" b="A"/>
<point x="89.96" y="53.53" b="U"/>
<point x="89.96" y="61.09" b="C"/>
<point x="89.75" y="68.65" b="G"/>
</structure>