<structure>
<point x="19.66" y="106.19" b="A"/>
<point x="26.80" y="106.19" b="G"/>
<point x="34.58" y="106.19" b="C"/>
<point x="41.92" y="106.19" b="G"/>
<point x="49.90" y="106.19" b="A"/>
<point x="57.05" y="106.19" b="G"/>
<point x="64.81" y="106.19" b="U"/>
<point x="72.58" y="106.19" b="A"/>
<point x="79.94" y="106.19" b="R"/>
<point x="87.28" y="106.19" b="G"/>
<point x="93.05" y="100.85" b="A"/>
<point x="92.84" y="93.29" b="C"/>
<point x="93.05" y="85.73" b="A"/>
<point x="92.63" y="78.17" b="G"/>
<point x="93.05" y="70.61" b="A"/>
<point x="92.84" y="63.05" b="C"/>
<point x="92.84" y="55.49" b="U"/>
<point x="92.84" y="47.93" b="C"/>
<point x="87.49" y="42.59" b="U"/>
<point x="86.01" y="35.17" b="U"/>
<point x="88.90" y="28.19" b="C"/>
<point x="95.39" y="23.98" b="A"/>
<point x="102.53" y="23.98" b="G"/>
<point x="109.03" y="28.19" b="U"/>
<point x="111.91" y="35.17" b="C"/>
<point x="110.43" y="42.59" b="U"/>
<point x="104.87" y="47.93" b="G"/>
<point x="105.29" y="55.49" b="A"/>
<point x="105.23" y="63.25" b="N"/>
<point x="105.08" y="70.61" b="U"/>
<point x="105.29" y="78.17" b="Y"/>
<point x="105.23" y="85.93" b="N"/>
<point x="104.87" y="93.29" b="G"/>
<point x="105.29" y="100.85" b="Y"/>
<point x="110.22" y="106.19" b="G"/>
<point x="117.78" y="106.19" b="G"/>
<point x="125.75" y="106.19" b="A"/>
<point x="133.11" y="106.19" b="R"/>
<point x="140.67" y="106.19" b="R"/>
<point x="148.43" y="106.19" b="Y"/>
<point x="155.79" y="106.19" b="R"/>
<point x="163.55" y="106.19" b="A"/>
<point x="170.70" y="106.19" b="G"/>
<point x="178.62" y="106.40" b="N"/>
<point x="185.82" y="106.19" b="G"/>
<point x="193.74" y="106.40" b="N"/>
<point x="201.15" y="106.19" b="R"/>
<point x="206.64" y="101.05" b="N"/>
<point x="206.70" y="93.29" b="A"/>
<point x="206.64" y="85.93" b="N"/>
<point x="206.70" y="78.17" b="Y"/>
<point x="206.49" y="70.61" b="U"/>
<point x="206.49" y="63.05" b="R"/>
<point x="200.66" y="58.63" b="N"/>
<point x="197.60" y="51.72" b="N"/>
<point x="198.21" y="44.18" b="N"/>
<point x="202.34" y="37.85" b="N"/>
<point x="208.98" y="34.24" b="N"/>
<point x="216.18" y="34.04" b="G"/>
<point x="223.19" y="37.85" b="N"/>
<point x="227.16" y="43.97" b="R"/>
<point x="227.77" y="51.51" b="U"/>
<point x="224.92" y="58.42" b="A"/>
<point x="218.94" y="63.05" b="Y"/>
<point x="218.73" y="70.61" b="R"/>
<point x="218.52" y="78.17" b="G"/>
<point x="218.52" y="85.73" b="G"/>
<point x="218.73" y="93.29" b="U"/>
<point x="218.73" y="100.85" b="U"/>
<point x="224.28" y="106.19" b="A"/>
</structure>