<structure>
<point x="17.39" y="289.99" b="N"/>
<point x="17.45" y="282.22" b="Y"/>
<point x="17.24" y="274.66" b="R"/>
<point x="17.03" y="267.10" b="G"/>
<point x="17.03" y="259.54" b="G"/>
<point x="17.39" y="252.19" b="N"/>
<point x="10.69" y="248.20" b="U"/>
<point x="17.03" y="244.42" b="G"/>
<point x="17.45" y="236.86" b="A"/>
<point x="17.03" y="229.30" b="G"/>
<point x="17.03" y="221.74" b="G"/>
<point x="17.24" y="214.18" b="U"/>
<point x="17.45" y="206.62" b="A"/>
<point x="17.03" y="199.06" b="G"/>
<point x="17.24" y="191.50" b="U"/>
<point x="17.45" y="183.94" b="A"/>
<point x="17.03" y="176.38" b="G"/>
<point x="17.03" y="168.82" b="G"/>
<point x="17.24" y="161.26" b="U"/>
<point x="17.24" y="153.70" b="U"/>
<point x="17.03" y="146.14" b="G"/>
<point x="17.24" y="138.58" b="U"/>
<point x="17.45" y="131.02" b="A"/>
<point x="17.24" y="123.46" b="U"/>
<point x="17.24" y="115.90" b="R"/>
<point x="17.03" y="108.34" b="G"/>
<point x="17.24" y="100.78" b="U"/>
<point x="17.24" y="93.22" b="U"/>
<point x="11.80" y="88.35" b="N"/>
<point x="9.72" y="81.08" b="N"/>
<point x="11.80" y="73.81" b="N"/>
<point x="17.39" y="68.72" b="N"/>
<point x="17.24" y="60.95" b="R"/>
<point x="17.39" y="53.60" b="N"/>
<point x="17.39" y="46.04" b="N"/>
<point x="12.50" y="40.27" b="N"/>
<point x="12.10" y="32.73" b="N"/>
<point x="16.35" y="26.47" b="N"/>
<point x="23.51" y="24.06" b="N"/>
<point x="30.68" y="26.47" b="N"/>
<point x="34.92" y="32.73" b="N"/>
<point x="34.52" y="40.27" b="N"/>
<point x="29.63" y="46.04" b="N"/>
<point x="29.63" y="53.60" b="N"/>
<point x="29.63" y="61.16" b="N"/>
<point x="29.63" y="68.72" b="N"/>
<point x="35.64" y="64.13" b="N"/>
<point x="42.96" y="62.27" b="N"/>
<point x="50.43" y="63.44" b="N"/>
<point x="56.84" y="67.46" b="N"/>
<point x="61.15" y="73.67" b="N"/>
<point x="62.30" y="80.87" b="G"/>
<point x="60.79" y="88.28" b="G"/>
<point x="56.89" y="94.49" b="A"/>
<point x="50.07" y="98.50" b="G"/>
<point x="42.96" y="99.88" b="N"/>
<point x="35.64" y="98.02" b="N"/>
<point x="29.69" y="93.22" b="A"/>
<point x="29.69" y="100.78" b="A"/>
<point x="29.48" y="108.34" b="C"/>
<point x="29.48" y="115.90" b="U"/>
<point x="29.48" y="123.46" b="R"/>
<point x="29.48" y="131.02" b="U"/>
<point x="29.69" y="138.58" b="A"/>
<point x="29.48" y="146.14" b="C"/>
<point x="29.69" y="153.70" b="A"/>
<point x="29.48" y="161.26" b="R"/>
<point x="29.69" y="168.82" b="Y"/>
<point x="29.69" y="176.38" b="Y"/>
<point x="29.48" y="183.94" b="U"/>
<point x="29.48" y="191.50" b="R"/>
<point x="29.48" y="199.06" b="C"/>
<point x="29.48" y="206.62" b="U"/>
<point x="29.48" y="214.18" b="R"/>
<point x="29.63" y="221.95" b="N"/>
<point x="29.48" y="229.30" b="C"/>
<point x="29.48" y="236.86" b="U"/>
<point x="29.48" y="244.42" b="U"/>
<point x="29.69" y="251.98" b="Y"/>
<point x="29.48" y="259.54" b="C"/>
<point x="29.69" y="267.10" b="Y"/>
<point x="29.69" y="274.66" b="Y"/>
<point x="29.48" y="282.22" b="R"/>
<point x="29.63" y="289.99" b="N"/>
</structure>