<structure>
<point x="68.58" y="257.91" b="G"/>
<point x="76.14" y="257.91" b="G"/>
<point x="84.06" y="258.12" b="N"/>
<point x="91.62" y="258.12" b="N"/>
<point x="99.03" y="257.91" b="R"/>
<point x="104.38" y="252.57" b="U"/>
<point x="104.38" y="245.01" b="U"/>
<point x="104.38" y="237.45" b="R"/>
<point x="104.38" y="229.89" b="C"/>
<point x="96.64" y="229.16" b="G"/>
<point x="89.61" y="227.88" b="A"/>
<point x="82.06" y="226.07" b="U"/>
<point x="74.67" y="223.72" b="G"/>
<point x="68.09" y="220.84" b="A"/>
<point x="60.91" y="217.47" b="G"/>
<point x="54.41" y="213.60" b="G"/>
<point x="48.63" y="209.27" b="A"/>
<point x="42.56" y="204.50" b="U"/>
<point x="37.06" y="199.31" b="R"/>
<point x="31.96" y="193.73" b="U"/>
<point x="27.43" y="188.00" b="N"/>
<point x="23.20" y="181.74" b="N"/>
<point x="19.44" y="175.18" b="N"/>
<point x="15.81" y="168.16" b="G"/>
<point x="13.26" y="161.12" b="C"/>
<point x="11.02" y="153.90" b="U"/>
<point x="9.32" y="146.53" b="C"/>
<point x="8.16" y="139.06" b="C"/>
<point x="7.55" y="131.53" b="C"/>
<point x="7.50" y="123.97" b="U"/>
<point x="8.00" y="116.42" b="C"/>
<point x="9.06" y="108.94" b="U"/>
<point x="10.65" y="101.55" b="U"/>
<point x="12.79" y="94.30" b="C"/>
<point x="15.45" y="87.22" b="U"/>
<point x="18.42" y="80.36" b="G"/>
<point x="22.50" y="73.75" b="A"/>
<point x="26.59" y="67.63" b="N"/>
<point x="31.19" y="61.63" b="N"/>
<point x="36.06" y="55.77" b="R"/>
<point x="41.64" y="50.72" b="N"/>
<point x="47.28" y="45.65" b="R"/>
<point x="53.62" y="41.24" b="Y"/>
<point x="59.86" y="37.28" b="U"/>
<point x="66.37" y="33.81" b="G"/>
<point x="73.74" y="30.84" b="A"/>
<point x="80.68" y="28.39" b="R"/>
<point x="87.78" y="26.47" b="G"/>
<point x="95.63" y="25.09" b="A"/>
<point x="103.09" y="24.47" b="N"/>
<point x="110.50" y="23.98" b="R"/>
<point x="118.20" y="24.47" b="N"/>
<point x="125.56" y="25.09" b="U"/>
<point x="133.21" y="26.47" b="Y"/>
<point x="140.10" y="28.39" b="G"/>
<point x="147.46" y="30.84" b="C"/>
<point x="154.41" y="33.81" b="U"/>
<point x="160.92" y="37.28" b="G"/>
<point x="167.36" y="41.24" b="G"/>
<point x="173.71" y="45.65" b="C"/>
<point x="179.71" y="50.51" b="A"/>
<point x="184.72" y="55.77" b="G"/>
<point x="190.16" y="61.42" b="A"/>
<point x="194.76" y="67.43" b="A"/>
<point x="198.69" y="73.75" b="U"/>
<point x="202.36" y="80.36" b="C"/>
<point x="205.33" y="87.22" b="G"/>
<point x="208.41" y="94.30" b="A"/>
<point x="210.54" y="101.55" b="A"/>
<point x="211.94" y="108.94" b="C"/>
<point x="212.99" y="116.42" b="C"/>
<point x="213.64" y="124.17" b="N"/>
<point x="213.65" y="131.53" b="A"/>
<point x="212.98" y="139.27" b="N"/>
<point x="211.82" y="146.74" b="N"/>
<point x="210.12" y="154.11" b="N"/>
<point x="207.94" y="161.12" b="Y"/>
<point x="205.12" y="168.36" b="N"/>
<point x="201.85" y="175.18" b="N"/>
<point x="198.09" y="181.74" b="N"/>
<point x="193.92" y="187.79" b="A"/>
<point x="188.82" y="193.73" b="G"/>
<point x="183.93" y="199.31" b="C"/>
<point x="178.43" y="204.50" b="C"/>
<point x="172.78" y="209.27" b="A"/>
<point x="166.37" y="213.60" b="C"/>
<point x="160.08" y="217.47" b="Y"/>
<point x="153.32" y="220.84" b="A"/>
<point x="146.12" y="223.72" b="C"/>
<point x="138.93" y="226.07" b="U"/>
<point x="131.38" y="227.88" b="G"/>
<point x="124.35" y="229.16" b="A"/>
<point x="116.41" y="229.89" b="G"/>
<point x="116.62" y="237.45" b="U"/>
<point x="116.77" y="245.21" b="N"/>
<point x="116.77" y="252.77" b="N"/>
</structure>