<structure>
<point x="80.10" y="211.96" b="G"/>
<point x="80.31" y="204.40" b="U"/>
<point x="80.31" y="196.84" b="U"/>
<point x="80.31" y="189.28" b="U"/>
<point x="80.10" y="181.72" b="G"/>
<point x="73.01" y="180.77" b="A"/>
<point x="65.64" y="179.11" b="A"/>
<point x="58.25" y="176.76" b="U"/>
<point x="51.11" y="173.72" b="G"/>
<point x="44.92" y="170.04" b="A"/>
<point x="38.50" y="165.75" b="U"/>
<point x="32.50" y="160.88" b="G"/>
<point x="27.63" y="155.48" b="A"/>
<point x="22.67" y="149.60" b="C"/>
<point x="18.51" y="143.29" b="U"/>
<point x="14.96" y="136.61" b="U"/>
<point x="12.22" y="129.83" b="N"/>
<point x="10.07" y="122.39" b="A"/>
<point x="8.51" y="115.19" b="N"/>
<point x="7.57" y="107.47" b="U"/>
<point x="7.50" y="99.91" b="U"/>
<point x="7.94" y="92.38" b="G"/>
<point x="9.53" y="84.94" b="U"/>
<point x="11.60" y="77.67" b="C"/>
<point x="14.15" y="70.63" b="G"/>
<point x="17.57" y="63.89" b="G"/>
<point x="22.04" y="57.51" b="A"/>
<point x="26.48" y="51.54" b="U"/>
<point x="31.87" y="46.05" b="A"/>
<point x="37.36" y="41.07" b="C"/>
<point x="43.50" y="36.67" b="C"/>
<point x="50.04" y="32.87" b="C"/>
<point x="56.91" y="29.71" b="C"/>
<point x="64.05" y="27.22" b="U"/>
<point x="71.39" y="25.43" b="U"/>
<point x="78.87" y="24.35" b="C"/>
<point x="86.63" y="23.98" b="A"/>
<point x="93.98" y="24.35" b="C"/>
<point x="101.46" y="25.43" b="U"/>
<point x="108.80" y="27.22" b="C"/>
<point x="116.15" y="29.71" b="Y"/>
<point x="122.96" y="33.07" b="N"/>
<point x="129.35" y="36.67" b="U"/>
<point x="135.70" y="41.07" b="Y"/>
<point x="141.39" y="46.05" b="Y"/>
<point x="146.58" y="51.54" b="A"/>
<point x="151.02" y="57.51" b="U"/>
<point x="154.86" y="63.89" b="G"/>
<point x="158.69" y="70.63" b="A"/>
<point x="161.04" y="77.67" b="G"/>
<point x="163.32" y="84.94" b="U"/>
<point x="164.49" y="92.38" b="G"/>
<point x="165.56" y="99.91" b="A"/>
<point x="165.28" y="107.47" b="R"/>
<point x="164.70" y="114.99" b="A"/>
<point x="163.13" y="122.60" b="N"/>
<point x="160.78" y="129.62" b="R"/>
<point x="158.09" y="136.61" b="Y"/>
<point x="154.50" y="143.50" b="N"/>
<point x="150.18" y="149.60" b="R"/>
<point x="145.63" y="155.48" b="Y"/>
<point x="140.34" y="160.88" b="A"/>
<point x="134.15" y="165.75" b="G"/>
<point x="128.13" y="170.04" b="U"/>
<point x="121.53" y="173.72" b="C"/>
<point x="114.61" y="176.76" b="U"/>
<point x="107.21" y="179.11" b="G"/>
<point x="100.25" y="180.77" b="A"/>
<point x="92.55" y="181.72" b="C"/>
<point x="92.75" y="189.28" b="A"/>
<point x="92.75" y="196.84" b="A"/>
<point x="92.75" y="204.40" b="A"/>
<point x="92.55" y="211.96" b="C"/>
</structure>