<structure>
<point x="19.45" y="324.14" b="R"/>
<point x="27.16" y="324.35" b="N"/>
<point x="34.73" y="324.35" b="N"/>
<point x="40.07" y="319.01" b="N"/>
<point x="39.92" y="311.24" b="R"/>
<point x="39.71" y="303.68" b="G"/>
<point x="33.29" y="307.23" b="N"/>
<point x="25.79" y="306.31" b="N"/>
<point x="20.01" y="301.44" b="N"/>
<point x="17.85" y="294.19" b="N"/>
<point x="19.86" y="286.74" b="R"/>
<point x="25.43" y="281.86" b="G"/>
<point x="33.29" y="281.15" b="N"/>
<point x="39.92" y="284.29" b="R"/>
<point x="37.03" y="277.39" b="Y"/>
<point x="40.13" y="270.50" b="A"/>
<point x="39.92" y="262.94" b="C"/>
<point x="40.13" y="255.38" b="A"/>
<point x="33.00" y="251.89" b="G"/>
<point x="27.97" y="246.24" b="G"/>
<point x="25.49" y="239.18" b="R"/>
<point x="25.64" y="231.83" b="N"/>
<point x="28.33" y="224.76" b="N"/>
<point x="33.42" y="218.91" b="A"/>
<point x="39.92" y="215.42" b="U"/>
<point x="39.71" y="207.86" b="G"/>
<point x="40.13" y="200.30" b="A"/>
<point x="39.92" y="192.74" b="C"/>
<point x="39.92" y="185.18" b="C"/>
<point x="39.92" y="177.62" b="U"/>
<point x="40.13" y="170.06" b="A"/>
<point x="36.82" y="163.17" b="U"/>
<point x="39.71" y="156.27" b="G"/>
<point x="40.13" y="148.71" b="A"/>
<point x="40.13" y="141.15" b="A"/>
<point x="39.92" y="133.59" b="U"/>
<point x="39.92" y="126.03" b="U"/>
<point x="39.71" y="118.47" b="G"/>
<point x="40.13" y="110.91" b="A"/>
<point x="39.92" y="103.35" b="C"/>
<point x="40.13" y="95.79" b="A"/>
<point x="39.71" y="88.23" b="G"/>
<point x="40.07" y="80.88" b="N"/>
<point x="39.92" y="73.11" b="C"/>
<point x="40.13" y="65.55" b="A"/>
<point x="39.92" y="57.99" b="R"/>
<point x="33.54" y="53.93" b="U"/>
<point x="29.43" y="47.59" b="R"/>
<point x="28.54" y="40.11" b="Y"/>
<point x="30.59" y="33.06" b="N"/>
<point x="35.54" y="27.34" b="N"/>
<point x="42.47" y="23.98" b="Y"/>
<point x="50.03" y="23.98" b="Y"/>
<point x="56.70" y="27.13" b="R"/>
<point x="61.79" y="33.06" b="N"/>
<point x="63.90" y="40.32" b="N"/>
<point x="62.80" y="47.80" b="N"/>
<point x="58.54" y="53.93" b="U"/>
<point x="52.37" y="57.99" b="Y"/>
<point x="52.16" y="65.55" b="U"/>
<point x="51.95" y="73.11" b="G"/>
<point x="52.37" y="80.67" b="Y"/>
<point x="52.16" y="88.23" b="C"/>
<point x="52.16" y="95.79" b="U"/>
<point x="51.95" y="103.35" b="G"/>
<point x="52.16" y="110.91" b="U"/>
<point x="52.16" y="118.47" b="C"/>
<point x="52.37" y="126.03" b="A"/>
<point x="52.31" y="133.80" b="N"/>
<point x="52.16" y="141.15" b="U"/>
<point x="52.16" y="148.71" b="U"/>
<point x="52.16" y="156.27" b="C"/>
<point x="59.26" y="159.39" b="Y"/>
<point x="59.05" y="166.95" b="R"/>
<point x="52.16" y="170.06" b="U"/>
<point x="52.37" y="177.62" b="A"/>
<point x="51.95" y="185.18" b="G"/>
<point x="51.95" y="192.74" b="G"/>
<point x="52.16" y="200.30" b="C"/>
<point x="52.16" y="207.86" b="C"/>
<point x="52.37" y="215.42" b="A"/>
<point x="59.02" y="219.12" b="N"/>
<point x="64.05" y="224.76" b="N"/>
<point x="66.59" y="231.62" b="R"/>
<point x="66.79" y="239.18" b="Y"/>
<point x="63.90" y="246.24" b="U"/>
<point x="59.02" y="252.10" b="N"/>
<point x="52.16" y="255.38" b="U"/>
<point x="51.95" y="262.94" b="G"/>
<point x="52.16" y="270.50" b="U"/>
<point x="55.41" y="277.60" b="N"/>
<point x="52.37" y="284.29" b="Y"/>
<point x="56.87" y="290.20" b="R"/>
<point x="57.07" y="297.76" b="Y"/>
<point x="52.16" y="303.68" b="C"/>
<point x="52.37" y="311.24" b="Y"/>
<point x="52.37" y="318.80" b="Y"/>
<point x="57.71" y="324.14" b="Y"/>
<point x="65.22" y="324.35" b="N"/>
<point x="72.83" y="324.14" b="Y"/>
<point x="80.34" y="324.35" b="N"/>
<point x="87.90" y="324.35" b="N"/>
<point x="95.31" y="324.14" b="C"/>
<point x="103.07" y="324.14" b="Y"/>
<point x="110.58" y="324.35" b="N"/>
<point x="118.19" y="324.14" b="Y"/>
</structure>