<structure>
<point x="95.99" y="243.27" b="N"/>
<point x="95.84" y="235.50" b="U"/>
<point x="95.84" y="227.94" b="R"/>
<point x="95.84" y="220.38" b="R"/>
<point x="95.63" y="212.82" b="G"/>
<point x="88.12" y="212.03" b="G"/>
<point x="80.89" y="210.64" b="R"/>
<point x="73.60" y="208.66" b="U"/>
<point x="66.27" y="206.11" b="G"/>
<point x="59.80" y="203.00" b="A"/>
<point x="53.18" y="199.35" b="Y"/>
<point x="46.46" y="195.18" b="G"/>
<point x="40.92" y="190.52" b="A"/>
<point x="35.36" y="185.40" b="A"/>
<point x="30.02" y="179.85" b="R"/>
<point x="25.55" y="173.91" b="A"/>
<point x="21.36" y="167.62" b="A"/>
<point x="17.69" y="161.01" b="A"/>
<point x="14.55" y="154.13" b="A"/>
<point x="11.78" y="147.02" b="U"/>
<point x="9.78" y="139.72" b="C"/>
<point x="8.37" y="132.30" b="R"/>
<point x="7.71" y="124.99" b="N"/>
<point x="7.50" y="117.43" b="N"/>
<point x="7.75" y="109.67" b="C"/>
<point x="8.53" y="102.18" b="G"/>
<point x="10.12" y="94.79" b="G"/>
<point x="12.72" y="87.55" b="A"/>
<point x="15.26" y="80.51" b="U"/>
<point x="18.56" y="73.71" b="U"/>
<point x="22.39" y="67.19" b="C"/>
<point x="26.74" y="61.00" b="C"/>
<point x="31.56" y="55.18" b="C"/>
<point x="36.98" y="49.97" b="N"/>
<point x="42.52" y="44.78" b="U"/>
<point x="48.58" y="40.27" b="U"/>
<point x="54.78" y="36.26" b="G"/>
<point x="61.91" y="32.77" b="A"/>
<point x="68.81" y="30.04" b="N"/>
<point x="75.84" y="27.45" b="U"/>
<point x="83.18" y="25.66" b="U"/>
<point x="90.65" y="24.45" b="C"/>
<point x="98.33" y="24.06" b="N"/>
<point x="105.89" y="24.06" b="N"/>
<point x="113.43" y="24.66" b="N"/>
<point x="120.89" y="25.86" b="N"/>
<point x="128.24" y="27.66" b="N"/>
<point x="135.41" y="30.04" b="N"/>
<point x="142.02" y="32.77" b="G"/>
<point x="149.14" y="36.26" b="A"/>
<point x="155.55" y="40.27" b="A"/>
<point x="161.62" y="44.78" b="A"/>
<point x="167.25" y="49.97" b="N"/>
<point x="172.52" y="55.39" b="N"/>
<point x="177.19" y="61.00" b="U"/>
<point x="181.32" y="67.19" b="G"/>
<point x="185.37" y="73.71" b="U"/>
<point x="188.46" y="80.51" b="G"/>
<point x="191.62" y="87.55" b="A"/>
<point x="193.59" y="94.79" b="U"/>
<point x="195.39" y="102.18" b="Y"/>
<point x="196.33" y="109.88" b="N"/>
<point x="196.58" y="117.22" b="U"/>
<point x="196.52" y="124.99" b="N"/>
<point x="195.71" y="132.50" b="N"/>
<point x="194.36" y="139.72" b="A"/>
<point x="192.30" y="147.22" b="N"/>
<point x="189.58" y="154.13" b="C"/>
<point x="186.45" y="161.01" b="C"/>
<point x="182.98" y="167.62" b="A"/>
<point x="178.38" y="173.91" b="G"/>
<point x="173.91" y="179.85" b="C"/>
<point x="168.78" y="185.40" b="U"/>
<point x="163.42" y="190.52" b="A"/>
<point x="157.26" y="195.18" b="C"/>
<point x="150.96" y="199.35" b="U"/>
<point x="144.34" y="203.00" b="U"/>
<point x="137.45" y="206.11" b="C"/>
<point x="130.33" y="208.66" b="U"/>
<point x="122.82" y="210.64" b="G"/>
<point x="115.81" y="212.03" b="A"/>
<point x="108.08" y="212.82" b="C"/>
<point x="108.08" y="220.38" b="U"/>
<point x="108.29" y="227.94" b="Y"/>
<point x="108.29" y="235.50" b="A"/>
<point x="108.23" y="243.27" b="N"/>
</structure>