<structure>
<point x="67.96" y="195.14" b="R"/>
<point x="75.67" y="195.35" b="N"/>
<point x="81.07" y="189.79" b="Y"/>
<point x="80.86" y="182.23" b="C"/>
<point x="80.86" y="174.67" b="U"/>
<point x="80.86" y="167.11" b="U"/>
<point x="80.86" y="159.55" b="U"/>
<point x="81.07" y="151.99" b="A"/>
<point x="80.65" y="144.43" b="G"/>
<point x="75.74" y="149.99" b="C"/>
<point x="69.47" y="154.52" b="G"/>
<point x="63.05" y="158.06" b="N"/>
<point x="55.77" y="160.10" b="N"/>
<point x="48.24" y="160.77" b="N"/>
<point x="40.35" y="159.84" b="G"/>
<point x="33.09" y="157.75" b="G"/>
<point x="26.69" y="154.57" b="N"/>
<point x="20.72" y="149.79" b="Y"/>
<point x="15.58" y="144.41" b="N"/>
<point x="11.61" y="137.97" b="N"/>
<point x="8.89" y="130.92" b="N"/>
<point x="7.50" y="123.49" b="N"/>
<point x="7.50" y="115.93" b="N"/>
<point x="8.89" y="108.50" b="N"/>
<point x="11.46" y="101.24" b="R"/>
<point x="15.58" y="95.01" b="N"/>
<point x="20.52" y="89.21" b="U"/>
<point x="26.75" y="84.64" b="Y"/>
<point x="33.45" y="81.46" b="N"/>
<point x="40.71" y="79.37" b="N"/>
<point x="48.24" y="78.65" b="N"/>
<point x="55.62" y="79.11" b="R"/>
<point x="62.90" y="81.15" b="U"/>
<point x="69.68" y="84.49" b="C"/>
<point x="75.74" y="89.01" b="U"/>
<point x="80.86" y="94.57" b="R"/>
<point x="80.65" y="87.01" b="G"/>
<point x="81.07" y="79.45" b="Y"/>
<point x="81.07" y="71.89" b="Y"/>
<point x="77.91" y="65.20" b="N"/>
<point x="80.86" y="58.10" b="R"/>
<point x="80.65" y="50.54" b="G"/>
<point x="81.07" y="42.98" b="Y"/>
<point x="80.65" y="35.42" b="G"/>
<point x="80.50" y="27.87" b="U"/>
<point x="86.98" y="23.98" b="U"/>
<point x="93.47" y="27.87" b="U"/>
<point x="93.25" y="35.63" b="N"/>
<point x="92.89" y="42.98" b="G"/>
<point x="93.10" y="50.54" b="C"/>
<point x="93.10" y="58.10" b="C"/>
<point x="96.35" y="65.20" b="N"/>
<point x="93.10" y="71.89" b="R"/>
<point x="93.10" y="79.45" b="R"/>
<point x="93.10" y="87.01" b="C"/>
<point x="93.31" y="94.57" b="Y"/>
<point x="100.31" y="97.44" b="Y"/>
<point x="106.11" y="102.42" b="N"/>
<point x="110.32" y="108.70" b="N"/>
<point x="112.37" y="115.72" b="R"/>
<point x="112.52" y="123.49" b="N"/>
<point x="110.38" y="130.51" b="Y"/>
<point x="106.11" y="137.00" b="N"/>
<point x="100.25" y="141.78" b="N"/>
<point x="93.31" y="144.43" b="Y"/>
<point x="93.10" y="151.99" b="U"/>
<point x="92.89" y="159.55" b="G"/>
<point x="93.31" y="167.11" b="A"/>
<point x="93.25" y="174.88" b="N"/>
<point x="99.86" y="178.45" b="Y"/>
<point x="93.10" y="182.23" b="R"/>
<point x="93.25" y="190.00" b="N"/>
<point x="98.60" y="195.35" b="N"/>
</structure>