<structure>
<point x="25.67" y="207.91" b="N"/>
<point x="33.08" y="207.70" b="R"/>
<point x="38.21" y="202.35" b="G"/>
<point x="38.42" y="194.79" b="C"/>
<point x="38.63" y="187.24" b="A"/>
<point x="38.21" y="179.68" b="G"/>
<point x="38.42" y="172.12" b="R"/>
<point x="38.63" y="164.56" b="Y"/>
<point x="30.88" y="165.05" b="R"/>
<point x="23.31" y="163.31" b="G"/>
<point x="17.00" y="159.49" b="U"/>
<point x="11.88" y="153.92" b="U"/>
<point x="8.83" y="147.10" b="A"/>
<point x="7.50" y="139.62" b="U"/>
<point x="8.62" y="132.15" b="C"/>
<point x="11.88" y="125.33" b="C"/>
<point x="17.00" y="119.76" b="C"/>
<point x="23.52" y="115.94" b="U"/>
<point x="30.88" y="114.20" b="U"/>
<point x="38.42" y="114.69" b="U"/>
<point x="38.42" y="107.13" b="C"/>
<point x="38.42" y="99.57" b="U"/>
<point x="38.63" y="92.01" b="A"/>
<point x="38.21" y="84.45" b="G"/>
<point x="38.42" y="76.89" b="U"/>
<point x="38.42" y="69.33" b="C"/>
<point x="38.42" y="61.77" b="U"/>
<point x="32.86" y="56.43" b="G"/>
<point x="31.74" y="49.23" b="N"/>
<point x="34.48" y="42.03" b="C"/>
<point x="40.76" y="37.83" b="U"/>
<point x="48.53" y="37.83" b="Y"/>
<point x="54.76" y="42.24" b="N"/>
<point x="57.65" y="49.23" b="N"/>
<point x="55.81" y="56.43" b="G"/>
<point x="50.81" y="61.98" b="N"/>
<point x="50.45" y="69.33" b="G"/>
<point x="50.87" y="76.89" b="A"/>
<point x="58.22" y="76.89" b="C"/>
<point x="58.22" y="84.45" b="U"/>
<point x="50.66" y="84.45" b="C"/>
<point x="50.66" y="92.01" b="U"/>
<point x="50.87" y="99.57" b="A"/>
<point x="50.45" y="107.13" b="G"/>
<point x="50.87" y="114.69" b="A"/>
<point x="57.45" y="117.56" b="G"/>
<point x="63.31" y="122.33" b="G"/>
<point x="67.52" y="128.61" b="G"/>
<point x="70.14" y="135.84" b="A"/>
<point x="69.73" y="143.40" b="G"/>
<point x="67.73" y="150.64" b="U"/>
<point x="63.52" y="156.91" b="C"/>
<point x="57.87" y="161.69" b="A"/>
<point x="50.45" y="164.56" b="G"/>
<point x="50.66" y="172.12" b="U"/>
<point x="50.66" y="179.68" b="C"/>
<point x="50.66" y="187.24" b="U"/>
<point x="50.45" y="194.79" b="G"/>
<point x="50.66" y="202.35" b="C"/>
<point x="56.22" y="207.70" b="A"/>
<point x="63.78" y="207.70" b="A"/>
<point x="71.28" y="207.91" b="N"/>
<point x="78.90" y="207.70" b="A"/>
<point x="86.40" y="207.91" b="N"/>
<point x="94.02" y="207.70" b="Y"/>
<point x="101.58" y="207.70" b="A"/>
<point x="109.14" y="207.70" b="A"/>
<point x="116.28" y="207.70" b="G"/>
<point x="121.84" y="202.35" b="U"/>
<point x="121.63" y="194.79" b="G"/>
<point x="121.63" y="187.24" b="G"/>
<point x="122.04" y="179.68" b="Y"/>
<point x="121.84" y="172.12" b="R"/>
<point x="122.04" y="164.56" b="A"/>
<point x="121.63" y="157.00" b="G"/>
<point x="115.50" y="153.22" b="Y"/>
<point x="122.04" y="149.44" b="Y"/>
<point x="121.84" y="141.88" b="C"/>
<point x="121.84" y="134.31" b="U"/>
<point x="116.24" y="129.23" b="U"/>
<point x="114.17" y="121.96" b="C"/>
<point x="116.24" y="114.69" b="U"/>
<point x="121.63" y="109.61" b="G"/>
<point x="121.84" y="102.05" b="U"/>
<point x="121.84" y="94.49" b="C"/>
<point x="114.99" y="91.75" b="Y"/>
<point x="112.05" y="84.79" b="A"/>
<point x="114.58" y="77.83" b="G"/>
<point x="122.04" y="75.09" b="Y"/>
<point x="121.84" y="67.53" b="R"/>
<point x="121.84" y="59.97" b="U"/>
<point x="121.84" y="52.41" b="C"/>
<point x="122.04" y="44.85" b="A"/>
<point x="121.63" y="37.29" b="G"/>
<point x="119.66" y="30.05" b="U"/>
<point x="124.18" y="23.98" b="R"/>
<point x="131.74" y="23.98" b="U"/>
<point x="136.40" y="30.26" b="N"/>
<point x="134.08" y="37.29" b="U"/>
<point x="134.08" y="44.85" b="U"/>
<point x="134.23" y="52.62" b="N"/>
<point x="134.28" y="59.97" b="A"/>
<point x="134.08" y="67.53" b="U"/>
<point x="133.87" y="75.09" b="G"/>
<point x="138.57" y="81.01" b="G"/>
<point x="138.78" y="88.57" b="U"/>
<point x="133.87" y="94.49" b="G"/>
<point x="133.87" y="102.05" b="G"/>
<point x="134.28" y="109.61" b="Y"/>
<point x="139.67" y="114.69" b="U"/>
<point x="141.74" y="121.96" b="U"/>
<point x="139.88" y="129.23" b="Y"/>
<point x="134.28" y="134.31" b="A"/>
<point x="133.87" y="141.88" b="G"/>
<point x="134.28" y="149.44" b="A"/>
<point x="134.08" y="157.00" b="C"/>
<point x="134.28" y="164.56" b="Y"/>
<point x="134.08" y="172.12" b="U"/>
<point x="133.87" y="179.68" b="G"/>
<point x="134.08" y="187.24" b="C"/>
<point x="134.08" y="194.79" b="C"/>
<point x="134.28" y="202.35" b="A"/>
<point x="139.57" y="207.91" b="N"/>
<point x="147.19" y="207.70" b="A"/>
<point x="154.75" y="207.70" b="Y"/>
<point x="162.31" y="207.70" b="A"/>
<point x="169.81" y="207.91" b="N"/>
<point x="177.37" y="207.91" b="N"/>
<point x="184.93" y="207.91" b="N"/>
</structure>