<structure>
<point x="19.60" y="254.22" b="N"/>
<point x="24.80" y="248.67" b="C"/>
<point x="25.01" y="241.11" b="Y"/>
<point x="24.95" y="233.75" b="N"/>
<point x="24.80" y="225.99" b="R"/>
<point x="20.24" y="220.28" b="N"/>
<point x="20.09" y="212.51" b="U"/>
<point x="24.80" y="206.59" b="C"/>
<point x="24.80" y="199.03" b="C"/>
<point x="24.80" y="191.47" b="C"/>
<point x="18.25" y="187.69" b="U"/>
<point x="24.59" y="183.91" b="G"/>
<point x="25.01" y="176.35" b="A"/>
<point x="24.59" y="168.79" b="G"/>
<point x="25.01" y="161.23" b="A"/>
<point x="21.70" y="154.34" b="C"/>
<point x="24.80" y="147.44" b="C"/>
<point x="25.01" y="139.88" b="Y"/>
<point x="25.01" y="132.32" b="Y"/>
<point x="21.91" y="125.43" b="A"/>
<point x="25.01" y="118.53" b="A"/>
<point x="24.95" y="111.18" b="N"/>
<point x="24.95" y="103.62" b="N"/>
<point x="24.80" y="95.85" b="U"/>
<point x="24.59" y="88.29" b="G"/>
<point x="24.80" y="80.73" b="U"/>
<point x="24.59" y="73.17" b="G"/>
<point x="25.01" y="65.61" b="A"/>
<point x="18.21" y="62.40" b="N"/>
<point x="13.08" y="56.85" b="N"/>
<point x="10.21" y="49.85" b="N"/>
<point x="9.97" y="42.29" b="N"/>
<point x="12.37" y="35.13" b="N"/>
<point x="17.12" y="29.25" b="N"/>
<point x="23.63" y="25.40" b="N"/>
<point x="31.07" y="24.06" b="N"/>
<point x="38.51" y="25.40" b="N"/>
<point x="45.02" y="29.25" b="N"/>
<point x="49.77" y="35.13" b="N"/>
<point x="52.17" y="42.29" b="N"/>
<point x="51.78" y="49.64" b="R"/>
<point x="49.06" y="56.85" b="N"/>
<point x="43.93" y="62.40" b="N"/>
<point x="37.04" y="65.61" b="U"/>
<point x="37.04" y="73.17" b="C"/>
<point x="37.25" y="80.73" b="A"/>
<point x="37.04" y="88.29" b="C"/>
<point x="37.04" y="95.85" b="R"/>
<point x="37.19" y="103.62" b="N"/>
<point x="37.19" y="111.18" b="N"/>
<point x="37.04" y="118.53" b="U"/>
<point x="40.29" y="125.64" b="N"/>
<point x="37.04" y="132.32" b="R"/>
<point x="36.83" y="139.88" b="G"/>
<point x="36.83" y="147.44" b="G"/>
<point x="40.35" y="154.34" b="Y"/>
<point x="37.04" y="161.23" b="U"/>
<point x="37.04" y="168.79" b="C"/>
<point x="37.04" y="176.35" b="U"/>
<point x="37.25" y="183.91" b="Y"/>
<point x="36.83" y="191.47" b="G"/>
<point x="36.83" y="199.03" b="G"/>
<point x="36.83" y="206.59" b="G"/>
<point x="44.24" y="209.53" b="N"/>
<point x="47.03" y="216.29" b="R"/>
<point x="44.09" y="223.25" b="C"/>
<point x="37.25" y="225.99" b="Y"/>
<point x="37.19" y="233.75" b="N"/>
<point x="36.83" y="241.11" b="G"/>
<point x="36.83" y="248.67" b="G"/>
</structure>