<structure>
<point x="17.39" y="141.47" b="N"/>
<point x="17.39" y="133.91" b="N"/>
<point x="17.24" y="126.14" b="R"/>
<point x="17.39" y="118.79" b="N"/>
<point x="17.39" y="111.23" b="N"/>
<point x="17.24" y="103.46" b="U"/>
<point x="17.24" y="95.90" b="C"/>
<point x="17.45" y="88.34" b="Y"/>
<point x="10.69" y="84.56" b="U"/>
<point x="17.03" y="80.78" b="G"/>
<point x="10.69" y="77.00" b="C"/>
<point x="17.24" y="73.22" b="U"/>
<point x="17.24" y="65.66" b="U"/>
<point x="17.24" y="58.10" b="C"/>
<point x="17.45" y="50.54" b="A"/>
<point x="17.45" y="42.98" b="A"/>
<point x="17.24" y="35.42" b="C"/>
<point x="17.08" y="27.87" b="A"/>
<point x="23.15" y="23.98" b="G"/>
<point x="29.85" y="27.87" b="U"/>
<point x="29.27" y="35.42" b="G"/>
<point x="36.23" y="39.20" b="Y"/>
<point x="29.48" y="42.98" b="U"/>
<point x="29.48" y="50.54" b="U"/>
<point x="29.27" y="58.10" b="G"/>
<point x="29.48" y="65.66" b="R"/>
<point x="29.69" y="73.22" b="A"/>
<point x="29.48" y="80.78" b="C"/>
<point x="29.27" y="88.34" b="G"/>
<point x="29.27" y="95.90" b="G"/>
<point x="29.48" y="103.46" b="R"/>
<point x="29.63" y="111.23" b="N"/>
<point x="29.63" y="118.79" b="N"/>
<point x="29.69" y="126.14" b="Y"/>
<point x="29.63" y="133.91" b="N"/>
<point x="29.63" y="141.47" b="N"/>
</structure>