<structure>
<point x="77.81" y="184.46" b="R"/>
<point x="78.01" y="176.90" b="Y"/>
<point x="70.52" y="175.92" b="Y"/>
<point x="63.10" y="174.42" b="N"/>
<point x="55.99" y="171.79" b="A"/>
<point x="48.90" y="168.66" b="U"/>
<point x="42.15" y="164.88" b="G"/>
<point x="36.42" y="160.47" b="A"/>
<point x="30.54" y="155.47" b="U"/>
<point x="25.18" y="149.94" b="G"/>
<point x="21.01" y="143.93" b="A"/>
<point x="17.04" y="137.49" b="Y"/>
<point x="13.52" y="130.70" b="U"/>
<point x="11.05" y="123.82" b="N"/>
<point x="9.19" y="116.30" b="A"/>
<point x="7.94" y="109.04" b="N"/>
<point x="7.50" y="101.49" b="N"/>
<point x="7.80" y="93.94" b="N"/>
<point x="8.70" y="86.24" b="U"/>
<point x="10.48" y="78.89" b="U"/>
<point x="12.97" y="71.76" b="C"/>
<point x="16.16" y="64.90" b="U"/>
<point x="20.00" y="58.39" b="U"/>
<point x="24.47" y="52.30" b="C"/>
<point x="29.73" y="46.67" b="A"/>
<point x="35.10" y="41.57" b="C"/>
<point x="41.16" y="37.04" b="U"/>
<point x="47.63" y="33.13" b="U"/>
<point x="54.45" y="29.88" b="U"/>
<point x="61.36" y="27.32" b="G"/>
<point x="69.10" y="25.47" b="A"/>
<point x="76.38" y="24.36" b="C"/>
<point x="83.93" y="23.98" b="C"/>
<point x="91.48" y="24.36" b="U"/>
<point x="98.74" y="25.47" b="G"/>
<point x="106.49" y="27.32" b="A"/>
<point x="113.40" y="29.88" b="U"/>
<point x="120.22" y="33.13" b="R"/>
<point x="126.69" y="37.04" b="U"/>
<point x="132.75" y="41.57" b="C"/>
<point x="138.33" y="46.67" b="U"/>
<point x="143.53" y="52.50" b="N"/>
<point x="148.00" y="58.60" b="N"/>
<point x="151.69" y="64.90" b="U"/>
<point x="154.67" y="71.76" b="G"/>
<point x="157.58" y="78.89" b="A"/>
<point x="159.30" y="86.45" b="N"/>
<point x="159.99" y="93.73" b="G"/>
<point x="160.71" y="101.28" b="A"/>
<point x="160.26" y="108.83" b="A"/>
<point x="159.08" y="116.30" b="A"/>
<point x="157.11" y="123.82" b="N"/>
<point x="154.53" y="130.70" b="Y"/>
<point x="151.22" y="137.49" b="Y"/>
<point x="147.20" y="144.14" b="N"/>
<point x="142.61" y="150.15" b="N"/>
<point x="137.46" y="155.68" b="N"/>
<point x="131.63" y="160.47" b="R"/>
<point x="125.50" y="164.88" b="U"/>
<point x="118.95" y="168.66" b="C"/>
<point x="112.07" y="171.79" b="U"/>
<point x="104.70" y="174.21" b="G"/>
<point x="97.75" y="175.92" b="A"/>
<point x="90.20" y="177.11" b="N"/>
<point x="90.05" y="184.46" b="R"/>
</structure>