<structure>
<point x="19.45" y="315.33" b="U"/>
<point x="27.02" y="315.33" b="U"/>
<point x="34.37" y="315.33" b="G"/>
<point x="42.13" y="315.33" b="C"/>
<point x="49.70" y="315.33" b="U"/>
<point x="57.46" y="315.33" b="A"/>
<point x="64.81" y="315.33" b="U"/>
<point x="72.17" y="315.33" b="G"/>
<point x="79.94" y="315.33" b="C"/>
<point x="85.28" y="309.98" b="C"/>
<point x="85.07" y="302.42" b="G"/>
<point x="85.28" y="294.86" b="C"/>
<point x="78.02" y="292.13" b="G"/>
<point x="75.08" y="285.17" b="G"/>
<point x="78.23" y="278.20" b="C"/>
<point x="85.49" y="275.47" b="A"/>
<point x="85.07" y="267.91" b="G"/>
<point x="85.49" y="260.35" b="A"/>
<point x="85.28" y="252.79" b="C"/>
<point x="85.28" y="245.23" b="U"/>
<point x="85.28" y="237.67" b="C"/>
<point x="85.28" y="230.11" b="C"/>
<point x="85.28" y="222.55" b="U"/>
<point x="85.28" y="214.99" b="U"/>
<point x="85.28" y="207.43" b="U"/>
<point x="79.69" y="202.34" b="U"/>
<point x="77.61" y="195.07" b="C"/>
<point x="79.69" y="187.80" b="C"/>
<point x="85.28" y="182.72" b="C"/>
<point x="85.07" y="175.16" b="G"/>
<point x="85.28" y="167.60" b="C"/>
<point x="85.28" y="160.04" b="C"/>
<point x="85.49" y="152.48" b="A"/>
<point x="80.78" y="146.56" b="A"/>
<point x="80.36" y="139.00" b="G"/>
<point x="85.49" y="133.09" b="A"/>
<point x="85.49" y="125.53" b="A"/>
<point x="85.28" y="117.97" b="C"/>
<point x="85.28" y="110.41" b="U"/>
<point x="85.28" y="102.84" b="U"/>
<point x="77.97" y="103.67" b="A"/>
<point x="70.72" y="100.94" b="U"/>
<point x="65.94" y="95.25" b="A"/>
<point x="63.73" y="87.91" b="G"/>
<point x="65.94" y="80.57" b="A"/>
<point x="70.72" y="74.88" b="C"/>
<point x="77.77" y="72.15" b="C"/>
<point x="85.49" y="72.97" b="A"/>
<point x="85.07" y="65.41" b="G"/>
<point x="85.07" y="57.85" b="G"/>
<point x="85.49" y="50.29" b="A"/>
<point x="85.07" y="42.73" b="G"/>
<point x="81.22" y="36.49" b="A"/>
<point x="82.16" y="28.99" b="A"/>
<point x="87.83" y="23.98" b="A"/>
<point x="94.97" y="23.98" b="G"/>
<point x="101.05" y="28.99" b="A"/>
<point x="101.99" y="36.49" b="A"/>
<point x="97.52" y="42.73" b="C"/>
<point x="97.52" y="50.29" b="U"/>
<point x="97.52" y="57.85" b="C"/>
<point x="97.52" y="65.41" b="C"/>
<point x="97.52" y="72.97" b="U"/>
<point x="103.65" y="77.40" b="U"/>
<point x="106.88" y="84.13" b="G"/>
<point x="107.30" y="91.69" b="A"/>
<point x="103.44" y="98.42" b="G"/>
<point x="97.73" y="102.84" b="A"/>
<point x="97.73" y="110.41" b="A"/>
<point x="97.31" y="117.97" b="G"/>
<point x="97.52" y="125.53" b="U"/>
<point x="97.52" y="133.09" b="U"/>
<point x="104.86" y="133.51" b="G"/>
<point x="110.05" y="139.00" b="G"/>
<point x="110.26" y="146.56" b="C"/>
<point x="104.86" y="152.06" b="G"/>
<point x="97.52" y="152.48" b="U"/>
<point x="97.31" y="160.04" b="G"/>
<point x="97.31" y="167.60" b="G"/>
<point x="97.52" y="175.16" b="C"/>
<point x="97.31" y="182.72" b="G"/>
<point x="103.32" y="187.80" b="A"/>
<point x="105.39" y="195.07" b="A"/>
<point x="103.12" y="202.34" b="C"/>
<point x="97.73" y="207.43" b="A"/>
<point x="97.31" y="214.99" b="G"/>
<point x="97.73" y="222.55" b="A"/>
<point x="97.31" y="230.11" b="G"/>
<point x="97.31" y="237.67" b="G"/>
<point x="104.07" y="241.45" b="C"/>
<point x="97.73" y="245.23" b="A"/>
<point x="97.31" y="252.79" b="G"/>
<point x="97.52" y="260.35" b="U"/>
<point x="97.52" y="267.91" b="C"/>
<point x="97.52" y="275.47" b="U"/>
<point x="102.23" y="281.39" b="U"/>
<point x="102.43" y="288.95" b="A"/>
<point x="97.31" y="294.86" b="G"/>
<point x="97.52" y="302.42" b="C"/>
<point x="97.31" y="309.98" b="G"/>
<point x="103.07" y="315.33" b="A"/>
<point x="110.43" y="315.33" b="C"/>
<point x="115.56" y="309.98" b="G"/>
<point x="115.56" y="302.42" b="G"/>
<point x="115.98" y="294.86" b="A"/>
<point x="110.89" y="289.10" b="C"/>
<point x="110.27" y="281.55" b="G"/>
<point x="114.73" y="275.29" b="U"/>
<point x="122.04" y="273.08" b="N"/>
<point x="129.26" y="275.29" b="A"/>
<point x="133.30" y="281.55" b="C"/>
<point x="132.90" y="289.10" b="U"/>
<point x="128.01" y="294.86" b="U"/>
<point x="128.01" y="302.42" b="C"/>
<point x="128.01" y="309.98" b="C"/>
<point x="133.36" y="315.33" b="U"/>
<point x="140.92" y="315.33" b="U"/>
<point x="148.48" y="315.33" b="C"/>
<point x="156.04" y="315.33" b="U"/>
<point x="163.60" y="315.33" b="U"/>
<point x="170.95" y="315.33" b="G"/>
<point x="178.72" y="315.33" b="U"/>
<point x="186.28" y="315.33" b="U"/>
<point x="194.04" y="315.33" b="A"/>
<point x="201.40" y="315.33" b="C"/>
<point x="208.96" y="315.33" b="U"/>
<point x="216.52" y="315.33" b="U"/>
<point x="224.28" y="315.33" b="A"/>
<point x="231.84" y="315.33" b="A"/>
<point x="239.40" y="315.33" b="A"/>
<point x="246.76" y="315.33" b="U"/>
<point x="254.32" y="315.33" b="U"/>
<point x="259.45" y="309.98" b="G"/>
<point x="259.81" y="302.63" b="N"/>
<point x="259.66" y="294.86" b="U"/>
<point x="259.45" y="287.30" b="G"/>
<point x="259.45" y="279.74" b="G"/>
<point x="259.45" y="272.18" b="G"/>
<point x="259.45" y="264.62" b="G"/>
<point x="259.45" y="257.06" b="G"/>
<point x="259.45" y="249.50" b="G"/>
<point x="259.66" y="241.94" b="C"/>
<point x="252.59" y="239.27" b="U"/>
<point x="246.50" y="234.79" b="C"/>
<point x="241.87" y="228.82" b="C"/>
<point x="239.02" y="221.82" b="C"/>
<point x="231.66" y="222.01" b="A"/>
<point x="224.11" y="222.20" b="A"/>
<point x="216.34" y="222.40" b="C"/>
<point x="214.30" y="229.62" b="A"/>
<point x="208.07" y="234.18" b="C"/>
<point x="200.51" y="234.37" b="C"/>
<point x="194.25" y="230.12" b="U"/>
<point x="191.43" y="223.03" b="G"/>
<point x="183.88" y="223.22" b="G"/>
<point x="180.68" y="229.86" b="A"/>
<point x="176.53" y="223.41" b="C"/>
<point x="168.97" y="223.61" b="U"/>
<point x="161.41" y="223.80" b="U"/>
<point x="153.85" y="224.00" b="U"/>
<point x="146.30" y="224.19" b="U"/>
<point x="138.53" y="224.38" b="G"/>
<point x="138.25" y="231.94" b="G"/>
<point x="134.57" y="238.42" b="C"/>
<point x="128.24" y="242.23" b="A"/>
<point x="120.48" y="242.42" b="C"/>
<point x="113.76" y="238.95" b="C"/>
<point x="109.75" y="232.68" b="A"/>
<point x="108.88" y="225.15" b="C"/>
<point x="101.11" y="225.34" b="G"/>
<point x="94.71" y="228.61" b="A"/>
<point x="87.32" y="225.69" b="G"/>
<point x="79.77" y="225.88" b="G"/>
<point x="72.42" y="226.08" b="U"/>
<point x="65.24" y="228.44" b="C"/>
<point x="59.26" y="224.08" b="A"/>
<point x="59.07" y="216.52" b="A"/>
<point x="64.81" y="211.85" b="C"/>
<point x="72.31" y="213.84" b="A"/>
<point x="79.66" y="213.65" b="C"/>
<point x="87.22" y="213.46" b="C"/>
<point x="94.04" y="210.18" b="C"/>
<point x="101.01" y="213.10" b="U"/>
<point x="108.36" y="212.91" b="G"/>
<point x="113.04" y="206.67" b="A"/>
<point x="119.47" y="203.06" b="U"/>
<point x="127.03" y="202.86" b="U"/>
<point x="134.05" y="206.13" b="A"/>
<point x="138.43" y="212.15" b="C"/>
<point x="146.19" y="211.95" b="A"/>
<point x="153.75" y="211.76" b="A"/>
<point x="161.31" y="211.57" b="A"/>
<point x="168.86" y="211.37" b="A"/>
<point x="176.00" y="211.18" b="G"/>
<point x="183.77" y="210.99" b="C"/>
<point x="191.33" y="210.79" b="C"/>
<point x="196.27" y="205.07" b="U"/>
<point x="203.48" y="202.81" b="U"/>
<point x="211.01" y="204.70" b="A"/>
<point x="215.82" y="210.16" b="G"/>
<point x="223.59" y="209.97" b="U"/>
<point x="231.15" y="209.77" b="U"/>
<point x="238.49" y="209.58" b="G"/>
<point x="241.40" y="202.44" b="A"/>
<point x="245.52" y="196.24" b="C"/>
<point x="251.37" y="191.45" b="C"/>
<point x="258.30" y="188.43" b="C"/>
<point x="265.99" y="187.39" b="A"/>
<point x="273.48" y="188.43" b="A"/>
<point x="280.41" y="191.45" b="A"/>
<point x="285.84" y="196.24" b="G"/>
<point x="290.58" y="202.44" b="A"/>
<point x="292.86" y="209.58" b="C"/>
<point x="293.32" y="217.13" b="U"/>
<point x="291.51" y="224.51" b="G"/>
<point x="297.85" y="228.62" b="G"/>
<point x="304.56" y="232.94" b="N"/>
<point x="311.92" y="233.55" b="U"/>
<point x="316.48" y="239.58" b="C"/>
<point x="315.43" y="247.03" b="A"/>
<point x="308.94" y="251.23" b="U"/>
<point x="301.57" y="249.53" b="U"/>
<point x="297.54" y="243.01" b="G"/>
<point x="291.41" y="238.90" b="C"/>
<point x="285.06" y="234.79" b="C"/>
<point x="278.98" y="239.27" b="C"/>
<point x="271.69" y="241.94" b="G"/>
<point x="271.90" y="249.50" b="C"/>
<point x="271.90" y="257.06" b="C"/>
<point x="271.90" y="264.62" b="U"/>
<point x="271.90" y="272.18" b="C"/>
<point x="271.90" y="279.74" b="U"/>
<point x="278.02" y="275.03" b="A"/>
<point x="285.19" y="276.71" b="U"/>
<point x="288.46" y="283.52" b="U"/>
<point x="285.39" y="290.33" b="A"/>
<point x="277.81" y="292.02" b="U"/>
<point x="271.90" y="287.30" b="C"/>
<point x="272.11" y="294.86" b="A"/>
<point x="271.69" y="302.42" b="G"/>
<point x="271.90" y="309.98" b="C"/>
<point x="277.04" y="315.33" b="G"/>
<point x="284.81" y="315.33" b="C"/>
<point x="292.37" y="315.33" b="U"/>
<point x="299.72" y="315.33" b="G"/>
<point x="307.49" y="315.33" b="C"/>
<point x="315.26" y="315.33" b="A"/>
<point x="322.40" y="315.33" b="G"/>
</structure>