<structure>
<point x="120.34" y="359.77" b="N"/>
<point x="120.34" y="352.21" b="N"/>
<point x="120.34" y="344.65" b="N"/>
<point x="120.34" y="337.09" b="N"/>
<point x="115.64" y="331.18" b="N"/>
<point x="115.64" y="323.62" b="N"/>
<point x="120.34" y="317.70" b="N"/>
<point x="120.34" y="310.14" b="N"/>
<point x="120.19" y="302.37" b="R"/>
<point x="113.08" y="300.50" b="A"/>
<point x="106.19" y="297.47" b="N"/>
<point x="100.09" y="293.00" b="N"/>
<point x="95.01" y="287.24" b="Y"/>
<point x="91.03" y="280.82" b="Y"/>
<point x="88.28" y="273.96" b="N"/>
<point x="86.97" y="266.52" b="N"/>
<point x="87.11" y="258.96" b="N"/>
<point x="88.68" y="251.56" b="N"/>
<point x="91.63" y="244.60" b="N"/>
<point x="95.84" y="238.33" b="N"/>
<point x="90.81" y="232.68" b="N"/>
<point x="85.77" y="227.04" b="N"/>
<point x="80.74" y="221.40" b="N"/>
<point x="75.71" y="215.76" b="N"/>
<point x="69.17" y="219.56" b="N"/>
<point x="61.85" y="221.01" b="Y"/>
<point x="54.11" y="220.39" b="R"/>
<point x="47.11" y="217.55" b="C"/>
<point x="41.28" y="212.73" b="R"/>
<point x="37.30" y="206.60" b="N"/>
<point x="35.12" y="199.11" b="R"/>
<point x="35.51" y="191.77" b="N"/>
<point x="38.00" y="184.63" b="N"/>
<point x="42.15" y="178.35" b="G"/>
<point x="37.32" y="172.71" b="R"/>
<point x="32.29" y="167.07" b="R"/>
<point x="27.46" y="161.43" b="Y"/>
<point x="22.37" y="156.00" b="N"/>
<point x="17.34" y="150.36" b="N"/>
<point x="10.31" y="147.59" b="N"/>
<point x="7.50" y="140.56" b="N"/>
<point x="10.68" y="133.71" b="N"/>
<point x="17.71" y="131.12" b="R"/>
<point x="24.51" y="134.91" b="N"/>
<point x="26.47" y="142.21" b="N"/>
<point x="31.51" y="147.85" b="N"/>
<point x="36.39" y="153.28" b="R"/>
<point x="41.63" y="158.92" b="Y"/>
<point x="46.66" y="164.56" b="Y"/>
<point x="51.49" y="170.20" b="C"/>
<point x="58.77" y="167.89" b="N"/>
<point x="66.32" y="167.55" b="N"/>
<point x="73.64" y="169.43" b="N"/>
<point x="80.10" y="173.36" b="N"/>
<point x="85.13" y="179.00" b="N"/>
<point x="88.31" y="185.86" b="N"/>
<point x="89.34" y="193.35" b="N"/>
<point x="88.15" y="200.82" b="N"/>
<point x="84.84" y="207.61" b="N"/>
<point x="89.87" y="213.25" b="N"/>
<point x="94.91" y="218.89" b="N"/>
<point x="99.94" y="224.53" b="N"/>
<point x="104.97" y="230.18" b="N"/>
<point x="111.33" y="226.49" b="G"/>
<point x="118.58" y="224.35" b="G"/>
<point x="126.10" y="223.63" b="G"/>
<point x="134.04" y="224.35" b="A"/>
<point x="141.30" y="226.49" b="A"/>
<point x="147.59" y="229.97" b="G"/>
<point x="153.52" y="234.66" b="G"/>
<point x="158.66" y="240.39" b="U"/>
<point x="162.42" y="246.95" b="C"/>
<point x="169.86" y="245.15" b="N"/>
<point x="176.78" y="242.94" b="G"/>
<point x="184.49" y="240.93" b="A"/>
<point x="191.36" y="238.92" b="G"/>
<point x="191.17" y="231.39" b="A"/>
<point x="191.58" y="224.05" b="N"/>
<point x="193.12" y="216.65" b="N"/>
<point x="195.71" y="209.54" b="N"/>
<point x="199.13" y="202.67" b="R"/>
<point x="193.25" y="197.92" b="R"/>
<point x="187.57" y="193.17" b="Y"/>
<point x="181.49" y="188.41" b="C"/>
<point x="174.50" y="191.29" b="R"/>
<point x="167.09" y="191.58" b="N"/>
<point x="160.04" y="188.85" b="N"/>
<point x="154.50" y="183.71" b="N"/>
<point x="151.27" y="176.87" b="N"/>
<point x="150.80" y="169.33" b="N"/>
<point x="153.16" y="162.15" b="N"/>
<point x="147.99" y="156.63" b="N"/>
<point x="142.88" y="150.90" b="Y"/>
<point x="137.71" y="145.38" b="Y"/>
<point x="132.34" y="139.87" b="C"/>
<point x="125.45" y="137.26" b="Y"/>
<point x="122.42" y="130.52" b="N"/>
<point x="125.28" y="123.38" b="R"/>
<point x="132.55" y="121.03" b="N"/>
<point x="139.29" y="124.45" b="N"/>
<point x="141.06" y="131.50" b="G"/>
<point x="146.23" y="137.02" b="G"/>
<point x="151.61" y="142.54" b="R"/>
<point x="156.92" y="148.26" b="N"/>
<point x="162.09" y="153.78" b="N"/>
<point x="169.47" y="151.69" b="Y"/>
<point x="171.33" y="144.36" b="Y"/>
<point x="173.13" y="137.24" b="N"/>
<point x="175.05" y="129.70" b="Y"/>
<point x="176.85" y="122.58" b="N"/>
<point x="178.71" y="115.25" b="N"/>
<point x="178.23" y="107.49" b="R"/>
<point x="184.10" y="102.72" b="R"/>
<point x="191.43" y="104.58" b="R"/>
<point x="194.46" y="111.78" b="N"/>
<point x="190.57" y="118.26" b="N"/>
<point x="188.71" y="125.59" b="N"/>
<point x="186.71" y="132.71" b="R"/>
<point x="185.00" y="140.25" b="N"/>
<point x="182.99" y="147.37" b="R"/>
<point x="181.13" y="154.70" b="R"/>
<point x="186.81" y="160.05" b="N"/>
<point x="193.99" y="157.66" b="N"/>
<point x="201.16" y="155.28" b="N"/>
<point x="208.18" y="152.68" b="R"/>
<point x="215.15" y="150.29" b="G"/>
<point x="222.68" y="148.11" b="N"/>
<point x="229.85" y="145.72" b="N"/>
<point x="226.31" y="139.05" b="N"/>
<point x="224.87" y="131.43" b="Y"/>
<point x="225.35" y="123.90" b="C"/>
<point x="228.37" y="116.88" b="A"/>
<point x="232.65" y="110.96" b="G"/>
<point x="239.25" y="106.62" b="A"/>
<point x="246.22" y="104.23" b="R"/>
<point x="253.98" y="103.99" b="A"/>
<point x="261.24" y="106.13" b="N"/>
<point x="267.69" y="110.07" b="N"/>
<point x="272.75" y="115.68" b="N"/>
<point x="275.85" y="122.30" b="R"/>
<point x="277.16" y="129.98" b="N"/>
<point x="284.34" y="127.59" b="N"/>
<point x="291.56" y="125.00" b="Y"/>
<point x="290.01" y="117.79" b="N"/>
<point x="289.20" y="110.28" b="N"/>
<point x="289.10" y="102.72" b="N"/>
<point x="289.70" y="95.18" b="N"/>
<point x="290.99" y="87.73" b="N"/>
<point x="292.97" y="80.44" b="N"/>
<point x="295.62" y="73.35" b="N"/>
<point x="298.92" y="66.55" b="N"/>
<point x="302.83" y="60.08" b="N"/>
<point x="307.32" y="54.00" b="N"/>
<point x="312.36" y="48.37" b="N"/>
<point x="317.90" y="43.22" b="N"/>
<point x="323.89" y="38.62" b="N"/>
<point x="330.29" y="34.58" b="N"/>
<point x="337.03" y="31.16" b="N"/>
<point x="344.06" y="28.38" b="N"/>
<point x="351.32" y="26.27" b="N"/>
<point x="358.74" y="24.83" b="N"/>
<point x="366.27" y="24.09" b="N"/>
<point x="373.83" y="24.06" b="N"/>
<point x="381.36" y="24.72" b="N"/>
<point x="388.80" y="26.08" b="N"/>
<point x="396.07" y="28.13" b="N"/>
<point x="403.13" y="30.84" b="N"/>
<point x="409.90" y="34.19" b="N"/>
<point x="416.34" y="38.16" b="N"/>
<point x="422.38" y="42.71" b="N"/>
<point x="427.97" y="47.80" b="N"/>
<point x="433.06" y="53.38" b="N"/>
<point x="437.62" y="59.42" b="N"/>
<point x="441.59" y="65.85" b="N"/>
<point x="444.95" y="72.62" b="N"/>
<point x="447.67" y="79.67" b="N"/>
<point x="449.72" y="86.95" b="N"/>
<point x="451.09" y="94.38" b="N"/>
<point x="451.76" y="101.91" b="N"/>
<point x="451.74" y="109.48" b="N"/>
<point x="451.00" y="117.00" b="N"/>
<point x="449.58" y="124.42" b="N"/>
<point x="447.47" y="131.68" b="N"/>
<point x="444.70" y="138.72" b="N"/>
<point x="441.28" y="145.46" b="N"/>
<point x="437.26" y="151.86" b="N"/>
<point x="432.66" y="157.86" b="N"/>
<point x="427.52" y="163.41" b="N"/>
<point x="421.89" y="168.45" b="N"/>
<point x="415.81" y="172.95" b="N"/>
<point x="409.35" y="176.87" b="N"/>
<point x="402.55" y="180.17" b="N"/>
<point x="395.47" y="182.83" b="N"/>
<point x="388.18" y="184.81" b="N"/>
<point x="380.73" y="186.12" b="N"/>
<point x="373.19" y="186.72" b="N"/>
<point x="365.63" y="186.63" b="N"/>
<point x="358.12" y="185.83" b="N"/>
<point x="350.70" y="184.34" b="N"/>
<point x="343.46" y="182.16" b="N"/>
<point x="336.45" y="179.33" b="N"/>
<point x="329.74" y="175.86" b="N"/>
<point x="323.38" y="171.78" b="N"/>
<point x="317.42" y="167.12" b="N"/>
<point x="311.92" y="161.94" b="N"/>
<point x="306.92" y="156.26" b="N"/>
<point x="302.48" y="150.15" b="N"/>
<point x="298.62" y="143.65" b="N"/>
<point x="295.38" y="136.82" b="N"/>
<point x="288.20" y="139.20" b="N"/>
<point x="281.03" y="141.59" b="N"/>
<point x="280.52" y="149.13" b="N"/>
<point x="277.69" y="156.00" b="U"/>
<point x="272.85" y="161.97" b="G"/>
<point x="266.69" y="166.35" b="G"/>
<point x="259.72" y="168.74" b="R"/>
<point x="252.37" y="168.93" b="A"/>
<point x="245.03" y="167.12" b="N"/>
<point x="238.65" y="163.07" b="N"/>
<point x="233.72" y="157.34" b="N"/>
<point x="226.55" y="159.73" b="N"/>
<point x="219.43" y="161.91" b="Y"/>
<point x="212.26" y="164.29" b="Y"/>
<point x="205.03" y="166.89" b="N"/>
<point x="197.85" y="169.28" b="N"/>
<point x="190.68" y="171.66" b="N"/>
<point x="188.97" y="178.90" b="G"/>
<point x="194.85" y="183.65" b="G"/>
<point x="201.15" y="188.40" b="Y"/>
<point x="207.03" y="193.15" b="Y"/>
<point x="212.59" y="188.26" b="R"/>
<point x="219.14" y="184.45" b="N"/>
<point x="226.11" y="181.19" b="Y"/>
<point x="233.19" y="179.14" b="R"/>
<point x="240.83" y="178.37" b="N"/>
<point x="248.39" y="178.47" b="N"/>
<point x="255.86" y="179.64" b="N"/>
<point x="263.14" y="181.66" b="Y"/>
<point x="269.91" y="185.11" b="N"/>
<point x="276.21" y="189.29" b="N"/>
<point x="281.91" y="194.12" b="A"/>
<point x="286.35" y="199.91" b="G"/>
<point x="290.55" y="206.33" b="U"/>
<point x="293.72" y="213.47" b="N"/>
<point x="295.58" y="220.55" b="C"/>
<point x="296.53" y="228.05" b="R"/>
<point x="296.60" y="235.61" b="A"/>
<point x="295.18" y="243.07" b="U"/>
<point x="293.07" y="250.49" b="N"/>
<point x="289.80" y="257.31" b="N"/>
<point x="285.58" y="263.58" b="N"/>
<point x="280.58" y="268.99" b="Y"/>
<point x="274.56" y="273.82" b="R"/>
<point x="268.11" y="277.78" b="R"/>
<point x="261.17" y="280.77" b="R"/>
<point x="254.02" y="282.95" b="N"/>
<point x="254.60" y="290.49" b="N"/>
<point x="255.17" y="298.02" b="N"/>
<point x="255.75" y="305.56" b="N"/>
<point x="256.32" y="313.10" b="N"/>
<point x="256.90" y="320.64" b="N"/>
<point x="257.47" y="328.18" b="N"/>
<point x="261.38" y="334.65" b="N"/>
<point x="259.34" y="341.93" b="N"/>
<point x="252.65" y="345.45" b="N"/>
<point x="245.50" y="342.99" b="N"/>
<point x="242.39" y="336.10" b="N"/>
<point x="245.27" y="329.11" b="N"/>
<point x="244.69" y="321.57" b="N"/>
<point x="244.12" y="314.03" b="N"/>
<point x="243.54" y="306.49" b="N"/>
<point x="242.97" y="298.96" b="N"/>
<point x="242.39" y="291.42" b="N"/>
<point x="241.82" y="283.88" b="N"/>
<point x="234.36" y="282.83" b="A"/>
<point x="227.05" y="280.92" b="A"/>
<point x="219.87" y="277.99" b="C"/>
<point x="213.54" y="274.30" b="N"/>
<point x="207.69" y="269.52" b="N"/>
<point x="202.42" y="263.75" b="R"/>
<point x="198.36" y="257.51" b="A"/>
<point x="194.82" y="250.72" b="U"/>
<point x="187.68" y="252.94" b="N"/>
<point x="180.25" y="254.74" b="C"/>
<point x="173.11" y="256.95" b="N"/>
<point x="165.46" y="258.75" b="G"/>
<point x="166.01" y="266.31" b="A"/>
<point x="164.71" y="273.76" b="Y"/>
<point x="162.01" y="280.82" b="Y"/>
<point x="157.82" y="287.24" b="R"/>
<point x="152.84" y="293.00" b="N"/>
<point x="146.74" y="297.47" b="N"/>
<point x="139.91" y="300.70" b="N"/>
<point x="132.64" y="302.37" b="Y"/>
<point x="132.58" y="310.14" b="N"/>
<point x="132.58" y="317.70" b="N"/>
<point x="137.29" y="323.62" b="N"/>
<point x="137.29" y="331.18" b="N"/>
<point x="132.58" y="337.09" b="N"/>
<point x="132.58" y="344.65" b="N"/>
<point x="132.58" y="352.21" b="N"/>
<point x="132.58" y="359.77" b="N"/>
</structure>