<structure>
<point x="80.25" y="204.61" b="N"/>
<point x="80.25" y="197.05" b="N"/>
<point x="80.25" y="189.49" b="N"/>
<point x="80.25" y="181.93" b="N"/>
<point x="72.75" y="180.98" b="N"/>
<point x="65.43" y="179.11" b="A"/>
<point x="58.04" y="176.76" b="U"/>
<point x="50.90" y="173.72" b="G"/>
<point x="44.72" y="170.04" b="A"/>
<point x="38.29" y="165.75" b="U"/>
<point x="32.30" y="160.88" b="G"/>
<point x="27.42" y="155.48" b="A"/>
<point x="22.62" y="149.81" b="N"/>
<point x="18.45" y="143.50" b="N"/>
<point x="14.91" y="136.82" b="N"/>
<point x="12.07" y="129.62" b="Y"/>
<point x="9.81" y="122.60" b="N"/>
<point x="8.36" y="114.99" b="A"/>
<point x="7.57" y="107.47" b="Y"/>
<point x="7.50" y="99.91" b="Y"/>
<point x="8.10" y="92.58" b="N"/>
<point x="9.47" y="85.15" b="N"/>
<point x="11.55" y="77.88" b="N"/>
<point x="14.31" y="70.84" b="N"/>
<point x="17.37" y="63.89" b="G"/>
<point x="21.42" y="57.51" b="G"/>
<point x="26.27" y="51.54" b="U"/>
<point x="31.46" y="46.05" b="C"/>
<point x="37.15" y="41.07" b="C"/>
<point x="43.09" y="36.67" b="G"/>
<point x="49.83" y="32.87" b="U"/>
<point x="56.49" y="29.71" b="G"/>
<point x="63.84" y="27.22" b="U"/>
<point x="71.19" y="25.43" b="U"/>
<point x="78.67" y="24.35" b="U"/>
<point x="86.22" y="23.98" b="C"/>
<point x="93.77" y="24.35" b="U"/>
<point x="101.04" y="25.43" b="G"/>
<point x="108.80" y="27.22" b="A"/>
<point x="115.89" y="29.92" b="N"/>
<point x="122.61" y="32.87" b="R"/>
<point x="129.29" y="36.87" b="N"/>
<point x="135.28" y="41.07" b="C"/>
<point x="141.13" y="46.25" b="N"/>
<point x="146.32" y="51.75" b="N"/>
<point x="150.96" y="57.72" b="N"/>
<point x="155.07" y="63.89" b="Y"/>
<point x="158.07" y="70.63" b="G"/>
<point x="161.25" y="77.67" b="A"/>
<point x="163.32" y="84.94" b="Y"/>
<point x="164.64" y="92.58" b="N"/>
<point x="165.29" y="100.12" b="N"/>
<point x="165.23" y="107.68" b="N"/>
<point x="164.44" y="115.19" b="N"/>
<point x="162.93" y="122.60" b="N"/>
<point x="160.78" y="129.62" b="Y"/>
<point x="157.47" y="136.61" b="G"/>
<point x="154.29" y="143.50" b="N"/>
<point x="150.18" y="149.60" b="A"/>
<point x="145.43" y="155.48" b="A"/>
<point x="140.08" y="161.09" b="N"/>
<point x="134.30" y="165.96" b="N"/>
<point x="127.93" y="170.04" b="U"/>
<point x="121.33" y="173.72" b="C"/>
<point x="114.40" y="176.76" b="U"/>
<point x="107.01" y="179.11" b="G"/>
<point x="100.05" y="180.77" b="A"/>
<point x="92.55" y="181.72" b="Y"/>
<point x="92.55" y="189.28" b="Y"/>
<point x="92.49" y="197.05" b="N"/>
<point x="92.49" y="204.61" b="N"/>
</structure>