<structure>
<point x="35.79" y="234.19" b="C"/>
<point x="35.79" y="226.63" b="U"/>
<point x="35.79" y="219.07" b="C"/>
<point x="35.79" y="211.51" b="C"/>
<point x="29.81" y="207.30" b="N"/>
<point x="26.01" y="200.36" b="G"/>
<point x="26.22" y="192.80" b="U"/>
<point x="29.45" y="186.07" b="G"/>
<point x="35.79" y="181.64" b="C"/>
<point x="35.79" y="174.08" b="C"/>
<point x="35.79" y="166.52" b="U"/>
<point x="32.90" y="159.63" b="A"/>
<point x="35.79" y="152.73" b="C"/>
<point x="35.79" y="145.17" b="U"/>
<point x="35.58" y="137.61" b="G"/>
<point x="36.00" y="130.05" b="A"/>
<point x="35.79" y="122.49" b="R"/>
<point x="35.79" y="114.93" b="C"/>
<point x="35.79" y="107.37" b="U"/>
<point x="35.58" y="99.81" b="G"/>
<point x="36.00" y="92.25" b="A"/>
<point x="28.69" y="90.31" b="N"/>
<point x="22.14" y="86.43" b="A"/>
<point x="16.44" y="81.61" b="N"/>
<point x="12.02" y="75.48" b="N"/>
<point x="9.04" y="68.53" b="N"/>
<point x="7.50" y="60.89" b="R"/>
<point x="7.91" y="53.54" b="N"/>
<point x="9.66" y="46.02" b="U"/>
<point x="13.31" y="39.29" b="Y"/>
<point x="18.08" y="33.68" b="N"/>
<point x="24.06" y="29.05" b="N"/>
<point x="30.90" y="25.84" b="N"/>
<point x="38.13" y="23.98" b="U"/>
<point x="45.90" y="23.98" b="Y"/>
<point x="53.22" y="25.84" b="N"/>
<point x="60.06" y="29.05" b="N"/>
<point x="66.04" y="33.68" b="N"/>
<point x="70.87" y="39.50" b="N"/>
<point x="74.17" y="46.02" b="R"/>
<point x="76.22" y="53.54" b="N"/>
<point x="76.53" y="60.89" b="A"/>
<point x="74.93" y="68.32" b="C"/>
<point x="71.95" y="75.27" b="U"/>
<point x="67.33" y="81.40" b="G"/>
<point x="61.68" y="86.43" b="G"/>
<point x="55.28" y="90.10" b="C"/>
<point x="48.03" y="92.25" b="U"/>
<point x="48.03" y="99.81" b="C"/>
<point x="48.24" y="107.37" b="A"/>
<point x="47.82" y="114.93" b="G"/>
<point x="48.03" y="122.49" b="U"/>
<point x="48.03" y="130.05" b="U"/>
<point x="48.03" y="137.61" b="C"/>
<point x="48.24" y="145.17" b="A"/>
<point x="47.82" y="152.73" b="G"/>
<point x="51.13" y="159.63" b="C"/>
<point x="48.24" y="166.52" b="A"/>
<point x="47.82" y="174.08" b="G"/>
<point x="47.82" y="181.64" b="G"/>
<point x="54.37" y="186.07" b="A"/>
<point x="57.81" y="192.80" b="A"/>
<point x="57.60" y="200.36" b="C"/>
<point x="54.37" y="207.09" b="A"/>
<point x="47.82" y="211.51" b="G"/>
<point x="47.82" y="219.07" b="G"/>
<point x="48.24" y="226.63" b="A"/>
<point x="47.82" y="234.19" b="G"/>
</structure>