<structure>
<point x="19.45" y="151.66" b="C"/>
<point x="27.02" y="151.66" b="C"/>
<point x="34.58" y="151.66" b="C"/>
<point x="42.34" y="151.66" b="A"/>
<point x="49.48" y="151.66" b="G"/>
<point x="57.46" y="151.66" b="A"/>
<point x="64.61" y="151.66" b="G"/>
<point x="72.17" y="151.66" b="G"/>
<point x="79.94" y="151.66" b="U"/>
<point x="87.70" y="151.66" b="A"/>
<point x="95.06" y="151.66" b="U"/>
<point x="102.61" y="151.66" b="U"/>
<point x="109.97" y="151.66" b="G"/>
<point x="117.94" y="151.66" b="A"/>
<point x="125.30" y="151.66" b="U"/>
<point x="130.79" y="146.52" b="N"/>
<point x="130.43" y="138.75" b="G"/>
<point x="130.43" y="131.19" b="G"/>
<point x="130.64" y="123.63" b="U"/>
<point x="130.43" y="116.07" b="G"/>
<point x="130.64" y="108.51" b="R"/>
<point x="123.25" y="108.24" b="N"/>
<point x="116.86" y="104.19" b="N"/>
<point x="113.22" y="97.56" b="N"/>
<point x="113.22" y="90.00" b="N"/>
<point x="116.86" y="83.38" b="N"/>
<point x="123.25" y="79.32" b="N"/>
<point x="130.64" y="78.64" b="R"/>
<point x="130.79" y="71.29" b="N"/>
<point x="130.85" y="63.52" b="Y"/>
<point x="130.85" y="55.96" b="A"/>
<point x="130.79" y="48.61" b="N"/>
<point x="130.79" y="41.05" b="N"/>
<point x="127.39" y="34.29" b="N"/>
<point x="130.03" y="26.98" b="Y"/>
<point x="136.97" y="23.98" b="Y"/>
<point x="143.85" y="27.19" b="N"/>
<point x="146.43" y="34.29" b="N"/>
<point x="143.03" y="41.05" b="N"/>
<point x="143.03" y="48.61" b="N"/>
<point x="142.88" y="55.96" b="U"/>
<point x="142.88" y="63.52" b="R"/>
<point x="143.03" y="71.29" b="N"/>
<point x="142.88" y="78.64" b="U"/>
<point x="149.16" y="83.27" b="N"/>
<point x="152.66" y="89.79" b="A"/>
<point x="152.60" y="97.56" b="N"/>
<point x="149.16" y="104.29" b="N"/>
<point x="143.03" y="108.72" b="N"/>
<point x="148.38" y="103.37" b="N"/>
<point x="155.94" y="103.37" b="N"/>
<point x="161.28" y="108.72" b="N"/>
<point x="161.13" y="116.07" b="U"/>
<point x="155.79" y="121.42" b="U"/>
<point x="148.23" y="121.42" b="R"/>
<point x="142.88" y="116.07" b="C"/>
<point x="143.09" y="123.63" b="A"/>
<point x="142.88" y="131.19" b="C"/>
<point x="142.88" y="138.75" b="C"/>
<point x="142.88" y="146.31" b="R"/>
<point x="153.78" y="157.00" b="A"/>
<point x="161.13" y="157.00" b="C"/>
<point x="168.69" y="157.00" b="C"/>
<point x="176.25" y="157.00" b="U"/>
<point x="183.81" y="157.00" b="R"/>
<point x="191.37" y="157.00" b="C"/>
<point x="198.72" y="157.00" b="G"/>
<point x="206.49" y="157.00" b="C"/>
<point x="213.73" y="154.83" b="R"/>
<point x="219.59" y="159.34" b="G"/>
<point x="220.00" y="166.90" b="A"/>
<point x="213.73" y="171.41" b="U"/>
<point x="206.28" y="169.24" b="G"/>
<point x="198.93" y="169.24" b="C"/>
<point x="191.16" y="169.24" b="G"/>
<point x="184.02" y="169.24" b="Y"/>
<point x="176.46" y="169.24" b="A"/>
<point x="168.48" y="169.24" b="G"/>
<point x="160.92" y="169.24" b="G"/>
<point x="153.57" y="169.24" b="U"/>
<point x="148.23" y="174.59" b="U"/>
<point x="148.23" y="182.15" b="U"/>
<point x="148.23" y="189.71" b="U"/>
<point x="148.23" y="197.27" b="U"/>
<point x="148.23" y="204.83" b="U"/>
<point x="148.23" y="212.39" b="U"/>
<point x="148.23" y="219.95" b="U"/>
</structure>