<structure>
<point x="19.25" y="247.64" b="G"/>
<point x="26.80" y="247.64" b="G"/>
<point x="34.58" y="247.64" b="C"/>
<point x="42.28" y="247.85" b="N"/>
<point x="49.70" y="247.64" b="C"/>
<point x="57.26" y="247.64" b="R"/>
<point x="64.81" y="247.64" b="C"/>
<point x="72.38" y="247.64" b="R"/>
<point x="79.94" y="247.64" b="R"/>
<point x="87.50" y="247.64" b="U"/>
<point x="94.84" y="247.64" b="G"/>
<point x="102.82" y="247.64" b="A"/>
<point x="110.38" y="247.64" b="A"/>
<point x="117.89" y="247.85" b="N"/>
<point x="125.08" y="247.64" b="G"/>
<point x="133.06" y="247.64" b="A"/>
<point x="140.56" y="247.85" b="N"/>
<point x="147.76" y="247.64" b="G"/>
<point x="155.69" y="247.85" b="N"/>
<point x="162.88" y="247.64" b="G"/>
<point x="170.86" y="247.64" b="A"/>
<point x="178.22" y="247.64" b="C"/>
<point x="185.56" y="247.64" b="G"/>
<point x="193.48" y="247.85" b="N"/>
<point x="201.10" y="247.64" b="Y"/>
<point x="208.25" y="247.64" b="G"/>
<point x="216.01" y="247.64" b="C"/>
<point x="223.57" y="247.64" b="C"/>
<point x="230.93" y="247.64" b="G"/>
<point x="238.49" y="247.64" b="G"/>
<point x="246.04" y="247.64" b="G"/>
<point x="253.81" y="247.64" b="C"/>
<point x="261.17" y="247.64" b="G"/>
<point x="268.73" y="247.64" b="G"/>
<point x="276.70" y="247.64" b="A"/>
<point x="284.06" y="247.64" b="C"/>
<point x="291.82" y="247.64" b="A"/>
<point x="296.75" y="242.30" b="G"/>
<point x="296.75" y="234.74" b="G"/>
<point x="296.75" y="227.18" b="G"/>
<point x="296.96" y="219.62" b="C"/>
<point x="296.96" y="212.06" b="C"/>
<point x="296.96" y="204.50" b="C"/>
<point x="296.75" y="196.94" b="G"/>
<point x="296.75" y="189.38" b="G"/>
<point x="296.96" y="181.82" b="U"/>
<point x="292.25" y="175.90" b="C"/>
<point x="292.25" y="168.34" b="U"/>
<point x="296.96" y="162.42" b="C"/>
<point x="296.96" y="154.86" b="C"/>
<point x="289.20" y="154.44" b="G"/>
<point x="284.01" y="148.95" b="G"/>
<point x="284.22" y="141.39" b="R"/>
<point x="289.56" y="136.10" b="N"/>
<point x="296.96" y="135.47" b="C"/>
<point x="296.96" y="127.91" b="C"/>
<point x="296.75" y="120.35" b="G"/>
<point x="296.96" y="112.79" b="C"/>
<point x="297.17" y="105.23" b="Y"/>
<point x="297.11" y="97.88" b="N"/>
<point x="290.04" y="94.18" b="G"/>
<point x="285.43" y="88.54" b="A"/>
<point x="282.32" y="81.47" b="G"/>
<point x="282.32" y="73.91" b="G"/>
<point x="285.37" y="67.06" b="N"/>
<point x="290.40" y="61.41" b="N"/>
<point x="296.75" y="57.72" b="G"/>
<point x="297.17" y="50.16" b="Y"/>
<point x="296.96" y="42.60" b="C"/>
<point x="292.85" y="36.56" b="N"/>
<point x="293.78" y="29.06" b="N"/>
<point x="299.45" y="24.06" b="N"/>
<point x="307.01" y="24.06" b="N"/>
<point x="312.68" y="29.06" b="N"/>
<point x="313.61" y="36.56" b="N"/>
<point x="308.99" y="42.60" b="G"/>
<point x="308.99" y="50.16" b="G"/>
<point x="309.20" y="57.72" b="C"/>
<point x="316.88" y="57.31" b="N"/>
<point x="323.78" y="59.23" b="G"/>
<point x="330.15" y="64.03" b="N"/>
<point x="333.95" y="70.26" b="C"/>
<point x="335.54" y="77.69" b="A"/>
<point x="334.16" y="85.13" b="A"/>
<point x="330.00" y="91.57" b="U"/>
<point x="323.78" y="96.16" b="G"/>
<point x="316.94" y="98.29" b="A"/>
<point x="309.20" y="97.67" b="R"/>
<point x="309.20" y="105.23" b="R"/>
<point x="308.99" y="112.79" b="G"/>
<point x="309.20" y="120.35" b="C"/>
<point x="308.99" y="127.91" b="G"/>
<point x="308.99" y="135.47" b="G"/>
<point x="313.70" y="141.39" b="G"/>
<point x="314.06" y="149.16" b="N"/>
<point x="308.99" y="154.86" b="G"/>
<point x="308.99" y="162.42" b="G"/>
<point x="316.95" y="162.85" b="A"/>
<point x="321.94" y="168.34" b="U"/>
<point x="322.09" y="176.11" b="N"/>
<point x="316.95" y="181.40" b="A"/>
<point x="308.99" y="181.82" b="G"/>
<point x="309.20" y="189.38" b="C"/>
<point x="309.20" y="196.94" b="C"/>
<point x="308.99" y="204.50" b="G"/>
<point x="308.99" y="212.06" b="G"/>
<point x="308.99" y="219.62" b="G"/>
<point x="309.20" y="227.18" b="C"/>
<point x="309.20" y="234.74" b="C"/>
<point x="309.41" y="242.30" b="Y"/>
<point x="314.75" y="247.64" b="A"/>
<point x="322.26" y="247.85" b="N"/>
<point x="329.87" y="247.64" b="A"/>
<point x="337.38" y="247.85" b="N"/>
<point x="344.94" y="247.85" b="N"/>
<point x="352.35" y="247.64" b="R"/>
<point x="360.06" y="247.85" b="N"/>
<point x="367.47" y="247.64" b="U"/>
<point x="375.03" y="247.64" b="U"/>
<point x="382.74" y="247.85" b="N"/>
<point x="390.15" y="247.64" b="R"/>
<point x="397.86" y="247.85" b="N"/>
<point x="405.27" y="247.64" b="U"/>
<point x="412.83" y="247.64" b="U"/>
<point x="420.39" y="247.64" b="C"/>
<point x="427.95" y="247.64" b="U"/>
<point x="435.51" y="247.64" b="R"/>
<point x="443.22" y="247.85" b="N"/>
<point x="450.63" y="247.64" b="U"/>
<point x="458.34" y="247.85" b="N"/>
</structure>