<structure>
<point x="19.60" y="145.89" b="N"/>
<point x="27.16" y="145.89" b="N"/>
<point x="34.73" y="145.89" b="N"/>
<point x="42.13" y="145.68" b="R"/>
<point x="49.70" y="145.68" b="R"/>
<point x="57.26" y="145.68" b="U"/>
<point x="64.81" y="145.68" b="U"/>
<point x="72.17" y="145.68" b="G"/>
<point x="77.51" y="140.34" b="G"/>
<point x="77.72" y="132.78" b="U"/>
<point x="77.51" y="125.22" b="G"/>
<point x="77.51" y="117.66" b="G"/>
<point x="74.62" y="110.76" b="C"/>
<point x="77.51" y="103.87" b="G"/>
<point x="77.72" y="96.31" b="C"/>
<point x="77.93" y="88.75" b="A"/>
<point x="77.72" y="81.19" b="C"/>
<point x="77.93" y="73.63" b="Y"/>
<point x="74.62" y="66.73" b="U"/>
<point x="77.87" y="60.04" b="N"/>
<point x="77.87" y="52.48" b="N"/>
<point x="77.87" y="44.92" b="N"/>
<point x="77.87" y="37.36" b="N"/>
<point x="75.70" y="30.12" b="N"/>
<point x="80.21" y="24.06" b="N"/>
<point x="87.77" y="24.06" b="N"/>
<point x="92.28" y="30.12" b="N"/>
<point x="90.17" y="37.16" b="Y"/>
<point x="90.11" y="44.92" b="N"/>
<point x="90.11" y="52.48" b="N"/>
<point x="90.11" y="60.04" b="N"/>
<point x="93.27" y="66.73" b="Y"/>
<point x="89.75" y="73.63" b="G"/>
<point x="89.75" y="81.19" b="G"/>
<point x="89.96" y="88.75" b="U"/>
<point x="89.75" y="96.31" b="G"/>
<point x="90.11" y="104.08" b="N"/>
<point x="96.85" y="106.98" b="R"/>
<point x="97.00" y="114.75" b="N"/>
<point x="89.96" y="117.66" b="U"/>
<point x="90.11" y="125.43" b="N"/>
<point x="90.17" y="132.78" b="A"/>
<point x="89.96" y="140.34" b="C"/>
<point x="95.46" y="145.89" b="N"/>
<point x="103.02" y="145.89" b="N"/>
<point x="110.58" y="145.89" b="N"/>
<point x="118.14" y="145.89" b="N"/>
<point x="125.70" y="145.89" b="N"/>
<point x="133.26" y="145.89" b="N"/>
<point x="140.82" y="145.89" b="N"/>
<point x="148.38" y="145.89" b="N"/>
<point x="155.79" y="145.68" b="R"/>
<point x="163.55" y="145.68" b="Y"/>
<point x="171.06" y="145.89" b="N"/>
<point x="178.62" y="145.89" b="N"/>
<point x="186.18" y="145.89" b="N"/>
<point x="193.74" y="145.89" b="N"/>
<point x="201.35" y="145.68" b="A"/>
<point x="208.71" y="145.68" b="R"/>
<point x="216.42" y="145.89" b="N"/>
<point x="223.83" y="145.68" b="R"/>
<point x="231.54" y="145.89" b="N"/>
<point x="239.10" y="145.89" b="N"/>
<point x="246.66" y="145.89" b="N"/>
<point x="254.22" y="145.89" b="N"/>
<point x="261.78" y="145.89" b="N"/>
<point x="269.34" y="145.89" b="N"/>
<point x="276.95" y="145.68" b="Y"/>
<point x="284.51" y="145.68" b="A"/>
<point x="292.02" y="145.89" b="N"/>
<point x="299.63" y="145.68" b="Y"/>
<point x="307.14" y="145.89" b="N"/>
<point x="312.33" y="140.34" b="R"/>
<point x="312.12" y="132.78" b="G"/>
<point x="312.33" y="125.22" b="C"/>
<point x="312.33" y="117.66" b="C"/>
<point x="312.33" y="110.10" b="C"/>
<point x="312.12" y="102.54" b="G"/>
<point x="312.33" y="94.98" b="C"/>
<point x="312.54" y="87.42" b="Y"/>
<point x="310.31" y="80.38" b="N"/>
<point x="314.82" y="74.32" b="N"/>
<point x="322.38" y="74.32" b="N"/>
<point x="326.89" y="80.38" b="N"/>
<point x="324.72" y="87.63" b="N"/>
<point x="331.27" y="91.41" b="N"/>
<point x="324.36" y="94.98" b="G"/>
<point x="324.57" y="102.54" b="C"/>
<point x="324.36" y="110.10" b="G"/>
<point x="324.36" y="117.66" b="G"/>
<point x="324.36" y="125.22" b="G"/>
<point x="324.57" y="132.78" b="C"/>
<point x="324.57" y="140.34" b="U"/>
<point x="329.92" y="145.68" b="U"/>
<point x="337.48" y="145.68" b="U"/>
<point x="345.04" y="145.68" b="U"/>
<point x="352.60" y="145.68" b="U"/>
<point x="360.31" y="145.89" b="N"/>
<point x="367.87" y="145.89" b="N"/>
<point x="375.28" y="145.68" b="U"/>
</structure>