<structure>
<point x="145.32" y="334.42" b="U"/>
<point x="145.47" y="327.07" b="N"/>
<point x="145.32" y="319.30" b="C"/>
<point x="145.32" y="311.74" b="C"/>
<point x="137.78" y="311.22" b="R"/>
<point x="130.28" y="310.31" b="R"/>
<point x="122.83" y="309.00" b="U"/>
<point x="115.25" y="307.30" b="G"/>
<point x="108.40" y="305.22" b="A"/>
<point x="101.05" y="302.76" b="R"/>
<point x="93.83" y="299.93" b="G"/>
<point x="87.39" y="296.74" b="A"/>
<point x="80.72" y="293.18" b="A"/>
<point x="74.24" y="289.29" b="A"/>
<point x="67.77" y="285.06" b="C"/>
<point x="61.88" y="280.71" b="N"/>
<point x="56.10" y="275.84" b="N"/>
<point x="50.57" y="270.68" b="N"/>
<point x="45.18" y="265.03" b="C"/>
<point x="40.43" y="259.31" b="A"/>
<point x="35.58" y="253.35" b="C"/>
<point x="31.41" y="247.36" b="N"/>
<point x="27.47" y="240.73" b="Y"/>
<point x="23.40" y="234.11" b="G"/>
<point x="20.32" y="227.31" b="U"/>
<point x="17.38" y="220.34" b="C"/>
<point x="14.81" y="213.23" b="U"/>
<point x="12.62" y="206.00" b="U"/>
<point x="11.02" y="198.65" b="A"/>
<point x="9.40" y="191.23" b="C"/>
<point x="8.58" y="183.74" b="Y"/>
<point x="7.94" y="176.21" b="Y"/>
<point x="7.50" y="168.65" b="C"/>
<point x="7.66" y="161.09" b="C"/>
<point x="8.22" y="153.55" b="U"/>
<point x="8.96" y="146.05" b="G"/>
<point x="10.52" y="138.61" b="U"/>
<point x="12.46" y="131.25" b="Y"/>
<point x="14.37" y="124.00" b="C"/>
<point x="16.86" y="116.86" b="U"/>
<point x="19.73" y="109.86" b="R"/>
<point x="22.75" y="103.03" b="G"/>
<point x="26.75" y="96.37" b="Y"/>
<point x="30.47" y="89.91" b="C"/>
<point x="34.74" y="83.67" b="C"/>
<point x="39.32" y="77.66" b="C"/>
<point x="44.42" y="71.90" b="A"/>
<point x="49.19" y="66.40" b="G"/>
<point x="55.08" y="61.18" b="A"/>
<point x="60.40" y="56.26" b="G"/>
<point x="66.60" y="51.65" b="C"/>
<point x="72.82" y="47.35" b="C"/>
<point x="79.41" y="43.60" b="N"/>
<point x="85.69" y="39.77" b="G"/>
<point x="92.93" y="36.51" b="Y"/>
<point x="99.91" y="33.61" b="A"/>
<point x="107.03" y="31.07" b="A"/>
<point x="114.28" y="28.92" b="A"/>
<point x="121.21" y="27.15" b="G"/>
<point x="128.64" y="25.77" b="G"/>
<point x="136.35" y="24.78" b="U"/>
<point x="143.68" y="24.18" b="G"/>
<point x="151.65" y="23.98" b="A"/>
<point x="159.21" y="24.18" b="A"/>
<point x="166.54" y="24.78" b="C"/>
<point x="174.03" y="25.77" b="C"/>
<point x="181.46" y="27.15" b="C"/>
<point x="189.02" y="28.92" b="A"/>
<point x="196.06" y="31.07" b="C"/>
<point x="203.18" y="33.61" b="U"/>
<point x="209.96" y="36.51" b="G"/>
<point x="216.77" y="39.77" b="G"/>
<point x="223.41" y="43.39" b="G"/>
<point x="230.06" y="47.35" b="R"/>
<point x="236.28" y="51.65" b="C"/>
<point x="242.27" y="56.26" b="U"/>
<point x="248.01" y="61.18" b="R"/>
<point x="253.27" y="66.40" b="G"/>
<point x="258.67" y="71.90" b="C"/>
<point x="263.56" y="77.66" b="U"/>
<point x="267.94" y="83.67" b="G"/>
<point x="272.20" y="89.91" b="G"/>
<point x="276.13" y="96.37" b="G"/>
<point x="279.93" y="103.03" b="R"/>
<point x="282.94" y="109.86" b="G"/>
<point x="286.23" y="116.86" b="A"/>
<point x="288.52" y="124.00" b="R"/>
<point x="290.84" y="131.25" b="A"/>
<point x="292.37" y="138.61" b="R"/>
<point x="293.50" y="146.05" b="G"/>
<point x="294.87" y="153.55" b="A"/>
<point x="295.22" y="161.09" b="R"/>
<point x="295.17" y="168.65" b="G"/>
<point x="295.35" y="176.21" b="A"/>
<point x="294.51" y="183.74" b="R"/>
<point x="293.49" y="191.23" b="R"/>
<point x="292.07" y="198.65" b="R"/>
<point x="290.47" y="206.00" b="Y"/>
<point x="288.07" y="213.23" b="U"/>
<point x="285.50" y="220.34" b="U"/>
<point x="282.36" y="227.31" b="G"/>
<point x="279.27" y="234.11" b="U"/>
<point x="275.62" y="240.73" b="U"/>
<point x="271.62" y="247.15" b="C"/>
<point x="267.30" y="253.35" b="C"/>
<point x="262.86" y="259.31" b="A"/>
<point x="257.49" y="265.03" b="G"/>
<point x="252.67" y="270.47" b="A"/>
<point x="247.14" y="275.63" b="A"/>
<point x="240.94" y="280.50" b="G"/>
<point x="234.91" y="285.06" b="G"/>
<point x="229.06" y="289.29" b="A"/>
<point x="222.58" y="293.18" b="A"/>
<point x="215.70" y="296.74" b="C"/>
<point x="208.85" y="299.93" b="U"/>
<point x="201.63" y="302.76" b="G"/>
<point x="194.69" y="305.22" b="U"/>
<point x="187.42" y="307.30" b="C"/>
<point x="180.06" y="309.00" b="U"/>
<point x="172.40" y="310.31" b="G"/>
<point x="165.31" y="311.22" b="A"/>
<point x="157.35" y="311.74" b="G"/>
<point x="157.35" y="319.30" b="G"/>
<point x="157.71" y="327.07" b="N"/>
<point x="157.77" y="334.42" b="A"/>
<point x="163.11" y="339.77" b="Y"/>
</structure>