<structure>
<point x="19.66" y="113.62" b="Y"/>
<point x="26.80" y="113.62" b="G"/>
<point x="34.78" y="113.62" b="A"/>
<point x="42.13" y="113.62" b="U"/>
<point x="49.90" y="113.62" b="A"/>
<point x="57.46" y="113.62" b="A"/>
<point x="64.81" y="113.62" b="U"/>
<point x="72.17" y="113.62" b="G"/>
<point x="79.94" y="113.62" b="R"/>
<point x="87.70" y="113.62" b="Y"/>
<point x="95.26" y="113.62" b="Y"/>
<point x="102.77" y="113.82" b="N"/>
<point x="110.38" y="113.62" b="A"/>
<point x="117.94" y="113.62" b="A"/>
<point x="125.45" y="113.82" b="N"/>
<point x="133.00" y="113.82" b="N"/>
<point x="140.41" y="113.62" b="C"/>
<point x="147.97" y="113.62" b="U"/>
<point x="153.32" y="108.27" b="U"/>
<point x="153.11" y="100.71" b="G"/>
<point x="153.11" y="93.15" b="G"/>
<point x="153.53" y="85.59" b="A"/>
<point x="153.11" y="78.03" b="G"/>
<point x="153.53" y="70.47" b="A"/>
<point x="153.32" y="62.91" b="C"/>
<point x="153.32" y="55.35" b="U"/>
<point x="153.11" y="47.79" b="G"/>
<point x="148.18" y="42.45" b="A"/>
<point x="146.69" y="35.04" b="Y"/>
<point x="149.53" y="28.26" b="N"/>
<point x="155.81" y="24.06" b="N"/>
<point x="163.37" y="24.06" b="N"/>
<point x="169.66" y="28.26" b="N"/>
<point x="172.54" y="35.25" b="N"/>
<point x="171.06" y="42.66" b="N"/>
<point x="165.77" y="47.79" b="Y"/>
<point x="165.71" y="55.56" b="N"/>
<point x="172.11" y="59.13" b="U"/>
<point x="165.35" y="62.91" b="G"/>
<point x="165.56" y="70.47" b="U"/>
<point x="165.56" y="78.03" b="U"/>
<point x="165.56" y="85.59" b="U"/>
<point x="165.77" y="93.15" b="Y"/>
<point x="165.77" y="100.71" b="Y"/>
<point x="165.71" y="108.48" b="N"/>
<point x="171.06" y="113.82" b="N"/>
<point x="178.62" y="113.82" b="N"/>
<point x="186.18" y="113.82" b="N"/>
<point x="193.74" y="113.82" b="N"/>
<point x="201.30" y="113.82" b="N"/>
<point x="208.86" y="113.82" b="N"/>
<point x="216.47" y="113.62" b="Y"/>
<point x="223.98" y="113.82" b="N"/>
<point x="231.18" y="113.62" b="G"/>
<point x="238.95" y="113.62" b="U"/>
<point x="246.71" y="113.62" b="A"/>
<point x="254.22" y="113.82" b="N"/>
<point x="261.78" y="113.82" b="N"/>
<point x="269.34" y="113.82" b="N"/>
<point x="276.90" y="113.82" b="N"/>
<point x="284.46" y="113.82" b="N"/>
<point x="291.87" y="113.62" b="R"/>
<point x="299.43" y="113.62" b="R"/>
<point x="306.99" y="113.62" b="U"/>
<point x="314.75" y="113.62" b="A"/>
</structure>