<structure>
<point x="80.36" y="210.63" b="Y"/>
<point x="80.16" y="203.07" b="C"/>
<point x="80.16" y="195.51" b="U"/>
<point x="77.21" y="188.82" b="N"/>
<point x="80.16" y="181.72" b="C"/>
<point x="72.81" y="180.98" b="N"/>
<point x="65.43" y="179.32" b="N"/>
<point x="58.10" y="176.76" b="U"/>
<point x="50.96" y="173.72" b="G"/>
<point x="44.77" y="170.04" b="A"/>
<point x="38.35" y="165.75" b="U"/>
<point x="32.35" y="160.88" b="G"/>
<point x="27.48" y="155.48" b="A"/>
<point x="22.67" y="149.81" b="N"/>
<point x="18.36" y="143.29" b="U"/>
<point x="14.96" y="136.82" b="N"/>
<point x="12.13" y="129.62" b="A"/>
<point x="9.87" y="122.60" b="N"/>
<point x="8.36" y="115.19" b="N"/>
<point x="7.57" y="107.68" b="N"/>
<point x="7.50" y="100.12" b="N"/>
<point x="8.15" y="92.58" b="N"/>
<point x="9.38" y="84.94" b="U"/>
<point x="11.24" y="77.67" b="G"/>
<point x="14.42" y="70.63" b="A"/>
<point x="17.63" y="63.89" b="C"/>
<point x="21.68" y="57.51" b="U"/>
<point x="26.33" y="51.54" b="U"/>
<point x="31.52" y="46.05" b="U"/>
<point x="37.21" y="41.07" b="C"/>
<point x="43.14" y="36.67" b="G"/>
<point x="49.89" y="32.87" b="U"/>
<point x="56.76" y="29.71" b="U"/>
<point x="63.90" y="27.22" b="C"/>
<point x="71.24" y="25.43" b="U"/>
<point x="78.72" y="24.35" b="U"/>
<point x="86.28" y="23.98" b="C"/>
<point x="93.83" y="24.35" b="U"/>
<point x="101.10" y="25.43" b="G"/>
<point x="108.86" y="27.22" b="A"/>
<point x="115.58" y="29.71" b="G"/>
<point x="122.87" y="32.87" b="Y"/>
<point x="129.20" y="36.67" b="U"/>
<point x="135.34" y="41.07" b="U"/>
<point x="140.82" y="46.05" b="G"/>
<point x="146.22" y="51.54" b="C"/>
<point x="150.87" y="57.51" b="U"/>
<point x="154.71" y="63.89" b="G"/>
<point x="158.54" y="70.63" b="A"/>
<point x="161.31" y="77.67" b="A"/>
<point x="162.97" y="84.94" b="G"/>
<point x="164.55" y="92.38" b="C"/>
<point x="165.20" y="99.91" b="C"/>
<point x="165.34" y="107.47" b="A"/>
<point x="164.49" y="115.19" b="N"/>
<point x="162.84" y="122.39" b="R"/>
<point x="160.63" y="129.62" b="U"/>
<point x="157.89" y="136.82" b="N"/>
<point x="154.40" y="143.29" b="Y"/>
<point x="150.18" y="149.81" b="N"/>
<point x="145.43" y="155.69" b="N"/>
<point x="140.14" y="161.09" b="N"/>
<point x="134.41" y="165.75" b="Y"/>
<point x="128.19" y="170.04" b="Y"/>
<point x="121.38" y="173.72" b="C"/>
<point x="114.45" y="176.76" b="U"/>
<point x="107.06" y="179.11" b="G"/>
<point x="100.10" y="180.77" b="A"/>
<point x="92.19" y="181.72" b="G"/>
<point x="95.70" y="188.61" b="A"/>
<point x="92.60" y="195.51" b="A"/>
<point x="92.19" y="203.07" b="G"/>
<point x="92.40" y="210.63" b="R"/>
</structure>