<structure>
<point x="90.77" y="218.44" b="G"/>
<point x="91.18" y="210.88" b="A"/>
<point x="90.98" y="203.32" b="U"/>
<point x="83.61" y="202.69" b="N"/>
<point x="76.04" y="201.02" b="R"/>
<point x="68.98" y="198.94" b="A"/>
<point x="61.50" y="196.26" b="G"/>
<point x="54.68" y="192.99" b="G"/>
<point x="48.58" y="189.16" b="A"/>
<point x="41.99" y="184.80" b="G"/>
<point x="36.62" y="179.93" b="A"/>
<point x="31.06" y="174.59" b="U"/>
<point x="25.97" y="168.82" b="G"/>
<point x="22.00" y="162.66" b="A"/>
<point x="18.15" y="156.15" b="Y"/>
<point x="14.66" y="149.35" b="R"/>
<point x="11.95" y="142.29" b="U"/>
<point x="10.00" y="135.23" b="N"/>
<point x="8.37" y="127.61" b="U"/>
<point x="7.51" y="120.10" b="U"/>
<point x="7.50" y="112.54" b="Y"/>
<point x="7.71" y="105.00" b="U"/>
<point x="8.91" y="97.72" b="N"/>
<point x="10.59" y="90.34" b="N"/>
<point x="12.73" y="82.93" b="U"/>
<point x="15.40" y="75.94" b="G"/>
<point x="19.29" y="69.23" b="Y"/>
<point x="22.89" y="62.82" b="G"/>
<point x="27.85" y="56.78" b="A"/>
<point x="32.67" y="51.14" b="R"/>
<point x="38.17" y="45.94" b="U"/>
<point x="44.28" y="41.23" b="A"/>
<point x="50.36" y="37.02" b="U"/>
<point x="56.76" y="33.37" b="G"/>
<point x="64.08" y="30.28" b="A"/>
<point x="71.01" y="27.78" b="R"/>
<point x="78.33" y="25.89" b="U"/>
<point x="85.99" y="24.62" b="A"/>
<point x="93.32" y="23.98" b="U"/>
<point x="100.67" y="23.98" b="G"/>
<point x="108.62" y="24.62" b="A"/>
<point x="116.07" y="25.89" b="Y"/>
<point x="123.39" y="27.78" b="A"/>
<point x="130.32" y="30.28" b="U"/>
<point x="137.37" y="33.57" b="N"/>
<point x="143.83" y="37.02" b="C"/>
<point x="150.32" y="41.23" b="A"/>
<point x="156.23" y="45.94" b="Y"/>
<point x="161.52" y="51.14" b="U"/>
<point x="166.34" y="56.78" b="G"/>
<point x="170.88" y="62.82" b="G"/>
<point x="175.11" y="69.23" b="C"/>
<point x="178.78" y="75.94" b="A"/>
<point x="181.47" y="82.93" b="U"/>
<point x="183.96" y="90.14" b="A"/>
<point x="185.43" y="97.51" b="R"/>
<point x="186.48" y="105.00" b="U"/>
<point x="186.90" y="112.54" b="U"/>
<point x="186.68" y="120.10" b="U"/>
<point x="186.03" y="127.61" b="Y"/>
<point x="184.55" y="135.03" b="A"/>
<point x="182.45" y="142.29" b="A"/>
<point x="179.32" y="149.35" b="G"/>
<point x="176.25" y="156.15" b="C"/>
<point x="172.19" y="162.66" b="G"/>
<point x="168.01" y="168.82" b="U"/>
<point x="163.33" y="174.59" b="Y"/>
<point x="157.77" y="179.93" b="U"/>
<point x="151.99" y="184.80" b="R"/>
<point x="145.61" y="189.16" b="G"/>
<point x="139.30" y="192.99" b="C"/>
<point x="132.63" y="196.47" b="N"/>
<point x="125.21" y="198.94" b="G"/>
<point x="118.35" y="201.02" b="A"/>
<point x="110.88" y="202.69" b="N"/>
<point x="103.42" y="203.32" b="A"/>
<point x="103.22" y="210.88" b="U"/>
<point x="103.22" y="218.44" b="U"/>
</structure>