<structure>
<point x="19.45" y="199.97" b="R"/>
<point x="27.02" y="199.97" b="U"/>
<point x="32.15" y="194.62" b="G"/>
<point x="32.36" y="187.06" b="C"/>
<point x="32.57" y="179.50" b="A"/>
<point x="32.36" y="171.94" b="C"/>
<point x="32.57" y="164.38" b="A"/>
<point x="25.20" y="161.96" b="U"/>
<point x="18.86" y="157.84" b="U"/>
<point x="13.72" y="152.29" b="U"/>
<point x="10.12" y="145.65" b="C"/>
<point x="8.46" y="138.32" b="A"/>
<point x="8.25" y="130.76" b="U"/>
<point x="10.12" y="123.43" b="U"/>
<point x="13.51" y="116.79" b="G"/>
<point x="19.01" y="111.45" b="N"/>
<point x="25.20" y="107.13" b="C"/>
<point x="32.57" y="104.70" b="Y"/>
<point x="32.36" y="97.14" b="U"/>
<point x="32.15" y="89.58" b="G"/>
<point x="32.36" y="82.02" b="C"/>
<point x="32.36" y="74.46" b="U"/>
<point x="25.62" y="71.04" b="U"/>
<point x="20.70" y="65.49" b="Y"/>
<point x="17.83" y="58.49" b="Y"/>
<point x="17.58" y="50.93" b="Y"/>
<point x="19.99" y="43.77" b="Y"/>
<point x="24.74" y="37.89" b="Y"/>
<point x="31.19" y="34.24" b="N"/>
<point x="38.63" y="32.91" b="N"/>
<point x="46.07" y="34.24" b="N"/>
<point x="52.58" y="38.10" b="N"/>
<point x="57.33" y="43.97" b="N"/>
<point x="59.58" y="50.93" b="U"/>
<point x="59.34" y="58.49" b="R"/>
<point x="56.62" y="65.69" b="N"/>
<point x="51.13" y="71.04" b="G"/>
<point x="44.81" y="74.46" b="A"/>
<point x="44.39" y="82.02" b="G"/>
<point x="44.60" y="89.58" b="C"/>
<point x="44.75" y="97.35" b="N"/>
<point x="44.39" y="104.70" b="G"/>
<point x="52.36" y="105.08" b="Y"/>
<point x="59.15" y="107.35" b="G"/>
<point x="65.93" y="111.56" b="N"/>
<point x="70.99" y="116.83" b="U"/>
<point x="74.86" y="123.44" b="A"/>
<point x="76.55" y="130.76" b="U"/>
<point x="76.55" y="138.32" b="U"/>
<point x="74.65" y="145.64" b="U"/>
<point x="70.99" y="152.25" b="C"/>
<point x="65.78" y="157.73" b="U"/>
<point x="59.51" y="161.94" b="N"/>
<point x="52.36" y="164.00" b="A"/>
<point x="44.60" y="164.38" b="U"/>
<point x="44.39" y="171.94" b="G"/>
<point x="44.60" y="179.50" b="U"/>
<point x="44.39" y="187.06" b="G"/>
<point x="44.60" y="194.62" b="C"/>
<point x="49.95" y="199.97" b="U"/>
<point x="57.71" y="199.97" b="A"/>
<point x="65.22" y="200.17" b="N"/>
<point x="72.83" y="199.97" b="A"/>
<point x="80.34" y="200.17" b="N"/>
<point x="87.95" y="199.97" b="A"/>
<point x="95.51" y="199.97" b="A"/>
<point x="103.07" y="199.97" b="A"/>
<point x="110.58" y="200.17" b="N"/>
<point x="118.14" y="200.17" b="N"/>
<point x="125.70" y="200.17" b="N"/>
<point x="133.31" y="199.97" b="Y"/>
<point x="138.45" y="194.62" b="U"/>
<point x="138.24" y="187.06" b="G"/>
<point x="138.66" y="179.50" b="A"/>
<point x="138.66" y="171.94" b="A"/>
<point x="138.24" y="164.38" b="G"/>
<point x="138.24" y="156.82" b="G"/>
<point x="131.31" y="155.03" b="Y"/>
<point x="125.11" y="150.84" b="N"/>
<point x="121.08" y="144.27" b="A"/>
<point x="119.65" y="136.84" b="A"/>
<point x="120.87" y="129.42" b="U"/>
<point x="124.96" y="123.06" b="U"/>
<point x="131.31" y="118.67" b="A"/>
<point x="138.24" y="116.87" b="G"/>
<point x="138.45" y="109.31" b="C"/>
<point x="138.66" y="101.75" b="A"/>
<point x="138.24" y="94.19" b="G"/>
<point x="138.60" y="86.84" b="N"/>
<point x="138.45" y="79.07" b="R"/>
<point x="138.45" y="71.51" b="U"/>
<point x="135.35" y="64.61" b="R"/>
<point x="138.45" y="57.72" b="R"/>
<point x="138.45" y="50.16" b="C"/>
<point x="138.45" y="42.60" b="U"/>
<point x="134.34" y="36.56" b="N"/>
<point x="135.27" y="29.06" b="N"/>
<point x="140.94" y="24.06" b="N"/>
<point x="148.50" y="24.06" b="N"/>
<point x="154.02" y="28.85" b="R"/>
<point x="154.96" y="36.36" b="U"/>
<point x="150.69" y="42.60" b="R"/>
<point x="150.48" y="50.16" b="G"/>
<point x="150.90" y="57.72" b="Y"/>
<point x="153.94" y="64.82" b="N"/>
<point x="150.69" y="71.51" b="R"/>
<point x="150.69" y="79.07" b="U"/>
<point x="150.69" y="86.63" b="R"/>
<point x="150.69" y="94.19" b="C"/>
<point x="150.69" y="101.75" b="U"/>
<point x="150.48" y="109.31" b="G"/>
<point x="150.69" y="116.87" b="C"/>
<point x="157.40" y="120.36" b="C"/>
<point x="162.64" y="126.00" b="A"/>
<point x="164.91" y="133.06" b="G"/>
<point x="165.12" y="140.62" b="U"/>
<point x="162.43" y="147.69" b="C"/>
<point x="157.61" y="153.34" b="Y"/>
<point x="150.69" y="156.82" b="C"/>
<point x="150.69" y="164.38" b="C"/>
<point x="150.69" y="171.94" b="U"/>
<point x="150.69" y="179.50" b="U"/>
<point x="150.69" y="187.06" b="C"/>
<point x="150.90" y="194.62" b="A"/>
<point x="156.19" y="200.17" b="N"/>
<point x="163.80" y="199.97" b="A"/>
<point x="171.16" y="199.97" b="C"/>
<point x="178.92" y="199.97" b="A"/>
<point x="186.43" y="200.17" b="N"/>
<point x="193.84" y="199.97" b="R"/>
<point x="201.55" y="200.17" b="N"/>
</structure>