<structure>
<point x="105.47" y="247.35" b="R"/>
<point x="105.67" y="239.79" b="A"/>
<point x="105.26" y="232.23" b="G"/>
<point x="97.73" y="231.51" b="G"/>
<point x="90.69" y="230.25" b="A"/>
<point x="83.29" y="228.66" b="N"/>
<point x="75.74" y="226.12" b="G"/>
<point x="69.15" y="223.28" b="A"/>
<point x="62.31" y="220.15" b="N"/>
<point x="55.43" y="216.12" b="G"/>
<point x="49.62" y="211.84" b="A"/>
<point x="43.72" y="207.11" b="A"/>
<point x="38.12" y="202.18" b="N"/>
<point x="33.02" y="196.44" b="A"/>
<point x="28.28" y="190.55" b="Y"/>
<point x="23.98" y="184.33" b="A"/>
<point x="20.14" y="177.82" b="A"/>
<point x="16.78" y="171.05" b="Y"/>
<point x="13.72" y="164.05" b="U"/>
<point x="11.16" y="156.86" b="G"/>
<point x="9.35" y="149.52" b="G"/>
<point x="8.43" y="142.28" b="N"/>
<point x="7.75" y="134.55" b="A"/>
<point x="7.50" y="127.20" b="N"/>
<point x="7.92" y="119.44" b="A"/>
<point x="8.76" y="112.14" b="N"/>
<point x="10.27" y="104.51" b="A"/>
<point x="12.25" y="97.22" b="A"/>
<point x="14.70" y="90.29" b="N"/>
<point x="17.71" y="83.36" b="N"/>
<point x="21.07" y="76.45" b="U"/>
<point x="25.06" y="70.03" b="U"/>
<point x="29.65" y="64.12" b="N"/>
<point x="34.16" y="58.13" b="G"/>
<point x="39.65" y="52.72" b="U"/>
<point x="45.51" y="47.70" b="Y"/>
<point x="51.46" y="43.32" b="N"/>
<point x="57.63" y="38.97" b="U"/>
<point x="64.03" y="35.29" b="G"/>
<point x="71.24" y="32.31" b="N"/>
<point x="78.37" y="29.42" b="A"/>
<point x="85.61" y="27.26" b="A"/>
<point x="92.79" y="25.63" b="C"/>
<point x="100.27" y="24.53" b="U"/>
<point x="107.81" y="23.98" b="C"/>
<point x="115.57" y="23.98" b="A"/>
<point x="122.91" y="24.53" b="C"/>
<point x="130.59" y="25.63" b="A"/>
<point x="137.98" y="27.26" b="Y"/>
<point x="144.80" y="29.42" b="G"/>
<point x="152.08" y="32.10" b="U"/>
<point x="158.94" y="35.29" b="U"/>
<point x="165.33" y="38.97" b="G"/>
<point x="172.07" y="43.11" b="A"/>
<point x="178.08" y="47.70" b="A"/>
<point x="183.74" y="52.72" b="A"/>
<point x="188.96" y="58.34" b="N"/>
<point x="193.83" y="64.12" b="N"/>
<point x="198.33" y="70.03" b="A"/>
<point x="201.90" y="76.45" b="G"/>
<point x="205.62" y="83.15" b="U"/>
<point x="208.84" y="90.08" b="A"/>
<point x="210.92" y="97.22" b="G"/>
<point x="213.32" y="104.51" b="A"/>
<point x="214.77" y="111.93" b="A"/>
<point x="215.67" y="119.44" b="Y"/>
<point x="216.03" y="126.99" b="A"/>
<point x="215.84" y="134.55" b="Y"/>
<point x="214.90" y="142.07" b="C"/>
<point x="213.77" y="149.73" b="N"/>
<point x="212.01" y="156.86" b="A"/>
<point x="209.46" y="164.05" b="U"/>
<point x="206.39" y="171.05" b="G"/>
<point x="203.45" y="177.82" b="A"/>
<point x="199.55" y="184.54" b="N"/>
<point x="195.10" y="190.55" b="U"/>
<point x="190.57" y="196.44" b="A"/>
<point x="185.21" y="201.97" b="U"/>
<point x="179.66" y="207.11" b="C"/>
<point x="173.91" y="212.04" b="N"/>
<point x="167.69" y="216.33" b="N"/>
<point x="161.22" y="219.94" b="A"/>
<point x="154.02" y="223.28" b="G"/>
<point x="147.43" y="226.12" b="Y"/>
<point x="140.03" y="228.45" b="U"/>
<point x="132.48" y="230.25" b="G"/>
<point x="125.23" y="231.51" b="R"/>
<point x="117.91" y="232.23" b="Y"/>
<point x="117.71" y="239.79" b="U"/>
<point x="117.71" y="247.35" b="U"/>
</structure>