<structure>
<point x="79.82" y="315.09" b="U"/>
<point x="79.82" y="307.53" b="R"/>
<point x="79.97" y="300.18" b="N"/>
<point x="79.82" y="292.41" b="U"/>
<point x="79.82" y="284.85" b="U"/>
<point x="79.61" y="277.29" b="G"/>
<point x="79.82" y="269.73" b="C"/>
<point x="72.52" y="268.78" b="Y"/>
<point x="64.94" y="267.11" b="R"/>
<point x="57.76" y="264.74" b="U"/>
<point x="50.64" y="261.69" b="G"/>
<point x="44.46" y="258.00" b="A"/>
<point x="38.05" y="253.68" b="U"/>
<point x="32.07" y="248.78" b="G"/>
<point x="27.23" y="243.36" b="A"/>
<point x="22.51" y="237.45" b="Y"/>
<point x="18.32" y="231.33" b="N"/>
<point x="14.88" y="224.42" b="Y"/>
<point x="11.83" y="217.41" b="C"/>
<point x="9.67" y="210.17" b="U"/>
<point x="8.43" y="202.75" b="A"/>
<point x="7.50" y="195.22" b="C"/>
<point x="7.71" y="187.66" b="A"/>
<point x="8.38" y="180.34" b="N"/>
<point x="9.46" y="172.72" b="G"/>
<point x="11.62" y="165.47" b="G"/>
<point x="14.88" y="158.47" b="A"/>
<point x="18.17" y="151.76" b="C"/>
<point x="22.09" y="145.43" b="G"/>
<point x="26.81" y="139.53" b="G"/>
<point x="32.28" y="134.10" b="U"/>
<point x="38.25" y="129.21" b="A"/>
<point x="44.25" y="124.89" b="U"/>
<point x="50.85" y="121.19" b="C"/>
<point x="57.76" y="118.14" b="U"/>
<point x="64.73" y="115.77" b="G"/>
<point x="72.52" y="114.11" b="A"/>
<point x="79.61" y="113.15" b="G"/>
<point x="80.02" y="105.59" b="Y"/>
<point x="79.82" y="98.03" b="R"/>
<point x="80.02" y="90.47" b="A"/>
<point x="79.97" y="83.12" b="N"/>
<point x="79.61" y="75.35" b="G"/>
<point x="72.95" y="72.74" b="N"/>
<point x="66.89" y="67.83" b="R"/>
<point x="62.72" y="61.83" b="N"/>
<point x="60.36" y="54.65" b="N"/>
<point x="60.15" y="47.09" b="N"/>
<point x="61.97" y="39.58" b="C"/>
<point x="65.95" y="33.16" b="U"/>
<point x="71.75" y="28.34" b="N"/>
<point x="78.61" y="25.15" b="N"/>
<point x="86.09" y="24.06" b="N"/>
<point x="93.57" y="25.15" b="N"/>
<point x="100.42" y="28.34" b="N"/>
<point x="106.07" y="33.36" b="N"/>
<point x="110.05" y="39.79" b="N"/>
<point x="112.02" y="47.09" b="N"/>
<point x="111.82" y="54.65" b="N"/>
<point x="109.46" y="61.83" b="N"/>
<point x="105.14" y="68.04" b="N"/>
<point x="99.07" y="72.54" b="U"/>
<point x="92.06" y="75.35" b="C"/>
<point x="92.06" y="82.91" b="C"/>
<point x="92.06" y="90.47" b="U"/>
<point x="92.26" y="98.03" b="Y"/>
<point x="92.06" y="105.59" b="R"/>
<point x="92.06" y="113.15" b="C"/>
<point x="99.62" y="113.01" b="R"/>
<point x="107.15" y="113.59" b="U"/>
<point x="114.39" y="114.89" b="G"/>
<point x="122.09" y="116.90" b="A"/>
<point x="128.95" y="119.61" b="U"/>
<point x="135.71" y="122.98" b="U"/>
<point x="142.33" y="126.99" b="A"/>
<point x="148.32" y="131.60" b="Y"/>
<point x="153.85" y="136.76" b="A"/>
<point x="158.79" y="142.64" b="N"/>
<point x="163.07" y="148.55" b="C"/>
<point x="166.90" y="155.07" b="C"/>
<point x="170.22" y="162.14" b="N"/>
<point x="172.78" y="169.07" b="A"/>
<point x="174.59" y="176.41" b="A"/>
<point x="175.68" y="183.89" b="A"/>
<point x="175.83" y="191.44" b="C"/>
<point x="175.47" y="198.99" b="U"/>
<point x="174.17" y="206.47" b="G"/>
<point x="172.78" y="213.82" b="A"/>
<point x="170.22" y="221.16" b="N"/>
<point x="167.05" y="228.02" b="N"/>
<point x="163.28" y="234.33" b="A"/>
<point x="158.64" y="240.46" b="R"/>
<point x="153.85" y="246.13" b="A"/>
<point x="148.12" y="251.29" b="R"/>
<point x="142.33" y="255.90" b="A"/>
<point x="135.71" y="259.90" b="U"/>
<point x="128.95" y="263.27" b="U"/>
<point x="121.89" y="265.98" b="C"/>
<point x="114.60" y="268.00" b="U"/>
<point x="106.94" y="269.30" b="G"/>
<point x="99.82" y="269.88" b="A"/>
<point x="91.85" y="269.73" b="G"/>
<point x="92.06" y="277.29" b="C"/>
<point x="92.26" y="284.85" b="A"/>
<point x="92.26" y="292.41" b="A"/>
<point x="92.26" y="299.97" b="A"/>
<point x="92.21" y="307.74" b="N"/>
<point x="92.21" y="315.30" b="N"/>
</structure>