<structure>
<point x="307.20" y="310.21" b="N"/>
<point x="314.76" y="310.21" b="N"/>
<point x="320.11" y="304.86" b="N"/>
<point x="320.11" y="297.30" b="N"/>
<point x="320.16" y="289.54" b="Y"/>
<point x="319.96" y="281.98" b="R"/>
<point x="320.16" y="274.42" b="Y"/>
<point x="320.16" y="266.86" b="A"/>
<point x="317.93" y="259.82" b="N"/>
<point x="322.45" y="253.76" b="N"/>
<point x="329.65" y="253.55" b="G"/>
<point x="334.52" y="259.82" b="N"/>
<point x="332.20" y="266.86" b="U"/>
<point x="332.20" y="274.42" b="R"/>
<point x="332.20" y="281.98" b="U"/>
<point x="332.35" y="289.74" b="N"/>
<point x="332.35" y="297.30" b="N"/>
<point x="332.20" y="304.66" b="U"/>
<point x="337.69" y="310.21" b="N"/>
<point x="344.89" y="310.00" b="G"/>
<point x="352.81" y="310.21" b="N"/>
<point x="360.37" y="310.21" b="N"/>
<point x="367.93" y="310.21" b="N"/>
<point x="373.28" y="304.86" b="N"/>
<point x="373.28" y="297.30" b="N"/>
<point x="373.28" y="289.74" b="N"/>
<point x="373.28" y="282.18" b="N"/>
<point x="373.28" y="274.62" b="N"/>
<point x="373.13" y="266.86" b="U"/>
<point x="373.13" y="259.30" b="R"/>
<point x="366.51" y="256.03" b="A"/>
<point x="361.11" y="250.90" b="N"/>
<point x="357.70" y="243.87" b="R"/>
<point x="350.35" y="243.87" b="A"/>
<point x="342.73" y="244.08" b="N"/>
<point x="335.17" y="244.08" b="N"/>
<point x="327.61" y="244.08" b="N"/>
<point x="320.05" y="244.08" b="N"/>
<point x="312.49" y="244.08" b="N"/>
<point x="304.93" y="244.08" b="N"/>
<point x="297.37" y="244.08" b="N"/>
<point x="289.81" y="244.08" b="N"/>
<point x="288.99" y="251.59" b="N"/>
<point x="287.60" y="258.81" b="Y"/>
<point x="285.55" y="266.08" b="Y"/>
<point x="282.84" y="273.37" b="N"/>
<point x="289.59" y="276.77" b="N"/>
<point x="296.40" y="279.97" b="Y"/>
<point x="303.09" y="283.58" b="N"/>
<point x="309.69" y="286.78" b="R"/>
<point x="316.64" y="290.19" b="A"/>
<point x="323.94" y="288.63" b="N"/>
<point x="330.86" y="291.67" b="N"/>
<point x="334.53" y="298.27" b="N"/>
<point x="333.46" y="305.76" b="N"/>
<point x="328.08" y="311.07" b="N"/>
<point x="320.58" y="312.04" b="N"/>
<point x="314.02" y="308.28" b="N"/>
<point x="311.08" y="301.32" b="N"/>
<point x="304.33" y="297.92" b="N"/>
<point x="297.58" y="294.51" b="N"/>
<point x="290.83" y="291.11" b="N"/>
<point x="284.08" y="287.70" b="N"/>
<point x="277.33" y="284.30" b="N"/>
<point x="273.21" y="290.64" b="N"/>
<point x="268.63" y="296.40" b="Y"/>
<point x="263.52" y="301.98" b="A"/>
<point x="257.91" y="307.31" b="N"/>
<point x="251.80" y="311.75" b="R"/>
<point x="245.62" y="316.09" b="N"/>
<point x="238.97" y="319.69" b="N"/>
<point x="231.90" y="322.52" b="R"/>
<point x="224.89" y="325.17" b="N"/>
<point x="226.55" y="332.55" b="N"/>
<point x="228.06" y="339.72" b="R"/>
<point x="229.50" y="347.09" b="G"/>
<point x="231.51" y="354.68" b="N"/>
<point x="232.81" y="361.85" b="G"/>
<point x="234.82" y="369.43" b="N"/>
<point x="236.54" y="376.60" b="Y"/>
<point x="241.01" y="382.86" b="N"/>
<point x="239.56" y="390.06" b="Y"/>
<point x="241.15" y="397.64" b="N"/>
<point x="248.00" y="400.84" b="N"/>
<point x="252.35" y="406.71" b="R"/>
<point x="253.41" y="414.19" b="U"/>
<point x="250.56" y="421.28" b="G"/>
<point x="244.86" y="426.25" b="G"/>
<point x="237.70" y="427.91" b="C"/>
<point x="230.57" y="426.05" b="N"/>
<point x="225.16" y="420.77" b="N"/>
<point x="222.92" y="413.55" b="N"/>
<point x="224.39" y="406.14" b="N"/>
<point x="229.21" y="400.32" b="N"/>
<point x="227.61" y="392.74" b="A"/>
<point x="223.02" y="386.89" b="N"/>
<point x="224.54" y="379.49" b="N"/>
<point x="222.94" y="371.90" b="Y"/>
<point x="221.08" y="364.53" b="C"/>
<point x="219.57" y="357.36" b="N"/>
<point x="217.97" y="349.77" b="Y"/>
<point x="216.26" y="342.60" b="N"/>
<point x="214.61" y="335.23" b="N"/>
<point x="212.95" y="327.85" b="N"/>
<point x="205.44" y="328.69" b="N"/>
<point x="197.73" y="328.70" b="R"/>
<point x="190.39" y="328.29" b="Y"/>
<point x="182.84" y="327.46" b="N"/>
<point x="175.52" y="325.60" b="A"/>
<point x="168.31" y="323.34" b="Y"/>
<point x="165.28" y="330.26" b="Y"/>
<point x="162.04" y="337.19" b="R"/>
<point x="159.01" y="344.11" b="R"/>
<point x="155.97" y="351.04" b="U"/>
<point x="152.94" y="357.96" b="R"/>
<point x="150.12" y="364.89" b="A"/>
<point x="147.08" y="371.81" b="Y"/>
<point x="143.99" y="378.95" b="N"/>
<point x="147.08" y="385.57" b="U"/>
<point x="146.50" y="393.30" b="N"/>
<point x="142.01" y="399.39" b="N"/>
<point x="134.89" y="402.10" b="U"/>
<point x="127.56" y="401.22" b="N"/>
<point x="121.69" y="396.46" b="N"/>
<point x="119.16" y="389.14" b="A"/>
<point x="120.58" y="381.72" b="A"/>
<point x="125.42" y="376.08" b="U"/>
<point x="132.78" y="374.04" b="N"/>
<point x="135.66" y="366.90" b="R"/>
<point x="131.18" y="360.81" b="R"/>
<point x="138.70" y="359.98" b="U"/>
<point x="141.94" y="353.05" b="Y"/>
<point x="144.76" y="346.13" b="R"/>
<point x="147.79" y="339.20" b="U"/>
<point x="151.03" y="332.28" b="Y"/>
<point x="153.86" y="325.35" b="R"/>
<point x="156.89" y="318.43" b="R"/>
<point x="150.49" y="314.87" b="N"/>
<point x="144.12" y="310.36" b="R"/>
<point x="138.28" y="305.56" b="C"/>
<point x="133.01" y="300.50" b="N"/>
<point x="127.89" y="294.59" b="R"/>
<point x="121.83" y="299.12" b="N"/>
<point x="115.48" y="303.23" b="R"/>
<point x="109.42" y="307.75" b="N"/>
<point x="103.21" y="312.07" b="N"/>
<point x="98.51" y="317.99" b="N"/>
<point x="90.95" y="317.75" b="N"/>
<point x="86.64" y="311.54" b="N"/>
<point x="89.10" y="304.16" b="A"/>
<point x="96.23" y="302.02" b="N"/>
<point x="102.43" y="297.70" b="N"/>
<point x="108.69" y="293.18" b="Y"/>
<point x="114.84" y="289.07" b="N"/>
<point x="120.90" y="284.55" b="C"/>
<point x="117.28" y="277.91" b="U"/>
<point x="114.38" y="271.20" b="N"/>
<point x="111.97" y="263.84" b="A"/>
<point x="110.05" y="256.73" b="N"/>
<point x="108.80" y="249.27" b="N"/>
<point x="108.17" y="241.74" b="N"/>
<point x="108.22" y="233.97" b="A"/>
<point x="108.65" y="226.44" b="U"/>
<point x="110.10" y="218.98" b="A"/>
<point x="111.91" y="211.86" b="N"/>
<point x="114.38" y="204.71" b="N"/>
<point x="107.55" y="201.48" b="N"/>
<point x="100.71" y="198.25" b="N"/>
<point x="94.50" y="202.56" b="N"/>
<point x="93.88" y="195.03" b="N"/>
<point x="87.04" y="191.80" b="N"/>
<point x="80.21" y="188.56" b="N"/>
<point x="73.37" y="185.34" b="N"/>
<point x="66.54" y="182.11" b="N"/>
<point x="59.70" y="178.88" b="N"/>
<point x="52.86" y="175.65" b="N"/>
<point x="46.03" y="172.41" b="N"/>
<point x="38.73" y="174.37" b="N"/>
<point x="31.58" y="171.30" b="U"/>
<point x="27.74" y="164.79" b="U"/>
<point x="28.77" y="157.49" b="N"/>
<point x="34.01" y="152.04" b="N"/>
<point x="41.48" y="150.88" b="N"/>
<point x="47.98" y="154.26" b="U"/>
<point x="51.26" y="161.35" b="N"/>
<point x="58.09" y="164.58" b="N"/>
<point x="64.93" y="167.81" b="N"/>
<point x="65.89" y="160.31" b="N"/>
<point x="73.32" y="158.91" b="N"/>
<point x="76.95" y="165.54" b="N"/>
<point x="71.76" y="171.04" b="N"/>
<point x="78.60" y="174.27" b="N"/>
<point x="85.44" y="177.50" b="N"/>
<point x="92.27" y="180.73" b="N"/>
<point x="99.11" y="183.96" b="N"/>
<point x="105.94" y="187.19" b="N"/>
<point x="112.78" y="190.42" b="N"/>
<point x="119.61" y="193.65" b="N"/>
<point x="123.62" y="187.00" b="Y"/>
<point x="128.10" y="180.90" b="Y"/>
<point x="133.06" y="175.20" b="Y"/>
<point x="138.43" y="170.14" b="N"/>
<point x="144.27" y="165.34" b="N"/>
<point x="150.49" y="161.04" b="N"/>
<point x="146.89" y="154.39" b="N"/>
<point x="143.29" y="147.74" b="N"/>
<point x="139.70" y="141.09" b="N"/>
<point x="136.10" y="134.45" b="N"/>
<point x="132.50" y="127.80" b="N"/>
<point x="128.91" y="121.15" b="N"/>
<point x="125.31" y="114.50" b="N"/>
<point x="117.88" y="115.89" b="N"/>
<point x="110.33" y="115.49" b="N"/>
<point x="103.08" y="113.33" b="N"/>
<point x="96.55" y="109.53" b="N"/>
<point x="91.08" y="104.30" b="N"/>
<point x="87.01" y="97.94" b="N"/>
<point x="84.53" y="90.79" b="N"/>
<point x="83.81" y="83.27" b="N"/>
<point x="84.88" y="75.78" b="N"/>
<point x="78.08" y="72.48" b="N"/>
<point x="71.28" y="69.17" b="N"/>
<point x="64.48" y="65.87" b="N"/>
<point x="57.68" y="62.56" b="N"/>
<point x="50.88" y="59.26" b="N"/>
<point x="44.08" y="55.95" b="N"/>
<point x="37.28" y="52.65" b="N"/>
<point x="30.48" y="49.34" b="N"/>
<point x="23.53" y="52.31" b="N"/>
<point x="16.04" y="51.28" b="N"/>
<point x="10.14" y="46.55" b="N"/>
<point x="7.50" y="39.47" b="N"/>
<point x="8.88" y="32.03" b="N"/>
<point x="13.87" y="26.36" b="N"/>
<point x="21.07" y="24.06" b="N"/>
<point x="28.43" y="25.78" b="N"/>
<point x="33.87" y="31.03" b="N"/>
<point x="35.83" y="38.33" b="N"/>
<point x="42.63" y="41.64" b="N"/>
<point x="49.43" y="44.94" b="N"/>
<point x="56.23" y="48.25" b="N"/>
<point x="63.03" y="51.55" b="N"/>
<point x="69.83" y="54.86" b="N"/>
<point x="76.63" y="58.16" b="N"/>
<point x="83.43" y="61.47" b="N"/>
<point x="90.23" y="64.78" b="N"/>
<point x="95.45" y="59.31" b="N"/>
<point x="101.82" y="55.24" b="N"/>
<point x="108.97" y="52.76" b="N"/>
<point x="116.49" y="52.04" b="N"/>
<point x="123.98" y="53.11" b="N"/>
<point x="131.00" y="55.90" b="N"/>
<point x="137.17" y="60.26" b="N"/>
<point x="142.15" y="65.95" b="N"/>
<point x="149.09" y="62.96" b="N"/>
<point x="156.03" y="59.97" b="N"/>
<point x="156.91" y="52.46" b="N"/>
<point x="162.97" y="56.98" b="N"/>
<point x="169.92" y="53.98" b="N"/>
<point x="174.77" y="48.19" b="N"/>
<point x="182.32" y="47.74" b="N"/>
<point x="187.82" y="52.93" b="N"/>
<point x="187.66" y="60.28" b="R"/>
<point x="182.16" y="65.47" b="R"/>
<point x="174.76" y="65.22" b="N"/>
<point x="167.82" y="68.22" b="N"/>
<point x="160.88" y="71.21" b="N"/>
<point x="153.94" y="74.20" b="N"/>
<point x="146.99" y="77.19" b="N"/>
<point x="147.72" y="84.72" b="N"/>
<point x="146.50" y="92.00" b="R"/>
<point x="153.30" y="95.30" b="R"/>
<point x="160.10" y="98.61" b="R"/>
<point x="167.05" y="102.12" b="N"/>
<point x="173.85" y="105.43" b="N"/>
<point x="180.47" y="101.86" b="R"/>
<point x="188.18" y="102.34" b="N"/>
<point x="194.69" y="106.18" b="N"/>
<point x="198.58" y="112.66" b="N"/>
<point x="198.92" y="120.21" b="N"/>
<point x="195.67" y="126.81" b="Y"/>
<point x="189.47" y="131.41" b="N"/>
<point x="181.96" y="132.36" b="N"/>
<point x="174.92" y="129.61" b="N"/>
<point x="170.04" y="123.84" b="N"/>
<point x="168.50" y="116.43" b="N"/>
<point x="161.70" y="113.13" b="N"/>
<point x="154.96" y="109.62" b="Y"/>
<point x="148.16" y="106.31" b="Y"/>
<point x="141.36" y="103.01" b="Y"/>
<point x="136.07" y="108.67" b="N"/>
<point x="139.67" y="115.32" b="N"/>
<point x="143.27" y="121.97" b="N"/>
<point x="146.86" y="128.62" b="N"/>
<point x="150.46" y="135.27" b="N"/>
<point x="154.06" y="141.92" b="N"/>
<point x="157.51" y="148.36" b="R"/>
<point x="161.25" y="155.22" b="N"/>
<point x="168.25" y="152.37" b="N"/>
<point x="175.47" y="150.10" b="N"/>
<point x="182.84" y="148.45" b="N"/>
<point x="190.33" y="147.41" b="N"/>
<point x="197.88" y="147.00" b="N"/>
<point x="205.44" y="147.22" b="N"/>
<point x="213.01" y="147.85" b="Y"/>
<point x="220.37" y="149.53" b="N"/>
<point x="227.64" y="151.60" b="N"/>
<point x="234.71" y="154.27" b="N"/>
<point x="241.59" y="157.31" b="Y"/>
<point x="245.51" y="151.09" b="N"/>
<point x="249.48" y="144.66" b="N"/>
<point x="253.45" y="138.23" b="N"/>
<point x="257.43" y="131.79" b="N"/>
<point x="261.40" y="125.36" b="N"/>
<point x="265.37" y="118.93" b="N"/>
<point x="269.34" y="112.50" b="N"/>
<point x="269.00" y="104.95" b="N"/>
<point x="273.74" y="99.05" b="N"/>
<point x="281.19" y="97.78" b="N"/>
<point x="287.47" y="101.54" b="R"/>
<point x="289.81" y="108.98" b="N"/>
<point x="286.72" y="115.65" b="A"/>
<point x="279.76" y="118.93" b="N"/>
<point x="275.78" y="125.36" b="N"/>
<point x="271.81" y="131.79" b="N"/>
<point x="267.84" y="138.23" b="N"/>
<point x="263.87" y="144.66" b="N"/>
<point x="259.89" y="151.09" b="N"/>
<point x="255.92" y="157.52" b="N"/>
<point x="251.95" y="163.95" b="N"/>
<point x="257.91" y="168.60" b="N"/>
<point x="263.52" y="173.52" b="Y"/>
<point x="268.43" y="179.09" b="U"/>
<point x="273.21" y="185.28" b="N"/>
<point x="277.38" y="191.41" b="Y"/>
<point x="284.13" y="188.00" b="A"/>
<point x="290.68" y="184.60" b="R"/>
<point x="297.58" y="181.40" b="N"/>
<point x="301.29" y="174.57" b="A"/>
<point x="308.35" y="172.24" b="N"/>
<point x="315.22" y="174.84" b="R"/>
<point x="318.62" y="181.59" b="U"/>
<point x="316.92" y="188.90" b="A"/>
<point x="310.64" y="193.12" b="A"/>
<point x="302.94" y="192.12" b="R"/>
<point x="296.40" y="195.53" b="Y"/>
<point x="289.59" y="199.14" b="N"/>
<point x="282.90" y="202.34" b="A"/>
<point x="285.34" y="209.42" b="U"/>
<point x="287.55" y="216.90" b="N"/>
<point x="288.99" y="224.32" b="N"/>
<point x="289.81" y="231.84" b="N"/>
<point x="297.37" y="231.84" b="N"/>
<point x="304.93" y="231.84" b="N"/>
<point x="312.49" y="231.84" b="N"/>
<point x="320.05" y="231.84" b="N"/>
<point x="327.61" y="231.84" b="N"/>
<point x="335.17" y="231.84" b="N"/>
<point x="342.73" y="231.84" b="N"/>
<point x="346.57" y="225.08" b="A"/>
<point x="350.14" y="231.63" b="U"/>
<point x="357.91" y="231.63" b="Y"/>
<point x="360.96" y="224.81" b="R"/>
<point x="366.46" y="219.67" b="N"/>
<point x="363.94" y="212.54" b="N"/>
<point x="361.43" y="205.41" b="N"/>
<point x="358.91" y="198.28" b="N"/>
<point x="356.40" y="191.15" b="N"/>
<point x="353.88" y="184.02" b="N"/>
<point x="351.37" y="176.89" b="N"/>
<point x="348.86" y="169.77" b="N"/>
<point x="343.40" y="164.53" b="N"/>
<point x="343.47" y="156.97" b="N"/>
<point x="349.02" y="151.84" b="N"/>
<point x="356.56" y="152.35" b="N"/>
<point x="361.36" y="158.19" b="N"/>
<point x="360.40" y="165.69" b="N"/>
<point x="362.91" y="172.82" b="N"/>
<point x="365.43" y="179.95" b="N"/>
<point x="367.94" y="187.08" b="N"/>
<point x="370.46" y="194.21" b="N"/>
<point x="372.97" y="201.34" b="N"/>
<point x="375.49" y="208.47" b="N"/>
<point x="378.06" y="215.39" b="Y"/>
<point x="385.52" y="216.41" b="N"/>
<point x="392.34" y="219.67" b="N"/>
<point x="397.74" y="224.81" b="A"/>
<point x="401.00" y="231.63" b="A"/>
<point x="401.75" y="239.35" b="N"/>
<point x="400.02" y="246.71" b="N"/>
<point x="405.90" y="251.45" b="N"/>
<point x="411.64" y="255.99" b="U"/>
<point x="417.53" y="260.73" b="U"/>
<point x="423.42" y="265.48" b="U"/>
<point x="429.30" y="270.22" b="U"/>
<point x="435.19" y="274.96" b="C"/>
<point x="441.28" y="279.70" b="A"/>
<point x="445.82" y="273.82" b="U"/>
<point x="451.91" y="278.56" b="A"/>
<point x="447.17" y="284.45" b="A"/>
<point x="452.85" y="289.19" b="U"/>
<point x="458.74" y="293.94" b="U"/>
<point x="466.26" y="295.85" b="A"/>
<point x="469.68" y="302.59" b="A"/>
<point x="475.36" y="307.33" b="U"/>
<point x="482.64" y="304.65" b="A"/>
<point x="490.19" y="304.94" b="A"/>
<point x="496.82" y="308.17" b="C"/>
<point x="502.06" y="313.81" b="A"/>
<point x="504.27" y="320.98" b="U"/>
<point x="503.70" y="328.51" b="C"/>
<point x="500.23" y="335.23" b="C"/>
<point x="494.41" y="340.05" b="C"/>
<point x="487.16" y="342.21" b="C"/>
<point x="479.86" y="341.37" b="A"/>
<point x="473.27" y="337.65" b="A"/>
<point x="468.67" y="331.66" b="A"/>
<point x="466.71" y="324.55" b="N"/>
<point x="467.83" y="317.07" b="N"/>
<point x="461.94" y="312.33" b="N"/>
<point x="454.69" y="310.21" b="A"/>
<point x="451.06" y="303.47" b="R"/>
<point x="445.38" y="298.72" b="A"/>
<point x="439.28" y="293.98" b="U"/>
<point x="433.55" y="289.44" b="N"/>
<point x="427.30" y="284.49" b="G"/>
<point x="421.83" y="279.75" b="A"/>
<point x="415.94" y="275.01" b="A"/>
<point x="410.00" y="270.47" b="N"/>
<point x="404.17" y="265.52" b="A"/>
<point x="398.22" y="260.98" b="N"/>
<point x="392.34" y="256.24" b="N"/>
<point x="385.37" y="259.30" b="U"/>
<point x="385.57" y="266.86" b="A"/>
<point x="385.52" y="274.62" b="N"/>
<point x="385.57" y="281.98" b="Y"/>
<point x="385.52" y="289.74" b="N"/>
<point x="385.52" y="297.30" b="N"/>
<point x="385.52" y="304.86" b="N"/>
<point x="390.92" y="310.00" b="A"/>
<point x="398.48" y="310.00" b="A"/>
<point x="406.04" y="310.00" b="A"/>
<point x="413.60" y="310.00" b="A"/>
<point x="420.95" y="310.00" b="C"/>
<point x="428.72" y="310.00" b="A"/>
<point x="436.07" y="310.00" b="U"/>
<point x="443.63" y="310.00" b="U"/>
<point x="451.19" y="310.00" b="C"/>
<point x="458.75" y="310.00" b="C"/>
<point x="466.31" y="310.00" b="C"/>
<point x="473.87" y="310.00" b="U"/>
<point x="481.43" y="310.00" b="U"/>
<point x="489.20" y="310.00" b="A"/>
<point x="496.76" y="310.00" b="A"/>
<point x="504.11" y="310.00" b="U"/>
<point x="511.88" y="310.00" b="A"/>
<point x="519.38" y="310.21" b="N"/>
<point x="526.94" y="310.21" b="N"/>
<point x="534.56" y="310.00" b="A"/>
<point x="542.12" y="310.00" b="A"/>
<point x="549.62" y="310.21" b="N"/>
<point x="557.18" y="310.21" b="N"/>
<point x="564.74" y="310.21" b="N"/>
<point x="572.30" y="310.21" b="N"/>
<point x="579.86" y="310.21" b="N"/>
<point x="587.42" y="310.21" b="N"/>
<point x="592.83" y="304.66" b="A"/>
<point x="592.77" y="297.30" b="N"/>
<point x="592.83" y="289.54" b="Y"/>
<point x="592.62" y="281.98" b="C"/>
<point x="592.41" y="274.42" b="G"/>
<point x="592.83" y="266.86" b="Y"/>
<point x="592.41" y="259.30" b="G"/>
<point x="592.83" y="251.74" b="A"/>
<point x="592.41" y="244.18" b="G"/>
<point x="592.62" y="236.62" b="U"/>
<point x="587.12" y="231.66" b="Y"/>
<point x="584.56" y="224.47" b="C"/>
<point x="586.23" y="217.10" b="C"/>
<point x="591.45" y="211.63" b="U"/>
<point x="598.74" y="209.62" b="C"/>
<point x="606.03" y="211.63" b="C"/>
<point x="611.25" y="217.10" b="C"/>
<point x="613.12" y="224.47" b="A"/>
<point x="610.77" y="231.66" b="A"/>
<point x="604.86" y="236.62" b="R"/>
<point x="604.86" y="244.18" b="C"/>
<point x="604.86" y="251.74" b="U"/>
<point x="604.86" y="259.30" b="C"/>
<point x="604.86" y="266.86" b="R"/>
<point x="605.07" y="274.42" b="Y"/>
<point x="604.65" y="281.98" b="G"/>
<point x="604.86" y="289.54" b="R"/>
<point x="605.01" y="297.30" b="N"/>
<point x="605.07" y="304.66" b="Y"/>
<point x="610.21" y="310.00" b="U"/>
<point x="617.76" y="310.00" b="U"/>
</structure>