<structure>
<point x="21.35" y="255.03" b="N"/>
<point x="21.35" y="247.47" b="N"/>
<point x="20.99" y="239.71" b="G"/>
<point x="21.40" y="232.15" b="A"/>
<point x="16.64" y="226.44" b="N"/>
<point x="16.64" y="218.88" b="N"/>
<point x="21.20" y="212.75" b="C"/>
<point x="21.20" y="205.19" b="U"/>
<point x="20.99" y="197.63" b="G"/>
<point x="21.20" y="190.07" b="R"/>
<point x="21.20" y="182.51" b="U"/>
<point x="21.20" y="174.95" b="U"/>
<point x="21.20" y="167.39" b="U"/>
<point x="21.20" y="159.83" b="C"/>
<point x="15.75" y="154.96" b="N"/>
<point x="13.74" y="147.48" b="Y"/>
<point x="15.75" y="140.42" b="N"/>
<point x="21.20" y="135.12" b="U"/>
<point x="20.99" y="127.56" b="G"/>
<point x="20.99" y="120.00" b="G"/>
<point x="21.20" y="112.44" b="U"/>
<point x="20.99" y="104.88" b="G"/>
<point x="14.15" y="102.15" b="U"/>
<point x="11.20" y="95.19" b="U"/>
<point x="14.36" y="88.22" b="Y"/>
<point x="21.40" y="85.49" b="A"/>
<point x="20.99" y="77.93" b="G"/>
<point x="21.40" y="70.37" b="A"/>
<point x="21.35" y="63.02" b="N"/>
<point x="14.56" y="59.20" b="U"/>
<point x="9.86" y="53.60" b="N"/>
<point x="7.50" y="46.42" b="N"/>
<point x="7.95" y="38.88" b="N"/>
<point x="11.16" y="32.03" b="N"/>
<point x="16.66" y="26.85" b="N"/>
<point x="23.69" y="24.06" b="N"/>
<point x="31.25" y="24.06" b="N"/>
<point x="38.28" y="26.85" b="N"/>
<point x="43.78" y="32.03" b="N"/>
<point x="46.98" y="38.88" b="N"/>
<point x="47.44" y="46.42" b="N"/>
<point x="45.07" y="53.60" b="N"/>
<point x="40.23" y="59.41" b="N"/>
<point x="33.59" y="63.02" b="N"/>
<point x="33.44" y="70.37" b="U"/>
<point x="33.44" y="77.93" b="C"/>
<point x="33.44" y="85.49" b="U"/>
<point x="38.35" y="91.41" b="A"/>
<point x="37.93" y="98.97" b="G"/>
<point x="33.44" y="104.88" b="C"/>
<point x="33.64" y="112.44" b="A"/>
<point x="33.44" y="120.00" b="C"/>
<point x="33.44" y="127.56" b="C"/>
<point x="33.64" y="135.12" b="A"/>
<point x="39.03" y="140.21" b="U"/>
<point x="41.11" y="147.48" b="U"/>
<point x="39.03" y="154.75" b="U"/>
<point x="33.23" y="159.83" b="G"/>
<point x="33.64" y="167.39" b="A"/>
<point x="33.64" y="174.95" b="A"/>
<point x="33.64" y="182.51" b="A"/>
<point x="33.44" y="190.07" b="U"/>
<point x="33.44" y="197.63" b="C"/>
<point x="33.44" y="205.19" b="R"/>
<point x="33.23" y="212.75" b="G"/>
<point x="38.29" y="218.88" b="N"/>
<point x="38.29" y="226.44" b="N"/>
<point x="33.44" y="232.15" b="U"/>
<point x="33.44" y="239.71" b="U"/>
<point x="33.59" y="247.47" b="N"/>
<point x="33.44" y="254.83" b="U"/>
</structure>