<structure>
<point x="19.45" y="219.49" b="U"/>
<point x="24.59" y="214.15" b="G"/>
<point x="24.80" y="206.59" b="U"/>
<point x="25.01" y="199.03" b="A"/>
<point x="25.01" y="191.47" b="A"/>
<point x="25.01" y="183.91" b="A"/>
<point x="24.80" y="176.34" b="C"/>
<point x="25.01" y="168.78" b="A"/>
<point x="24.80" y="161.22" b="U"/>
<point x="24.80" y="153.66" b="C"/>
<point x="24.80" y="146.10" b="C"/>
<point x="17.45" y="146.10" b="Y"/>
<point x="17.45" y="138.54" b="Y"/>
<point x="24.59" y="138.54" b="G"/>
<point x="25.01" y="130.99" b="A"/>
<point x="24.80" y="123.42" b="C"/>
<point x="24.80" y="115.86" b="U"/>
<point x="24.59" y="108.31" b="G"/>
<point x="24.59" y="100.75" b="G"/>
<point x="25.01" y="93.18" b="A"/>
<point x="25.01" y="85.62" b="A"/>
<point x="24.59" y="78.06" b="G"/>
<point x="24.80" y="70.50" b="C"/>
<point x="24.80" y="62.94" b="U"/>
<point x="17.95" y="59.34" b="G"/>
<point x="13.31" y="53.53" b="U"/>
<point x="10.95" y="46.35" b="R"/>
<point x="11.41" y="38.80" b="R"/>
<point x="14.76" y="32.16" b="N"/>
<point x="20.26" y="26.98" b="N"/>
<point x="27.35" y="23.98" b="Y"/>
<point x="34.85" y="24.19" b="N"/>
<point x="41.88" y="26.98" b="N"/>
<point x="47.38" y="32.16" b="N"/>
<point x="50.59" y="39.01" b="N"/>
<point x="51.04" y="46.56" b="N"/>
<point x="48.68" y="53.74" b="N"/>
<point x="43.68" y="59.34" b="R"/>
<point x="37.04" y="62.94" b="R"/>
<point x="36.83" y="70.50" b="G"/>
<point x="37.04" y="78.06" b="C"/>
<point x="37.04" y="85.62" b="U"/>
<point x="37.04" y="93.18" b="U"/>
<point x="37.04" y="100.75" b="U"/>
<point x="37.04" y="108.31" b="C"/>
<point x="37.25" y="115.86" b="A"/>
<point x="36.83" y="123.42" b="G"/>
<point x="37.04" y="130.99" b="U"/>
<point x="37.04" y="138.54" b="C"/>
<point x="37.04" y="146.10" b="R"/>
<point x="36.83" y="153.66" b="G"/>
<point x="37.25" y="161.22" b="A"/>
<point x="37.04" y="168.78" b="U"/>
<point x="36.83" y="176.34" b="G"/>
<point x="37.04" y="183.91" b="U"/>
<point x="37.04" y="191.47" b="U"/>
<point x="37.04" y="199.03" b="U"/>
<point x="37.04" y="206.59" b="R"/>
<point x="37.04" y="214.15" b="C"/>
<point x="42.54" y="219.70" b="N"/>
</structure>