<structure>
<point x="19.25" y="590.84" b="G"/>
<point x="24.80" y="585.50" b="C"/>
<point x="24.80" y="577.94" b="U"/>
<point x="18.12" y="574.82" b="A"/>
<point x="17.70" y="567.26" b="G"/>
<point x="24.80" y="564.15" b="C"/>
<point x="24.80" y="556.59" b="U"/>
<point x="24.80" y="549.03" b="C"/>
<point x="21.49" y="542.13" b="G"/>
<point x="24.59" y="535.24" b="G"/>
<point x="24.59" y="527.67" b="G"/>
<point x="24.80" y="520.12" b="C"/>
<point x="24.80" y="512.55" b="C"/>
<point x="24.95" y="505.20" b="N"/>
<point x="24.59" y="497.44" b="G"/>
<point x="20.33" y="491.19" b="G"/>
<point x="21.68" y="483.69" b="A"/>
<point x="26.93" y="478.69" b="G"/>
<point x="34.70" y="478.69" b="R"/>
<point x="40.57" y="483.69" b="A"/>
<point x="41.09" y="491.19" b="G"/>
<point x="37.04" y="497.44" b="C"/>
<point x="37.04" y="505.00" b="C"/>
<point x="36.83" y="512.55" b="G"/>
<point x="44.75" y="512.76" b="N"/>
<point x="44.60" y="520.12" b="R"/>
<point x="36.83" y="520.12" b="G"/>
<point x="37.04" y="527.67" b="C"/>
<point x="37.04" y="535.24" b="C"/>
<point x="40.29" y="542.34" b="N"/>
<point x="36.83" y="549.03" b="G"/>
<point x="37.25" y="556.59" b="A"/>
<point x="36.83" y="564.15" b="G"/>
<point x="40.14" y="571.04" b="R"/>
<point x="37.25" y="577.94" b="A"/>
<point x="36.83" y="585.50" b="G"/>
<point x="42.39" y="590.84" b="R"/>
<point x="49.74" y="590.84" b="G"/>
<point x="57.51" y="590.84" b="R"/>
<point x="64.86" y="590.84" b="G"/>
<point x="72.63" y="590.84" b="R"/>
<point x="79.98" y="590.84" b="G"/>
<point x="87.54" y="590.84" b="G"/>
<point x="95.51" y="590.84" b="A"/>
<point x="102.66" y="590.84" b="G"/>
<point x="110.43" y="590.84" b="R"/>
<point x="118.19" y="590.84" b="A"/>
<point x="123.48" y="585.70" b="N"/>
<point x="123.48" y="578.14" b="N"/>
<point x="120.38" y="571.25" b="N"/>
<point x="123.48" y="564.35" b="N"/>
<point x="123.48" y="556.79" b="N"/>
<point x="123.12" y="549.03" b="G"/>
<point x="123.54" y="541.47" b="A"/>
<point x="120.44" y="534.57" b="A"/>
<point x="123.12" y="527.67" b="G"/>
<point x="123.12" y="520.12" b="G"/>
<point x="118.83" y="514.20" b="A"/>
<point x="118.83" y="506.64" b="A"/>
<point x="123.12" y="500.72" b="G"/>
<point x="123.54" y="493.16" b="A"/>
<point x="123.12" y="485.60" b="G"/>
<point x="123.12" y="478.04" b="G"/>
<point x="117.41" y="473.62" b="A"/>
<point x="113.55" y="466.89" b="G"/>
<point x="113.97" y="459.33" b="A"/>
<point x="116.99" y="452.60" b="G"/>
<point x="123.12" y="448.17" b="G"/>
<point x="123.12" y="440.61" b="G"/>
<point x="123.12" y="433.05" b="G"/>
<point x="123.12" y="425.49" b="G"/>
<point x="123.33" y="417.93" b="C"/>
<point x="123.33" y="410.37" b="C"/>
<point x="123.12" y="402.81" b="G"/>
<point x="123.33" y="395.25" b="C"/>
<point x="116.99" y="391.47" b="A"/>
<point x="123.12" y="387.69" b="G"/>
<point x="123.33" y="380.13" b="U"/>
<point x="123.12" y="372.57" b="G"/>
<point x="123.12" y="365.01" b="G"/>
<point x="116.94" y="361.44" b="N"/>
<point x="123.33" y="357.45" b="C"/>
<point x="115.87" y="358.68" b="R"/>
<point x="109.35" y="354.86" b="C"/>
<point x="106.78" y="347.75" b="U"/>
<point x="109.35" y="340.64" b="C"/>
<point x="115.66" y="336.82" b="G"/>
<point x="123.12" y="338.06" b="G"/>
<point x="123.33" y="330.50" b="C"/>
<point x="123.33" y="322.94" b="U"/>
<point x="123.33" y="315.38" b="C"/>
<point x="123.33" y="307.82" b="U"/>
<point x="123.33" y="300.26" b="C"/>
<point x="116.99" y="295.83" b="G"/>
<point x="113.55" y="289.10" b="G"/>
<point x="113.76" y="281.54" b="R"/>
<point x="117.41" y="274.81" b="A"/>
<point x="123.12" y="270.38" b="G"/>
<point x="123.33" y="262.82" b="C"/>
<point x="123.33" y="255.26" b="C"/>
<point x="123.12" y="247.71" b="G"/>
<point x="123.12" y="240.15" b="G"/>
<point x="123.12" y="232.59" b="G"/>
<point x="123.33" y="225.03" b="C"/>
<point x="123.33" y="217.47" b="U"/>
<point x="116.44" y="214.35" b="C"/>
<point x="116.65" y="206.79" b="A"/>
<point x="123.33" y="203.67" b="U"/>
<point x="123.12" y="196.11" b="G"/>
<point x="123.12" y="188.55" b="G"/>
<point x="118.06" y="183.34" b="A"/>
<point x="116.08" y="175.99" b="C"/>
<point x="118.36" y="168.85" b="G"/>
<point x="114.90" y="162.13" b="G"/>
<point x="111.44" y="155.41" b="G"/>
<point x="104.10" y="155.04" b="U"/>
<point x="107.99" y="148.68" b="G"/>
<point x="104.95" y="141.96" b="A"/>
<point x="101.08" y="135.23" b="G"/>
<point x="97.62" y="128.51" b="G"/>
<point x="94.38" y="121.78" b="C"/>
<point x="90.71" y="115.06" b="G"/>
<point x="87.25" y="108.34" b="G"/>
<point x="84.01" y="101.61" b="C"/>
<point x="80.70" y="95.10" b="N"/>
<point x="76.89" y="88.17" b="G"/>
<point x="73.64" y="81.44" b="U"/>
<point x="69.98" y="74.72" b="G"/>
<point x="64.28" y="70.00" b="U"/>
<point x="63.67" y="62.45" b="G"/>
<point x="60.43" y="55.73" b="C"/>
<point x="56.76" y="49.00" b="G"/>
<point x="53.51" y="42.28" b="C"/>
<point x="47.61" y="37.83" b="A"/>
<point x="46.24" y="30.33" b="G"/>
<point x="51.46" y="24.49" b="A"/>
<point x="58.80" y="23.98" b="C"/>
<point x="64.55" y="29.13" b="A"/>
<point x="64.19" y="36.69" b="G"/>
<point x="67.86" y="43.41" b="U"/>
<point x="71.10" y="50.13" b="G"/>
<point x="74.77" y="56.86" b="C"/>
<point x="82.32" y="56.48" b="U"/>
<point x="85.77" y="63.20" b="C"/>
<point x="81.07" y="69.12" b="C"/>
<point x="84.73" y="75.85" b="A"/>
<point x="91.87" y="76.22" b="G"/>
<point x="87.98" y="82.57" b="C"/>
<point x="91.44" y="89.29" b="C"/>
<point x="94.68" y="96.02" b="G"/>
<point x="98.35" y="102.74" b="C"/>
<point x="105.69" y="103.11" b="G"/>
<point x="101.81" y="109.47" b="C"/>
<point x="105.05" y="116.19" b="G"/>
<point x="108.72" y="122.91" b="C"/>
<point x="116.06" y="123.28" b="G"/>
<point x="112.17" y="129.64" b="C"/>
<point x="115.78" y="136.57" b="N"/>
<point x="119.08" y="143.09" b="C"/>
<point x="122.54" y="149.81" b="C"/>
<point x="126.00" y="156.53" b="C"/>
<point x="129.45" y="163.26" b="C"/>
<point x="136.91" y="165.39" b="A"/>
<point x="141.44" y="171.12" b="G"/>
<point x="148.99" y="171.48" b="G"/>
<point x="156.75" y="171.85" b="C"/>
<point x="154.76" y="164.56" b="C"/>
<point x="161.09" y="160.42" b="C"/>
<point x="167.19" y="165.16" b="Y"/>
<point x="164.09" y="172.22" b="G"/>
<point x="171.64" y="172.59" b="G"/>
<point x="179.40" y="172.96" b="C"/>
<point x="186.95" y="173.33" b="C"/>
<point x="194.50" y="173.70" b="C"/>
<point x="201.84" y="174.07" b="G"/>
<point x="207.98" y="169.66" b="G"/>
<point x="215.53" y="170.03" b="G"/>
<point x="221.42" y="175.02" b="C"/>
<point x="228.97" y="175.38" b="C"/>
<point x="236.53" y="175.75" b="U"/>
<point x="244.08" y="176.12" b="C"/>
<point x="251.42" y="176.49" b="G"/>
<point x="258.97" y="176.86" b="G"/>
<point x="266.94" y="177.23" b="Y"/>
<point x="274.28" y="177.60" b="U"/>
<point x="281.83" y="177.97" b="C"/>
<point x="288.87" y="175.21" b="C"/>
<point x="295.61" y="178.64" b="R"/>
<point x="302.95" y="179.01" b="G"/>
<point x="310.71" y="179.38" b="R"/>
<point x="318.46" y="179.75" b="A"/>
<point x="325.60" y="180.12" b="G"/>
<point x="330.83" y="174.66" b="G"/>
<point x="338.33" y="172.66" b="R"/>
<point x="345.82" y="174.69" b="A"/>
<point x="350.61" y="180.17" b="G"/>
<point x="352.68" y="187.55" b="A"/>
<point x="349.90" y="194.73" b="G"/>
<point x="344.54" y="199.88" b="N"/>
<point x="337.15" y="200.99" b="A"/>
<point x="329.68" y="198.29" b="G"/>
<point x="325.21" y="192.34" b="C"/>
<point x="317.66" y="191.98" b="C"/>
<point x="310.11" y="191.61" b="C"/>
<point x="305.80" y="197.96" b="G"/>
<point x="302.56" y="191.24" b="C"/>
<point x="295.01" y="190.87" b="C"/>
<point x="291.56" y="197.60" b="R"/>
<point x="284.21" y="197.23" b="A"/>
<point x="281.02" y="190.19" b="G"/>
<point x="273.47" y="189.82" b="G"/>
<point x="266.13" y="189.46" b="C"/>
<point x="261.83" y="195.81" b="G"/>
<point x="258.58" y="189.09" b="C"/>
<point x="251.18" y="188.93" b="N"/>
<point x="243.27" y="188.35" b="G"/>
<point x="236.13" y="187.98" b="A"/>
<point x="228.38" y="187.61" b="R"/>
<point x="220.62" y="187.24" b="G"/>
<point x="220.24" y="194.76" b="A"/>
<point x="214.08" y="199.68" b="G"/>
<point x="206.95" y="199.31" b="A"/>
<point x="201.30" y="193.85" b="G"/>
<point x="201.46" y="186.29" b="C"/>
<point x="193.69" y="185.93" b="G"/>
<point x="186.14" y="185.56" b="G"/>
<point x="178.59" y="185.19" b="G"/>
<point x="171.25" y="184.82" b="C"/>
<point x="163.91" y="184.45" b="Y"/>
<point x="155.94" y="184.08" b="G"/>
<point x="148.60" y="183.71" b="C"/>
<point x="141.05" y="183.34" b="C"/>
<point x="135.78" y="188.55" b="Y"/>
<point x="135.57" y="196.11" b="C"/>
<point x="135.36" y="203.67" b="G"/>
<point x="138.67" y="210.57" b="C"/>
<point x="135.78" y="217.47" b="A"/>
<point x="135.36" y="225.03" b="G"/>
<point x="135.78" y="232.59" b="Y"/>
<point x="135.57" y="240.15" b="C"/>
<point x="135.57" y="247.71" b="C"/>
<point x="135.36" y="255.26" b="G"/>
<point x="135.78" y="262.82" b="A"/>
<point x="135.36" y="270.38" b="G"/>
<point x="142.65" y="267.73" b="C"/>
<point x="150.19" y="268.26" b="C"/>
<point x="156.62" y="271.88" b="G"/>
<point x="161.15" y="277.93" b="G"/>
<point x="163.18" y="285.32" b="A"/>
<point x="161.15" y="292.71" b="G"/>
<point x="157.04" y="298.76" b="A"/>
<point x="149.98" y="302.38" b="G"/>
<point x="142.44" y="302.91" b="G"/>
<point x="135.36" y="300.26" b="G"/>
<point x="135.78" y="307.82" b="A"/>
<point x="135.36" y="315.38" b="G"/>
<point x="135.57" y="322.94" b="C"/>
<point x="135.36" y="330.50" b="G"/>
<point x="135.57" y="338.06" b="C"/>
<point x="140.07" y="343.97" b="G"/>
<point x="140.48" y="351.53" b="A"/>
<point x="135.36" y="357.45" b="G"/>
<point x="135.57" y="365.01" b="C"/>
<point x="135.57" y="372.57" b="C"/>
<point x="135.36" y="380.13" b="G"/>
<point x="135.57" y="387.69" b="C"/>
<point x="135.36" y="395.25" b="G"/>
<point x="135.57" y="402.81" b="C"/>
<point x="142.27" y="406.80" b="N"/>
<point x="135.36" y="410.37" b="G"/>
<point x="135.36" y="417.93" b="G"/>
<point x="135.57" y="425.49" b="C"/>
<point x="135.57" y="433.05" b="C"/>
<point x="135.57" y="440.61" b="C"/>
<point x="135.57" y="448.17" b="C"/>
<point x="142.88" y="447.34" b="G"/>
<point x="149.92" y="450.08" b="G"/>
<point x="155.27" y="455.97" b="N"/>
<point x="156.92" y="463.11" b="C"/>
<point x="154.91" y="470.45" b="G"/>
<point x="149.92" y="476.13" b="G"/>
<point x="143.24" y="479.08" b="N"/>
<point x="135.57" y="478.04" b="C"/>
<point x="135.57" y="485.60" b="C"/>
<point x="135.57" y="493.16" b="U"/>
<point x="135.57" y="500.72" b="C"/>
<point x="143.03" y="499.49" b="C"/>
<point x="149.34" y="503.31" b="G"/>
<point x="152.33" y="510.42" b="A"/>
<point x="149.76" y="517.53" b="A"/>
<point x="143.24" y="521.35" b="A"/>
<point x="135.57" y="520.12" b="C"/>
<point x="135.57" y="527.67" b="C"/>
<point x="142.26" y="523.79" b="A"/>
<point x="149.52" y="525.02" b="U"/>
<point x="154.20" y="530.79" b="G"/>
<point x="154.61" y="538.35" b="A"/>
<point x="149.72" y="544.12" b="A"/>
<point x="142.06" y="545.35" b="C"/>
<point x="135.57" y="541.47" b="U"/>
<point x="135.57" y="549.03" b="U"/>
<point x="142.12" y="552.81" b="U"/>
<point x="135.72" y="556.79" b="N"/>
<point x="135.72" y="564.35" b="N"/>
<point x="138.82" y="571.25" b="N"/>
<point x="135.72" y="578.14" b="N"/>
<point x="135.72" y="585.70" b="N"/>
<point x="141.07" y="591.05" b="N"/>
</structure>