<structure>
<point x="19.60" y="141.64" b="N"/>
<point x="24.80" y="136.08" b="C"/>
<point x="24.80" y="128.52" b="C"/>
<point x="24.80" y="120.96" b="C"/>
<point x="24.80" y="113.40" b="C"/>
<point x="18.03" y="110.03" b="U"/>
<point x="12.84" y="104.54" b="U"/>
<point x="10.00" y="97.80" b="N"/>
<point x="9.58" y="90.25" b="N"/>
<point x="11.84" y="82.81" b="A"/>
<point x="15.97" y="76.78" b="G"/>
<point x="22.74" y="72.68" b="A"/>
<point x="29.70" y="71.01" b="G"/>
<point x="31.71" y="63.67" b="C"/>
<point x="33.50" y="56.33" b="U"/>
<point x="28.48" y="50.87" b="A"/>
<point x="25.99" y="43.73" b="A"/>
<point x="26.50" y="36.20" b="R"/>
<point x="30.42" y="29.86" b="N"/>
<point x="36.43" y="25.27" b="C"/>
<point x="44.01" y="24.06" b="N"/>
<point x="51.35" y="25.85" b="N"/>
<point x="57.13" y="30.34" b="R"/>
<point x="60.72" y="37.27" b="N"/>
<point x="60.90" y="44.62" b="R"/>
<point x="58.05" y="51.62" b="U"/>
<point x="52.34" y="56.81" b="G"/>
<point x="45.60" y="59.24" b="A"/>
<point x="43.39" y="66.58" b="G"/>
<point x="41.80" y="73.92" b="U"/>
<point x="47.36" y="78.80" b="G"/>
<point x="51.31" y="85.37" b="C"/>
<point x="58.86" y="84.95" b="C"/>
<point x="66.20" y="84.53" b="G"/>
<point x="73.75" y="84.11" b="G"/>
<point x="80.88" y="80.64" b="A"/>
<point x="87.52" y="83.35" b="G"/>
<point x="94.49" y="79.58" b="A"/>
<point x="101.52" y="81.76" b="U"/>
<point x="105.10" y="88.52" b="A"/>
<point x="102.50" y="95.62" b="A"/>
<point x="95.13" y="98.59" b="G"/>
<point x="88.41" y="95.57" b="C"/>
<point x="81.48" y="99.05" b="G"/>
<point x="74.64" y="96.34" b="C"/>
<point x="67.09" y="96.76" b="C"/>
<point x="59.33" y="97.18" b="G"/>
<point x="51.78" y="97.60" b="G"/>
<point x="49.00" y="104.54" b="R"/>
<point x="43.81" y="110.03" b="U"/>
<point x="36.83" y="113.40" b="G"/>
<point x="36.83" y="120.96" b="G"/>
<point x="36.83" y="128.52" b="G"/>
<point x="36.83" y="136.08" b="G"/>
<point x="42.54" y="141.64" b="N"/>
<point x="50.10" y="141.64" b="N"/>
<point x="57.66" y="141.64" b="N"/>
<point x="65.27" y="141.43" b="A"/>
<point x="72.78" y="141.64" b="N"/>
<point x="80.34" y="141.64" b="N"/>
<point x="87.90" y="141.64" b="N"/>
<point x="95.51" y="141.43" b="Y"/>
</structure>