<structure>
<point x="19.66" y="212.85" b="A"/>
<point x="24.59" y="207.51" b="G"/>
<point x="24.59" y="199.95" b="G"/>
<point x="24.80" y="192.39" b="U"/>
<point x="24.80" y="184.83" b="C"/>
<point x="25.01" y="177.27" b="A"/>
<point x="24.80" y="169.71" b="U"/>
<point x="18.09" y="166.22" b="U"/>
<point x="13.06" y="160.58" b="U"/>
<point x="10.37" y="153.51" b="C"/>
<point x="10.58" y="145.95" b="A"/>
<point x="13.27" y="138.89" b="A"/>
<point x="18.30" y="133.24" b="A"/>
<point x="24.59" y="129.76" b="G"/>
<point x="25.01" y="122.20" b="A"/>
<point x="24.59" y="114.64" b="G"/>
<point x="24.59" y="107.08" b="G"/>
<point x="24.59" y="99.52" b="G"/>
<point x="24.80" y="91.96" b="C"/>
<point x="24.80" y="84.40" b="U"/>
<point x="25.01" y="76.84" b="Y"/>
<point x="18.25" y="73.06" b="R"/>
<point x="24.80" y="69.28" b="U"/>
<point x="17.91" y="66.16" b="R"/>
<point x="18.06" y="58.81" b="N"/>
<point x="24.59" y="55.49" b="G"/>
<point x="24.59" y="47.93" b="G"/>
<point x="19.65" y="42.59" b="Y"/>
<point x="17.97" y="35.17" b="U"/>
<point x="20.86" y="28.19" b="R"/>
<point x="27.14" y="23.98" b="U"/>
<point x="34.70" y="23.98" b="R"/>
<point x="41.19" y="28.19" b="A"/>
<point x="44.08" y="35.17" b="A"/>
<point x="42.60" y="42.59" b="A"/>
<point x="37.04" y="47.93" b="C"/>
<point x="37.04" y="55.49" b="C"/>
<point x="40.35" y="62.38" b="A"/>
<point x="37.04" y="69.28" b="R"/>
<point x="36.83" y="76.84" b="G"/>
<point x="37.25" y="84.40" b="A"/>
<point x="36.83" y="91.96" b="G"/>
<point x="37.04" y="99.52" b="C"/>
<point x="37.04" y="107.08" b="U"/>
<point x="37.04" y="114.64" b="C"/>
<point x="37.04" y="122.20" b="U"/>
<point x="37.04" y="129.76" b="U"/>
<point x="43.96" y="133.24" b="A"/>
<point x="48.98" y="138.89" b="A"/>
<point x="51.67" y="145.95" b="Y"/>
<point x="51.26" y="153.51" b="G"/>
<point x="48.78" y="160.58" b="C"/>
<point x="43.75" y="166.22" b="U"/>
<point x="37.04" y="169.71" b="R"/>
<point x="37.04" y="177.27" b="U"/>
<point x="36.83" y="184.83" b="G"/>
<point x="37.25" y="192.39" b="A"/>
<point x="37.04" y="199.95" b="C"/>
<point x="37.04" y="207.51" b="C"/>
<point x="42.59" y="212.85" b="A"/>
<point x="50.15" y="212.85" b="A"/>
<point x="57.71" y="212.85" b="A"/>
<point x="65.07" y="212.85" b="R"/>
<point x="72.83" y="212.85" b="A"/>
<point x="80.39" y="212.85" b="Y"/>
<point x="87.95" y="212.85" b="Y"/>
<point x="95.10" y="212.85" b="G"/>
<point x="103.07" y="212.85" b="A"/>
<point x="110.63" y="212.85" b="A"/>
<point x="117.99" y="212.85" b="R"/>
<point x="125.55" y="212.85" b="U"/>
<point x="130.89" y="207.51" b="U"/>
<point x="130.89" y="199.95" b="C"/>
<point x="130.89" y="192.39" b="U"/>
<point x="130.89" y="184.83" b="C"/>
<point x="131.10" y="177.27" b="Y"/>
<point x="126.39" y="171.35" b="A"/>
<point x="126.19" y="163.79" b="U"/>
<point x="131.10" y="157.88" b="A"/>
<point x="130.68" y="150.31" b="G"/>
<point x="130.68" y="142.75" b="G"/>
<point x="131.10" y="135.19" b="A"/>
<point x="124.76" y="130.77" b="U"/>
<point x="121.32" y="124.04" b="R"/>
<point x="121.53" y="116.48" b="Y"/>
<point x="124.91" y="109.96" b="N"/>
<point x="131.10" y="105.32" b="A"/>
<point x="131.10" y="97.76" b="Y"/>
<point x="130.89" y="90.20" b="R"/>
<point x="130.68" y="82.64" b="G"/>
<point x="130.89" y="75.08" b="C"/>
<point x="131.10" y="67.52" b="A"/>
<point x="130.89" y="59.96" b="C"/>
<point x="130.89" y="52.40" b="U"/>
<point x="128.87" y="45.37" b="N"/>
<point x="133.23" y="39.10" b="R"/>
<point x="140.79" y="39.10" b="R"/>
<point x="145.31" y="45.16" b="U"/>
<point x="143.34" y="52.40" b="A"/>
<point x="142.92" y="59.96" b="G"/>
<point x="143.13" y="67.52" b="U"/>
<point x="142.92" y="75.08" b="G"/>
<point x="143.13" y="82.64" b="C"/>
<point x="143.13" y="90.20" b="U"/>
<point x="143.13" y="97.76" b="R"/>
<point x="143.13" y="105.32" b="U"/>
<point x="149.26" y="109.75" b="R"/>
<point x="152.70" y="116.48" b="U"/>
<point x="152.70" y="124.04" b="U"/>
<point x="149.26" y="130.77" b="U"/>
<point x="143.13" y="135.19" b="U"/>
<point x="143.13" y="142.75" b="C"/>
<point x="143.13" y="150.31" b="C"/>
<point x="143.13" y="157.88" b="U"/>
<point x="147.84" y="163.79" b="R"/>
<point x="147.84" y="171.35" b="R"/>
<point x="142.92" y="177.27" b="G"/>
<point x="142.92" y="184.83" b="G"/>
<point x="143.34" y="192.39" b="A"/>
<point x="142.92" y="199.95" b="G"/>
<point x="143.34" y="207.51" b="A"/>
<point x="148.48" y="212.85" b="U"/>
<point x="156.24" y="212.85" b="A"/>
<point x="163.80" y="212.85" b="Y"/>
<point x="171.16" y="212.85" b="R"/>
<point x="178.72" y="212.85" b="R"/>
<point x="186.43" y="213.06" b="N"/>
<point x="193.84" y="212.85" b="R"/>
</structure>