<structure>
<point x="88.75" y="244.06" b="N"/>
<point x="88.60" y="236.30" b="R"/>
<point x="88.60" y="228.74" b="C"/>
<point x="88.60" y="221.18" b="U"/>
<point x="88.39" y="213.62" b="G"/>
<point x="88.60" y="206.06" b="U"/>
<point x="88.60" y="198.50" b="U"/>
<point x="81.08" y="197.64" b="R"/>
<point x="73.67" y="196.14" b="R"/>
<point x="66.42" y="194.01" b="U"/>
<point x="59.17" y="191.25" b="G"/>
<point x="52.81" y="187.90" b="A"/>
<point x="46.14" y="183.97" b="U"/>
<point x="39.84" y="179.50" b="G"/>
<point x="34.56" y="174.53" b="A"/>
<point x="29.27" y="169.28" b="N"/>
<point x="24.52" y="163.40" b="N"/>
<point x="20.30" y="157.12" b="N"/>
<point x="16.64" y="150.51" b="N"/>
<point x="13.57" y="143.61" b="N"/>
<point x="11.10" y="136.46" b="N"/>
<point x="9.25" y="129.13" b="N"/>
<point x="8.05" y="121.66" b="N"/>
<point x="7.50" y="114.12" b="N"/>
<point x="7.60" y="106.57" b="N"/>
<point x="8.36" y="99.04" b="N"/>
<point x="9.76" y="91.61" b="N"/>
<point x="11.80" y="84.33" b="N"/>
<point x="14.45" y="77.26" b="N"/>
<point x="17.72" y="70.44" b="N"/>
<point x="21.55" y="63.92" b="N"/>
<point x="25.94" y="57.77" b="N"/>
<point x="30.84" y="52.01" b="N"/>
<point x="36.08" y="46.49" b="U"/>
<point x="41.69" y="41.67" b="G"/>
<point x="47.90" y="37.37" b="G"/>
<point x="54.46" y="33.61" b="G"/>
<point x="61.74" y="30.44" b="A"/>
<point x="68.86" y="27.88" b="A"/>
<point x="75.96" y="25.94" b="U"/>
<point x="83.40" y="24.64" b="C"/>
<point x="90.94" y="23.98" b="U"/>
<point x="98.50" y="23.98" b="C"/>
<point x="106.03" y="24.64" b="U"/>
<point x="113.47" y="25.94" b="C"/>
<point x="120.78" y="27.88" b="U"/>
<point x="127.68" y="30.44" b="G"/>
<point x="134.96" y="33.61" b="A"/>
<point x="141.32" y="37.37" b="R"/>
<point x="147.69" y="41.88" b="N"/>
<point x="153.36" y="46.49" b="R"/>
<point x="158.94" y="51.80" b="A"/>
<point x="163.64" y="57.56" b="R"/>
<point x="168.23" y="63.72" b="A"/>
<point x="171.87" y="70.23" b="R"/>
<point x="175.13" y="77.05" b="U"/>
<point x="177.58" y="84.13" b="G"/>
<point x="180.03" y="91.41" b="A"/>
<point x="181.43" y="98.83" b="A"/>
<point x="181.77" y="106.36" b="G"/>
<point x="182.08" y="113.92" b="R"/>
<point x="181.68" y="121.66" b="N"/>
<point x="180.48" y="129.13" b="N"/>
<point x="178.63" y="136.46" b="N"/>
<point x="176.17" y="143.61" b="N"/>
<point x="173.09" y="150.51" b="N"/>
<point x="169.43" y="157.12" b="N"/>
<point x="165.26" y="163.19" b="Y"/>
<point x="160.31" y="169.07" b="U"/>
<point x="155.22" y="174.73" b="N"/>
<point x="149.53" y="179.71" b="N"/>
<point x="143.44" y="184.18" b="N"/>
<point x="136.82" y="187.90" b="R"/>
<point x="130.05" y="191.25" b="C"/>
<point x="123.01" y="194.01" b="U"/>
<point x="115.55" y="196.14" b="G"/>
<point x="108.55" y="197.64" b="A"/>
<point x="101.04" y="198.50" b="A"/>
<point x="101.04" y="206.06" b="A"/>
<point x="100.83" y="213.62" b="C"/>
<point x="101.04" y="221.18" b="A"/>
<point x="100.62" y="228.74" b="G"/>
<point x="100.83" y="236.30" b="U"/>
<point x="100.83" y="243.86" b="R"/>
</structure>