<structure>
<point x="37.32" y="204.34" b="U"/>
<point x="44.88" y="204.34" b="C"/>
<point x="50.01" y="199.00" b="G"/>
<point x="50.22" y="191.44" b="C"/>
<point x="50.22" y="183.88" b="R"/>
<point x="50.22" y="176.32" b="C"/>
<point x="50.43" y="168.76" b="A"/>
<point x="50.22" y="161.20" b="U"/>
<point x="50.22" y="153.64" b="C"/>
<point x="50.22" y="146.08" b="U"/>
<point x="50.22" y="138.52" b="U"/>
<point x="50.01" y="130.96" b="G"/>
<point x="50.22" y="123.40" b="U"/>
<point x="50.22" y="115.84" b="U"/>
<point x="50.01" y="108.28" b="G"/>
<point x="50.22" y="100.72" b="U"/>
<point x="47.33" y="93.82" b="Y"/>
<point x="50.43" y="86.93" b="Y"/>
<point x="50.22" y="79.37" b="R"/>
<point x="45.87" y="85.55" b="R"/>
<point x="39.87" y="90.15" b="N"/>
<point x="32.46" y="92.05" b="U"/>
<point x="24.91" y="91.65" b="R"/>
<point x="17.92" y="88.77" b="U"/>
<point x="12.43" y="83.94" b="N"/>
<point x="8.41" y="77.12" b="G"/>
<point x="7.50" y="69.88" b="N"/>
<point x="8.62" y="62.22" b="U"/>
<point x="12.28" y="55.60" b="U"/>
<point x="17.92" y="50.57" b="U"/>
<point x="24.91" y="47.69" b="U"/>
<point x="32.61" y="47.49" b="N"/>
<point x="39.87" y="49.60" b="N"/>
<point x="45.66" y="53.79" b="G"/>
<point x="50.22" y="59.97" b="C"/>
<point x="50.01" y="52.41" b="G"/>
<point x="50.43" y="44.85" b="A"/>
<point x="50.43" y="37.29" b="A"/>
<point x="48.26" y="30.05" b="A"/>
<point x="52.56" y="23.98" b="C"/>
<point x="60.12" y="23.98" b="C"/>
<point x="64.84" y="30.05" b="A"/>
<point x="62.46" y="37.29" b="U"/>
<point x="62.46" y="44.85" b="U"/>
<point x="62.46" y="52.41" b="U"/>
<point x="62.25" y="59.97" b="G"/>
<point x="67.38" y="65.89" b="A"/>
<point x="67.17" y="73.45" b="U"/>
<point x="62.46" y="79.37" b="C"/>
<point x="62.67" y="86.93" b="A"/>
<point x="65.77" y="93.82" b="Y"/>
<point x="62.46" y="100.72" b="R"/>
<point x="62.67" y="108.28" b="Y"/>
<point x="62.46" y="115.84" b="R"/>
<point x="62.67" y="123.40" b="A"/>
<point x="62.46" y="130.96" b="C"/>
<point x="62.67" y="138.52" b="A"/>
<point x="62.67" y="146.08" b="A"/>
<point x="62.25" y="153.64" b="G"/>
<point x="62.67" y="161.20" b="A"/>
<point x="62.46" y="168.76" b="U"/>
<point x="62.25" y="176.32" b="G"/>
<point x="62.67" y="183.88" b="Y"/>
<point x="62.25" y="191.44" b="G"/>
<point x="62.67" y="199.00" b="Y"/>
<point x="67.96" y="204.55" b="N"/>
<point x="75.37" y="204.34" b="U"/>
<point x="82.93" y="204.34" b="C"/>
<point x="90.70" y="204.34" b="Y"/>
<point x="98.26" y="204.34" b="A"/>
</structure>