<structure>
<point x="75.13" y="209.88" b="G"/>
<point x="75.13" y="202.32" b="G"/>
<point x="75.34" y="194.76" b="U"/>
<point x="75.13" y="187.20" b="G"/>
<point x="75.34" y="179.64" b="C"/>
<point x="75.55" y="172.08" b="A"/>
<point x="67.85" y="171.07" b="R"/>
<point x="60.70" y="169.31" b="A"/>
<point x="53.36" y="166.81" b="U"/>
<point x="46.31" y="163.59" b="G"/>
<point x="40.25" y="159.69" b="A"/>
<point x="34.00" y="155.16" b="U"/>
<point x="28.23" y="150.03" b="G"/>
<point x="23.64" y="144.36" b="A"/>
<point x="19.18" y="138.43" b="N"/>
<point x="15.43" y="131.86" b="N"/>
<point x="12.42" y="124.74" b="Y"/>
<point x="10.07" y="117.56" b="Y"/>
<point x="8.27" y="110.17" b="R"/>
<point x="7.63" y="102.66" b="Y"/>
<point x="7.50" y="95.30" b="N"/>
<point x="8.20" y="87.78" b="N"/>
<point x="9.66" y="80.36" b="N"/>
<point x="11.50" y="72.92" b="G"/>
<point x="14.64" y="65.95" b="C"/>
<point x="18.06" y="59.32" b="G"/>
<point x="22.76" y="53.09" b="A"/>
<point x="27.45" y="47.32" b="C"/>
<point x="32.90" y="42.09" b="C"/>
<point x="39.07" y="37.44" b="A"/>
<point x="45.47" y="33.42" b="A"/>
<point x="52.25" y="30.07" b="A"/>
<point x="58.91" y="27.43" b="G"/>
<point x="66.65" y="25.52" b="Y"/>
<point x="73.91" y="24.37" b="C"/>
<point x="81.46" y="23.98" b="U"/>
<point x="88.80" y="24.37" b="G"/>
<point x="96.69" y="25.52" b="A"/>
<point x="103.95" y="27.64" b="N"/>
<point x="111.03" y="30.28" b="N"/>
<point x="117.81" y="33.63" b="N"/>
<point x="124.21" y="37.65" b="N"/>
<point x="130.17" y="42.30" b="N"/>
<point x="135.48" y="47.32" b="R"/>
<point x="140.37" y="53.09" b="U"/>
<point x="144.44" y="59.32" b="G"/>
<point x="148.48" y="65.95" b="A"/>
<point x="151.21" y="72.92" b="U"/>
<point x="153.42" y="80.15" b="U"/>
<point x="154.88" y="87.57" b="R"/>
<point x="155.72" y="95.30" b="N"/>
<point x="155.65" y="102.86" b="N"/>
<point x="154.86" y="110.17" b="Y"/>
<point x="153.26" y="117.56" b="Y"/>
<point x="150.71" y="124.74" b="U"/>
<point x="147.79" y="131.86" b="N"/>
<point x="144.09" y="138.22" b="A"/>
<point x="139.69" y="144.36" b="Y"/>
<point x="134.48" y="150.03" b="U"/>
<point x="128.93" y="155.16" b="R"/>
<point x="123.03" y="159.90" b="N"/>
<point x="116.40" y="163.59" b="C"/>
<point x="109.56" y="166.81" b="U"/>
<point x="102.22" y="169.31" b="G"/>
<point x="95.28" y="171.07" b="A"/>
<point x="87.58" y="172.08" b="U"/>
<point x="87.37" y="179.64" b="G"/>
<point x="87.58" y="187.20" b="C"/>
<point x="87.79" y="194.76" b="A"/>
<point x="87.58" y="202.32" b="C"/>
<point x="87.58" y="209.88" b="C"/>
</structure>