<structure>
<point x="19.60" y="294.45" b="N"/>
<point x="27.16" y="294.45" b="N"/>
<point x="34.58" y="294.24" b="R"/>
<point x="42.34" y="294.24" b="A"/>
<point x="49.84" y="294.45" b="N"/>
<point x="57.41" y="294.45" b="N"/>
<point x="62.60" y="288.89" b="R"/>
<point x="62.81" y="281.33" b="Y"/>
<point x="55.26" y="282.53" b="N"/>
<point x="48.40" y="279.34" b="N"/>
<point x="44.19" y="272.76" b="U"/>
<point x="44.19" y="265.20" b="R"/>
<point x="48.46" y="258.82" b="A"/>
<point x="55.26" y="255.84" b="N"/>
<point x="62.75" y="256.83" b="N"/>
<point x="62.60" y="249.06" b="R"/>
<point x="62.60" y="241.50" b="R"/>
<point x="62.60" y="233.94" b="R"/>
<point x="55.73" y="230.80" b="R"/>
<point x="50.22" y="225.62" b="R"/>
<point x="46.82" y="219.15" b="N"/>
<point x="45.65" y="211.48" b="A"/>
<point x="46.46" y="204.03" b="G"/>
<point x="50.22" y="197.35" b="U"/>
<point x="55.93" y="192.17" b="A"/>
<point x="62.60" y="189.02" b="R"/>
<point x="62.75" y="181.67" b="N"/>
<point x="62.75" y="174.11" b="N"/>
<point x="62.75" y="166.55" b="N"/>
<point x="62.75" y="158.99" b="N"/>
<point x="62.75" y="151.43" b="N"/>
<point x="55.21" y="150.96" b="N"/>
<point x="48.55" y="147.38" b="N"/>
<point x="43.99" y="141.35" b="N"/>
<point x="42.38" y="133.96" b="N"/>
<point x="43.99" y="126.58" b="N"/>
<point x="48.55" y="120.54" b="N"/>
<point x="55.21" y="116.96" b="N"/>
<point x="62.75" y="116.49" b="N"/>
<point x="62.75" y="108.93" b="N"/>
<point x="62.81" y="101.16" b="Y"/>
<point x="58.36" y="107.28" b="Y"/>
<point x="51.12" y="109.82" b="N"/>
<point x="43.93" y="107.49" b="N"/>
<point x="39.54" y="101.16" b="A"/>
<point x="39.12" y="93.60" b="G"/>
<point x="43.98" y="87.49" b="A"/>
<point x="50.76" y="85.15" b="G"/>
<point x="58.36" y="87.49" b="A"/>
<point x="62.39" y="93.60" b="G"/>
<point x="62.75" y="86.25" b="N"/>
<point x="62.75" y="78.69" b="N"/>
<point x="62.75" y="71.13" b="N"/>
<point x="62.60" y="63.36" b="R"/>
<point x="62.75" y="56.01" b="N"/>
<point x="56.19" y="51.48" b="G"/>
<point x="52.76" y="44.85" b="R"/>
<point x="52.45" y="37.30" b="U"/>
<point x="55.68" y="30.60" b="N"/>
<point x="61.15" y="25.58" b="G"/>
<point x="68.87" y="24.06" b="N"/>
<point x="76.08" y="25.58" b="U"/>
<point x="81.70" y="30.39" b="G"/>
<point x="85.14" y="37.50" b="N"/>
<point x="84.68" y="44.85" b="R"/>
<point x="81.25" y="51.48" b="A"/>
<point x="74.84" y="55.80" b="R"/>
<point x="75.05" y="63.36" b="Y"/>
<point x="74.99" y="71.13" b="N"/>
<point x="74.99" y="78.69" b="N"/>
<point x="74.99" y="86.25" b="N"/>
<point x="75.05" y="93.60" b="Y"/>
<point x="74.99" y="101.37" b="N"/>
<point x="74.99" y="108.93" b="N"/>
<point x="74.99" y="116.49" b="N"/>
<point x="81.46" y="120.39" b="N"/>
<point x="85.69" y="126.35" b="R"/>
<point x="87.38" y="133.96" b="N"/>
<point x="85.84" y="141.36" b="N"/>
<point x="81.46" y="147.53" b="N"/>
<point x="74.99" y="151.43" b="N"/>
<point x="74.99" y="158.99" b="N"/>
<point x="74.99" y="166.55" b="N"/>
<point x="74.99" y="174.11" b="N"/>
<point x="74.99" y="181.67" b="N"/>
<point x="75.05" y="189.02" b="Y"/>
<point x="82.01" y="190.67" b="G"/>
<point x="88.84" y="194.67" b="A"/>
<point x="93.57" y="200.57" b="A"/>
<point x="96.02" y="207.91" b="N"/>
<point x="96.02" y="215.47" b="N"/>
<point x="93.51" y="222.61" b="N"/>
<point x="88.78" y="228.50" b="N"/>
<point x="82.22" y="232.30" b="R"/>
<point x="74.84" y="233.94" b="C"/>
<point x="75.05" y="241.50" b="Y"/>
<point x="75.05" y="249.06" b="Y"/>
<point x="74.99" y="256.83" b="N"/>
<point x="80.59" y="261.92" b="N"/>
<point x="82.30" y="268.98" b="G"/>
<point x="80.64" y="276.25" b="A"/>
<point x="74.63" y="281.33" b="G"/>
<point x="75.05" y="288.89" b="Y"/>
<point x="80.34" y="294.45" b="N"/>
<point x="87.90" y="294.45" b="N"/>
<point x="93.24" y="289.10" b="N"/>
<point x="93.24" y="281.54" b="N"/>
<point x="93.24" y="273.98" b="N"/>
<point x="93.24" y="266.42" b="N"/>
<point x="93.24" y="258.86" b="N"/>
<point x="93.30" y="251.09" b="Y"/>
<point x="93.24" y="243.74" b="N"/>
<point x="86.57" y="239.71" b="R"/>
<point x="82.06" y="233.65" b="R"/>
<point x="80.49" y="226.30" b="A"/>
<point x="81.67" y="219.05" b="N"/>
<point x="85.73" y="212.67" b="N"/>
<point x="91.95" y="208.38" b="N"/>
<point x="99.36" y="206.87" b="N"/>
<point x="106.77" y="208.38" b="N"/>
<point x="113.00" y="212.67" b="N"/>
<point x="117.05" y="219.05" b="N"/>
<point x="118.29" y="226.50" b="N"/>
<point x="116.52" y="233.85" b="N"/>
<point x="112.06" y="239.71" b="A"/>
<point x="105.33" y="243.53" b="R"/>
<point x="105.33" y="251.09" b="R"/>
<point x="105.48" y="258.86" b="N"/>
<point x="105.48" y="266.42" b="N"/>
<point x="105.48" y="273.98" b="N"/>
<point x="105.48" y="281.54" b="N"/>
<point x="105.48" y="289.10" b="N"/>
<point x="110.83" y="294.45" b="N"/>
<point x="116.02" y="288.89" b="C"/>
<point x="115.81" y="281.33" b="G"/>
<point x="116.17" y="273.98" b="N"/>
<point x="111.91" y="267.74" b="N"/>
<point x="112.85" y="260.24" b="N"/>
<point x="118.51" y="255.23" b="N"/>
<point x="126.07" y="255.23" b="N"/>
<point x="131.74" y="260.24" b="N"/>
<point x="132.68" y="267.74" b="N"/>
<point x="128.41" y="273.98" b="N"/>
<point x="128.26" y="281.33" b="C"/>
<point x="128.05" y="288.89" b="G"/>
<point x="133.61" y="294.24" b="U"/>
<point x="141.17" y="294.24" b="U"/>
<point x="148.94" y="294.24" b="A"/>
<point x="156.44" y="294.45" b="N"/>
<point x="164.00" y="294.45" b="N"/>
<point x="171.56" y="294.45" b="N"/>
<point x="179.12" y="294.45" b="N"/>
<point x="186.68" y="294.45" b="N"/>
<point x="194.24" y="294.45" b="N"/>
<point x="201.80" y="294.45" b="N"/>
<point x="209.36" y="294.45" b="N"/>
<point x="216.92" y="294.45" b="N"/>
<point x="224.48" y="294.45" b="N"/>
<point x="231.89" y="294.24" b="R"/>
<point x="239.66" y="294.24" b="A"/>
<point x="246.80" y="294.24" b="G"/>
<point x="254.72" y="294.45" b="N"/>
<point x="261.92" y="294.24" b="G"/>
<point x="267.62" y="289.10" b="N"/>
<point x="267.62" y="281.54" b="N"/>
<point x="267.62" y="273.98" b="N"/>
<point x="267.62" y="266.42" b="N"/>
<point x="267.62" y="258.86" b="N"/>
<point x="267.62" y="251.30" b="N"/>
<point x="267.62" y="243.74" b="N"/>
<point x="264.22" y="236.99" b="N"/>
<point x="266.80" y="229.88" b="N"/>
<point x="273.75" y="226.89" b="N"/>
<point x="280.69" y="229.88" b="N"/>
<point x="283.27" y="236.99" b="N"/>
<point x="279.87" y="243.74" b="N"/>
<point x="279.87" y="251.30" b="N"/>
<point x="279.87" y="258.86" b="N"/>
<point x="279.87" y="266.42" b="N"/>
<point x="279.87" y="273.98" b="N"/>
<point x="279.87" y="281.54" b="N"/>
<point x="279.92" y="288.89" b="Y"/>
<point x="285.27" y="294.24" b="A"/>
<point x="292.83" y="294.24" b="A"/>
<point x="300.33" y="294.45" b="N"/>
<point x="307.95" y="294.24" b="Y"/>
<point x="313.09" y="288.89" b="R"/>
<point x="313.09" y="281.33" b="R"/>
<point x="312.88" y="273.77" b="G"/>
<point x="312.88" y="266.21" b="G"/>
<point x="308.23" y="272.01" b="U"/>
<point x="300.57" y="273.32" b="G"/>
<point x="294.02" y="269.54" b="G"/>
<point x="291.86" y="262.44" b="Y"/>
<point x="294.44" y="255.33" b="A"/>
<point x="300.78" y="251.55" b="C"/>
<point x="308.23" y="252.86" b="C"/>
<point x="312.88" y="258.65" b="G"/>
<point x="313.09" y="251.09" b="C"/>
<point x="312.88" y="243.53" b="G"/>
<point x="313.09" y="235.97" b="R"/>
<point x="313.24" y="228.62" b="N"/>
<point x="308.97" y="222.38" b="N"/>
<point x="309.91" y="214.88" b="N"/>
<point x="315.58" y="209.87" b="N"/>
<point x="323.14" y="209.87" b="N"/>
<point x="328.80" y="214.88" b="N"/>
<point x="329.74" y="222.38" b="N"/>
<point x="325.48" y="228.62" b="N"/>
<point x="325.33" y="235.97" b="U"/>
<point x="325.33" y="243.53" b="C"/>
<point x="325.12" y="251.09" b="G"/>
<point x="325.33" y="258.65" b="U"/>
<point x="325.33" y="266.21" b="C"/>
<point x="325.33" y="273.77" b="C"/>
<point x="325.53" y="281.33" b="Y"/>
<point x="325.33" y="288.89" b="U"/>
<point x="330.82" y="294.45" b="N"/>
<point x="338.38" y="294.45" b="N"/>
<point x="345.94" y="294.45" b="N"/>
</structure>