<structure>
<point x="19.66" y="239.04" b="A"/>
<point x="26.80" y="239.04" b="G"/>
<point x="34.58" y="239.04" b="U"/>
<point x="42.34" y="239.04" b="Y"/>
<point x="47.27" y="233.70" b="G"/>
<point x="47.48" y="226.14" b="C"/>
<point x="47.48" y="218.58" b="U"/>
<point x="47.48" y="211.02" b="C"/>
<point x="47.69" y="203.46" b="A"/>
<point x="47.48" y="195.90" b="U"/>
<point x="47.48" y="188.34" b="U"/>
<point x="47.48" y="180.78" b="C"/>
<point x="40.98" y="177.29" b="A"/>
<point x="35.89" y="171.85" b="N"/>
<point x="33.05" y="164.58" b="C"/>
<point x="33.05" y="157.02" b="U"/>
<point x="35.89" y="150.16" b="N"/>
<point x="40.92" y="144.52" b="N"/>
<point x="47.48" y="140.82" b="U"/>
<point x="47.48" y="133.26" b="U"/>
<point x="47.69" y="125.70" b="A"/>
<point x="47.48" y="118.14" b="U"/>
<point x="47.27" y="110.58" b="G"/>
<point x="47.63" y="103.23" b="N"/>
<point x="41.14" y="99.24" b="Y"/>
<point x="47.48" y="95.46" b="R"/>
<point x="47.27" y="87.90" b="G"/>
<point x="47.69" y="80.34" b="Y"/>
<point x="40.53" y="77.96" b="N"/>
<point x="34.35" y="73.60" b="N"/>
<point x="29.54" y="67.77" b="N"/>
<point x="26.29" y="60.67" b="C"/>
<point x="25.25" y="53.41" b="N"/>
<point x="26.06" y="45.90" b="N"/>
<point x="28.83" y="38.86" b="N"/>
<point x="33.40" y="32.59" b="Y"/>
<point x="39.29" y="28.13" b="N"/>
<point x="46.11" y="24.99" b="R"/>
<point x="53.39" y="23.98" b="G"/>
<point x="61.24" y="25.19" b="N"/>
<point x="68.21" y="28.13" b="N"/>
<point x="74.01" y="32.59" b="R"/>
<point x="78.53" y="38.65" b="R"/>
<point x="81.44" y="45.90" b="N"/>
<point x="82.25" y="53.41" b="N"/>
<point x="81.07" y="60.88" b="N"/>
<point x="77.96" y="67.77" b="N"/>
<point x="73.15" y="73.60" b="N"/>
<point x="67.03" y="77.76" b="Y"/>
<point x="59.51" y="80.34" b="G"/>
<point x="59.72" y="87.90" b="C"/>
<point x="59.93" y="95.46" b="Y"/>
<point x="59.87" y="103.23" b="N"/>
<point x="59.72" y="110.58" b="C"/>
<point x="59.93" y="118.14" b="A"/>
<point x="59.72" y="125.70" b="U"/>
<point x="59.93" y="133.26" b="A"/>
<point x="59.93" y="140.82" b="A"/>
<point x="66.58" y="144.52" b="N"/>
<point x="71.66" y="149.96" b="Y"/>
<point x="74.35" y="157.02" b="Y"/>
<point x="74.30" y="164.79" b="N"/>
<point x="71.66" y="171.65" b="Y"/>
<point x="66.43" y="177.29" b="C"/>
<point x="59.51" y="180.78" b="G"/>
<point x="59.93" y="188.34" b="A"/>
<point x="59.93" y="195.90" b="A"/>
<point x="59.72" y="203.46" b="U"/>
<point x="59.51" y="211.02" b="G"/>
<point x="59.93" y="218.58" b="A"/>
<point x="66.27" y="222.36" b="U"/>
<point x="59.51" y="226.14" b="G"/>
<point x="59.72" y="233.70" b="C"/>
<point x="65.07" y="239.04" b="C"/>
<point x="72.78" y="239.25" b="N"/>
<point x="80.39" y="239.04" b="A"/>
<point x="87.95" y="239.04" b="A"/>
<point x="95.31" y="239.04" b="R"/>
<point x="103.02" y="239.25" b="N"/>
<point x="110.58" y="239.25" b="N"/>
<point x="118.14" y="239.25" b="N"/>
<point x="123.12" y="233.70" b="G"/>
<point x="123.12" y="226.14" b="G"/>
<point x="123.33" y="218.58" b="U"/>
<point x="123.12" y="211.02" b="G"/>
<point x="123.33" y="203.46" b="C"/>
<point x="123.33" y="195.90" b="C"/>
<point x="123.33" y="188.34" b="U"/>
<point x="118.06" y="183.12" b="A"/>
<point x="116.29" y="175.78" b="Y"/>
<point x="118.57" y="168.63" b="C"/>
<point x="114.90" y="161.91" b="G"/>
<point x="111.65" y="155.19" b="U"/>
<point x="108.20" y="148.46" b="C"/>
<point x="104.74" y="141.74" b="C"/>
<point x="97.60" y="143.50" b="A"/>
<point x="90.06" y="142.61" b="N"/>
<point x="83.37" y="138.61" b="C"/>
<point x="78.86" y="132.87" b="N"/>
<point x="76.73" y="125.61" b="N"/>
<point x="77.51" y="117.88" b="A"/>
<point x="80.77" y="111.16" b="C"/>
<point x="86.69" y="106.21" b="Y"/>
<point x="82.81" y="99.48" b="G"/>
<point x="79.78" y="92.76" b="A"/>
<point x="76.11" y="86.03" b="U"/>
<point x="72.86" y="79.31" b="A"/>
<point x="69.35" y="72.79" b="N"/>
<point x="61.85" y="72.41" b="Y"/>
<point x="54.83" y="69.67" b="N"/>
<point x="49.45" y="64.36" b="N"/>
<point x="46.40" y="57.45" b="N"/>
<point x="46.12" y="49.89" b="N"/>
<point x="48.29" y="42.56" b="G"/>
<point x="53.62" y="37.07" b="N"/>
<point x="60.35" y="33.62" b="N"/>
<point x="67.87" y="32.88" b="N"/>
<point x="74.99" y="34.77" b="R"/>
<point x="81.12" y="39.60" b="N"/>
<point x="84.82" y="45.90" b="R"/>
<point x="86.00" y="53.37" b="C"/>
<point x="84.50" y="60.95" b="N"/>
<point x="80.09" y="66.99" b="U"/>
<point x="83.54" y="73.72" b="U"/>
<point x="87.21" y="80.44" b="A"/>
<point x="90.46" y="87.16" b="U"/>
<point x="93.91" y="93.89" b="C"/>
<point x="97.57" y="100.61" b="A"/>
<point x="105.13" y="100.64" b="A"/>
<point x="112.13" y="103.58" b="N"/>
<point x="117.60" y="108.42" b="C"/>
<point x="121.26" y="115.14" b="A"/>
<point x="122.10" y="122.66" b="Y"/>
<point x="120.00" y="129.98" b="C"/>
<point x="115.42" y="136.15" b="G"/>
<point x="118.88" y="142.87" b="G"/>
<point x="122.54" y="149.59" b="R"/>
<point x="126.00" y="156.32" b="C"/>
<point x="129.24" y="163.04" b="G"/>
<point x="136.91" y="165.18" b="A"/>
<point x="141.65" y="170.90" b="C"/>
<point x="149.40" y="171.27" b="A"/>
<point x="156.75" y="171.64" b="C"/>
<point x="163.45" y="168.57" b="G"/>
<point x="170.63" y="171.49" b="U"/>
<point x="173.49" y="178.57" b="Y"/>
<point x="169.74" y="185.36" b="G"/>
<point x="162.93" y="187.59" b="A"/>
<point x="155.94" y="183.86" b="G"/>
<point x="148.60" y="183.49" b="U"/>
<point x="140.84" y="183.12" b="G"/>
<point x="135.78" y="188.34" b="A"/>
<point x="135.36" y="195.90" b="G"/>
<point x="135.36" y="203.46" b="G"/>
<point x="135.57" y="211.02" b="C"/>
<point x="135.78" y="218.58" b="A"/>
<point x="135.57" y="226.14" b="C"/>
<point x="135.57" y="233.70" b="C"/>
<point x="140.92" y="239.04" b="R"/>
<point x="148.48" y="239.04" b="C"/>
<point x="156.04" y="239.04" b="C"/>
<point x="163.60" y="239.04" b="U"/>
<point x="171.16" y="239.04" b="R"/>
</structure>