<structure>
<point x="19.60" y="89.32" b="N"/>
<point x="27.16" y="89.32" b="N"/>
<point x="34.78" y="89.12" b="A"/>
<point x="42.28" y="89.32" b="N"/>
<point x="47.63" y="83.98" b="N"/>
<point x="47.63" y="76.42" b="N"/>
<point x="47.63" y="68.86" b="N"/>
<point x="47.48" y="61.09" b="R"/>
<point x="47.63" y="53.74" b="N"/>
<point x="45.31" y="46.29" b="C"/>
<point x="50.03" y="40.22" b="A"/>
<point x="57.17" y="40.22" b="G"/>
<point x="61.89" y="46.29" b="U"/>
<point x="59.51" y="53.53" b="G"/>
<point x="59.72" y="61.09" b="C"/>
<point x="59.87" y="68.86" b="N"/>
<point x="59.87" y="76.42" b="N"/>
<point x="59.87" y="83.98" b="N"/>
<point x="65.22" y="89.32" b="N"/>
<point x="70.56" y="83.98" b="N"/>
<point x="70.41" y="76.21" b="C"/>
<point x="70.41" y="68.65" b="C"/>
<point x="70.56" y="61.30" b="N"/>
<point x="70.62" y="53.53" b="Y"/>
<point x="70.41" y="45.97" b="U"/>
<point x="65.67" y="40.41" b="N"/>
<point x="65.27" y="32.86" b="N"/>
<point x="69.37" y="26.40" b="C"/>
<point x="76.74" y="23.98" b="A"/>
<point x="83.70" y="26.40" b="C"/>
<point x="88.15" y="32.65" b="A"/>
<point x="87.54" y="40.20" b="C"/>
<point x="82.86" y="45.97" b="A"/>
<point x="82.65" y="53.53" b="R"/>
<point x="82.80" y="61.30" b="N"/>
<point x="82.65" y="68.65" b="R"/>
<point x="82.44" y="76.21" b="G"/>
<point x="82.80" y="83.98" b="N"/>
<point x="88.20" y="89.12" b="Y"/>
<point x="95.56" y="89.12" b="R"/>
<point x="103.27" y="89.32" b="N"/>
<point x="110.83" y="89.32" b="N"/>
<point x="116.17" y="83.98" b="N"/>
<point x="115.81" y="76.21" b="G"/>
<point x="115.81" y="68.65" b="G"/>
<point x="115.81" y="61.09" b="G"/>
<point x="111.14" y="55.32" b="U"/>
<point x="110.52" y="47.77" b="G"/>
<point x="114.98" y="41.52" b="C"/>
<point x="122.35" y="39.10" b="A"/>
<point x="129.51" y="41.52" b="A"/>
<point x="133.55" y="47.77" b="C"/>
<point x="133.15" y="55.32" b="U"/>
<point x="128.26" y="61.09" b="C"/>
<point x="128.26" y="68.65" b="C"/>
<point x="128.26" y="76.21" b="C"/>
<point x="128.26" y="83.77" b="C"/>
<point x="133.61" y="89.12" b="C"/>
<point x="141.32" y="89.32" b="N"/>
<point x="148.73" y="89.12" b="C"/>
<point x="156.29" y="89.12" b="C"/>
<point x="164.06" y="89.12" b="Y"/>
<point x="171.56" y="89.32" b="N"/>
<point x="179.18" y="89.12" b="Y"/>
<point x="184.52" y="83.77" b="Y"/>
<point x="184.52" y="76.21" b="Y"/>
<point x="184.52" y="68.65" b="Y"/>
<point x="184.10" y="61.09" b="G"/>
<point x="184.31" y="53.53" b="R"/>
<point x="180.05" y="47.29" b="R"/>
<point x="181.14" y="39.99" b="N"/>
<point x="186.44" y="34.78" b="G"/>
<point x="194.22" y="34.78" b="U"/>
<point x="200.03" y="39.99" b="N"/>
<point x="201.03" y="47.29" b="A"/>
<point x="196.76" y="53.53" b="Y"/>
<point x="196.56" y="61.09" b="C"/>
<point x="196.56" y="68.65" b="R"/>
<point x="196.56" y="76.21" b="R"/>
<point x="196.56" y="83.77" b="R"/>
<point x="202.11" y="89.12" b="A"/>
<point x="209.61" y="89.32" b="N"/>
<point x="217.02" y="89.12" b="C"/>
<point x="224.73" y="89.32" b="N"/>
</structure>