<structure>
<point x="19.66" y="163.60" b="A"/>
<point x="24.80" y="158.25" b="C"/>
<point x="25.01" y="150.69" b="A"/>
<point x="24.59" y="143.13" b="G"/>
<point x="25.01" y="135.57" b="A"/>
<point x="24.80" y="128.01" b="U"/>
<point x="25.01" y="120.45" b="A"/>
<point x="24.80" y="112.89" b="U"/>
<point x="22.63" y="105.65" b="U"/>
<point x="27.14" y="99.58" b="U"/>
<point x="34.91" y="99.58" b="A"/>
<point x="39.42" y="105.65" b="A"/>
<point x="36.83" y="112.89" b="G"/>
<point x="37.04" y="120.45" b="U"/>
<point x="37.25" y="128.01" b="A"/>
<point x="37.04" y="135.57" b="U"/>
<point x="37.04" y="143.13" b="C"/>
<point x="37.04" y="150.69" b="U"/>
<point x="36.83" y="158.25" b="G"/>
<point x="42.59" y="163.60" b="A"/>
<point x="49.95" y="163.60" b="U"/>
<point x="57.51" y="163.60" b="U"/>
<point x="65.27" y="163.60" b="A"/>
<point x="72.83" y="163.60" b="A"/>
<point x="77.97" y="158.25" b="U"/>
<point x="78.18" y="150.69" b="A"/>
<point x="78.18" y="143.13" b="A"/>
<point x="78.18" y="135.57" b="A"/>
<point x="77.76" y="128.01" b="G"/>
<point x="77.97" y="120.45" b="U"/>
<point x="78.18" y="112.89" b="A"/>
<point x="73.92" y="106.65" b="A"/>
<point x="74.65" y="99.15" b="U"/>
<point x="80.31" y="94.14" b="U"/>
<point x="88.08" y="94.14" b="A"/>
<point x="93.75" y="99.15" b="A"/>
<point x="94.68" y="106.65" b="A"/>
<point x="90.21" y="112.89" b="U"/>
<point x="90.42" y="120.45" b="A"/>
<point x="90.21" y="128.01" b="C"/>
<point x="90.21" y="135.57" b="U"/>
<point x="90.21" y="143.13" b="U"/>
<point x="90.21" y="150.69" b="U"/>
<point x="90.42" y="158.25" b="A"/>
<point x="95.56" y="163.60" b="C"/>
<point x="103.12" y="163.60" b="C"/>
<point x="110.88" y="163.60" b="A"/>
<point x="118.44" y="163.60" b="A"/>
<point x="126.00" y="163.60" b="A"/>
<point x="133.36" y="163.60" b="U"/>
<point x="140.92" y="163.60" b="U"/>
<point x="148.48" y="163.60" b="U"/>
<point x="154.03" y="158.25" b="Y"/>
<point x="153.61" y="150.69" b="G"/>
<point x="153.61" y="143.13" b="G"/>
<point x="153.61" y="135.57" b="G"/>
<point x="149.74" y="141.93" b="U"/>
<point x="142.86" y="145.07" b="C"/>
<point x="135.38" y="144.00" b="U"/>
<point x="129.66" y="139.04" b="C"/>
<point x="127.32" y="131.79" b="G"/>
<point x="129.87" y="124.54" b="A"/>
<point x="135.38" y="119.59" b="C"/>
<point x="142.86" y="118.51" b="U"/>
<point x="149.74" y="121.65" b="U"/>
<point x="153.82" y="128.01" b="C"/>
<point x="153.82" y="120.45" b="U"/>
<point x="153.82" y="112.89" b="U"/>
<point x="153.82" y="105.33" b="U"/>
<point x="154.03" y="97.77" b="A"/>
<point x="154.03" y="90.21" b="A"/>
<point x="153.82" y="82.65" b="U"/>
<point x="153.82" y="75.09" b="U"/>
<point x="153.61" y="67.53" b="G"/>
<point x="154.03" y="59.97" b="A"/>
<point x="153.82" y="52.41" b="U"/>
<point x="153.82" y="44.85" b="U"/>
<point x="153.61" y="37.29" b="G"/>
<point x="151.44" y="30.05" b="G"/>
<point x="156.16" y="23.98" b="U"/>
<point x="163.51" y="23.98" b="G"/>
<point x="168.03" y="30.05" b="G"/>
<point x="166.06" y="37.29" b="U"/>
<point x="166.27" y="44.85" b="A"/>
<point x="166.27" y="52.41" b="A"/>
<point x="166.06" y="59.97" b="U"/>
<point x="166.06" y="67.53" b="C"/>
<point x="166.27" y="75.09" b="A"/>
<point x="166.27" y="82.65" b="A"/>
<point x="166.06" y="90.21" b="U"/>
<point x="166.06" y="97.77" b="U"/>
<point x="166.27" y="105.33" b="A"/>
<point x="166.27" y="112.89" b="A"/>
<point x="165.85" y="120.45" b="G"/>
<point x="165.85" y="128.01" b="G"/>
<point x="166.06" y="135.57" b="C"/>
<point x="166.06" y="143.13" b="U"/>
<point x="166.06" y="150.69" b="C"/>
<point x="165.85" y="158.25" b="G"/>
<point x="171.41" y="163.60" b="C"/>
<point x="179.12" y="163.81" b="N"/>
<point x="186.74" y="163.60" b="A"/>
<point x="192.02" y="158.46" b="N"/>
<point x="191.88" y="150.69" b="U"/>
<point x="191.88" y="143.13" b="U"/>
<point x="192.08" y="135.57" b="A"/>
<point x="192.02" y="128.22" b="N"/>
<point x="192.02" y="120.66" b="N"/>
<point x="192.02" y="113.10" b="N"/>
<point x="191.88" y="105.33" b="U"/>
<point x="192.08" y="97.77" b="Y"/>
<point x="191.88" y="90.21" b="U"/>
<point x="189.91" y="82.97" b="Y"/>
<point x="194.36" y="77.11" b="N"/>
<point x="201.92" y="77.11" b="N"/>
<point x="206.29" y="82.97" b="C"/>
<point x="204.12" y="90.21" b="R"/>
<point x="203.91" y="97.77" b="G"/>
<point x="204.12" y="105.33" b="R"/>
<point x="204.26" y="113.10" b="N"/>
<point x="204.26" y="120.66" b="N"/>
<point x="204.26" y="128.22" b="N"/>
<point x="204.12" y="135.57" b="U"/>
<point x="204.32" y="143.13" b="A"/>
<point x="204.32" y="150.69" b="A"/>
<point x="204.26" y="158.46" b="N"/>
<point x="209.46" y="163.60" b="U"/>
<point x="217.17" y="163.81" b="N"/>
<point x="224.37" y="163.60" b="G"/>
<point x="231.93" y="163.60" b="G"/>
<point x="239.70" y="163.60" b="U"/>
</structure>