<structure>
<point x="21.54" y="178.01" b="N"/>
<point x="29.10" y="178.01" b="N"/>
<point x="36.66" y="178.01" b="N"/>
<point x="42.00" y="172.66" b="N"/>
<point x="42.00" y="165.10" b="N"/>
<point x="42.00" y="157.54" b="N"/>
<point x="42.00" y="149.98" b="N"/>
<point x="42.00" y="142.42" b="N"/>
<point x="42.00" y="134.86" b="N"/>
<point x="42.00" y="127.30" b="N"/>
<point x="42.00" y="119.74" b="N"/>
<point x="42.00" y="112.18" b="N"/>
<point x="42.06" y="104.41" b="Y"/>
<point x="34.67" y="102.79" b="N"/>
<point x="27.81" y="99.62" b="N"/>
<point x="21.65" y="95.24" b="N"/>
<point x="16.41" y="89.78" b="N"/>
<point x="12.13" y="83.25" b="R"/>
<point x="9.40" y="76.46" b="N"/>
<point x="7.50" y="68.85" b="G"/>
<point x="7.58" y="61.30" b="U"/>
<point x="9.06" y="53.84" b="A"/>
<point x="11.49" y="46.76" b="U"/>
<point x="15.39" y="40.29" b="C"/>
<point x="20.43" y="34.65" b="C"/>
<point x="26.43" y="30.05" b="U"/>
<point x="33.33" y="26.85" b="N"/>
<point x="40.60" y="24.76" b="N"/>
<point x="48.12" y="24.06" b="N"/>
<point x="55.50" y="24.56" b="C"/>
<point x="62.56" y="26.65" b="G"/>
<point x="69.31" y="30.05" b="G"/>
<point x="75.31" y="34.65" b="G"/>
<point x="80.56" y="40.29" b="C"/>
<point x="84.46" y="46.76" b="U"/>
<point x="87.10" y="53.84" b="U"/>
<point x="88.37" y="61.30" b="U"/>
<point x="88.39" y="69.06" b="N"/>
<point x="86.91" y="76.26" b="Y"/>
<point x="83.97" y="83.45" b="N"/>
<point x="79.84" y="89.78" b="N"/>
<point x="74.60" y="95.24" b="N"/>
<point x="68.44" y="99.62" b="N"/>
<point x="61.58" y="102.79" b="N"/>
<point x="54.09" y="104.41" b="R"/>
<point x="54.24" y="112.18" b="N"/>
<point x="54.24" y="119.74" b="N"/>
<point x="54.24" y="127.30" b="N"/>
<point x="54.24" y="134.86" b="N"/>
<point x="54.24" y="142.42" b="N"/>
<point x="54.24" y="149.98" b="N"/>
<point x="54.24" y="157.54" b="N"/>
<point x="54.24" y="165.10" b="N"/>
<point x="54.24" y="172.66" b="N"/>
<point x="59.59" y="178.01" b="N"/>
<point x="67.15" y="178.01" b="N"/>
<point x="74.77" y="177.80" b="Y"/>
<point x="82.27" y="178.01" b="N"/>
<point x="89.83" y="178.01" b="N"/>
<point x="97.39" y="178.01" b="N"/>
<point x="104.95" y="178.01" b="N"/>
<point x="112.51" y="178.01" b="N"/>
<point x="120.07" y="178.01" b="N"/>
<point x="127.63" y="178.01" b="N"/>
<point x="135.19" y="178.01" b="N"/>
<point x="142.75" y="178.01" b="N"/>
<point x="150.37" y="177.80" b="A"/>
<point x="157.51" y="177.80" b="G"/>
<point x="165.28" y="177.80" b="R"/>
<point x="172.84" y="177.80" b="R"/>
<point x="180.19" y="177.80" b="G"/>
<point x="187.96" y="177.80" b="U"/>
<point x="195.52" y="177.80" b="R"/>
<point x="203.23" y="178.01" b="N"/>
<point x="210.79" y="178.01" b="N"/>
<point x="218.20" y="177.80" b="U"/>
<point x="225.97" y="177.80" b="A"/>
<point x="233.32" y="177.80" b="R"/>
<point x="240.88" y="177.80" b="U"/>
<point x="248.23" y="177.80" b="G"/>
<point x="255.79" y="177.80" b="G"/>
<point x="263.56" y="177.80" b="C"/>
<point x="271.12" y="177.80" b="C"/>
<point x="278.68" y="177.80" b="C"/>
<point x="286.03" y="177.80" b="G"/>
<point x="293.80" y="177.80" b="U"/>
<point x="301.57" y="177.80" b="A"/>
<point x="308.92" y="177.80" b="U"/>
<point x="316.63" y="178.01" b="N"/>
<point x="323.83" y="177.80" b="G"/>
<point x="331.60" y="177.80" b="C"/>
<point x="339.31" y="178.01" b="N"/>
<point x="346.51" y="177.80" b="G"/>
<point x="354.07" y="177.80" b="G"/>
<point x="361.84" y="177.80" b="C"/>
<point x="369.61" y="177.80" b="A"/>
<point x="376.96" y="177.80" b="U"/>
<point x="384.52" y="177.80" b="U"/>
<point x="392.29" y="177.80" b="A"/>
<point x="399.85" y="177.80" b="A"/>
<point x="407.20" y="177.80" b="C"/>
<point x="414.97" y="177.80" b="A"/>
<point x="422.32" y="177.80" b="U"/>
<point x="429.88" y="177.80" b="U"/>
<point x="437.44" y="177.80" b="C"/>
<point x="445.00" y="177.80" b="C"/>
<point x="452.71" y="178.01" b="N"/>
<point x="459.91" y="177.80" b="G"/>
<point x="467.89" y="177.80" b="A"/>
<point x="475.45" y="177.80" b="Y"/>
</structure>