<structure>
<point x="19.60" y="191.67" b="N"/>
<point x="27.16" y="191.67" b="N"/>
<point x="34.58" y="191.46" b="R"/>
<point x="42.13" y="191.46" b="R"/>
<point x="49.90" y="191.46" b="A"/>
<point x="54.83" y="186.12" b="G"/>
<point x="48.49" y="182.34" b="U"/>
<point x="55.04" y="178.56" b="C"/>
<point x="55.25" y="171.00" b="A"/>
<point x="54.83" y="163.44" b="G"/>
<point x="54.83" y="155.88" b="G"/>
<point x="55.04" y="148.32" b="C"/>
<point x="48.49" y="144.54" b="C"/>
<point x="55.25" y="140.76" b="A"/>
<point x="54.83" y="133.20" b="G"/>
<point x="55.25" y="125.64" b="Y"/>
<point x="55.25" y="118.08" b="A"/>
<point x="48.91" y="113.65" b="R"/>
<point x="45.62" y="107.13" b="N"/>
<point x="45.62" y="99.57" b="N"/>
<point x="49.06" y="92.84" b="N"/>
<point x="55.04" y="88.21" b="C"/>
<point x="55.04" y="80.65" b="U"/>
<point x="54.83" y="73.09" b="G"/>
<point x="55.04" y="65.53" b="C"/>
<point x="55.04" y="57.97" b="C"/>
<point x="47.69" y="57.97" b="A"/>
<point x="47.48" y="50.41" b="C"/>
<point x="55.04" y="50.41" b="C"/>
<point x="54.83" y="42.85" b="G"/>
<point x="54.83" y="35.29" b="G"/>
<point x="54.88" y="27.73" b="A"/>
<point x="61.31" y="24.06" b="N"/>
<point x="67.65" y="27.73" b="R"/>
<point x="67.49" y="35.29" b="Y"/>
<point x="67.28" y="42.85" b="U"/>
<point x="67.07" y="50.41" b="G"/>
<point x="67.28" y="57.97" b="R"/>
<point x="67.07" y="65.53" b="G"/>
<point x="67.28" y="73.09" b="U"/>
<point x="67.49" y="80.65" b="A"/>
<point x="67.07" y="88.21" b="G"/>
<point x="73.62" y="92.63" b="A"/>
<point x="76.85" y="99.36" b="C"/>
<point x="76.64" y="106.92" b="G"/>
<point x="73.20" y="113.65" b="G"/>
<point x="67.28" y="118.08" b="U"/>
<point x="67.07" y="125.64" b="G"/>
<point x="67.28" y="133.20" b="C"/>
<point x="67.28" y="140.76" b="U"/>
<point x="67.07" y="148.32" b="G"/>
<point x="67.28" y="155.88" b="C"/>
<point x="67.28" y="163.44" b="C"/>
<point x="67.28" y="171.00" b="U"/>
<point x="67.07" y="178.56" b="G"/>
<point x="67.49" y="186.12" b="Y"/>
<point x="72.63" y="191.46" b="R"/>
<point x="80.34" y="191.67" b="N"/>
<point x="87.75" y="191.46" b="C"/>
</structure>