<structure>
<point x="19.60" y="340.27" b="N"/>
<point x="27.02" y="340.06" b="U"/>
<point x="34.58" y="340.06" b="R"/>
<point x="42.13" y="340.06" b="U"/>
<point x="47.69" y="334.72" b="Y"/>
<point x="47.63" y="327.36" b="N"/>
<point x="47.69" y="319.60" b="Y"/>
<point x="47.48" y="312.04" b="C"/>
<point x="47.63" y="304.68" b="N"/>
<point x="44.38" y="297.58" b="R"/>
<point x="47.27" y="290.69" b="G"/>
<point x="47.69" y="283.12" b="A"/>
<point x="47.27" y="275.56" b="G"/>
<point x="47.48" y="268.00" b="U"/>
<point x="47.48" y="260.44" b="U"/>
<point x="47.48" y="252.88" b="C"/>
<point x="47.48" y="245.32" b="C"/>
<point x="47.69" y="237.76" b="Y"/>
<point x="47.69" y="230.21" b="Y"/>
<point x="47.48" y="222.65" b="U"/>
<point x="41.08" y="219.07" b="N"/>
<point x="47.69" y="215.09" b="A"/>
<point x="47.69" y="207.53" b="A"/>
<point x="47.63" y="200.17" b="N"/>
<point x="47.48" y="192.41" b="C"/>
<point x="47.48" y="184.84" b="R"/>
<point x="47.48" y="177.28" b="C"/>
<point x="47.48" y="169.72" b="U"/>
<point x="47.48" y="162.16" b="U"/>
<point x="47.48" y="154.60" b="C"/>
<point x="47.69" y="147.04" b="A"/>
<point x="47.69" y="139.49" b="Y"/>
<point x="47.63" y="132.13" b="N"/>
<point x="47.63" y="124.57" b="N"/>
<point x="47.63" y="117.01" b="N"/>
<point x="47.63" y="109.45" b="N"/>
<point x="40.27" y="107.72" b="N"/>
<point x="33.39" y="104.52" b="A"/>
<point x="27.02" y="100.55" b="N"/>
<point x="21.55" y="95.34" b="N"/>
<point x="17.07" y="89.25" b="N"/>
<point x="13.73" y="82.47" b="N"/>
<point x="11.63" y="75.21" b="N"/>
<point x="10.84" y="67.69" b="N"/>
<point x="11.38" y="60.15" b="N"/>
<point x="13.09" y="52.61" b="U"/>
<point x="16.40" y="45.72" b="Y"/>
<point x="20.62" y="39.69" b="N"/>
<point x="25.92" y="34.30" b="N"/>
<point x="32.09" y="29.93" b="N"/>
<point x="38.77" y="26.49" b="R"/>
<point x="46.22" y="24.72" b="N"/>
<point x="53.75" y="24.06" b="N"/>
<point x="61.28" y="24.72" b="N"/>
<point x="68.58" y="26.70" b="N"/>
<point x="75.42" y="29.93" b="N"/>
<point x="81.58" y="34.30" b="N"/>
<point x="86.88" y="39.69" b="N"/>
<point x="91.15" y="45.93" b="N"/>
<point x="94.27" y="52.82" b="N"/>
<point x="96.12" y="60.15" b="N"/>
<point x="96.66" y="67.69" b="N"/>
<point x="95.87" y="75.21" b="N"/>
<point x="93.77" y="82.47" b="N"/>
<point x="90.43" y="89.25" b="N"/>
<point x="85.95" y="95.34" b="N"/>
<point x="80.48" y="100.55" b="N"/>
<point x="74.17" y="104.72" b="N"/>
<point x="67.23" y="107.72" b="N"/>
<point x="59.87" y="109.45" b="N"/>
<point x="59.87" y="117.01" b="N"/>
<point x="59.93" y="124.36" b="Y"/>
<point x="59.87" y="132.13" b="N"/>
<point x="59.87" y="139.69" b="N"/>
<point x="59.72" y="147.04" b="U"/>
<point x="59.51" y="154.60" b="G"/>
<point x="59.93" y="162.16" b="A"/>
<point x="59.93" y="169.72" b="A"/>
<point x="59.51" y="177.28" b="G"/>
<point x="59.72" y="184.84" b="U"/>
<point x="59.51" y="192.41" b="G"/>
<point x="59.72" y="199.97" b="U"/>
<point x="59.72" y="207.53" b="U"/>
<point x="59.72" y="215.09" b="U"/>
<point x="59.51" y="222.65" b="G"/>
<point x="59.51" y="230.21" b="G"/>
<point x="59.51" y="237.76" b="G"/>
<point x="59.51" y="245.32" b="G"/>
<point x="59.51" y="252.88" b="G"/>
<point x="59.93" y="260.44" b="A"/>
<point x="59.93" y="268.00" b="A"/>
<point x="59.72" y="275.56" b="C"/>
<point x="59.72" y="283.12" b="U"/>
<point x="59.72" y="290.69" b="C"/>
<point x="63.03" y="297.58" b="Y"/>
<point x="59.87" y="304.68" b="N"/>
<point x="59.51" y="312.04" b="G"/>
<point x="59.72" y="319.60" b="R"/>
<point x="59.72" y="327.16" b="U"/>
<point x="59.72" y="334.72" b="R"/>
<point x="65.22" y="340.27" b="N"/>
<point x="72.63" y="340.06" b="C"/>
<point x="80.39" y="340.06" b="A"/>
<point x="87.95" y="340.06" b="Y"/>
</structure>