<structure>
<point x="80.65" y="204.40" b="A"/>
<point x="80.65" y="196.84" b="A"/>
<point x="80.45" y="189.28" b="U"/>
<point x="80.45" y="181.72" b="R"/>
<point x="73.10" y="180.98" b="N"/>
<point x="65.57" y="179.11" b="R"/>
<point x="58.39" y="176.76" b="U"/>
<point x="51.25" y="173.72" b="G"/>
<point x="45.06" y="170.04" b="A"/>
<point x="38.64" y="165.75" b="U"/>
<point x="32.64" y="160.88" b="G"/>
<point x="27.77" y="155.48" b="A"/>
<point x="22.96" y="149.81" b="N"/>
<point x="18.85" y="143.29" b="A"/>
<point x="15.31" y="136.61" b="A"/>
<point x="12.42" y="129.62" b="A"/>
<point x="10.16" y="122.60" b="N"/>
<point x="8.50" y="114.99" b="U"/>
<point x="7.50" y="107.47" b="G"/>
<point x="7.64" y="99.91" b="U"/>
<point x="8.30" y="92.38" b="U"/>
<point x="9.67" y="84.94" b="U"/>
<point x="11.74" y="77.67" b="C"/>
<point x="14.29" y="70.63" b="G"/>
<point x="17.72" y="63.89" b="G"/>
<point x="21.98" y="57.51" b="U"/>
<point x="26.62" y="51.54" b="C"/>
<point x="31.81" y="46.05" b="C"/>
<point x="37.50" y="41.07" b="C"/>
<point x="43.85" y="36.67" b="A"/>
<point x="50.18" y="32.87" b="R"/>
<point x="57.26" y="29.71" b="A"/>
<point x="64.19" y="27.22" b="U"/>
<point x="71.32" y="25.43" b="G"/>
<point x="79.22" y="24.35" b="A"/>
<point x="86.57" y="23.98" b="U"/>
<point x="94.12" y="24.35" b="R"/>
<point x="101.81" y="25.43" b="Y"/>
<point x="109.09" y="27.43" b="N"/>
<point x="116.29" y="29.71" b="Y"/>
<point x="122.95" y="32.87" b="R"/>
<point x="129.64" y="36.87" b="N"/>
<point x="135.63" y="41.07" b="U"/>
<point x="141.11" y="46.05" b="G"/>
<point x="146.72" y="51.54" b="A"/>
<point x="151.16" y="57.51" b="U"/>
<point x="155.36" y="64.10" b="N"/>
<point x="158.78" y="70.84" b="N"/>
<point x="161.60" y="77.67" b="A"/>
<point x="163.62" y="85.15" b="N"/>
<point x="164.99" y="92.58" b="N"/>
<point x="165.64" y="100.12" b="N"/>
<point x="165.42" y="107.47" b="U"/>
<point x="164.78" y="115.19" b="N"/>
<point x="163.33" y="122.39" b="A"/>
<point x="161.12" y="129.62" b="Y"/>
<point x="158.18" y="136.82" b="N"/>
<point x="154.49" y="143.29" b="U"/>
<point x="150.32" y="149.60" b="U"/>
<point x="145.57" y="155.48" b="U"/>
<point x="140.43" y="161.09" b="N"/>
<point x="134.50" y="165.75" b="U"/>
<point x="128.43" y="170.25" b="N"/>
<point x="121.67" y="173.72" b="C"/>
<point x="114.75" y="176.76" b="U"/>
<point x="107.35" y="179.11" b="G"/>
<point x="100.39" y="180.77" b="A"/>
<point x="92.89" y="181.72" b="Y"/>
<point x="92.69" y="189.28" b="R"/>
<point x="92.69" y="196.84" b="U"/>
<point x="92.69" y="204.40" b="U"/>
</structure>