<structure>
<point x="19.60" y="125.50" b="N"/>
<point x="27.16" y="125.50" b="N"/>
<point x="34.73" y="125.50" b="N"/>
<point x="42.28" y="125.50" b="N"/>
<point x="49.84" y="125.50" b="N"/>
<point x="57.41" y="125.50" b="N"/>
<point x="64.97" y="125.50" b="N"/>
<point x="72.53" y="125.50" b="N"/>
<point x="80.09" y="125.50" b="N"/>
<point x="87.70" y="125.29" b="A"/>
<point x="95.20" y="125.50" b="N"/>
<point x="102.82" y="125.29" b="A"/>
<point x="109.97" y="125.29" b="G"/>
<point x="117.73" y="125.29" b="C"/>
<point x="125.08" y="125.29" b="G"/>
<point x="132.85" y="125.29" b="C"/>
<point x="140.41" y="125.29" b="C"/>
<point x="148.12" y="125.50" b="N"/>
<point x="155.32" y="125.29" b="G"/>
<point x="160.88" y="119.95" b="R"/>
<point x="160.88" y="112.39" b="R"/>
<point x="160.88" y="104.83" b="C"/>
<point x="161.03" y="97.48" b="N"/>
<point x="161.03" y="89.92" b="N"/>
<point x="161.09" y="82.15" b="A"/>
<point x="161.03" y="74.80" b="N"/>
<point x="161.03" y="67.24" b="N"/>
<point x="157.93" y="60.34" b="N"/>
<point x="161.03" y="53.44" b="N"/>
<point x="155.32" y="48.49" b="N"/>
<point x="152.97" y="41.30" b="N"/>
<point x="154.64" y="33.93" b="N"/>
<point x="159.86" y="28.46" b="N"/>
<point x="167.15" y="26.45" b="N"/>
<point x="174.44" y="28.46" b="N"/>
<point x="179.66" y="33.93" b="N"/>
<point x="181.33" y="41.30" b="N"/>
<point x="178.98" y="48.49" b="N"/>
<point x="173.27" y="53.44" b="N"/>
<point x="176.37" y="60.34" b="N"/>
<point x="173.27" y="67.24" b="N"/>
<point x="173.27" y="74.80" b="N"/>
<point x="173.12" y="82.15" b="U"/>
<point x="173.27" y="89.92" b="N"/>
<point x="173.27" y="97.48" b="N"/>
<point x="172.91" y="104.83" b="G"/>
<point x="173.12" y="112.39" b="U"/>
<point x="173.27" y="120.16" b="N"/>
<point x="178.26" y="125.29" b="G"/>
<point x="186.23" y="125.29" b="A"/>
<point x="193.59" y="125.29" b="C"/>
<point x="200.94" y="125.29" b="G"/>
<point x="208.91" y="125.29" b="A"/>
<point x="216.06" y="125.29" b="G"/>
<point x="223.62" y="125.29" b="G"/>
<point x="231.59" y="125.29" b="A"/>
<point x="236.73" y="119.95" b="R"/>
<point x="236.73" y="112.39" b="R"/>
<point x="236.73" y="104.83" b="R"/>
<point x="236.88" y="97.48" b="N"/>
<point x="236.73" y="89.71" b="R"/>
<point x="230.75" y="85.49" b="N"/>
<point x="227.16" y="78.55" b="U"/>
<point x="227.31" y="71.20" b="N"/>
<point x="230.81" y="64.26" b="A"/>
<point x="236.73" y="59.84" b="U"/>
<point x="236.73" y="52.28" b="C"/>
<point x="236.52" y="44.72" b="G"/>
<point x="236.94" y="37.16" b="A"/>
<point x="234.56" y="29.92" b="R"/>
<point x="239.22" y="24.06" b="N"/>
<point x="246.78" y="24.06" b="N"/>
<point x="251.30" y="30.12" b="N"/>
<point x="248.97" y="37.16" b="U"/>
<point x="248.97" y="44.72" b="C"/>
<point x="248.76" y="52.28" b="G"/>
<point x="248.76" y="59.84" b="G"/>
<point x="256.52" y="60.31" b="C"/>
<point x="262.69" y="64.37" b="G"/>
<point x="266.33" y="70.99" b="G"/>
<point x="266.54" y="78.55" b="R"/>
<point x="262.90" y="85.18" b="U"/>
<point x="256.31" y="89.23" b="G"/>
<point x="249.18" y="89.71" b="Y"/>
<point x="249.12" y="97.48" b="N"/>
<point x="249.18" y="104.83" b="Y"/>
<point x="249.18" y="112.39" b="Y"/>
<point x="249.18" y="119.95" b="Y"/>
<point x="259.66" y="130.64" b="C"/>
<point x="267.01" y="130.64" b="G"/>
<point x="274.57" y="130.64" b="G"/>
<point x="282.49" y="130.85" b="N"/>
<point x="290.05" y="130.85" b="N"/>
<point x="297.61" y="130.85" b="N"/>
<point x="303.86" y="126.58" b="N"/>
<point x="311.36" y="127.52" b="N"/>
<point x="316.36" y="133.19" b="N"/>
<point x="316.36" y="140.75" b="N"/>
<point x="311.36" y="146.41" b="N"/>
<point x="303.86" y="147.35" b="N"/>
<point x="297.46" y="142.88" b="C"/>
<point x="290.05" y="143.09" b="N"/>
<point x="282.49" y="143.09" b="N"/>
<point x="274.99" y="142.88" b="Y"/>
<point x="267.22" y="142.88" b="C"/>
<point x="259.45" y="142.88" b="G"/>
<point x="254.52" y="148.22" b="Y"/>
<point x="254.52" y="155.78" b="Y"/>
<point x="254.52" y="163.34" b="A"/>
<point x="254.32" y="170.91" b="R"/>
<point x="259.81" y="176.46" b="N"/>
<point x="267.37" y="176.46" b="N"/>
<point x="274.99" y="176.25" b="Y"/>
<point x="282.49" y="176.46" b="N"/>
<point x="290.05" y="176.46" b="N"/>
<point x="297.61" y="176.46" b="N"/>
<point x="305.17" y="176.46" b="N"/>
<point x="308.32" y="169.58" b="N"/>
<point x="313.50" y="164.08" b="N"/>
<point x="320.23" y="160.32" b="Y"/>
<point x="327.69" y="159.09" b="A"/>
<point x="335.15" y="160.32" b="A"/>
<point x="341.82" y="163.87" b="A"/>
<point x="346.95" y="169.58" b="N"/>
<point x="350.09" y="176.46" b="N"/>
<point x="357.65" y="176.46" b="N"/>
<point x="365.21" y="176.46" b="N"/>
<point x="372.77" y="176.46" b="N"/>
<point x="380.33" y="176.46" b="N"/>
<point x="387.75" y="176.25" b="R"/>
<point x="395.31" y="176.25" b="R"/>
<point x="402.34" y="174.08" b="G"/>
<point x="408.61" y="178.59" b="U"/>
<point x="408.40" y="186.15" b="G"/>
<point x="402.75" y="190.66" b="A"/>
<point x="395.51" y="188.49" b="Y"/>
<point x="387.95" y="188.49" b="Y"/>
<point x="380.33" y="188.70" b="N"/>
<point x="372.77" y="188.70" b="N"/>
<point x="365.21" y="188.70" b="N"/>
<point x="357.65" y="188.70" b="N"/>
<point x="350.09" y="188.70" b="N"/>
<point x="348.45" y="196.08" b="N"/>
<point x="344.50" y="202.28" b="A"/>
<point x="338.40" y="207.01" b="C"/>
<point x="331.47" y="209.52" b="A"/>
<point x="323.70" y="209.52" b="R"/>
<point x="316.78" y="207.01" b="A"/>
<point x="310.46" y="202.28" b="G"/>
<point x="306.82" y="196.08" b="N"/>
<point x="305.17" y="188.70" b="N"/>
<point x="297.61" y="188.70" b="N"/>
<point x="290.05" y="188.70" b="N"/>
<point x="282.49" y="188.70" b="N"/>
<point x="274.78" y="188.49" b="R"/>
<point x="267.37" y="188.70" b="N"/>
<point x="259.81" y="188.70" b="N"/>
<point x="254.32" y="193.84" b="R"/>
<point x="254.47" y="201.60" b="N"/>
<point x="254.47" y="209.16" b="N"/>
<point x="254.47" y="216.72" b="N"/>
<point x="254.47" y="224.28" b="N"/>
<point x="254.47" y="231.84" b="N"/>
<point x="254.47" y="239.40" b="N"/>
<point x="254.47" y="246.96" b="N"/>
<point x="254.32" y="254.32" b="R"/>
<point x="254.47" y="262.08" b="N"/>
</structure>