<structure>
<point x="94.20" y="140.39" b="N"/>
<point x="94.26" y="132.62" b="A"/>
<point x="94.26" y="125.06" b="A"/>
<point x="94.26" y="117.50" b="A"/>
<point x="94.06" y="109.94" b="U"/>
<point x="94.26" y="102.38" b="Y"/>
<point x="94.06" y="94.82" b="C"/>
<point x="94.26" y="87.26" b="Y"/>
<point x="94.26" y="79.70" b="Y"/>
<point x="87.38" y="76.14" b="C"/>
<point x="82.66" y="70.41" b="A"/>
<point x="79.74" y="63.27" b="G"/>
<point x="72.63" y="62.34" b="N"/>
<point x="65.21" y="60.99" b="A"/>
<point x="57.53" y="59.84" b="U"/>
<point x="53.84" y="66.56" b="N"/>
<point x="48.35" y="71.48" b="Y"/>
<point x="41.50" y="75.02" b="N"/>
<point x="34.05" y="76.27" b="N"/>
<point x="26.54" y="75.33" b="N"/>
<point x="19.48" y="72.07" b="R"/>
<point x="13.93" y="67.16" b="A"/>
<point x="9.62" y="60.82" b="C"/>
<point x="7.50" y="53.56" b="C"/>
<point x="7.70" y="46.21" b="N"/>
<point x="9.91" y="38.98" b="N"/>
<point x="14.11" y="32.69" b="N"/>
<point x="19.92" y="27.86" b="N"/>
<point x="26.88" y="24.90" b="N"/>
<point x="34.39" y="24.06" b="N"/>
<point x="41.83" y="25.40" b="N"/>
<point x="48.57" y="28.82" b="N"/>
<point x="54.06" y="34.03" b="N"/>
<point x="57.81" y="40.59" b="N"/>
<point x="59.59" y="47.74" b="A"/>
<point x="66.86" y="48.89" b="U"/>
<point x="74.48" y="50.24" b="N"/>
<point x="82.01" y="51.17" b="Y"/>
<point x="86.12" y="45.12" b="G"/>
<point x="92.54" y="41.12" b="G"/>
<point x="100.17" y="39.72" b="U"/>
<point x="107.39" y="41.12" b="G"/>
<point x="114.23" y="45.12" b="A"/>
<point x="118.69" y="51.38" b="N"/>
<point x="120.56" y="58.46" b="U"/>
<point x="119.79" y="65.98" b="U"/>
<point x="125.86" y="70.20" b="G"/>
<point x="132.34" y="74.41" b="C"/>
<point x="138.41" y="78.63" b="G"/>
<point x="145.10" y="82.84" b="Y"/>
<point x="152.22" y="80.66" b="N"/>
<point x="159.51" y="81.77" b="U"/>
<point x="165.58" y="86.69" b="N"/>
<point x="168.39" y="93.44" b="U"/>
<point x="167.67" y="100.96" b="U"/>
<point x="163.25" y="107.24" b="G"/>
<point x="156.97" y="110.75" b="Y"/>
<point x="149.41" y="110.64" b="Y"/>
<point x="142.60" y="106.94" b="U"/>
<point x="138.57" y="100.55" b="U"/>
<point x="137.86" y="93.00" b="G"/>
<point x="131.79" y="88.79" b="C"/>
<point x="125.31" y="84.57" b="G"/>
<point x="119.24" y="80.36" b="U"/>
<point x="113.17" y="76.14" b="A"/>
<point x="106.30" y="79.70" b="R"/>
<point x="106.30" y="87.26" b="R"/>
<point x="106.08" y="94.82" b="G"/>
<point x="106.30" y="102.38" b="R"/>
<point x="106.50" y="109.94" b="A"/>
<point x="106.30" y="117.50" b="U"/>
<point x="106.30" y="125.06" b="U"/>
<point x="106.30" y="132.62" b="U"/>
<point x="106.30" y="140.18" b="C"/>
<point x="111.64" y="145.52" b="U"/>
<point x="116.99" y="140.18" b="C"/>
<point x="116.99" y="132.62" b="U"/>
<point x="116.99" y="125.06" b="C"/>
<point x="117.14" y="117.71" b="N"/>
<point x="116.99" y="109.94" b="U"/>
<point x="110.31" y="106.90" b="N"/>
<point x="104.94" y="101.58" b="N"/>
<point x="101.63" y="94.78" b="N"/>
<point x="100.82" y="87.06" b="Y"/>
<point x="102.43" y="79.89" b="N"/>
<point x="106.44" y="73.49" b="N"/>
<point x="112.34" y="68.76" b="N"/>
<point x="119.53" y="66.06" b="Y"/>
<point x="127.04" y="66.26" b="N"/>
<point x="134.17" y="68.76" b="N"/>
<point x="140.07" y="73.49" b="N"/>
<point x="144.08" y="79.89" b="N"/>
<point x="145.75" y="87.27" b="N"/>
<point x="144.88" y="94.78" b="N"/>
<point x="141.57" y="101.58" b="N"/>
<point x="136.20" y="106.90" b="N"/>
<point x="129.23" y="109.94" b="R"/>
<point x="129.38" y="117.71" b="N"/>
<point x="129.02" y="125.06" b="G"/>
<point x="129.02" y="132.62" b="G"/>
<point x="129.02" y="140.18" b="G"/>
<point x="134.57" y="145.52" b="U"/>
<point x="142.13" y="145.52" b="U"/>
<point x="149.69" y="145.52" b="U"/>
<point x="157.04" y="145.52" b="G"/>
<point x="165.02" y="145.52" b="A"/>
<point x="172.58" y="145.52" b="A"/>
<point x="179.72" y="145.52" b="G"/>
<point x="185.07" y="140.18" b="G"/>
<point x="185.43" y="132.83" b="N"/>
<point x="185.48" y="125.06" b="Y"/>
<point x="185.07" y="117.50" b="G"/>
<point x="185.28" y="109.94" b="R"/>
<point x="181.97" y="103.04" b="G"/>
<point x="185.48" y="96.15" b="Y"/>
<point x="185.28" y="88.59" b="C"/>
<point x="185.28" y="81.03" b="U"/>
<point x="178.94" y="77.25" b="A"/>
<point x="185.48" y="73.47" b="Y"/>
<point x="185.28" y="65.91" b="C"/>
<point x="185.48" y="58.35" b="Y"/>
<point x="183.31" y="51.11" b="Y"/>
<point x="187.62" y="45.04" b="U"/>
<point x="195.38" y="45.04" b="Y"/>
<point x="199.48" y="51.11" b="G"/>
<point x="197.52" y="58.35" b="R"/>
<point x="197.31" y="65.91" b="G"/>
<point x="197.52" y="73.47" b="R"/>
<point x="197.31" y="81.03" b="G"/>
<point x="197.31" y="88.59" b="G"/>
<point x="197.52" y="96.15" b="R"/>
<point x="201.57" y="89.76" b="U"/>
<point x="207.98" y="85.44" b="A"/>
<point x="215.37" y="83.84" b="A"/>
<point x="222.80" y="85.23" b="A"/>
<point x="228.92" y="89.37" b="U"/>
<point x="233.15" y="95.63" b="U"/>
<point x="234.43" y="103.04" b="G"/>
<point x="233.15" y="110.45" b="U"/>
<point x="229.12" y="116.72" b="A"/>
<point x="222.80" y="120.86" b="A"/>
<point x="215.16" y="122.24" b="C"/>
<point x="207.77" y="120.65" b="U"/>
<point x="201.57" y="116.32" b="U"/>
<point x="197.72" y="109.94" b="Y"/>
<point x="197.52" y="117.50" b="C"/>
<point x="197.52" y="125.06" b="R"/>
<point x="197.67" y="132.83" b="N"/>
<point x="197.52" y="140.18" b="C"/>
<point x="203.07" y="145.52" b="A"/>
<point x="210.63" y="145.52" b="A"/>
<point x="218.19" y="145.52" b="A"/>
<point x="225.75" y="145.52" b="Y"/>
<point x="233.31" y="145.52" b="A"/>
<point x="240.66" y="145.52" b="R"/>
<point x="248.01" y="145.52" b="G"/>
<point x="255.99" y="145.52" b="Y"/>
<point x="263.34" y="145.52" b="R"/>
<point x="271.05" y="145.73" b="N"/>
<point x="278.61" y="145.73" b="N"/>
<point x="286.23" y="145.52" b="A"/>
<point x="293.58" y="145.52" b="U"/>
<point x="300.93" y="145.52" b="G"/>
</structure>