<structure>
<point x="19.66" y="133.69" b="A"/>
<point x="27.02" y="133.69" b="U"/>
<point x="34.78" y="133.69" b="A"/>
<point x="42.13" y="133.69" b="C"/>
<point x="47.69" y="128.35" b="A"/>
<point x="47.69" y="120.79" b="A"/>
<point x="47.48" y="113.23" b="R"/>
<point x="47.69" y="105.67" b="A"/>
<point x="41.72" y="110.59" b="N"/>
<point x="34.35" y="108.91" b="N"/>
<point x="31.07" y="102.10" b="N"/>
<point x="34.41" y="95.08" b="A"/>
<point x="41.72" y="93.60" b="N"/>
<point x="47.69" y="98.11" b="A"/>
<point x="47.69" y="90.55" b="A"/>
<point x="47.69" y="82.99" b="A"/>
<point x="47.69" y="75.43" b="A"/>
<point x="47.69" y="67.87" b="A"/>
<point x="47.48" y="60.31" b="C"/>
<point x="47.69" y="52.75" b="A"/>
<point x="43.37" y="46.71" b="N"/>
<point x="44.30" y="39.21" b="N"/>
<point x="49.97" y="34.21" b="N"/>
<point x="57.53" y="34.21" b="N"/>
<point x="63.20" y="39.21" b="N"/>
<point x="64.13" y="46.71" b="N"/>
<point x="59.72" y="52.75" b="U"/>
<point x="59.72" y="60.31" b="R"/>
<point x="59.72" y="67.87" b="U"/>
<point x="59.72" y="75.43" b="U"/>
<point x="59.72" y="82.99" b="U"/>
<point x="59.72" y="90.55" b="U"/>
<point x="59.87" y="98.32" b="N"/>
<point x="59.93" y="105.67" b="Y"/>
<point x="59.93" y="113.23" b="Y"/>
<point x="59.72" y="120.79" b="U"/>
<point x="59.87" y="128.56" b="N"/>
<point x="65.22" y="133.90" b="N"/>
<point x="72.42" y="133.69" b="G"/>
<point x="80.34" y="133.90" b="N"/>
<point x="87.90" y="133.90" b="N"/>
<point x="95.46" y="133.90" b="N"/>
<point x="103.02" y="133.90" b="N"/>
<point x="108.00" y="128.35" b="G"/>
<point x="108.21" y="120.79" b="U"/>
<point x="108.21" y="113.23" b="C"/>
<point x="108.00" y="105.67" b="G"/>
<point x="108.42" y="98.11" b="Y"/>
<point x="108.21" y="90.55" b="U"/>
<point x="108.21" y="82.99" b="C"/>
<point x="108.42" y="75.43" b="A"/>
<point x="108.21" y="67.87" b="C"/>
<point x="101.59" y="64.62" b="A"/>
<point x="96.22" y="59.30" b="A"/>
<point x="92.92" y="52.50" b="A"/>
<point x="91.84" y="44.99" b="C"/>
<point x="93.50" y="37.62" b="U"/>
<point x="97.51" y="31.21" b="U"/>
<point x="103.42" y="26.49" b="U"/>
<point x="110.34" y="23.98" b="G"/>
<point x="117.90" y="23.98" b="G"/>
<point x="125.45" y="26.49" b="Y"/>
<point x="131.30" y="31.41" b="N"/>
<point x="135.16" y="37.62" b="R"/>
<point x="136.62" y="44.99" b="G"/>
<point x="135.75" y="52.50" b="G"/>
<point x="132.44" y="59.30" b="G"/>
<point x="127.43" y="64.83" b="N"/>
<point x="120.24" y="67.87" b="G"/>
<point x="120.45" y="75.43" b="U"/>
<point x="120.24" y="82.99" b="G"/>
<point x="120.66" y="90.55" b="A"/>
<point x="120.45" y="98.11" b="R"/>
<point x="120.45" y="105.67" b="C"/>
<point x="120.24" y="113.23" b="G"/>
<point x="120.66" y="120.79" b="A"/>
<point x="120.45" y="128.35" b="C"/>
<point x="125.80" y="133.69" b="U"/>
<point x="133.36" y="133.69" b="U"/>
<point x="140.92" y="133.69" b="C"/>
<point x="148.48" y="133.69" b="U"/>
<point x="156.04" y="133.69" b="U"/>
<point x="163.60" y="133.69" b="U"/>
<point x="171.16" y="133.69" b="U"/>
<point x="178.72" y="133.69" b="U"/>
<point x="186.48" y="133.69" b="A"/>
<point x="193.84" y="133.69" b="U"/>
<point x="201.40" y="133.69" b="U"/>
<point x="208.96" y="133.69" b="U"/>
<point x="216.67" y="133.90" b="N"/>
<point x="224.23" y="133.90" b="N"/>
<point x="231.64" y="133.69" b="U"/>
<point x="239.20" y="133.69" b="U"/>
</structure>