<structure>
<point x="19.60" y="103.33" b="N"/>
<point x="27.16" y="103.33" b="N"/>
<point x="34.58" y="103.12" b="R"/>
<point x="42.28" y="103.33" b="N"/>
<point x="49.84" y="103.33" b="N"/>
<point x="57.26" y="103.12" b="R"/>
<point x="62.60" y="97.77" b="R"/>
<point x="62.60" y="90.21" b="R"/>
<point x="62.75" y="82.86" b="N"/>
<point x="62.60" y="75.09" b="R"/>
<point x="62.81" y="67.53" b="Y"/>
<point x="60.58" y="60.50" b="N"/>
<point x="65.09" y="54.43" b="N"/>
<point x="72.65" y="54.43" b="N"/>
<point x="77.01" y="60.29" b="R"/>
<point x="74.84" y="67.53" b="R"/>
<point x="74.99" y="75.30" b="N"/>
<point x="74.99" y="82.86" b="N"/>
<point x="74.99" y="90.42" b="N"/>
<point x="75.05" y="97.77" b="Y"/>
<point x="80.34" y="103.33" b="N"/>
<point x="87.75" y="103.12" b="R"/>
<point x="95.46" y="103.33" b="N"/>
<point x="103.07" y="103.12" b="Y"/>
<point x="110.63" y="103.12" b="A"/>
<point x="118.14" y="103.33" b="N"/>
<point x="125.70" y="103.33" b="N"/>
<point x="131.04" y="97.98" b="N"/>
<point x="131.04" y="90.42" b="N"/>
<point x="128.87" y="83.18" b="N"/>
<point x="133.44" y="76.91" b="A"/>
<point x="140.94" y="77.11" b="N"/>
<point x="145.51" y="82.97" b="A"/>
<point x="143.28" y="90.42" b="N"/>
<point x="143.28" y="97.98" b="N"/>
<point x="148.48" y="103.12" b="R"/>
<point x="156.19" y="103.33" b="N"/>
<point x="163.75" y="103.33" b="N"/>
<point x="171.16" y="103.12" b="R"/>
<point x="178.92" y="103.12" b="A"/>
<point x="186.48" y="103.12" b="A"/>
<point x="194.04" y="103.12" b="A"/>
<point x="201.40" y="103.12" b="U"/>
<point x="208.96" y="103.12" b="U"/>
<point x="216.52" y="103.12" b="C"/>
<point x="224.08" y="103.12" b="C"/>
<point x="231.64" y="103.12" b="U"/>
<point x="239.20" y="103.12" b="C"/>
<point x="246.76" y="103.12" b="U"/>
<point x="254.32" y="103.12" b="U"/>
<point x="261.88" y="103.12" b="U"/>
<point x="269.23" y="103.12" b="G"/>
<point x="277.20" y="103.12" b="A"/>
<point x="284.56" y="103.12" b="C"/>
<point x="290.05" y="97.98" b="N"/>
<point x="289.69" y="90.21" b="G"/>
<point x="289.69" y="82.65" b="G"/>
<point x="289.90" y="75.09" b="C"/>
<point x="289.90" y="67.53" b="C"/>
<point x="289.90" y="59.97" b="R"/>
<point x="290.11" y="52.41" b="A"/>
<point x="289.90" y="44.85" b="U"/>
<point x="290.11" y="37.29" b="A"/>
<point x="287.52" y="30.05" b="G"/>
<point x="292.45" y="23.98" b="Y"/>
<point x="299.80" y="23.98" b="R"/>
<point x="304.52" y="30.05" b="A"/>
<point x="302.14" y="37.29" b="U"/>
<point x="302.35" y="44.85" b="A"/>
<point x="302.14" y="52.41" b="U"/>
<point x="302.35" y="59.97" b="Y"/>
<point x="301.93" y="67.53" b="G"/>
<point x="301.93" y="75.09" b="G"/>
<point x="302.14" y="82.65" b="C"/>
<point x="302.14" y="90.21" b="C"/>
<point x="302.29" y="97.98" b="N"/>
<point x="307.49" y="103.12" b="U"/>
<point x="315.05" y="103.12" b="U"/>
<point x="322.61" y="103.12" b="U"/>
<point x="330.17" y="103.12" b="U"/>
<point x="337.73" y="103.12" b="U"/>
<point x="345.29" y="103.12" b="U"/>
<point x="352.85" y="103.12" b="U"/>
</structure>