<structure>
<point x="42.97" y="207.89" b="N"/>
<point x="50.59" y="207.68" b="Y"/>
<point x="57.94" y="207.68" b="R"/>
<point x="63.44" y="202.55" b="N"/>
<point x="63.50" y="194.78" b="Y"/>
<point x="63.50" y="187.22" b="A"/>
<point x="55.88" y="187.43" b="N"/>
<point x="55.73" y="179.66" b="U"/>
<point x="63.44" y="179.87" b="N"/>
<point x="63.08" y="172.10" b="G"/>
<point x="63.29" y="164.54" b="C"/>
<point x="63.44" y="157.19" b="N"/>
<point x="63.44" y="149.62" b="N"/>
<point x="63.44" y="142.06" b="N"/>
<point x="63.44" y="134.50" b="N"/>
<point x="60.34" y="127.61" b="N"/>
<point x="63.50" y="120.51" b="Y"/>
<point x="63.08" y="112.95" b="G"/>
<point x="63.29" y="105.39" b="R"/>
<point x="56.60" y="102.28" b="A"/>
<point x="50.84" y="97.15" b="U"/>
<point x="47.19" y="90.53" b="C"/>
<point x="39.66" y="91.14" b="C"/>
<point x="32.12" y="91.75" b="U"/>
<point x="24.37" y="92.36" b="G"/>
<point x="17.92" y="96.29" b="G"/>
<point x="10.63" y="94.29" b="G"/>
<point x="7.50" y="87.61" b="A"/>
<point x="9.93" y="80.45" b="A"/>
<point x="16.80" y="77.31" b="A"/>
<point x="23.60" y="80.16" b="C"/>
<point x="31.34" y="79.55" b="A"/>
<point x="38.46" y="78.94" b="G"/>
<point x="46.00" y="78.33" b="G"/>
<point x="48.96" y="71.21" b="Y"/>
<point x="53.62" y="65.26" b="A"/>
<point x="59.51" y="61.09" b="G"/>
<point x="58.51" y="53.63" b="R"/>
<point x="57.45" y="46.38" b="N"/>
<point x="56.23" y="38.91" b="N"/>
<point x="52.93" y="32.11" b="N"/>
<point x="56.41" y="25.40" b="N"/>
<point x="63.72" y="23.98" b="C"/>
<point x="69.15" y="29.25" b="R"/>
<point x="68.17" y="36.74" b="R"/>
<point x="69.53" y="44.41" b="N"/>
<point x="70.80" y="51.67" b="Y"/>
<point x="71.80" y="59.13" b="C"/>
<point x="78.89" y="61.09" b="G"/>
<point x="85.41" y="65.26" b="U"/>
<point x="90.28" y="71.21" b="A"/>
<point x="92.82" y="78.33" b="A"/>
<point x="92.92" y="86.10" b="N"/>
<point x="99.73" y="88.85" b="C"/>
<point x="106.60" y="85.69" b="U"/>
<point x="114.10" y="86.63" b="C"/>
<point x="119.77" y="91.39" b="G"/>
<point x="122.25" y="98.53" b="G"/>
<point x="129.21" y="101.49" b="G"/>
<point x="136.53" y="104.65" b="N"/>
<point x="143.48" y="107.61" b="N"/>
<point x="150.29" y="110.37" b="R"/>
<point x="157.40" y="113.53" b="N"/>
<point x="164.67" y="111.09" b="Y"/>
<point x="171.78" y="113.67" b="Y"/>
<point x="175.46" y="120.03" b="G"/>
<point x="175.08" y="127.56" b="U"/>
<point x="170.06" y="133.21" b="C"/>
<point x="162.84" y="134.67" b="A"/>
<point x="155.85" y="131.34" b="R"/>
<point x="152.60" y="124.80" b="N"/>
<point x="145.70" y="121.63" b="Y"/>
<point x="138.69" y="118.88" b="N"/>
<point x="131.73" y="115.92" b="N"/>
<point x="124.63" y="112.75" b="C"/>
<point x="117.67" y="109.79" b="C"/>
<point x="110.59" y="112.95" b="G"/>
<point x="103.51" y="112.01" b="Y"/>
<point x="97.42" y="107.25" b="C"/>
<point x="94.73" y="100.11" b="G"/>
<point x="88.19" y="97.15" b="Y"/>
<point x="82.63" y="102.28" b="A"/>
<point x="75.53" y="105.39" b="U"/>
<point x="75.74" y="112.95" b="Y"/>
<point x="75.53" y="120.51" b="R"/>
<point x="82.57" y="123.83" b="N"/>
<point x="82.57" y="131.39" b="N"/>
<point x="75.74" y="134.30" b="Y"/>
<point x="75.68" y="142.06" b="N"/>
<point x="75.68" y="149.62" b="N"/>
<point x="75.68" y="157.19" b="N"/>
<point x="75.32" y="164.54" b="G"/>
<point x="75.53" y="172.10" b="U"/>
<point x="75.68" y="179.87" b="N"/>
<point x="75.53" y="187.22" b="U"/>
<point x="75.32" y="194.78" b="G"/>
<point x="75.68" y="202.55" b="N"/>
<point x="81.03" y="207.89" b="N"/>
<point x="88.64" y="207.68" b="Y"/>
</structure>