<structure>
<point x="19.60" y="294.07" b="N"/>
<point x="27.16" y="294.07" b="N"/>
<point x="34.73" y="294.07" b="N"/>
<point x="40.07" y="288.72" b="N"/>
<point x="40.07" y="281.16" b="N"/>
<point x="40.07" y="273.60" b="N"/>
<point x="40.07" y="266.04" b="N"/>
<point x="40.07" y="258.48" b="N"/>
<point x="40.07" y="250.92" b="N"/>
<point x="40.07" y="243.36" b="N"/>
<point x="40.07" y="235.80" b="N"/>
<point x="40.07" y="228.24" b="N"/>
<point x="40.07" y="220.68" b="N"/>
<point x="39.92" y="212.92" b="U"/>
<point x="39.92" y="205.36" b="C"/>
<point x="39.92" y="197.80" b="C"/>
<point x="39.92" y="190.24" b="U"/>
<point x="40.13" y="182.68" b="A"/>
<point x="39.71" y="175.12" b="G"/>
<point x="40.13" y="167.56" b="A"/>
<point x="39.71" y="160.00" b="G"/>
<point x="40.13" y="152.44" b="A"/>
<point x="39.71" y="144.88" b="G"/>
<point x="39.92" y="137.32" b="C"/>
<point x="39.92" y="129.76" b="U"/>
<point x="39.92" y="122.20" b="U"/>
<point x="39.71" y="114.64" b="G"/>
<point x="40.07" y="107.28" b="N"/>
<point x="39.92" y="99.52" b="C"/>
<point x="36.97" y="92.83" b="N"/>
<point x="40.07" y="85.93" b="N"/>
<point x="39.92" y="78.17" b="U"/>
<point x="40.07" y="70.81" b="N"/>
<point x="39.71" y="63.05" b="G"/>
<point x="39.71" y="55.49" b="G"/>
<point x="39.71" y="47.93" b="G"/>
<point x="34.57" y="42.59" b="C"/>
<point x="33.09" y="35.17" b="C"/>
<point x="35.98" y="28.19" b="U"/>
<point x="42.26" y="23.98" b="U"/>
<point x="50.03" y="23.98" b="A"/>
<point x="56.11" y="28.19" b="U"/>
<point x="59.20" y="35.17" b="A"/>
<point x="57.66" y="42.79" b="N"/>
<point x="52.16" y="47.93" b="C"/>
<point x="52.16" y="55.49" b="C"/>
<point x="52.16" y="63.05" b="C"/>
<point x="51.95" y="70.61" b="G"/>
<point x="52.37" y="78.17" b="A"/>
<point x="52.16" y="85.73" b="C"/>
<point x="59.05" y="88.84" b="U"/>
<point x="59.05" y="96.40" b="U"/>
<point x="51.95" y="99.52" b="G"/>
<point x="52.16" y="107.08" b="C"/>
<point x="52.16" y="114.64" b="U"/>
<point x="51.95" y="122.20" b="G"/>
<point x="52.37" y="129.76" b="A"/>
<point x="51.95" y="137.32" b="G"/>
<point x="52.37" y="144.88" b="Y"/>
<point x="52.16" y="152.44" b="U"/>
<point x="52.16" y="160.00" b="U"/>
<point x="58.71" y="163.78" b="C"/>
<point x="52.16" y="167.56" b="U"/>
<point x="52.31" y="175.32" b="N"/>
<point x="52.16" y="182.68" b="U"/>
<point x="52.37" y="190.24" b="A"/>
<point x="51.95" y="197.80" b="G"/>
<point x="51.95" y="205.36" b="G"/>
<point x="52.37" y="212.92" b="A"/>
<point x="52.16" y="220.48" b="R"/>
<point x="52.37" y="228.04" b="A"/>
<point x="58.71" y="231.82" b="R"/>
<point x="52.31" y="235.80" b="N"/>
<point x="52.16" y="243.16" b="C"/>
<point x="52.16" y="250.72" b="C"/>
<point x="52.16" y="258.28" b="C"/>
<point x="52.16" y="265.84" b="U"/>
<point x="52.16" y="273.40" b="U"/>
<point x="52.16" y="280.96" b="U"/>
<point x="52.16" y="288.52" b="C"/>
<point x="62.85" y="299.21" b="C"/>
<point x="70.41" y="299.21" b="C"/>
<point x="78.18" y="299.21" b="A"/>
<point x="85.32" y="299.21" b="G"/>
<point x="93.09" y="299.21" b="C"/>
<point x="100.65" y="299.21" b="C"/>
<point x="106.57" y="294.53" b="N"/>
<point x="114.12" y="294.12" b="N"/>
<point x="120.01" y="298.16" b="G"/>
<point x="122.64" y="305.33" b="R"/>
<point x="120.01" y="312.49" b="G"/>
<point x="113.76" y="316.74" b="G"/>
<point x="106.63" y="316.34" b="Y"/>
<point x="100.44" y="311.45" b="G"/>
<point x="92.88" y="311.45" b="G"/>
<point x="85.53" y="311.45" b="C"/>
<point x="77.97" y="311.45" b="U"/>
<point x="70.20" y="311.45" b="G"/>
<point x="62.64" y="311.45" b="G"/>
<point x="57.51" y="316.79" b="U"/>
<point x="57.51" y="324.35" b="C"/>
<point x="57.71" y="331.91" b="A"/>
<point x="57.71" y="339.47" b="A"/>
<point x="57.66" y="347.24" b="N"/>
<point x="57.66" y="354.80" b="N"/>
<point x="57.71" y="362.15" b="A"/>
<point x="57.71" y="369.71" b="A"/>
<point x="57.66" y="377.48" b="N"/>
<point x="57.51" y="384.83" b="R"/>
<point x="57.51" y="392.39" b="C"/>
<point x="57.51" y="399.95" b="C"/>
<point x="57.71" y="407.51" b="Y"/>
<point x="57.66" y="415.28" b="N"/>
<point x="57.66" y="422.84" b="N"/>
<point x="57.71" y="430.19" b="A"/>
<point x="57.66" y="437.96" b="N"/>
</structure>