<structure>
<point x="19.66" y="220.65" b="A"/>
<point x="27.22" y="220.65" b="A"/>
<point x="32.36" y="215.30" b="U"/>
<point x="32.15" y="207.74" b="G"/>
<point x="32.15" y="200.18" b="G"/>
<point x="26.38" y="195.56" b="U"/>
<point x="23.53" y="188.65" b="A"/>
<point x="23.93" y="181.11" b="C"/>
<point x="27.84" y="174.78" b="G"/>
<point x="34.49" y="171.17" b="G"/>
<point x="42.26" y="171.17" b="U"/>
<point x="49.11" y="174.78" b="A"/>
<point x="53.03" y="181.11" b="C"/>
<point x="53.64" y="188.65" b="U"/>
<point x="50.58" y="195.56" b="U"/>
<point x="44.60" y="200.18" b="C"/>
<point x="44.60" y="207.74" b="C"/>
<point x="44.81" y="215.30" b="A"/>
<point x="49.95" y="220.65" b="U"/>
<point x="57.51" y="220.65" b="U"/>
<point x="64.86" y="220.65" b="G"/>
<point x="72.63" y="220.65" b="U"/>
<point x="80.19" y="220.65" b="C"/>
<point x="87.95" y="220.65" b="A"/>
<point x="95.31" y="220.65" b="U"/>
<point x="102.66" y="220.65" b="G"/>
<point x="110.43" y="220.65" b="U"/>
<point x="117.78" y="220.65" b="G"/>
<point x="123.33" y="215.30" b="U"/>
<point x="123.54" y="207.74" b="A"/>
<point x="123.33" y="200.18" b="U"/>
<point x="123.12" y="192.62" b="G"/>
<point x="123.48" y="185.27" b="N"/>
<point x="117.20" y="180.64" b="U"/>
<point x="113.55" y="173.91" b="G"/>
<point x="113.55" y="166.34" b="G"/>
<point x="116.99" y="159.62" b="G"/>
<point x="123.12" y="155.19" b="G"/>
<point x="123.54" y="147.63" b="A"/>
<point x="123.33" y="140.07" b="U"/>
<point x="123.33" y="132.51" b="U"/>
<point x="123.54" y="124.95" b="A"/>
<point x="120.14" y="118.20" b="A"/>
<point x="122.72" y="111.09" b="A"/>
<point x="129.45" y="108.10" b="C"/>
<point x="136.39" y="111.09" b="C"/>
<point x="138.97" y="118.20" b="C"/>
<point x="135.57" y="124.95" b="U"/>
<point x="135.36" y="132.51" b="G"/>
<point x="135.78" y="140.07" b="A"/>
<point x="135.57" y="147.63" b="U"/>
<point x="135.57" y="155.19" b="U"/>
<point x="141.88" y="151.36" b="G"/>
<point x="149.77" y="150.24" b="A"/>
<point x="156.71" y="151.99" b="G"/>
<point x="163.10" y="156.35" b="U"/>
<point x="167.20" y="162.70" b="U"/>
<point x="168.63" y="170.12" b="C"/>
<point x="167.40" y="177.55" b="A"/>
<point x="162.89" y="183.90" b="G"/>
<point x="156.92" y="188.26" b="C"/>
<point x="149.57" y="190.01" b="C"/>
<point x="142.09" y="188.89" b="C"/>
<point x="135.78" y="185.06" b="A"/>
<point x="135.57" y="192.62" b="C"/>
<point x="135.78" y="200.18" b="A"/>
<point x="135.57" y="207.74" b="U"/>
<point x="135.78" y="215.30" b="A"/>
<point x="140.92" y="220.65" b="C"/>
<point x="148.48" y="220.65" b="U"/>
<point x="156.04" y="220.65" b="U"/>
<point x="163.60" y="220.65" b="U"/>
<point x="170.95" y="220.65" b="G"/>
<point x="178.72" y="220.65" b="U"/>
<point x="186.28" y="220.65" b="U"/>
<point x="193.63" y="220.65" b="G"/>
<point x="201.60" y="220.65" b="A"/>
<point x="208.96" y="220.65" b="U"/>
<point x="216.52" y="220.65" b="U"/>
<point x="223.87" y="220.65" b="G"/>
<point x="231.43" y="220.65" b="G"/>
<point x="239.20" y="220.65" b="U"/>
<point x="246.76" y="220.65" b="U"/>
<point x="254.11" y="220.65" b="G"/>
<point x="261.88" y="220.65" b="U"/>
<point x="269.44" y="220.65" b="C"/>
<point x="277.20" y="220.65" b="A"/>
<point x="284.76" y="220.65" b="A"/>
<point x="292.12" y="220.65" b="U"/>
<point x="299.68" y="220.65" b="C"/>
<point x="307.44" y="220.65" b="A"/>
<point x="314.80" y="220.65" b="U"/>
<point x="322.15" y="220.65" b="G"/>
<point x="329.71" y="220.65" b="G"/>
<point x="337.48" y="220.65" b="C"/>
<point x="345.24" y="220.65" b="A"/>
<point x="352.80" y="220.65" b="A"/>
<point x="360.36" y="220.65" b="A"/>
<point x="367.92" y="220.65" b="A"/>
<point x="375.07" y="220.65" b="G"/>
<point x="382.84" y="220.65" b="U"/>
<point x="390.19" y="220.65" b="G"/>
<point x="397.96" y="220.65" b="C"/>
<point x="405.72" y="220.65" b="A"/>
<point x="413.08" y="220.65" b="C"/>
<point x="420.43" y="220.65" b="G"/>
<point x="425.98" y="215.30" b="C"/>
<point x="425.98" y="207.74" b="U"/>
<point x="426.19" y="200.18" b="A"/>
<point x="425.98" y="192.62" b="C"/>
<point x="425.98" y="185.06" b="U"/>
<point x="425.98" y="177.50" b="U"/>
<point x="419.44" y="173.72" b="U"/>
<point x="425.77" y="169.94" b="G"/>
<point x="426.19" y="162.38" b="A"/>
<point x="425.98" y="154.82" b="U"/>
<point x="426.19" y="147.26" b="A"/>
<point x="418.79" y="145.73" b="A"/>
<point x="411.50" y="143.08" b="C"/>
<point x="404.92" y="139.37" b="C"/>
<point x="398.99" y="134.68" b="U"/>
<point x="393.85" y="129.13" b="U"/>
<point x="389.64" y="122.85" b="U"/>
<point x="382.64" y="125.71" b="U"/>
<point x="375.85" y="128.57" b="A"/>
<point x="376.08" y="136.33" b="N"/>
<point x="374.44" y="143.49" b="A"/>
<point x="370.65" y="150.15" b="U"/>
<point x="365.24" y="155.63" b="G"/>
<point x="358.99" y="159.56" b="C"/>
<point x="351.51" y="161.65" b="G"/>
<point x="344.37" y="161.75" b="A"/>
<point x="336.84" y="159.87" b="C"/>
<point x="330.48" y="156.12" b="A"/>
<point x="324.92" y="150.78" b="C"/>
<point x="321.36" y="144.23" b="A"/>
<point x="319.04" y="136.91" b="G"/>
<point x="319.54" y="129.35" b="A"/>
<point x="321.40" y="122.08" b="C"/>
<point x="325.09" y="115.61" b="G"/>
<point x="330.98" y="110.39" b="A"/>
<point x="337.62" y="106.79" b="A"/>
<point x="344.57" y="105.06" b="G"/>
<point x="352.33" y="105.33" b="C"/>
<point x="359.34" y="107.58" b="G"/>
<point x="365.93" y="111.64" b="C"/>
<point x="371.01" y="117.24" b="U"/>
<point x="378.21" y="114.38" b="A"/>
<point x="385.21" y="111.52" b="A"/>
<point x="383.82" y="104.09" b="A"/>
<point x="376.27" y="103.95" b="A"/>
<point x="368.50" y="103.80" b="C"/>
<point x="360.73" y="103.66" b="G"/>
<point x="353.38" y="103.52" b="U"/>
<point x="345.62" y="103.38" b="G"/>
<point x="338.06" y="103.23" b="G"/>
<point x="330.50" y="103.09" b="G"/>
<point x="326.74" y="109.39" b="A"/>
<point x="320.11" y="113.38" b="U"/>
<point x="312.61" y="114.34" b="U"/>
<point x="305.39" y="112.09" b="C"/>
<point x="299.77" y="107.04" b="U"/>
<point x="296.54" y="100.11" b="G"/>
<point x="296.89" y="92.55" b="U"/>
<point x="299.96" y="85.74" b="G"/>
<point x="305.98" y="80.90" b="U"/>
<point x="313.28" y="78.93" b="C"/>
<point x="320.53" y="80.17" b="G"/>
<point x="327.00" y="84.40" b="U"/>
<point x="330.94" y="90.85" b="U"/>
<point x="338.50" y="90.99" b="U"/>
<point x="346.06" y="91.14" b="U"/>
<point x="353.82" y="91.28" b="A"/>
<point x="361.17" y="91.42" b="U"/>
<point x="368.52" y="91.57" b="G"/>
<point x="376.29" y="91.71" b="U"/>
<point x="383.85" y="91.85" b="U"/>
<point x="385.31" y="84.48" b="G"/>
<point x="388.30" y="77.45" b="U"/>
<point x="392.14" y="70.94" b="U"/>
<point x="396.94" y="65.10" b="C"/>
<point x="402.80" y="60.07" b="A"/>
<point x="408.94" y="55.97" b="U"/>
<point x="415.85" y="52.91" b="U"/>
<point x="422.95" y="50.95" b="G"/>
<point x="430.88" y="50.14" b="A"/>
<point x="438.22" y="50.51" b="C"/>
<point x="445.83" y="52.03" b="A"/>
<point x="452.91" y="54.69" b="A"/>
<point x="459.44" y="58.61" b="N"/>
<point x="464.26" y="52.71" b="C"/>
<point x="469.23" y="47.01" b="C"/>
<point x="474.20" y="41.31" b="U"/>
<point x="479.37" y="35.61" b="A"/>
<point x="484.14" y="29.92" b="U"/>
<point x="488.82" y="23.98" b="C"/>
<point x="496.27" y="25.32" b="U"/>
<point x="498.81" y="32.51" b="A"/>
<point x="493.15" y="37.96" b="G"/>
<point x="488.39" y="43.66" b="U"/>
<point x="483.63" y="49.36" b="A"/>
<point x="478.24" y="55.05" b="G"/>
<point x="473.27" y="60.75" b="G"/>
<point x="468.66" y="66.66" b="N"/>
<point x="473.09" y="72.47" b="C"/>
<point x="476.68" y="79.12" b="U"/>
<point x="479.41" y="86.25" b="A"/>
<point x="480.59" y="93.68" b="U"/>
<point x="481.02" y="101.23" b="A"/>
<point x="479.65" y="108.73" b="G"/>
<point x="477.97" y="116.00" b="A"/>
<point x="474.57" y="122.85" b="U"/>
<point x="470.36" y="129.13" b="U"/>
<point x="465.01" y="134.68" b="G"/>
<point x="459.50" y="139.37" b="A"/>
<point x="452.71" y="143.08" b="U"/>
<point x="445.83" y="145.73" b="A"/>
<point x="438.22" y="147.26" b="U"/>
<point x="438.43" y="154.82" b="A"/>
<point x="438.22" y="162.38" b="U"/>
<point x="438.22" y="169.94" b="U"/>
<point x="438.43" y="177.50" b="A"/>
<point x="438.43" y="185.06" b="A"/>
<point x="438.01" y="192.62" b="G"/>
<point x="438.22" y="200.18" b="U"/>
<point x="438.43" y="207.74" b="A"/>
<point x="438.01" y="215.30" b="G"/>
<point x="448.92" y="225.99" b="U"/>
<point x="456.48" y="225.99" b="R"/>
<point x="464.04" y="225.99" b="R"/>
<point x="468.99" y="220.29" b="U"/>
<point x="476.38" y="217.94" b="Y"/>
<point x="483.55" y="219.61" b="U"/>
<point x="489.02" y="224.83" b="C"/>
<point x="491.03" y="232.11" b="C"/>
<point x="489.02" y="239.40" b="C"/>
<point x="483.55" y="244.62" b="U"/>
<point x="476.33" y="246.50" b="N"/>
<point x="468.99" y="243.94" b="C"/>
<point x="464.04" y="238.23" b="C"/>
<point x="456.68" y="238.23" b="Y"/>
<point x="448.70" y="238.23" b="G"/>
<point x="443.78" y="243.58" b="A"/>
<point x="443.57" y="251.14" b="U"/>
</structure>