<structure>
<point x="84.63" y="256.44" b="U"/>
<point x="84.63" y="248.88" b="U"/>
<point x="84.42" y="241.32" b="G"/>
<point x="84.63" y="233.76" b="C"/>
<point x="84.84" y="226.20" b="A"/>
<point x="77.33" y="225.30" b="A"/>
<point x="69.94" y="223.73" b="A"/>
<point x="62.51" y="221.49" b="U"/>
<point x="55.31" y="218.61" b="G"/>
<point x="49.03" y="215.11" b="A"/>
<point x="42.47" y="211.01" b="U"/>
<point x="36.30" y="206.36" b="G"/>
<point x="31.21" y="201.18" b="A"/>
<point x="25.77" y="195.53" b="G"/>
<point x="21.50" y="189.44" b="U"/>
<point x="17.58" y="182.97" b="U"/>
<point x="14.47" y="176.18" b="A"/>
<point x="11.79" y="169.11" b="A"/>
<point x="9.76" y="161.83" b="A"/>
<point x="8.19" y="154.39" b="U"/>
<point x="7.50" y="146.87" b="C"/>
<point x="7.71" y="139.31" b="A"/>
<point x="8.19" y="131.78" b="C"/>
<point x="9.55" y="124.34" b="C"/>
<point x="11.79" y="117.06" b="A"/>
<point x="14.27" y="109.99" b="U"/>
<point x="17.58" y="103.20" b="U"/>
<point x="21.29" y="96.73" b="G"/>
<point x="26.19" y="90.64" b="A"/>
<point x="31.00" y="84.99" b="U"/>
<point x="36.72" y="79.81" b="A"/>
<point x="42.67" y="75.16" b="A"/>
<point x="49.03" y="71.06" b="A"/>
<point x="55.73" y="67.56" b="A"/>
<point x="62.30" y="64.68" b="G"/>
<point x="69.94" y="62.44" b="A"/>
<point x="77.33" y="60.87" b="A"/>
<point x="84.42" y="59.97" b="G"/>
<point x="84.63" y="52.41" b="C"/>
<point x="84.63" y="44.85" b="U"/>
<point x="84.63" y="37.29" b="C"/>
<point x="82.67" y="30.05" b="A"/>
<point x="87.18" y="23.98" b="A"/>
<point x="94.53" y="23.98" b="U"/>
<point x="99.05" y="30.05" b="U"/>
<point x="96.66" y="37.29" b="G"/>
<point x="97.08" y="44.85" b="A"/>
<point x="96.66" y="52.41" b="G"/>
<point x="96.87" y="59.97" b="C"/>
<point x="104.62" y="60.50" b="A"/>
<point x="112.03" y="61.92" b="N"/>
<point x="119.20" y="63.59" b="U"/>
<point x="126.11" y="66.14" b="G"/>
<point x="133.18" y="69.31" b="U"/>
<point x="139.72" y="73.10" b="U"/>
<point x="145.68" y="77.47" b="G"/>
<point x="151.64" y="82.37" b="R"/>
<point x="157.07" y="87.99" b="N"/>
<point x="161.90" y="93.65" b="A"/>
<point x="166.11" y="99.93" b="A"/>
<point x="169.53" y="106.56" b="U"/>
<point x="172.54" y="113.50" b="C"/>
<point x="175.06" y="120.89" b="N"/>
<point x="176.82" y="128.04" b="A"/>
<point x="177.84" y="135.53" b="A"/>
<point x="178.19" y="143.09" b="A"/>
<point x="177.84" y="150.64" b="A"/>
<point x="176.82" y="158.13" b="Y"/>
<point x="174.91" y="165.49" b="U"/>
<point x="172.54" y="172.67" b="U"/>
<point x="169.53" y="179.61" b="C"/>
<point x="165.90" y="186.24" b="C"/>
<point x="161.90" y="192.52" b="A"/>
<point x="156.92" y="198.39" b="U"/>
<point x="151.43" y="203.80" b="G"/>
<point x="146.10" y="208.71" b="A"/>
<point x="139.72" y="213.07" b="C"/>
<point x="133.18" y="216.86" b="U"/>
<point x="126.32" y="220.04" b="C"/>
<point x="119.20" y="222.58" b="U"/>
<point x="111.67" y="224.46" b="G"/>
<point x="104.62" y="225.67" b="A"/>
<point x="96.87" y="226.20" b="U"/>
<point x="96.66" y="233.76" b="G"/>
<point x="96.87" y="241.32" b="C"/>
<point x="97.08" y="248.88" b="A"/>
<point x="97.08" y="256.44" b="A"/>
</structure>