<structure>
<point x="17.45" y="98.65" b="A"/>
<point x="17.24" y="91.09" b="U"/>
<point x="17.03" y="83.53" b="G"/>
<point x="17.03" y="75.97" b="G"/>
<point x="17.03" y="68.41" b="G"/>
<point x="17.45" y="60.85" b="A"/>
<point x="11.74" y="55.90" b="A"/>
<point x="9.39" y="48.71" b="A"/>
<point x="11.06" y="41.34" b="Y"/>
<point x="16.07" y="35.87" b="U"/>
<point x="23.36" y="33.85" b="C"/>
<point x="30.65" y="35.87" b="C"/>
<point x="35.87" y="41.34" b="C"/>
<point x="37.54" y="48.71" b="C"/>
<point x="35.39" y="55.90" b="Y"/>
<point x="29.48" y="60.85" b="U"/>
<point x="29.48" y="68.41" b="C"/>
<point x="29.69" y="75.97" b="Y"/>
<point x="29.48" y="83.53" b="U"/>
<point x="29.69" y="91.09" b="A"/>
<point x="29.48" y="98.65" b="U"/>
<point x="35.03" y="104.00" b="A"/>
<point x="42.59" y="104.00" b="A"/>
<point x="49.95" y="104.00" b="C"/>
<point x="57.51" y="104.00" b="C"/>
<point x="65.07" y="104.00" b="C"/>
<point x="72.83" y="104.00" b="Y"/>
<point x="80.19" y="104.00" b="C"/>
<point x="87.75" y="104.00" b="C"/>
<point x="95.31" y="104.00" b="C"/>
<point x="100.44" y="98.65" b="G"/>
<point x="100.65" y="91.09" b="C"/>
<point x="100.65" y="83.53" b="U"/>
<point x="100.44" y="75.97" b="G"/>
<point x="100.44" y="68.41" b="G"/>
<point x="100.86" y="60.85" b="Y"/>
<point x="94.34" y="57.03" b="A"/>
<point x="89.62" y="50.97" b="U"/>
<point x="87.84" y="43.62" b="C"/>
<point x="89.08" y="36.16" b="U"/>
<point x="93.14" y="29.78" b="C"/>
<point x="99.36" y="25.49" b="C"/>
<point x="106.77" y="23.98" b="C"/>
<point x="114.18" y="25.49" b="C"/>
<point x="120.41" y="29.78" b="C"/>
<point x="124.46" y="36.16" b="U"/>
<point x="125.70" y="43.62" b="C"/>
<point x="124.13" y="50.97" b="A"/>
<point x="119.20" y="57.03" b="G"/>
<point x="113.10" y="60.85" b="A"/>
<point x="112.89" y="68.41" b="C"/>
<point x="112.89" y="75.97" b="U"/>
<point x="112.68" y="83.53" b="G"/>
<point x="112.68" y="91.09" b="G"/>
<point x="112.89" y="98.65" b="C"/>
</structure>