<structure>
<point x="88.69" y="236.50" b="N"/>
<point x="88.75" y="228.74" b="A"/>
<point x="88.54" y="221.18" b="U"/>
<point x="88.54" y="213.62" b="C"/>
<point x="88.54" y="206.06" b="C"/>
<point x="88.54" y="198.50" b="C"/>
<point x="81.18" y="197.85" b="N"/>
<point x="73.82" y="196.14" b="A"/>
<point x="66.37" y="194.01" b="U"/>
<point x="59.12" y="191.25" b="G"/>
<point x="52.76" y="187.90" b="A"/>
<point x="46.24" y="184.18" b="N"/>
<point x="39.78" y="179.50" b="G"/>
<point x="34.51" y="174.53" b="A"/>
<point x="29.21" y="169.28" b="N"/>
<point x="24.32" y="163.19" b="U"/>
<point x="20.25" y="157.12" b="N"/>
<point x="16.64" y="150.30" b="A"/>
<point x="13.36" y="143.40" b="U"/>
<point x="11.10" y="136.25" b="A"/>
<point x="9.20" y="129.13" b="N"/>
<point x="7.64" y="121.46" b="G"/>
<point x="7.50" y="113.92" b="A"/>
<point x="7.55" y="106.57" b="N"/>
<point x="8.30" y="99.04" b="N"/>
<point x="9.76" y="91.41" b="A"/>
<point x="11.74" y="84.33" b="N"/>
<point x="14.25" y="77.05" b="R"/>
<point x="17.66" y="70.44" b="N"/>
<point x="21.50" y="63.92" b="N"/>
<point x="25.88" y="57.77" b="N"/>
<point x="30.64" y="51.80" b="R"/>
<point x="36.02" y="46.49" b="U"/>
<point x="41.84" y="41.67" b="U"/>
<point x="48.26" y="37.37" b="A"/>
<point x="54.82" y="33.61" b="A"/>
<point x="61.69" y="30.44" b="A"/>
<point x="68.80" y="27.88" b="A"/>
<point x="75.69" y="25.94" b="G"/>
<point x="83.35" y="24.64" b="U"/>
<point x="91.09" y="23.98" b="A"/>
<point x="98.23" y="23.98" b="G"/>
<point x="105.97" y="24.64" b="U"/>
<point x="113.21" y="25.94" b="G"/>
<point x="120.72" y="27.88" b="R"/>
<point x="127.84" y="30.44" b="C"/>
<point x="134.70" y="33.61" b="U"/>
<point x="141.05" y="37.37" b="G"/>
<point x="147.69" y="41.67" b="A"/>
<point x="153.30" y="46.49" b="U"/>
<point x="158.83" y="52.01" b="N"/>
<point x="163.58" y="57.56" b="U"/>
<point x="168.12" y="63.92" b="N"/>
<point x="172.01" y="70.23" b="Y"/>
<point x="175.22" y="77.26" b="N"/>
<point x="177.73" y="84.13" b="U"/>
<point x="179.77" y="91.41" b="U"/>
<point x="180.96" y="98.83" b="G"/>
<point x="182.13" y="106.36" b="A"/>
<point x="182.02" y="113.92" b="U"/>
<point x="181.62" y="121.66" b="N"/>
<point x="180.48" y="128.92" b="A"/>
<point x="178.58" y="136.46" b="N"/>
<point x="176.11" y="143.61" b="N"/>
<point x="173.03" y="150.51" b="N"/>
<point x="169.37" y="157.12" b="N"/>
<point x="165.00" y="163.19" b="U"/>
<point x="160.46" y="169.07" b="Y"/>
<point x="155.22" y="174.53" b="A"/>
<point x="149.33" y="179.50" b="R"/>
<point x="143.44" y="183.97" b="Y"/>
<point x="136.77" y="187.90" b="U"/>
<point x="129.99" y="191.25" b="C"/>
<point x="122.95" y="194.01" b="U"/>
<point x="115.49" y="196.14" b="G"/>
<point x="108.50" y="197.64" b="A"/>
<point x="100.57" y="198.50" b="G"/>
<point x="100.57" y="206.06" b="G"/>
<point x="100.57" y="213.62" b="G"/>
<point x="100.98" y="221.18" b="A"/>
<point x="100.78" y="228.74" b="U"/>
<point x="100.93" y="236.50" b="N"/>
</structure>