<structure>
<point x="20.31" y="176.83" b="G"/>
<point x="20.52" y="169.27" b="C"/>
<point x="15.81" y="163.35" b="C"/>
<point x="15.81" y="155.79" b="R"/>
<point x="20.52" y="149.88" b="C"/>
<point x="20.31" y="142.32" b="G"/>
<point x="20.52" y="134.76" b="U"/>
<point x="20.31" y="127.20" b="G"/>
<point x="17.63" y="120.30" b="A"/>
<point x="20.31" y="113.41" b="G"/>
<point x="20.52" y="105.85" b="C"/>
<point x="14.60" y="101.42" b="A"/>
<point x="10.95" y="94.69" b="C"/>
<point x="11.15" y="87.13" b="A"/>
<point x="14.18" y="80.40" b="G"/>
<point x="20.31" y="75.97" b="G"/>
<point x="20.73" y="68.41" b="A"/>
<point x="20.52" y="60.85" b="U"/>
<point x="14.20" y="57.03" b="A"/>
<point x="9.69" y="50.97" b="A"/>
<point x="7.50" y="43.62" b="G"/>
<point x="9.15" y="36.16" b="A"/>
<point x="12.79" y="29.78" b="G"/>
<point x="19.44" y="25.49" b="A"/>
<point x="26.85" y="23.98" b="A"/>
<point x="34.05" y="25.49" b="C"/>
<point x="40.07" y="29.78" b="G"/>
<point x="44.54" y="36.16" b="A"/>
<point x="45.78" y="43.62" b="A"/>
<point x="44.00" y="50.97" b="A"/>
<point x="39.49" y="57.03" b="A"/>
<point x="32.97" y="60.85" b="A"/>
<point x="32.76" y="68.41" b="U"/>
<point x="32.76" y="75.97" b="C"/>
<point x="39.10" y="80.40" b="A"/>
<point x="42.12" y="87.13" b="G"/>
<point x="42.33" y="94.69" b="C"/>
<point x="39.10" y="101.42" b="A"/>
<point x="32.55" y="105.85" b="G"/>
<point x="32.76" y="113.41" b="U"/>
<point x="35.86" y="120.30" b="C"/>
<point x="32.76" y="127.20" b="U"/>
<point x="32.97" y="134.76" b="A"/>
<point x="32.76" y="142.32" b="U"/>
<point x="32.55" y="149.88" b="G"/>
<point x="37.47" y="155.79" b="C"/>
<point x="37.67" y="163.35" b="A"/>
<point x="32.55" y="169.27" b="G"/>
<point x="32.76" y="176.83" b="C"/>
<point x="37.90" y="182.18" b="G"/>
<point x="45.87" y="182.18" b="A"/>
<point x="53.23" y="182.18" b="C"/>
<point x="60.99" y="182.18" b="A"/>
<point x="66.34" y="176.83" b="A"/>
<point x="66.34" y="169.27" b="A"/>
<point x="66.13" y="161.71" b="U"/>
<point x="66.34" y="154.15" b="A"/>
<point x="66.13" y="146.59" b="U"/>
<point x="66.13" y="139.03" b="U"/>
<point x="65.92" y="131.47" b="G"/>
<point x="66.34" y="123.91" b="A"/>
<point x="66.13" y="116.35" b="U"/>
<point x="61.45" y="110.58" b="A"/>
<point x="60.63" y="103.03" b="G"/>
<point x="65.09" y="96.78" b="C"/>
<point x="72.25" y="94.37" b="C"/>
<point x="79.42" y="96.78" b="U"/>
<point x="83.45" y="103.03" b="G"/>
<point x="83.47" y="110.58" b="A"/>
<point x="78.58" y="116.35" b="A"/>
<point x="78.37" y="123.91" b="U"/>
<point x="78.37" y="131.47" b="C"/>
<point x="78.58" y="139.03" b="A"/>
<point x="78.16" y="146.59" b="G"/>
<point x="78.37" y="154.15" b="U"/>
<point x="78.58" y="161.71" b="A"/>
<point x="78.37" y="169.27" b="U"/>
<point x="78.37" y="176.83" b="U"/>
<point x="83.51" y="182.18" b="G"/>
</structure>