<structure>
<point x="147.04" y="248.09" b="A"/>
<point x="143.74" y="241.19" b="R"/>
<point x="146.84" y="234.29" b="R"/>
<point x="146.84" y="226.74" b="C"/>
<point x="146.84" y="219.18" b="C"/>
<point x="147.04" y="211.62" b="A"/>
<point x="140.65" y="215.96" b="U"/>
<point x="133.90" y="219.75" b="G"/>
<point x="127.47" y="222.95" b="A"/>
<point x="120.16" y="225.55" b="U"/>
<point x="112.65" y="227.51" b="G"/>
<point x="105.62" y="228.83" b="A"/>
<point x="97.68" y="229.50" b="G"/>
<point x="90.12" y="229.51" b="G"/>
<point x="82.80" y="228.85" b="R"/>
<point x="75.35" y="227.55" b="C"/>
<point x="68.25" y="225.60" b="A"/>
<point x="61.09" y="223.22" b="N"/>
<point x="54.23" y="220.03" b="N"/>
<point x="47.33" y="216.05" b="G"/>
<point x="41.34" y="211.72" b="R"/>
<point x="35.75" y="206.86" b="Y"/>
<point x="30.20" y="201.52" b="U"/>
<point x="25.49" y="195.94" b="N"/>
<point x="21.00" y="189.54" b="R"/>
<point x="17.36" y="183.20" b="N"/>
<point x="14.02" y="176.14" b="R"/>
<point x="11.43" y="169.04" b="U"/>
<point x="9.68" y="161.74" b="A"/>
<point x="8.31" y="154.50" b="N"/>
<point x="7.71" y="146.76" b="Y"/>
<point x="7.50" y="139.20" b="C"/>
<point x="8.16" y="131.67" b="C"/>
<point x="9.47" y="124.22" b="U"/>
<point x="11.43" y="116.92" b="U"/>
<point x="14.02" y="109.82" b="R"/>
<point x="17.42" y="102.97" b="A"/>
<point x="21.20" y="96.42" b="A"/>
<point x="25.34" y="90.23" b="R"/>
<point x="30.20" y="84.44" b="C"/>
<point x="35.55" y="79.10" b="R"/>
<point x="41.34" y="74.24" b="C"/>
<point x="47.54" y="69.91" b="U"/>
<point x="54.08" y="66.13" b="C"/>
<point x="60.94" y="62.94" b="C"/>
<point x="68.04" y="60.36" b="C"/>
<point x="75.56" y="58.41" b="A"/>
<point x="82.80" y="57.11" b="U"/>
<point x="90.12" y="56.45" b="G"/>
<point x="97.89" y="56.46" b="C"/>
<point x="105.42" y="57.13" b="U"/>
<point x="112.86" y="58.45" b="U"/>
<point x="120.16" y="60.41" b="C"/>
<point x="127.47" y="63.01" b="A"/>
<point x="134.32" y="66.21" b="Y"/>
<point x="140.86" y="70.00" b="A"/>
<point x="146.84" y="74.35" b="R"/>
<point x="147.04" y="66.79" b="A"/>
<point x="143.74" y="59.89" b="R"/>
<point x="146.84" y="52.99" b="R"/>
<point x="141.01" y="48.58" b="N"/>
<point x="137.95" y="41.67" b="N"/>
<point x="138.41" y="33.92" b="U"/>
<point x="142.53" y="27.59" b="U"/>
<point x="149.18" y="23.98" b="C"/>
<point x="156.94" y="23.98" b="A"/>
<point x="163.59" y="27.59" b="Y"/>
<point x="167.51" y="33.92" b="C"/>
<point x="168.32" y="41.46" b="A"/>
<point x="165.21" y="48.58" b="N"/>
<point x="159.28" y="52.99" b="Y"/>
<point x="162.38" y="59.89" b="Y"/>
<point x="159.08" y="66.79" b="U"/>
<point x="159.08" y="74.35" b="U"/>
<point x="166.56" y="75.43" b="C"/>
<point x="173.88" y="77.33" b="U"/>
<point x="180.74" y="80.01" b="G"/>
<point x="187.68" y="83.46" b="U"/>
<point x="194.14" y="87.83" b="N"/>
<point x="199.95" y="92.65" b="N"/>
<point x="205.06" y="97.88" b="R"/>
<point x="209.89" y="103.86" b="A"/>
<point x="213.84" y="110.31" b="A"/>
<point x="217.05" y="117.15" b="A"/>
<point x="219.29" y="124.31" b="C"/>
<point x="221.08" y="131.89" b="N"/>
<point x="221.97" y="139.20" b="A"/>
<point x="221.55" y="146.76" b="G"/>
<point x="221.14" y="154.28" b="A"/>
<point x="219.29" y="161.65" b="R"/>
<point x="217.05" y="168.81" b="A"/>
<point x="213.63" y="175.65" b="U"/>
<point x="209.89" y="182.10" b="Y"/>
<point x="205.06" y="188.08" b="U"/>
<point x="200.01" y="193.51" b="Y"/>
<point x="193.99" y="198.34" b="R"/>
<point x="187.68" y="202.50" b="U"/>
<point x="181.15" y="205.95" b="Y"/>
<point x="173.88" y="208.63" b="U"/>
<point x="166.56" y="210.53" b="C"/>
<point x="159.08" y="211.62" b="U"/>
<point x="159.08" y="219.18" b="R"/>
<point x="165.83" y="222.96" b="A"/>
<point x="158.87" y="226.74" b="G"/>
<point x="159.28" y="234.29" b="Y"/>
<point x="162.38" y="241.19" b="Y"/>
<point x="159.08" y="248.09" b="U"/>
</structure>