<structure>
<point x="22.97" y="216.42" b="N"/>
<point x="30.38" y="216.21" b="R"/>
<point x="35.72" y="210.87" b="U"/>
<point x="35.72" y="203.31" b="C"/>
<point x="35.72" y="195.75" b="U"/>
<point x="35.51" y="188.19" b="G"/>
<point x="35.93" y="180.63" b="Y"/>
<point x="35.93" y="173.07" b="A"/>
<point x="35.51" y="165.51" b="G"/>
<point x="35.72" y="157.95" b="U"/>
<point x="35.72" y="150.39" b="C"/>
<point x="35.72" y="142.83" b="U"/>
<point x="28.49" y="141.51" b="Y"/>
<point x="21.19" y="138.36" b="G"/>
<point x="15.33" y="133.59" b="G"/>
<point x="11.21" y="127.71" b="N"/>
<point x="8.40" y="120.69" b="N"/>
<point x="7.50" y="112.99" b="Y"/>
<point x="8.46" y="105.49" b="Y"/>
<point x="10.85" y="98.47" b="G"/>
<point x="15.54" y="92.38" b="C"/>
<point x="21.55" y="87.82" b="N"/>
<point x="28.28" y="84.46" b="C"/>
<point x="35.87" y="83.35" b="N"/>
<point x="35.51" y="75.59" b="G"/>
<point x="35.51" y="68.03" b="G"/>
<point x="35.51" y="60.47" b="G"/>
<point x="35.72" y="52.91" b="U"/>
<point x="30.84" y="47.14" b="U"/>
<point x="30.22" y="39.59" b="G"/>
<point x="34.83" y="33.54" b="N"/>
<point x="42.05" y="30.92" b="Y"/>
<point x="49.01" y="33.33" b="R"/>
<point x="53.04" y="39.59" b="G"/>
<point x="52.85" y="47.14" b="U"/>
<point x="48.17" y="52.91" b="A"/>
<point x="47.96" y="60.47" b="C"/>
<point x="47.96" y="68.03" b="C"/>
<point x="47.96" y="75.59" b="C"/>
<point x="48.17" y="83.15" b="Y"/>
<point x="55.27" y="85.78" b="N"/>
<point x="61.26" y="89.69" b="G"/>
<point x="66.60" y="95.24" b="R"/>
<point x="70.00" y="101.88" b="G"/>
<point x="72.07" y="109.21" b="C"/>
<point x="72.07" y="116.77" b="R"/>
<point x="70.41" y="124.09" b="Y"/>
<point x="66.81" y="130.74" b="A"/>
<point x="61.47" y="136.29" b="C"/>
<point x="55.33" y="140.40" b="Y"/>
<point x="48.17" y="142.83" b="A"/>
<point x="47.75" y="150.39" b="G"/>
<point x="48.17" y="157.95" b="A"/>
<point x="47.96" y="165.51" b="C"/>
<point x="54.51" y="169.29" b="U"/>
<point x="47.96" y="173.07" b="U"/>
<point x="47.75" y="180.63" b="G"/>
<point x="47.96" y="188.19" b="C"/>
<point x="48.17" y="195.75" b="A"/>
<point x="47.75" y="203.31" b="G"/>
<point x="48.17" y="210.87" b="A"/>
<point x="53.31" y="216.21" b="R"/>
<point x="61.08" y="216.21" b="A"/>
<point x="68.43" y="216.21" b="R"/>
<point x="76.20" y="216.21" b="A"/>
<point x="83.34" y="216.21" b="G"/>
<point x="91.11" y="216.21" b="C"/>
<point x="98.88" y="216.21" b="A"/>
<point x="106.23" y="216.21" b="U"/>
<point x="113.94" y="216.42" b="N"/>
<point x="121.56" y="216.21" b="Y"/>
<point x="129.12" y="216.21" b="Y"/>
<point x="136.68" y="216.21" b="Y"/>
<point x="142.02" y="210.87" b="Y"/>
<point x="141.81" y="203.31" b="R"/>
<point x="141.60" y="195.75" b="G"/>
<point x="142.02" y="188.19" b="A"/>
<point x="141.60" y="180.63" b="G"/>
<point x="141.60" y="173.07" b="G"/>
<point x="142.02" y="165.51" b="A"/>
<point x="142.02" y="157.95" b="A"/>
<point x="134.90" y="154.46" b="G"/>
<point x="130.08" y="148.82" b="C"/>
<point x="127.39" y="141.75" b="U"/>
<point x="127.18" y="134.19" b="G"/>
<point x="130.28" y="127.13" b="A"/>
<point x="134.90" y="121.48" b="G"/>
<point x="141.60" y="118.00" b="G"/>
<point x="141.81" y="110.44" b="C"/>
<point x="142.02" y="102.88" b="A"/>
<point x="141.81" y="95.32" b="U"/>
<point x="141.60" y="87.76" b="G"/>
<point x="136.37" y="82.88" b="N"/>
<point x="134.15" y="75.40" b="C"/>
<point x="136.22" y="68.13" b="U"/>
<point x="141.60" y="63.05" b="G"/>
<point x="142.02" y="55.49" b="Y"/>
<point x="142.02" y="47.93" b="Y"/>
<point x="136.61" y="42.79" b="N"/>
<point x="134.98" y="35.17" b="R"/>
<point x="138.08" y="28.19" b="A"/>
<point x="144.16" y="23.98" b="R"/>
<point x="151.72" y="23.98" b="R"/>
<point x="157.79" y="28.19" b="G"/>
<point x="160.89" y="35.17" b="C"/>
<point x="159.41" y="42.59" b="C"/>
<point x="154.26" y="47.93" b="A"/>
<point x="153.84" y="55.49" b="G"/>
<point x="154.06" y="63.05" b="C"/>
<point x="161.60" y="63.51" b="R"/>
<point x="167.34" y="68.18" b="G"/>
<point x="170.00" y="75.40" b="Y"/>
<point x="167.70" y="82.83" b="N"/>
<point x="161.81" y="87.29" b="Y"/>
<point x="154.06" y="87.76" b="C"/>
<point x="154.26" y="95.32" b="A"/>
<point x="154.06" y="102.88" b="U"/>
<point x="153.84" y="110.44" b="G"/>
<point x="154.06" y="118.00" b="U"/>
<point x="160.55" y="121.48" b="G"/>
<point x="165.79" y="127.13" b="C"/>
<point x="168.69" y="134.19" b="A"/>
<point x="168.69" y="141.75" b="A"/>
<point x="165.79" y="148.82" b="U"/>
<point x="160.91" y="154.67" b="N"/>
<point x="154.06" y="157.95" b="U"/>
<point x="154.06" y="165.51" b="U"/>
<point x="154.06" y="173.07" b="C"/>
<point x="154.06" y="180.63" b="C"/>
<point x="154.06" y="188.19" b="U"/>
<point x="154.06" y="195.75" b="C"/>
<point x="154.20" y="203.52" b="N"/>
<point x="153.84" y="210.87" b="G"/>
<point x="159.61" y="216.21" b="A"/>
<point x="167.17" y="216.21" b="Y"/>
<point x="174.73" y="216.21" b="A"/>
<point x="182.23" y="216.42" b="N"/>
<point x="189.85" y="216.21" b="Y"/>
<point x="197.41" y="216.21" b="Y"/>
<point x="204.91" y="216.42" b="N"/>
<point x="212.32" y="216.21" b="C"/>
<point x="220.09" y="216.21" b="Y"/>
<point x="227.44" y="216.21" b="R"/>
<point x="235.00" y="216.21" b="R"/>
<point x="242.71" y="216.42" b="N"/>
<point x="250.33" y="216.21" b="Y"/>
<point x="255.47" y="210.87" b="R"/>
<point x="255.47" y="203.31" b="C"/>
<point x="255.47" y="195.75" b="U"/>
<point x="255.26" y="188.19" b="G"/>
<point x="255.47" y="180.63" b="U"/>
<point x="255.47" y="173.07" b="U"/>
<point x="255.26" y="165.51" b="G"/>
<point x="248.59" y="162.36" b="C"/>
<point x="243.09" y="157.18" b="C"/>
<point x="239.74" y="150.51" b="A"/>
<point x="238.31" y="143.05" b="C"/>
<point x="239.32" y="135.59" b="G"/>
<point x="242.88" y="128.91" b="G"/>
<point x="248.74" y="123.94" b="N"/>
<point x="255.26" y="120.59" b="G"/>
<point x="255.67" y="113.03" b="A"/>
<point x="255.47" y="105.47" b="U"/>
<point x="255.47" y="97.91" b="R"/>
<point x="255.67" y="90.35" b="A"/>
<point x="255.47" y="82.79" b="U"/>
<point x="255.26" y="75.23" b="G"/>
<point x="255.47" y="67.67" b="R"/>
<point x="255.47" y="60.11" b="C"/>
<point x="250.11" y="54.77" b="U"/>
<point x="248.78" y="47.56" b="N"/>
<point x="251.73" y="40.37" b="Y"/>
<point x="257.96" y="36.37" b="N"/>
<point x="265.37" y="36.17" b="C"/>
<point x="271.86" y="40.37" b="Y"/>
<point x="274.54" y="47.35" b="R"/>
<point x="273.06" y="54.77" b="U"/>
<point x="267.50" y="60.11" b="G"/>
<point x="267.71" y="67.67" b="U"/>
<point x="267.71" y="75.23" b="C"/>
<point x="267.91" y="82.79" b="A"/>
<point x="267.71" y="90.35" b="U"/>
<point x="267.71" y="97.91" b="U"/>
<point x="267.91" y="105.47" b="A"/>
<point x="267.71" y="113.03" b="U"/>
<point x="267.71" y="120.59" b="C"/>
<point x="274.73" y="123.94" b="N"/>
<point x="280.29" y="128.91" b="A"/>
<point x="283.64" y="135.59" b="U"/>
<point x="284.87" y="143.05" b="C"/>
<point x="283.79" y="150.71" b="N"/>
<point x="280.29" y="157.18" b="A"/>
<point x="274.58" y="162.36" b="C"/>
<point x="267.71" y="165.51" b="C"/>
<point x="267.91" y="173.07" b="A"/>
<point x="267.91" y="180.63" b="A"/>
<point x="267.71" y="188.19" b="C"/>
<point x="267.91" y="195.75" b="A"/>
<point x="267.50" y="203.31" b="G"/>
<point x="267.71" y="210.87" b="U"/>
<point x="273.05" y="216.21" b="R"/>
<point x="280.82" y="216.21" b="A"/>
<point x="287.96" y="216.21" b="G"/>
<point x="295.94" y="216.21" b="A"/>
<point x="303.08" y="216.21" b="G"/>
<point x="311.00" y="216.42" b="N"/>
<point x="318.62" y="216.21" b="A"/>
<point x="325.76" y="216.21" b="G"/>
<point x="333.53" y="216.21" b="C"/>
<point x="341.09" y="216.21" b="U"/>
<point x="348.65" y="216.21" b="U"/>
<point x="356.21" y="216.21" b="U"/>
<point x="361.35" y="210.87" b="G"/>
<point x="361.56" y="203.31" b="C"/>
<point x="361.76" y="195.75" b="A"/>
<point x="361.35" y="188.19" b="G"/>
<point x="361.56" y="180.63" b="U"/>
<point x="354.01" y="180.19" b="C"/>
<point x="347.03" y="177.28" b="R"/>
<point x="341.61" y="172.24" b="A"/>
<point x="337.54" y="165.62" b="G"/>
<point x="336.69" y="158.17" b="A"/>
<point x="337.75" y="150.71" b="U"/>
<point x="341.61" y="144.09" b="A"/>
<point x="347.03" y="139.05" b="U"/>
<point x="354.01" y="136.15" b="U"/>
<point x="361.35" y="135.71" b="G"/>
<point x="361.56" y="128.15" b="U"/>
<point x="361.56" y="120.59" b="U"/>
<point x="361.56" y="113.03" b="U"/>
<point x="361.76" y="105.47" b="A"/>
<point x="361.56" y="97.91" b="R"/>
<point x="361.56" y="90.35" b="C"/>
<point x="361.76" y="82.79" b="A"/>
<point x="361.56" y="75.23" b="R"/>
<point x="361.76" y="67.67" b="A"/>
<point x="355.78" y="63.04" b="Y"/>
<point x="352.52" y="56.13" b="R"/>
<point x="352.92" y="48.59" b="G"/>
<point x="357.46" y="42.26" b="A"/>
<point x="363.69" y="38.66" b="G"/>
<point x="371.46" y="38.66" b="U"/>
<point x="377.89" y="42.26" b="G"/>
<point x="382.23" y="48.59" b="R"/>
<point x="382.84" y="56.13" b="U"/>
<point x="379.78" y="63.04" b="U"/>
<point x="373.80" y="67.67" b="U"/>
<point x="373.80" y="75.23" b="C"/>
<point x="373.80" y="82.79" b="U"/>
<point x="373.59" y="90.35" b="G"/>
<point x="374.00" y="97.91" b="Y"/>
<point x="373.80" y="105.47" b="U"/>
<point x="373.59" y="113.03" b="G"/>
<point x="373.80" y="120.59" b="R"/>
<point x="374.00" y="128.15" b="A"/>
<point x="373.80" y="135.71" b="C"/>
<point x="380.88" y="138.85" b="A"/>
<point x="386.18" y="144.03" b="C"/>
<point x="389.73" y="150.71" b="U"/>
<point x="391.16" y="158.17" b="A"/>
<point x="389.94" y="165.63" b="A"/>
<point x="386.18" y="172.30" b="R"/>
<point x="380.82" y="177.69" b="N"/>
<point x="374.00" y="180.63" b="A"/>
<point x="373.80" y="188.19" b="C"/>
<point x="373.80" y="195.75" b="U"/>
<point x="373.59" y="203.31" b="G"/>
<point x="373.80" y="210.87" b="C"/>
<point x="379.14" y="216.21" b="U"/>
<point x="386.91" y="216.21" b="A"/>
<point x="394.26" y="216.21" b="C"/>
<point x="402.03" y="216.21" b="A"/>
<point x="409.59" y="216.21" b="A"/>
<point x="416.94" y="216.21" b="R"/>
<point x="424.71" y="216.21" b="Y"/>
</structure>