<structure>
<point x="72.64" y="218.52" b="N"/>
<point x="72.49" y="210.75" b="C"/>
<point x="72.49" y="203.19" b="C"/>
<point x="65.15" y="202.35" b="N"/>
<point x="57.66" y="200.31" b="R"/>
<point x="50.57" y="197.71" b="U"/>
<point x="43.57" y="194.37" b="G"/>
<point x="37.60" y="190.33" b="A"/>
<point x="31.46" y="185.64" b="U"/>
<point x="25.85" y="180.35" b="G"/>
<point x="21.04" y="174.52" b="G"/>
<point x="17.09" y="168.21" b="C"/>
<point x="13.82" y="161.49" b="A"/>
<point x="10.87" y="154.45" b="U"/>
<point x="8.68" y="147.15" b="G"/>
<point x="7.90" y="139.69" b="A"/>
<point x="7.50" y="132.14" b="A"/>
<point x="7.69" y="124.59" b="U"/>
<point x="8.89" y="117.12" b="C"/>
<point x="10.87" y="109.83" b="U"/>
<point x="13.62" y="102.78" b="U"/>
<point x="17.09" y="96.07" b="U"/>
<point x="21.04" y="89.76" b="G"/>
<point x="26.27" y="83.93" b="A"/>
<point x="31.25" y="78.63" b="G"/>
<point x="37.60" y="73.94" b="A"/>
<point x="43.78" y="69.91" b="C"/>
<point x="50.57" y="66.57" b="C"/>
<point x="57.66" y="63.97" b="U"/>
<point x="64.79" y="62.14" b="G"/>
<point x="72.69" y="61.09" b="A"/>
<point x="72.64" y="53.74" b="N"/>
<point x="72.69" y="45.97" b="A"/>
<point x="67.75" y="40.41" b="N"/>
<point x="67.35" y="32.86" b="N"/>
<point x="71.59" y="26.61" b="N"/>
<point x="78.61" y="23.98" b="U"/>
<point x="85.77" y="26.40" b="U"/>
<point x="90.02" y="32.65" b="C"/>
<point x="89.61" y="40.20" b="U"/>
<point x="84.73" y="45.97" b="U"/>
<point x="84.88" y="53.74" b="N"/>
<point x="92.44" y="53.74" b="N"/>
<point x="92.44" y="61.30" b="N"/>
<point x="84.73" y="61.09" b="U"/>
<point x="92.00" y="62.14" b="G"/>
<point x="99.75" y="63.97" b="A"/>
<point x="106.65" y="66.57" b="U"/>
<point x="113.22" y="69.91" b="G"/>
<point x="120.03" y="73.94" b="A"/>
<point x="125.90" y="78.84" b="N"/>
<point x="131.36" y="83.93" b="A"/>
<point x="136.17" y="89.76" b="A"/>
<point x="140.27" y="96.28" b="N"/>
<point x="143.60" y="102.78" b="C"/>
<point x="146.54" y="109.83" b="A"/>
<point x="148.53" y="117.12" b="Y"/>
<point x="149.72" y="124.59" b="A"/>
<point x="150.12" y="132.14" b="A"/>
<point x="149.31" y="139.69" b="G"/>
<point x="148.32" y="147.15" b="C"/>
<point x="146.54" y="154.45" b="A"/>
<point x="143.60" y="161.49" b="U"/>
<point x="140.12" y="168.21" b="R"/>
<point x="136.11" y="174.73" b="N"/>
<point x="131.15" y="180.35" b="U"/>
<point x="125.96" y="185.64" b="Y"/>
<point x="119.82" y="190.33" b="C"/>
<point x="113.43" y="194.37" b="C"/>
<point x="106.65" y="197.71" b="U"/>
<point x="99.34" y="200.31" b="G"/>
<point x="92.42" y="202.14" b="A"/>
<point x="84.52" y="203.19" b="G"/>
<point x="84.52" y="210.75" b="G"/>
<point x="84.73" y="218.31" b="R"/>
<point x="90.07" y="223.65" b="C"/>
</structure>