<structure>
<point x="19.60" y="161.83" b="N"/>
<point x="27.16" y="161.83" b="N"/>
<point x="32.36" y="156.27" b="C"/>
<point x="32.36" y="148.71" b="R"/>
<point x="32.15" y="141.15" b="G"/>
<point x="32.36" y="133.59" b="C"/>
<point x="32.15" y="126.03" b="G"/>
<point x="32.15" y="118.47" b="G"/>
<point x="32.15" y="110.91" b="G"/>
<point x="32.15" y="103.35" b="G"/>
<point x="32.15" y="95.79" b="G"/>
<point x="32.36" y="88.23" b="R"/>
<point x="32.15" y="80.67" b="G"/>
<point x="32.57" y="73.11" b="A"/>
<point x="32.36" y="65.55" b="C"/>
<point x="32.57" y="57.99" b="A"/>
<point x="25.98" y="53.93" b="U"/>
<point x="22.02" y="47.80" b="N"/>
<point x="20.77" y="40.11" b="U"/>
<point x="23.09" y="32.85" b="A"/>
<point x="27.83" y="27.13" b="U"/>
<point x="34.70" y="23.98" b="C"/>
<point x="42.47" y="23.98" b="A"/>
<point x="49.14" y="27.13" b="C"/>
<point x="54.28" y="32.85" b="A"/>
<point x="55.98" y="40.11" b="G"/>
<point x="55.09" y="47.59" b="C"/>
<point x="51.13" y="54.14" b="N"/>
<point x="44.60" y="57.99" b="U"/>
<point x="44.39" y="65.55" b="G"/>
<point x="44.60" y="73.11" b="U"/>
<point x="44.60" y="80.67" b="C"/>
<point x="44.81" y="88.23" b="Y"/>
<point x="44.60" y="95.79" b="C"/>
<point x="49.04" y="89.68" b="R"/>
<point x="56.23" y="87.34" b="U"/>
<point x="63.21" y="89.68" b="G"/>
<point x="67.87" y="95.79" b="C"/>
<point x="67.87" y="103.35" b="C"/>
<point x="63.42" y="109.47" b="C"/>
<point x="56.02" y="111.80" b="G"/>
<point x="49.25" y="109.47" b="A"/>
<point x="44.60" y="103.35" b="C"/>
<point x="44.60" y="110.91" b="C"/>
<point x="44.60" y="118.47" b="C"/>
<point x="44.60" y="126.03" b="C"/>
<point x="44.39" y="133.59" b="G"/>
<point x="44.60" y="141.15" b="C"/>
<point x="44.60" y="148.71" b="U"/>
<point x="44.75" y="156.48" b="N"/>
<point x="50.10" y="161.83" b="N"/>
</structure>