<structure>
<point x="19.45" y="224.58" b="U"/>
<point x="27.02" y="224.58" b="U"/>
<point x="34.73" y="224.79" b="N"/>
<point x="42.13" y="224.58" b="U"/>
<point x="49.90" y="224.58" b="A"/>
<point x="57.26" y="224.58" b="U"/>
<point x="64.81" y="224.58" b="U"/>
<point x="72.38" y="224.58" b="U"/>
<point x="79.94" y="224.58" b="U"/>
<point x="87.28" y="224.58" b="G"/>
<point x="95.06" y="224.58" b="C"/>
<point x="102.82" y="224.58" b="A"/>
<point x="110.38" y="224.58" b="A"/>
<point x="117.94" y="224.58" b="A"/>
<point x="125.30" y="224.58" b="U"/>
<point x="133.06" y="224.58" b="A"/>
<point x="140.41" y="224.58" b="U"/>
<point x="147.97" y="224.58" b="U"/>
<point x="155.53" y="224.58" b="U"/>
<point x="163.25" y="224.79" b="N"/>
<point x="170.44" y="224.58" b="G"/>
<point x="178.00" y="224.58" b="G"/>
<point x="183.35" y="219.24" b="G"/>
<point x="183.77" y="211.68" b="A"/>
<point x="183.56" y="204.12" b="R"/>
<point x="183.77" y="196.56" b="A"/>
<point x="177.58" y="191.93" b="C"/>
<point x="174.73" y="185.02" b="A"/>
<point x="175.13" y="177.48" b="U"/>
<point x="179.25" y="171.15" b="U"/>
<point x="185.90" y="167.55" b="R"/>
<point x="193.67" y="167.55" b="A"/>
<point x="200.11" y="171.15" b="U"/>
<point x="204.23" y="177.48" b="U"/>
<point x="204.84" y="185.02" b="U"/>
<point x="201.78" y="191.93" b="U"/>
<point x="195.80" y="196.56" b="U"/>
<point x="196.01" y="204.12" b="Y"/>
<point x="195.80" y="211.68" b="U"/>
<point x="196.01" y="219.24" b="Y"/>
<point x="201.15" y="224.58" b="C"/>
<point x="208.71" y="224.58" b="C"/>
<point x="214.05" y="219.24" b="C"/>
<point x="213.84" y="211.68" b="G"/>
<point x="214.05" y="204.12" b="U"/>
<point x="213.84" y="196.56" b="G"/>
<point x="214.05" y="189.00" b="C"/>
<point x="214.05" y="181.44" b="U"/>
<point x="214.05" y="173.88" b="C"/>
<point x="214.26" y="166.32" b="Y"/>
<point x="207.31" y="162.90" b="C"/>
<point x="202.18" y="157.34" b="C"/>
<point x="199.31" y="150.35" b="C"/>
<point x="198.86" y="142.79" b="G"/>
<point x="201.47" y="135.62" b="U"/>
<point x="206.23" y="129.75" b="U"/>
<point x="212.73" y="125.89" b="C"/>
<point x="220.17" y="124.55" b="U"/>
<point x="227.61" y="125.89" b="U"/>
<point x="234.32" y="129.75" b="Y"/>
<point x="238.87" y="135.62" b="C"/>
<point x="241.28" y="142.79" b="C"/>
<point x="241.03" y="150.35" b="U"/>
<point x="237.95" y="157.34" b="G"/>
<point x="233.24" y="162.90" b="Y"/>
<point x="226.08" y="166.32" b="G"/>
<point x="226.08" y="173.88" b="G"/>
<point x="226.50" y="181.44" b="A"/>
<point x="226.08" y="189.00" b="G"/>
<point x="226.29" y="196.56" b="U"/>
<point x="226.08" y="204.12" b="G"/>
<point x="226.29" y="211.68" b="C"/>
<point x="226.08" y="219.24" b="G"/>
<point x="231.64" y="224.58" b="C"/>
<point x="239.20" y="224.58" b="U"/>
<point x="244.33" y="219.24" b="G"/>
<point x="244.54" y="211.68" b="C"/>
<point x="244.33" y="204.12" b="G"/>
<point x="244.54" y="196.56" b="C"/>
<point x="244.54" y="189.00" b="C"/>
<point x="244.33" y="181.44" b="G"/>
<point x="237.09" y="180.19" b="C"/>
<point x="229.84" y="178.02" b="C"/>
<point x="222.93" y="174.96" b="C"/>
<point x="216.67" y="171.05" b="A"/>
<point x="210.32" y="166.36" b="G"/>
<point x="205.24" y="160.97" b="C"/>
<point x="200.66" y="154.94" b="C"/>
<point x="196.88" y="148.40" b="C"/>
<point x="193.96" y="141.43" b="U"/>
<point x="191.72" y="134.15" b="G"/>
<point x="190.83" y="126.67" b="U"/>
<point x="190.69" y="119.11" b="C"/>
<point x="191.28" y="111.59" b="G"/>
<point x="193.23" y="104.23" b="C"/>
<point x="195.88" y="97.15" b="C"/>
<point x="199.40" y="90.46" b="C"/>
<point x="203.74" y="84.27" b="C"/>
<point x="208.82" y="78.67" b="C"/>
<point x="214.56" y="73.75" b="C"/>
<point x="220.66" y="69.59" b="G"/>
<point x="217.60" y="62.68" b="G"/>
<point x="214.95" y="55.77" b="A"/>
<point x="211.47" y="48.86" b="G"/>
<point x="208.41" y="41.95" b="G"/>
<point x="202.78" y="37.15" b="U"/>
<point x="202.04" y="29.61" b="G"/>
<point x="207.59" y="24.06" b="A"/>
<point x="214.95" y="23.98" b="U"/>
<point x="220.19" y="29.44" b="C"/>
<point x="219.81" y="36.99" b="C"/>
<point x="222.87" y="43.90" b="C"/>
<point x="225.94" y="50.81" b="U"/>
<point x="229.00" y="57.72" b="C"/>
<point x="232.06" y="64.63" b="C"/>
<point x="239.38" y="62.75" b="C"/>
<point x="246.88" y="61.80" b="U"/>
<point x="254.44" y="61.80" b="C"/>
<point x="261.94" y="62.75" b="C"/>
<point x="269.26" y="64.63" b="U"/>
<point x="276.08" y="67.42" b="G"/>
<point x="282.91" y="71.08" b="C"/>
<point x="289.02" y="75.53" b="C"/>
<point x="294.52" y="80.72" b="U"/>
<point x="299.11" y="86.55" b="G"/>
<point x="306.02" y="82.98" b="N"/>
<point x="312.42" y="78.99" b="C"/>
<point x="319.17" y="75.21" b="Y"/>
<point x="325.30" y="71.43" b="G"/>
<point x="332.06" y="67.65" b="C"/>
<point x="336.48" y="61.52" b="C"/>
<point x="344.21" y="60.76" b="A"/>
<point x="350.34" y="56.98" b="G"/>
<point x="357.10" y="53.20" b="C"/>
<point x="363.85" y="49.42" b="Y"/>
<point x="364.12" y="42.07" b="N"/>
<point x="367.20" y="35.13" b="G"/>
<point x="373.54" y="30.44" b="A"/>
<point x="380.68" y="28.64" b="C"/>
<point x="388.10" y="30.06" b="C"/>
<point x="394.27" y="34.44" b="U"/>
<point x="397.84" y="40.99" b="G"/>
<point x="398.76" y="48.51" b="U"/>
<point x="396.06" y="55.65" b="G"/>
<point x="391.05" y="61.11" b="C"/>
<point x="384.02" y="63.90" b="C"/>
<point x="376.67" y="63.51" b="Y"/>
<point x="369.56" y="60.02" b="G"/>
<point x="363.01" y="63.80" b="G"/>
<point x="356.67" y="67.58" b="C"/>
<point x="350.12" y="71.36" b="U"/>
<point x="345.70" y="77.49" b="C"/>
<point x="337.97" y="78.25" b="G"/>
<point x="331.63" y="82.03" b="C"/>
<point x="324.88" y="85.81" b="G"/>
<point x="318.33" y="89.59" b="G"/>
<point x="311.78" y="93.37" b="G"/>
<point x="305.44" y="97.15" b="C"/>
<point x="308.10" y="104.23" b="C"/>
<point x="309.63" y="111.59" b="G"/>
<point x="310.64" y="119.11" b="C"/>
<point x="310.70" y="126.67" b="A"/>
<point x="309.19" y="134.15" b="G"/>
<point x="307.58" y="141.43" b="Y"/>
<point x="304.44" y="148.40" b="C"/>
<point x="300.66" y="154.94" b="U"/>
<point x="296.09" y="160.97" b="C"/>
<point x="290.59" y="166.36" b="G"/>
<point x="284.66" y="171.05" b="G"/>
<point x="278.39" y="174.96" b="C"/>
<point x="271.48" y="178.02" b="C"/>
<point x="264.24" y="180.19" b="C"/>
<point x="256.78" y="181.44" b="C"/>
<point x="256.57" y="189.00" b="G"/>
<point x="256.57" y="196.56" b="G"/>
<point x="256.78" y="204.12" b="C"/>
<point x="256.57" y="211.68" b="G"/>
<point x="256.78" y="219.24" b="C"/>
<point x="261.92" y="224.58" b="G"/>
<point x="269.69" y="224.58" b="C"/>
<point x="277.25" y="224.58" b="C"/>
<point x="284.81" y="224.58" b="C"/>
<point x="292.37" y="224.58" b="C"/>
<point x="299.93" y="224.58" b="C"/>
<point x="307.28" y="224.58" b="G"/>
<point x="314.84" y="224.58" b="G"/>
<point x="322.61" y="224.58" b="C"/>
<point x="330.32" y="224.79" b="N"/>
<point x="337.52" y="224.58" b="G"/>
<point x="345.29" y="224.58" b="C"/>
<point x="352.85" y="224.58" b="U"/>
<point x="360.56" y="224.79" b="N"/>
<point x="367.97" y="224.58" b="U"/>
<point x="375.53" y="224.58" b="C"/>
<point x="383.09" y="224.58" b="R"/>
<point x="390.44" y="224.58" b="G"/>
<point x="398.21" y="224.58" b="C"/>
<point x="405.56" y="224.58" b="G"/>
<point x="413.33" y="224.58" b="C"/>
<point x="420.68" y="224.58" b="G"/>
<point x="428.66" y="224.58" b="A"/>
<point x="436.01" y="224.58" b="U"/>
<point x="443.36" y="224.58" b="G"/>
</structure>