<structure>
<point x="92.32" y="235.20" b="R"/>
<point x="97.67" y="229.85" b="R"/>
<point x="97.88" y="222.29" b="A"/>
<point x="97.67" y="214.73" b="U"/>
<point x="97.46" y="207.17" b="G"/>
<point x="90.70" y="209.55" b="A"/>
<point x="83.24" y="211.30" b="N"/>
<point x="75.77" y="211.77" b="A"/>
<point x="68.00" y="211.59" b="U"/>
<point x="60.31" y="210.54" b="G"/>
<point x="53.40" y="208.65" b="A"/>
<point x="46.14" y="205.93" b="U"/>
<point x="39.24" y="202.42" b="G"/>
<point x="33.40" y="198.18" b="A"/>
<point x="27.47" y="193.24" b="U"/>
<point x="22.55" y="187.68" b="Y"/>
<point x="17.89" y="181.57" b="R"/>
<point x="14.37" y="174.99" b="A"/>
<point x="11.36" y="168.24" b="N"/>
<point x="9.08" y="160.78" b="U"/>
<point x="7.78" y="153.33" b="U"/>
<point x="7.50" y="145.99" b="N"/>
<point x="7.57" y="138.24" b="G"/>
<point x="9.23" y="131.00" b="N"/>
<point x="11.21" y="123.54" b="U"/>
<point x="14.16" y="116.58" b="U"/>
<point x="17.89" y="110.00" b="C"/>
<point x="22.34" y="103.89" b="C"/>
<point x="27.47" y="98.33" b="C"/>
<point x="33.19" y="93.40" b="U"/>
<point x="39.65" y="89.15" b="A"/>
<point x="46.14" y="85.64" b="U"/>
<point x="53.20" y="82.92" b="U"/>
<point x="60.31" y="81.03" b="G"/>
<point x="67.79" y="79.98" b="G"/>
<point x="75.56" y="79.80" b="U"/>
<point x="83.09" y="80.48" b="U"/>
<point x="90.49" y="82.02" b="U"/>
<point x="97.46" y="84.40" b="G"/>
<point x="90.32" y="84.10" b="A"/>
<point x="86.42" y="77.50" b="U"/>
<point x="90.27" y="71.11" b="N"/>
<point x="97.88" y="70.61" b="Y"/>
<point x="97.46" y="63.05" b="G"/>
<point x="97.67" y="55.49" b="C"/>
<point x="97.67" y="47.93" b="C"/>
<point x="92.11" y="42.59" b="G"/>
<point x="90.99" y="35.38" b="N"/>
<point x="93.88" y="28.39" b="N"/>
<point x="100.22" y="23.98" b="A"/>
<point x="107.57" y="23.98" b="U"/>
<point x="113.64" y="28.19" b="G"/>
<point x="116.95" y="35.17" b="A"/>
<point x="115.26" y="42.59" b="U"/>
<point x="109.70" y="47.93" b="G"/>
<point x="109.70" y="55.49" b="G"/>
<point x="109.91" y="63.05" b="C"/>
<point x="109.91" y="70.61" b="R"/>
<point x="113.01" y="77.50" b="U"/>
<point x="109.91" y="84.40" b="C"/>
<point x="117.52" y="85.81" b="N"/>
<point x="124.78" y="87.93" b="N"/>
<point x="131.73" y="90.91" b="N"/>
<point x="138.26" y="94.72" b="N"/>
<point x="144.27" y="99.31" b="N"/>
<point x="149.32" y="104.38" b="G"/>
<point x="154.25" y="110.29" b="U"/>
<point x="158.42" y="116.72" b="A"/>
<point x="161.36" y="123.60" b="U"/>
<point x="163.64" y="130.81" b="U"/>
<point x="165.23" y="138.24" b="A"/>
<point x="165.27" y="145.78" b="G"/>
<point x="165.02" y="153.33" b="C"/>
<point x="163.64" y="160.76" b="U"/>
<point x="161.36" y="167.97" b="C"/>
<point x="158.21" y="174.85" b="U"/>
<point x="154.45" y="181.28" b="A"/>
<point x="149.53" y="187.19" b="U"/>
<point x="144.12" y="192.47" b="C"/>
<point x="138.11" y="197.05" b="U"/>
<point x="131.37" y="200.87" b="G"/>
<point x="124.84" y="203.85" b="A"/>
<point x="117.37" y="205.96" b="U"/>
<point x="109.91" y="207.17" b="C"/>
<point x="110.12" y="214.73" b="A"/>
<point x="109.91" y="222.29" b="U"/>
<point x="110.12" y="229.85" b="Y"/>
<point x="115.46" y="235.20" b="Y"/>
</structure>