<structure>
<point x="19.25" y="157.03" b="G"/>
<point x="26.80" y="157.03" b="G"/>
<point x="34.58" y="157.03" b="C"/>
<point x="41.92" y="157.03" b="G"/>
<point x="49.70" y="157.03" b="C"/>
<point x="57.26" y="157.03" b="U"/>
<point x="64.81" y="157.03" b="U"/>
<point x="72.38" y="157.03" b="C"/>
<point x="80.14" y="157.03" b="A"/>
<point x="87.28" y="157.03" b="G"/>
<point x="94.84" y="157.03" b="G"/>
<point x="102.61" y="157.03" b="U"/>
<point x="109.97" y="157.03" b="G"/>
<point x="117.53" y="157.03" b="G"/>
<point x="125.30" y="157.03" b="C"/>
<point x="132.85" y="157.03" b="U"/>
<point x="140.41" y="157.03" b="C"/>
<point x="147.97" y="157.03" b="U"/>
<point x="155.69" y="157.24" b="N"/>
<point x="162.88" y="157.03" b="G"/>
<point x="170.44" y="157.03" b="G"/>
<point x="178.36" y="157.24" b="N"/>
<point x="185.78" y="157.03" b="C"/>
<point x="193.12" y="157.03" b="G"/>
<point x="201.10" y="157.03" b="A"/>
<point x="208.66" y="157.03" b="A"/>
<point x="216.22" y="157.03" b="A"/>
<point x="223.37" y="157.03" b="G"/>
<point x="231.13" y="157.03" b="U"/>
<point x="238.84" y="157.24" b="N"/>
<point x="246.25" y="157.03" b="C"/>
<point x="253.81" y="157.03" b="U"/>
<point x="261.17" y="157.03" b="G"/>
<point x="269.14" y="157.03" b="A"/>
<point x="274.28" y="151.69" b="C"/>
<point x="274.07" y="144.12" b="G"/>
<point x="274.49" y="136.56" b="A"/>
<point x="274.28" y="129.00" b="C"/>
<point x="274.49" y="121.44" b="A"/>
<point x="274.07" y="113.89" b="G"/>
<point x="274.49" y="106.33" b="A"/>
<point x="274.28" y="98.76" b="C"/>
<point x="274.28" y="91.20" b="C"/>
<point x="267.93" y="87.44" b="A"/>
<point x="262.91" y="81.45" b="G"/>
<point x="261.38" y="74.14" b="A"/>
<point x="262.39" y="66.65" b="A"/>
<point x="265.79" y="60.13" b="G"/>
<point x="262.24" y="53.57" b="C"/>
<point x="258.27" y="47.01" b="G"/>
<point x="254.51" y="40.45" b="G"/>
<point x="249.02" y="35.25" b="G"/>
<point x="250.34" y="27.75" b="A"/>
<point x="256.89" y="23.98" b="A"/>
<point x="263.41" y="27.00" b="G"/>
<point x="265.34" y="34.36" b="C"/>
<point x="269.10" y="40.92" b="C"/>
<point x="272.65" y="47.48" b="G"/>
<point x="276.62" y="54.04" b="U"/>
<point x="283.97" y="54.04" b="G"/>
<point x="291.16" y="56.95" b="R"/>
<point x="296.63" y="62.52" b="N"/>
<point x="299.48" y="69.53" b="N"/>
<point x="306.97" y="70.54" b="N"/>
<point x="314.31" y="71.35" b="U"/>
<point x="321.95" y="72.57" b="N"/>
<point x="327.39" y="67.05" b="A"/>
<point x="334.45" y="64.95" b="U"/>
<point x="341.62" y="66.57" b="G"/>
<point x="347.56" y="71.50" b="U"/>
<point x="350.03" y="78.57" b="G"/>
<point x="349.22" y="86.07" b="U"/>
<point x="344.55" y="92.17" b="G"/>
<point x="338.13" y="95.41" b="A"/>
<point x="330.53" y="95.21" b="N"/>
<point x="323.73" y="91.04" b="G"/>
<point x="320.37" y="84.49" b="Y"/>
<point x="312.82" y="83.69" b="N"/>
<point x="305.18" y="82.46" b="R"/>
<point x="297.69" y="81.45" b="C"/>
<point x="293.08" y="87.44" b="C"/>
<point x="286.31" y="91.20" b="G"/>
<point x="286.31" y="98.76" b="G"/>
<point x="286.52" y="106.33" b="U"/>
<point x="286.52" y="113.89" b="C"/>
<point x="286.52" y="121.44" b="U"/>
<point x="286.31" y="129.00" b="G"/>
<point x="286.52" y="136.56" b="U"/>
<point x="286.52" y="144.12" b="C"/>
<point x="286.31" y="151.69" b="G"/>
<point x="291.87" y="157.03" b="C"/>
<point x="299.63" y="157.03" b="A"/>
<point x="307.19" y="157.03" b="A"/>
<point x="314.55" y="157.03" b="C"/>
<point x="321.90" y="157.03" b="G"/>
<point x="329.67" y="157.03" b="U"/>
<point x="337.23" y="157.03" b="C"/>
<point x="344.58" y="157.03" b="G"/>
<point x="352.35" y="157.03" b="U"/>
<point x="359.70" y="157.03" b="G"/>
<point x="367.47" y="157.03" b="C"/>
<point x="375.03" y="157.03" b="C"/>
<point x="382.59" y="157.03" b="U"/>
<point x="389.94" y="157.03" b="G"/>
<point x="397.71" y="157.03" b="C"/>
<point x="405.47" y="157.03" b="A"/>
<point x="412.62" y="157.03" b="G"/>
<point x="420.18" y="157.03" b="G"/>
<point x="427.95" y="157.03" b="C"/>
<point x="435.51" y="157.03" b="U"/>
<point x="443.22" y="157.24" b="N"/>
<point x="450.63" y="157.03" b="R"/>
<point x="458.19" y="157.03" b="C"/>
<point x="465.95" y="157.03" b="A"/>
<point x="473.10" y="157.03" b="G"/>
<point x="480.66" y="157.03" b="G"/>
<point x="488.43" y="157.03" b="U"/>
<point x="496.19" y="157.03" b="Y"/>
</structure>