<structure>
<point x="377.67" y="171.24" b="N"/>
<point x="383.02" y="165.90" b="N"/>
<point x="383.02" y="158.34" b="N"/>
<point x="383.02" y="150.78" b="N"/>
<point x="383.02" y="143.22" b="N"/>
<point x="383.02" y="135.66" b="N"/>
<point x="383.02" y="128.10" b="N"/>
<point x="383.07" y="120.33" b="Y"/>
<point x="383.07" y="112.77" b="Y"/>
<point x="382.87" y="105.21" b="R"/>
<point x="383.07" y="97.65" b="A"/>
<point x="375.72" y="95.86" b="N"/>
<point x="368.84" y="92.23" b="R"/>
<point x="362.93" y="87.51" b="R"/>
<point x="356.97" y="92.17" b="N"/>
<point x="350.92" y="96.42" b="Y"/>
<point x="344.81" y="100.87" b="Y"/>
<point x="338.49" y="105.32" b="R"/>
<point x="332.59" y="109.77" b="Y"/>
<point x="336.07" y="116.66" b="N"/>
<point x="338.88" y="123.68" b="N"/>
<point x="340.96" y="130.75" b="Y"/>
<point x="348.25" y="129.77" b="C"/>
<point x="355.90" y="129.00" b="N"/>
<point x="363.45" y="127.81" b="A"/>
<point x="370.74" y="126.83" b="R"/>
<point x="378.03" y="125.85" b="G"/>
<point x="385.74" y="124.87" b="C"/>
<point x="387.87" y="117.56" b="Y"/>
<point x="391.85" y="111.13" b="A"/>
<point x="397.32" y="106.14" b="C"/>
<point x="404.21" y="103.02" b="R"/>
<point x="411.85" y="102.24" b="N"/>
<point x="419.37" y="103.28" b="A"/>
<point x="426.08" y="106.85" b="N"/>
<point x="431.58" y="112.04" b="N"/>
<point x="434.96" y="118.40" b="G"/>
<point x="442.67" y="117.42" b="R"/>
<point x="450.17" y="116.44" b="R"/>
<point x="457.81" y="115.67" b="N"/>
<point x="465.31" y="114.68" b="N"/>
<point x="472.81" y="113.70" b="N"/>
<point x="480.30" y="112.72" b="N"/>
<point x="487.73" y="114.11" b="N"/>
<point x="488.71" y="121.61" b="N"/>
<point x="481.89" y="124.86" b="N"/>
<point x="474.39" y="125.84" b="N"/>
<point x="466.90" y="126.82" b="N"/>
<point x="459.40" y="127.80" b="N"/>
<point x="451.96" y="128.57" b="Y"/>
<point x="444.46" y="129.56" b="Y"/>
<point x="436.97" y="130.54" b="Y"/>
<point x="436.36" y="138.28" b="N"/>
<point x="433.58" y="145.31" b="N"/>
<point x="428.83" y="151.19" b="N"/>
<point x="422.53" y="155.37" b="N"/>
<point x="415.27" y="157.48" b="N"/>
<point x="407.71" y="157.31" b="N"/>
<point x="400.55" y="154.89" b="N"/>
<point x="394.44" y="150.44" b="N"/>
<point x="389.94" y="144.36" b="N"/>
<point x="387.11" y="137.00" b="G"/>
<point x="379.83" y="137.99" b="C"/>
<point x="372.54" y="138.97" b="Y"/>
<point x="364.83" y="139.95" b="U"/>
<point x="357.49" y="141.14" b="N"/>
<point x="349.63" y="141.91" b="G"/>
<point x="342.14" y="142.89" b="G"/>
<point x="342.26" y="150.45" b="R"/>
<point x="341.14" y="157.96" b="G"/>
<point x="339.85" y="165.32" b="A"/>
<point x="337.36" y="172.46" b="A"/>
<point x="334.11" y="179.28" b="A"/>
<point x="329.73" y="185.72" b="G"/>
<point x="325.30" y="191.69" b="U"/>
<point x="320.05" y="197.12" b="C"/>
<point x="314.24" y="201.96" b="C"/>
<point x="307.94" y="206.14" b="C"/>
<point x="301.22" y="209.62" b="C"/>
<point x="293.96" y="212.35" b="G"/>
<point x="286.66" y="214.30" b="G"/>
<point x="279.40" y="215.46" b="R"/>
<point x="271.85" y="215.80" b="C"/>
<point x="264.45" y="215.53" b="N"/>
<point x="257.06" y="214.04" b="Y"/>
<point x="249.74" y="212.16" b="N"/>
<point x="242.74" y="209.31" b="N"/>
<point x="236.08" y="205.71" b="N"/>
<point x="229.86" y="201.42" b="N"/>
<point x="224.37" y="206.77" b="G"/>
<point x="219.66" y="212.32" b="Y"/>
<point x="214.33" y="217.88" b="R"/>
<point x="212.04" y="225.15" b="G"/>
<point x="205.74" y="228.62" b="A"/>
<point x="198.40" y="226.12" b="R"/>
<point x="195.54" y="219.21" b="A"/>
<point x="198.41" y="212.44" b="N"/>
<point x="205.54" y="209.58" b="Y"/>
<point x="210.25" y="204.02" b="G"/>
<point x="215.79" y="198.47" b="Y"/>
<point x="220.87" y="193.12" b="N"/>
<point x="216.09" y="187.26" b="N"/>
<point x="209.61" y="191.16" b="N"/>
<point x="203.14" y="195.06" b="N"/>
<point x="196.66" y="198.96" b="N"/>
<point x="190.04" y="202.66" b="R"/>
<point x="183.71" y="206.76" b="N"/>
<point x="178.63" y="212.36" b="N"/>
<point x="171.10" y="211.62" b="N"/>
<point x="167.20" y="205.15" b="N"/>
<point x="170.07" y="198.15" b="N"/>
<point x="177.39" y="196.28" b="N"/>
<point x="183.93" y="192.17" b="Y"/>
<point x="190.35" y="188.48" b="N"/>
<point x="196.82" y="184.58" b="N"/>
<point x="203.30" y="180.68" b="N"/>
<point x="209.77" y="176.77" b="N"/>
<point x="206.83" y="169.81" b="N"/>
<point x="204.65" y="162.57" b="N"/>
<point x="197.17" y="163.71" b="N"/>
<point x="189.70" y="164.84" b="N"/>
<point x="190.54" y="172.36" b="N"/>
<point x="184.57" y="177.00" b="N"/>
<point x="177.50" y="174.34" b="N"/>
<point x="176.12" y="166.70" b="Y"/>
<point x="168.65" y="167.84" b="Y"/>
<point x="161.12" y="169.18" b="N"/>
<point x="153.64" y="170.31" b="N"/>
<point x="146.17" y="171.45" b="N"/>
<point x="138.69" y="172.58" b="N"/>
<point x="139.53" y="180.10" b="N"/>
<point x="133.56" y="184.74" b="N"/>
<point x="126.49" y="182.08" b="N"/>
<point x="125.06" y="174.65" b="N"/>
<point x="117.59" y="175.79" b="N"/>
<point x="110.11" y="176.92" b="N"/>
<point x="102.64" y="178.06" b="N"/>
<point x="108.06" y="183.33" b="N"/>
<point x="109.30" y="190.78" b="N"/>
<point x="105.88" y="197.53" b="N"/>
<point x="99.13" y="200.94" b="N"/>
<point x="91.68" y="199.68" b="N"/>
<point x="86.41" y="194.26" b="N"/>
<point x="85.39" y="186.77" b="N"/>
<point x="89.00" y="180.13" b="N"/>
<point x="81.53" y="181.26" b="N"/>
<point x="74.05" y="182.39" b="N"/>
<point x="66.58" y="183.53" b="N"/>
<point x="68.68" y="190.79" b="N"/>
<point x="66.56" y="198.04" b="N"/>
<point x="60.86" y="203.02" b="N"/>
<point x="53.39" y="204.15" b="N"/>
<point x="46.48" y="201.09" b="N"/>
<point x="42.29" y="194.80" b="N"/>
<point x="42.15" y="187.24" b="N"/>
<point x="34.67" y="188.37" b="N"/>
<point x="27.20" y="189.50" b="N"/>
<point x="19.73" y="190.64" b="N"/>
<point x="12.31" y="192.13" b="N"/>
<point x="7.50" y="186.31" b="N"/>
<point x="10.37" y="179.31" b="N"/>
<point x="17.89" y="178.54" b="N"/>
<point x="25.36" y="177.40" b="N"/>
<point x="32.84" y="176.27" b="N"/>
<point x="40.31" y="175.14" b="N"/>
<point x="44.50" y="168.84" b="N"/>
<point x="51.38" y="165.70" b="N"/>
<point x="58.87" y="166.66" b="N"/>
<point x="64.74" y="171.43" b="N"/>
<point x="72.22" y="170.29" b="N"/>
<point x="79.69" y="169.16" b="N"/>
<point x="87.16" y="168.02" b="N"/>
<point x="93.52" y="163.93" b="N"/>
<point x="100.80" y="165.96" b="N"/>
<point x="108.27" y="164.82" b="N"/>
<point x="115.75" y="163.69" b="N"/>
<point x="123.22" y="162.55" b="N"/>
<point x="129.57" y="158.45" b="N"/>
<point x="136.86" y="160.48" b="N"/>
<point x="144.33" y="159.35" b="N"/>
<point x="151.81" y="158.21" b="N"/>
<point x="159.28" y="157.08" b="N"/>
<point x="166.60" y="155.74" b="R"/>
<point x="174.23" y="154.81" b="N"/>
<point x="180.58" y="150.71" b="N"/>
<point x="187.86" y="152.74" b="N"/>
<point x="195.34" y="151.61" b="N"/>
<point x="202.81" y="150.47" b="N"/>
<point x="202.75" y="142.91" b="N"/>
<point x="203.49" y="135.39" b="N"/>
<point x="205.05" y="127.99" b="N"/>
<point x="207.45" y="120.60" b="Y"/>
<point x="210.50" y="113.91" b="N"/>
<point x="214.34" y="107.40" b="N"/>
<point x="218.91" y="101.12" b="Y"/>
<point x="223.99" y="95.79" b="N"/>
<point x="229.70" y="90.84" b="N"/>
<point x="235.91" y="86.53" b="N"/>
<point x="242.56" y="82.91" b="N"/>
<point x="249.55" y="80.04" b="N"/>
<point x="256.87" y="77.73" b="Y"/>
<point x="264.25" y="76.63" b="N"/>
<point x="271.65" y="75.92" b="R"/>
<point x="279.41" y="76.24" b="Y"/>
<point x="286.88" y="77.38" b="A"/>
<point x="293.77" y="79.31" b="G"/>
<point x="301.04" y="82.02" b="U"/>
<point x="307.97" y="85.48" b="Y"/>
<point x="314.28" y="89.64" b="A"/>
<point x="320.11" y="94.46" b="Y"/>
<point x="324.96" y="99.88" b="G"/>
<point x="331.49" y="95.43" b="Y"/>
<point x="337.39" y="90.98" b="R"/>
<point x="343.50" y="86.52" b="R"/>
<point x="349.76" y="82.28" b="N"/>
<point x="355.93" y="77.62" b="Y"/>
<point x="353.04" y="70.55" b="R"/>
<point x="351.99" y="63.29" b="N"/>
<point x="344.53" y="62.27" b="Y"/>
<point x="336.96" y="61.67" b="N"/>
<point x="329.44" y="60.85" b="N"/>
<point x="321.77" y="59.83" b="R"/>
<point x="314.41" y="59.23" b="N"/>
<point x="307.74" y="62.79" b="N"/>
<point x="300.38" y="61.06" b="N"/>
<point x="296.02" y="54.88" b="N"/>
<point x="296.83" y="47.37" b="N"/>
<point x="302.42" y="42.27" b="N"/>
<point x="309.98" y="42.15" b="N"/>
<point x="315.72" y="47.06" b="N"/>
<point x="323.30" y="47.66" b="Y"/>
<point x="330.76" y="48.68" b="N"/>
<point x="338.27" y="49.50" b="N"/>
<point x="345.64" y="50.10" b="R"/>
<point x="353.31" y="51.12" b="N"/>
<point x="356.13" y="43.88" b="Y"/>
<point x="360.26" y="37.55" b="A"/>
<point x="365.59" y="32.19" b="A"/>
<point x="371.68" y="28.01" b="C"/>
<point x="378.85" y="25.40" b="N"/>
<point x="386.29" y="24.06" b="N"/>
<point x="393.70" y="24.04" b="R"/>
<point x="401.27" y="25.75" b="A"/>
<point x="408.13" y="28.92" b="Y"/>
<point x="413.80" y="33.41" b="G"/>
<point x="418.85" y="39.04" b="G"/>
<point x="422.66" y="45.57" b="G"/>
<point x="425.07" y="52.73" b="G"/>
<point x="426.19" y="60.24" b="C"/>
<point x="425.56" y="67.77" b="U"/>
<point x="423.64" y="75.02" b="Y"/>
<point x="420.08" y="81.70" b="A"/>
<point x="415.25" y="87.51" b="Y"/>
<point x="409.14" y="92.23" b="U"/>
<point x="402.61" y="95.66" b="Y"/>
<point x="395.11" y="97.65" b="U"/>
<point x="395.31" y="105.21" b="Y"/>
<point x="395.11" y="112.77" b="R"/>
<point x="395.26" y="120.54" b="N"/>
<point x="395.26" y="128.10" b="N"/>
<point x="395.26" y="135.66" b="N"/>
<point x="395.26" y="143.22" b="N"/>
<point x="395.26" y="150.78" b="N"/>
<point x="395.26" y="158.34" b="N"/>
<point x="395.26" y="165.90" b="N"/>
</structure>