<structure>
<point x="26.08" y="188.28" b="N"/>
<point x="33.49" y="188.07" b="U"/>
<point x="38.62" y="182.72" b="G"/>
<point x="38.83" y="175.16" b="C"/>
<point x="39.04" y="167.60" b="A"/>
<point x="39.04" y="160.04" b="A"/>
<point x="39.04" y="152.49" b="A"/>
<point x="38.83" y="144.93" b="C"/>
<point x="31.54" y="142.95" b="U"/>
<point x="24.78" y="139.56" b="C"/>
<point x="18.62" y="134.90" b="G"/>
<point x="14.15" y="129.13" b="A"/>
<point x="10.30" y="122.51" b="U"/>
<point x="8.05" y="115.29" b="C"/>
<point x="7.50" y="107.77" b="A"/>
<point x="8.05" y="100.24" b="C"/>
<point x="10.30" y="93.03" b="U"/>
<point x="14.15" y="86.40" b="A"/>
<point x="18.62" y="80.64" b="G"/>
<point x="24.78" y="75.97" b="C"/>
<point x="31.54" y="72.58" b="U"/>
<point x="38.83" y="70.61" b="C"/>
<point x="38.83" y="63.05" b="U"/>
<point x="38.62" y="55.49" b="G"/>
<point x="38.83" y="47.93" b="C"/>
<point x="33.69" y="42.59" b="A"/>
<point x="32.00" y="35.17" b="U"/>
<point x="34.68" y="28.19" b="G"/>
<point x="41.38" y="23.98" b="A"/>
<point x="48.73" y="23.98" b="U"/>
<point x="54.81" y="28.19" b="G"/>
<point x="57.91" y="35.17" b="U"/>
<point x="56.58" y="42.79" b="N"/>
<point x="50.86" y="47.93" b="G"/>
<point x="51.07" y="55.49" b="C"/>
<point x="51.28" y="63.05" b="A"/>
<point x="50.86" y="70.61" b="G"/>
<point x="58.83" y="70.28" b="A"/>
<point x="66.30" y="71.48" b="A"/>
<point x="72.96" y="74.15" b="G"/>
<point x="79.56" y="78.18" b="C"/>
<point x="85.17" y="83.62" b="N"/>
<point x="89.53" y="89.63" b="A"/>
<point x="92.29" y="96.58" b="R"/>
<point x="93.59" y="103.99" b="G"/>
<point x="93.59" y="111.55" b="G"/>
<point x="92.08" y="118.95" b="G"/>
<point x="89.53" y="125.91" b="A"/>
<point x="85.23" y="132.12" b="A"/>
<point x="79.56" y="137.35" b="C"/>
<point x="73.17" y="141.38" b="C"/>
<point x="66.30" y="144.05" b="A"/>
<point x="58.42" y="145.25" b="G"/>
<point x="50.86" y="144.93" b="G"/>
<point x="51.07" y="152.49" b="U"/>
<point x="51.07" y="160.04" b="U"/>
<point x="51.07" y="167.60" b="U"/>
<point x="50.86" y="175.16" b="G"/>
<point x="51.07" y="182.72" b="C"/>
<point x="56.42" y="188.07" b="U"/>
<point x="64.19" y="188.07" b="A"/>
<point x="71.75" y="188.07" b="A"/>
<point x="79.31" y="188.07" b="A"/>
<point x="86.45" y="188.07" b="G"/>
<point x="94.22" y="188.07" b="U"/>
<point x="101.99" y="188.07" b="A"/>
<point x="109.55" y="188.07" b="A"/>
<point x="117.11" y="188.07" b="Y"/>
<point x="124.46" y="188.07" b="U"/>
<point x="132.02" y="188.07" b="R"/>
<point x="139.58" y="188.07" b="U"/>
<point x="146.93" y="188.07" b="G"/>
<point x="154.49" y="188.07" b="G"/>
<point x="162.41" y="188.28" b="N"/>
<point x="167.40" y="182.72" b="G"/>
<point x="167.81" y="175.16" b="A"/>
<point x="167.60" y="167.60" b="U"/>
<point x="167.81" y="160.04" b="A"/>
<point x="167.40" y="152.49" b="G"/>
<point x="167.60" y="144.93" b="R"/>
<point x="167.81" y="137.37" b="A"/>
<point x="160.26" y="136.93" b="A"/>
<point x="153.08" y="134.02" b="U"/>
<point x="147.45" y="128.98" b="R"/>
<point x="143.79" y="122.36" b="U"/>
<point x="142.53" y="114.91" b="R"/>
<point x="143.79" y="107.45" b="U"/>
<point x="147.65" y="100.83" b="Y"/>
<point x="153.28" y="95.79" b="A"/>
<point x="159.85" y="92.88" b="G"/>
<point x="167.60" y="92.44" b="C"/>
<point x="167.60" y="84.88" b="C"/>
<point x="167.60" y="77.32" b="U"/>
<point x="167.60" y="69.76" b="C"/>
<point x="167.81" y="62.20" b="A"/>
<point x="167.40" y="54.64" b="G"/>
<point x="163.55" y="48.40" b="A"/>
<point x="164.43" y="41.11" b="N"/>
<point x="169.94" y="35.90" b="R"/>
<point x="177.71" y="35.90" b="Y"/>
<point x="183.17" y="40.90" b="U"/>
<point x="184.31" y="48.40" b="A"/>
<point x="179.84" y="54.64" b="C"/>
<point x="179.84" y="62.20" b="U"/>
<point x="179.63" y="69.76" b="G"/>
<point x="180.05" y="77.32" b="A"/>
<point x="179.63" y="84.88" b="G"/>
<point x="179.63" y="92.44" b="G"/>
<point x="186.93" y="95.59" b="Y"/>
<point x="192.37" y="100.98" b="N"/>
<point x="195.57" y="107.44" b="G"/>
<point x="197.21" y="114.91" b="Y"/>
<point x="195.98" y="122.36" b="Y"/>
<point x="192.43" y="129.04" b="Y"/>
<point x="186.72" y="134.22" b="R"/>
<point x="179.84" y="137.37" b="U"/>
<point x="179.84" y="144.93" b="U"/>
<point x="179.84" y="152.49" b="C"/>
<point x="179.84" y="160.04" b="U"/>
<point x="179.84" y="167.60" b="R"/>
<point x="179.84" y="175.16" b="U"/>
<point x="179.84" y="182.72" b="C"/>
<point x="185.19" y="188.07" b="C"/>
<point x="192.96" y="188.07" b="Y"/>
<point x="200.52" y="188.07" b="A"/>
<point x="208.02" y="188.28" b="N"/>
<point x="215.64" y="188.07" b="Y"/>
<point x="223.20" y="188.07" b="A"/>
<point x="230.55" y="188.07" b="C"/>
<point x="238.32" y="188.07" b="A"/>
<point x="245.67" y="188.07" b="R"/>
<point x="253.38" y="188.28" b="N"/>
<point x="260.79" y="188.07" b="R"/>
</structure>