<structure>
<point x="87.73" y="234.04" b="N"/>
<point x="87.73" y="226.48" b="N"/>
<point x="87.73" y="218.92" b="N"/>
<point x="87.58" y="211.16" b="U"/>
<point x="87.37" y="203.59" b="G"/>
<point x="87.58" y="196.03" b="R"/>
<point x="80.22" y="195.38" b="N"/>
<point x="72.66" y="193.65" b="R"/>
<point x="65.57" y="191.69" b="N"/>
<point x="58.18" y="188.69" b="G"/>
<point x="51.85" y="185.30" b="A"/>
<point x="45.21" y="181.32" b="U"/>
<point x="38.94" y="176.80" b="G"/>
<point x="33.72" y="171.76" b="A"/>
<point x="28.34" y="166.25" b="U"/>
<point x="23.87" y="160.31" b="A"/>
<point x="19.74" y="153.98" b="A"/>
<point x="16.12" y="147.52" b="N"/>
<point x="13.15" y="140.56" b="N"/>
<point x="10.81" y="133.38" b="N"/>
<point x="9.16" y="125.81" b="Y"/>
<point x="7.89" y="118.32" b="U"/>
<point x="7.50" y="110.77" b="U"/>
<point x="7.92" y="103.42" b="N"/>
<point x="8.85" y="95.92" b="N"/>
<point x="10.28" y="88.32" b="C"/>
<point x="12.51" y="81.09" b="R"/>
<point x="15.15" y="74.09" b="G"/>
<point x="18.96" y="67.57" b="N"/>
<point x="22.99" y="61.18" b="N"/>
<point x="27.61" y="54.95" b="A"/>
<point x="32.70" y="49.35" b="Y"/>
<point x="38.20" y="44.43" b="N"/>
<point x="44.23" y="39.60" b="Y"/>
<point x="50.54" y="35.73" b="N"/>
<point x="57.24" y="32.22" b="N"/>
<point x="64.22" y="29.31" b="N"/>
<point x="71.42" y="27.03" b="N"/>
<point x="78.80" y="25.38" b="N"/>
<point x="86.35" y="24.18" b="A"/>
<point x="93.85" y="24.06" b="N"/>
<point x="101.40" y="24.39" b="N"/>
<point x="108.95" y="25.17" b="Y"/>
<point x="116.28" y="27.03" b="N"/>
<point x="123.48" y="29.31" b="N"/>
<point x="130.31" y="32.01" b="U"/>
<point x="137.16" y="35.73" b="N"/>
<point x="143.37" y="39.60" b="R"/>
<point x="149.50" y="44.43" b="N"/>
<point x="155.06" y="49.56" b="N"/>
<point x="160.14" y="55.16" b="N"/>
<point x="164.77" y="60.97" b="A"/>
<point x="168.80" y="67.37" b="A"/>
<point x="172.25" y="74.09" b="A"/>
<point x="175.10" y="81.09" b="A"/>
<point x="177.32" y="88.32" b="Y"/>
<point x="178.70" y="95.71" b="U"/>
<point x="179.84" y="103.22" b="Y"/>
<point x="180.10" y="110.77" b="A"/>
<point x="179.29" y="118.32" b="G"/>
<point x="178.60" y="126.01" b="N"/>
<point x="176.74" y="133.17" b="C"/>
<point x="174.40" y="140.36" b="U"/>
<point x="171.64" y="147.31" b="A"/>
<point x="167.87" y="153.98" b="C"/>
<point x="163.94" y="160.31" b="A"/>
<point x="159.27" y="166.25" b="A"/>
<point x="153.88" y="171.76" b="U"/>
<point x="148.25" y="176.80" b="U"/>
<point x="142.40" y="181.32" b="A"/>
<point x="135.76" y="185.30" b="U"/>
<point x="129.00" y="188.69" b="C"/>
<point x="121.98" y="191.48" b="U"/>
<point x="114.52" y="193.65" b="G"/>
<point x="107.53" y="195.17" b="A"/>
<point x="100.03" y="196.03" b="Y"/>
<point x="100.03" y="203.59" b="Y"/>
<point x="100.03" y="211.16" b="A"/>
<point x="99.82" y="218.72" b="R"/>
<point x="99.97" y="226.48" b="N"/>
<point x="99.97" y="234.04" b="N"/>
</structure>