<structure>
<point x="181.70" y="483.61" b="G"/>
<point x="181.91" y="476.05" b="U"/>
<point x="181.91" y="468.49" b="C"/>
<point x="181.91" y="460.93" b="C"/>
<point x="181.91" y="453.37" b="C"/>
<point x="175.00" y="456.44" b="R"/>
<point x="167.71" y="459.07" b="G"/>
<point x="160.68" y="461.26" b="U"/>
<point x="153.11" y="462.99" b="G"/>
<point x="146.07" y="464.26" b="A"/>
<point x="138.35" y="465.07" b="R"/>
<point x="130.59" y="465.41" b="G"/>
<point x="123.44" y="465.28" b="A"/>
<point x="115.85" y="464.89" b="N"/>
<point x="108.42" y="463.61" b="Y"/>
<point x="100.81" y="462.08" b="C"/>
<point x="93.73" y="460.10" b="Y"/>
<point x="86.57" y="457.66" b="A"/>
<point x="79.58" y="454.79" b="A"/>
<point x="72.36" y="451.48" b="G"/>
<point x="66.20" y="447.76" b="A"/>
<point x="59.65" y="443.64" b="C"/>
<point x="53.58" y="439.14" b="C"/>
<point x="48.01" y="434.26" b="A"/>
<point x="42.34" y="429.04" b="U"/>
<point x="37.42" y="423.48" b="A"/>
<point x="32.23" y="417.62" b="G"/>
<point x="27.82" y="411.48" b="G"/>
<point x="24.23" y="405.07" b="A"/>
<point x="20.62" y="398.42" b="A"/>
<point x="17.02" y="391.57" b="G"/>
<point x="14.48" y="384.52" b="U"/>
<point x="11.96" y="377.33" b="G"/>
<point x="10.31" y="370.00" b="C"/>
<point x="8.91" y="362.57" b="C"/>
<point x="7.76" y="355.07" b="G"/>
<point x="7.50" y="347.52" b="U"/>
<point x="7.65" y="340.17" b="N"/>
<point x="7.97" y="332.42" b="U"/>
<point x="8.70" y="324.92" b="G"/>
<point x="10.51" y="317.49" b="A"/>
<point x="12.17" y="310.16" b="C"/>
<point x="14.69" y="302.96" b="A"/>
<point x="17.23" y="295.92" b="C"/>
<point x="20.42" y="289.06" b="U"/>
<point x="24.17" y="282.63" b="N"/>
<point x="28.24" y="276.01" b="Y"/>
<point x="32.64" y="269.87" b="A"/>
<point x="37.42" y="264.00" b="A"/>
<point x="42.55" y="258.45" b="A"/>
<point x="47.80" y="253.22" b="C"/>
<point x="53.79" y="248.35" b="A"/>
<point x="59.44" y="243.84" b="G"/>
<point x="65.99" y="239.72" b="C"/>
<point x="72.78" y="236.00" b="A"/>
<point x="79.16" y="232.70" b="G"/>
<point x="86.36" y="229.82" b="C"/>
<point x="93.52" y="227.39" b="U"/>
<point x="100.61" y="225.40" b="G"/>
<point x="108.22" y="223.87" b="C"/>
<point x="115.91" y="222.81" b="Y"/>
<point x="123.24" y="222.21" b="U"/>
<point x="131.00" y="222.08" b="Y"/>
<point x="138.35" y="222.41" b="U"/>
<point x="145.87" y="223.22" b="C"/>
<point x="153.32" y="224.50" b="U"/>
<point x="160.68" y="226.23" b="C"/>
<point x="168.06" y="228.62" b="N"/>
<point x="175.15" y="231.25" b="N"/>
<point x="182.12" y="234.11" b="Y"/>
<point x="181.91" y="226.55" b="U"/>
<point x="181.70" y="218.99" b="G"/>
<point x="181.91" y="211.43" b="C"/>
<point x="182.12" y="203.87" b="A"/>
<point x="181.91" y="196.31" b="R"/>
<point x="181.70" y="188.75" b="G"/>
<point x="181.91" y="181.19" b="U"/>
<point x="181.70" y="173.63" b="G"/>
<point x="181.91" y="166.07" b="U"/>
<point x="181.91" y="158.51" b="C"/>
<point x="181.91" y="150.95" b="C"/>
<point x="182.12" y="143.39" b="A"/>
<point x="181.91" y="135.83" b="U"/>
<point x="181.91" y="128.27" b="C"/>
<point x="181.91" y="120.71" b="C"/>
<point x="174.86" y="117.98" b="U"/>
<point x="171.92" y="111.02" b="U"/>
<point x="175.07" y="104.05" b="Y"/>
<point x="181.70" y="101.32" b="G"/>
<point x="182.12" y="93.76" b="A"/>
<point x="181.91" y="86.20" b="C"/>
<point x="181.91" y="78.64" b="C"/>
<point x="182.12" y="71.08" b="A"/>
<point x="175.37" y="67.30" b="U"/>
<point x="182.12" y="63.52" b="A"/>
<point x="182.12" y="55.96" b="A"/>
<point x="181.91" y="48.40" b="C"/>
<point x="181.91" y="40.84" b="C"/>
<point x="178.51" y="34.09" b="U"/>
<point x="181.09" y="26.98" b="U"/>
<point x="188.03" y="23.98" b="U"/>
<point x="194.76" y="26.98" b="G"/>
<point x="197.55" y="34.09" b="U"/>
<point x="193.94" y="40.84" b="G"/>
<point x="193.94" y="48.40" b="G"/>
<point x="194.15" y="55.96" b="U"/>
<point x="194.15" y="63.52" b="U"/>
<point x="194.15" y="71.08" b="U"/>
<point x="193.94" y="78.64" b="G"/>
<point x="193.94" y="86.20" b="G"/>
<point x="194.15" y="93.76" b="U"/>
<point x="194.15" y="101.32" b="C"/>
<point x="199.01" y="107.44" b="N"/>
<point x="199.01" y="115.00" b="N"/>
<point x="193.94" y="120.71" b="G"/>
<point x="193.94" y="128.27" b="G"/>
<point x="194.30" y="136.04" b="N"/>
<point x="194.15" y="143.39" b="U"/>
<point x="193.94" y="150.95" b="G"/>
<point x="193.94" y="158.51" b="G"/>
<point x="194.36" y="166.07" b="A"/>
<point x="199.85" y="161.36" b="G"/>
<point x="207.64" y="163.04" b="Y"/>
<point x="210.86" y="170.06" b="N"/>
<point x="207.43" y="176.66" b="C"/>
<point x="200.06" y="178.35" b="C"/>
<point x="194.15" y="173.63" b="C"/>
<point x="194.36" y="181.19" b="A"/>
<point x="194.15" y="188.75" b="U"/>
<point x="194.36" y="196.31" b="Y"/>
<point x="194.15" y="203.87" b="U"/>
<point x="193.94" y="211.43" b="G"/>
<point x="194.15" y="218.99" b="C"/>
<point x="194.36" y="226.55" b="A"/>
<point x="194.15" y="234.11" b="R"/>
<point x="201.89" y="234.79" b="Y"/>
<point x="209.15" y="235.99" b="U"/>
<point x="216.30" y="237.70" b="G"/>
<point x="223.89" y="240.12" b="N"/>
<point x="230.80" y="242.61" b="U"/>
<point x="237.66" y="245.80" b="U"/>
<point x="244.28" y="249.44" b="R"/>
<point x="250.78" y="253.74" b="N"/>
<point x="256.69" y="258.06" b="U"/>
<point x="262.43" y="262.99" b="U"/>
<point x="267.81" y="268.30" b="C"/>
<point x="272.81" y="273.96" b="R"/>
<point x="277.20" y="279.96" b="G"/>
<point x="281.74" y="286.47" b="N"/>
<point x="285.32" y="292.84" b="U"/>
<point x="288.38" y="299.65" b="G"/>
<point x="291.39" y="306.68" b="U"/>
<point x="293.48" y="313.88" b="G"/>
<point x="295.50" y="321.22" b="U"/>
<point x="296.58" y="328.67" b="G"/>
<point x="297.57" y="336.19" b="U"/>
<point x="297.62" y="343.74" b="G"/>
<point x="297.57" y="351.30" b="U"/>
<point x="296.58" y="358.82" b="G"/>
<point x="295.70" y="366.27" b="A"/>
<point x="293.69" y="373.61" b="U"/>
<point x="291.39" y="380.81" b="U"/>
<point x="288.59" y="387.83" b="U"/>
<point x="285.32" y="394.65" b="U"/>
<point x="281.79" y="401.22" b="A"/>
<point x="277.62" y="407.52" b="A"/>
<point x="272.96" y="413.73" b="N"/>
<point x="267.81" y="419.19" b="C"/>
<point x="262.22" y="424.50" b="G"/>
<point x="256.48" y="429.43" b="G"/>
<point x="250.43" y="433.95" b="G"/>
<point x="244.28" y="438.04" b="U"/>
<point x="237.66" y="441.69" b="C"/>
<point x="230.80" y="444.87" b="U"/>
<point x="223.74" y="447.58" b="C"/>
<point x="216.51" y="449.79" b="U"/>
<point x="208.94" y="451.50" b="G"/>
<point x="201.89" y="452.69" b="A"/>
<point x="193.94" y="453.37" b="G"/>
<point x="193.94" y="460.93" b="G"/>
<point x="193.94" y="468.49" b="G"/>
<point x="194.36" y="476.05" b="A"/>
<point x="194.36" y="483.61" b="Y"/>
</structure>