<structure>
<point x="19.45" y="114.95" b="C"/>
<point x="27.22" y="114.95" b="Y"/>
<point x="32.36" y="109.61" b="R"/>
<point x="32.36" y="102.05" b="R"/>
<point x="32.15" y="94.49" b="G"/>
<point x="32.15" y="86.93" b="G"/>
<point x="32.51" y="79.57" b="N"/>
<point x="32.51" y="72.01" b="N"/>
<point x="32.57" y="64.25" b="Y"/>
<point x="32.36" y="56.69" b="C"/>
<point x="32.57" y="49.13" b="Y"/>
<point x="29.11" y="42.58" b="N"/>
<point x="31.69" y="35.48" b="N"/>
<point x="38.48" y="32.27" b="C"/>
<point x="45.57" y="35.48" b="N"/>
<point x="48.21" y="42.37" b="Y"/>
<point x="44.39" y="49.13" b="G"/>
<point x="44.60" y="56.69" b="R"/>
<point x="44.39" y="64.25" b="G"/>
<point x="44.60" y="71.81" b="R"/>
<point x="44.75" y="79.57" b="N"/>
<point x="44.60" y="86.93" b="C"/>
<point x="44.60" y="94.49" b="C"/>
<point x="44.81" y="102.05" b="Y"/>
<point x="44.75" y="109.81" b="N"/>
<point x="49.74" y="114.95" b="G"/>
<point x="57.30" y="114.95" b="G"/>
<point x="65.07" y="114.95" b="R"/>
<point x="72.83" y="114.95" b="A"/>
<point x="79.98" y="114.95" b="G"/>
<point x="87.75" y="114.95" b="C"/>
<point x="95.51" y="114.95" b="A"/>
<point x="100.65" y="109.61" b="U"/>
<point x="100.65" y="102.05" b="C"/>
<point x="93.34" y="103.49" b="N"/>
<point x="86.82" y="99.67" b="N"/>
<point x="84.25" y="92.56" b="N"/>
<point x="86.88" y="85.24" b="A"/>
<point x="92.98" y="81.42" b="G"/>
<point x="100.44" y="82.65" b="G"/>
<point x="100.65" y="75.09" b="U"/>
<point x="100.65" y="67.53" b="C"/>
<point x="100.65" y="59.97" b="U"/>
<point x="100.65" y="52.41" b="C"/>
<point x="100.65" y="44.85" b="C"/>
<point x="100.65" y="37.29" b="C"/>
<point x="98.69" y="30.05" b="A"/>
<point x="103.20" y="23.98" b="Y"/>
<point x="110.34" y="23.98" b="G"/>
<point x="115.06" y="30.05" b="U"/>
<point x="112.68" y="37.29" b="G"/>
<point x="112.68" y="44.85" b="G"/>
<point x="112.68" y="52.41" b="G"/>
<point x="113.10" y="59.97" b="A"/>
<point x="112.68" y="67.53" b="G"/>
<point x="113.10" y="75.09" b="A"/>
<point x="112.89" y="82.65" b="C"/>
<point x="117.60" y="88.57" b="R"/>
<point x="117.80" y="96.13" b="A"/>
<point x="112.68" y="102.05" b="G"/>
<point x="113.10" y="109.61" b="A"/>
<point x="118.24" y="114.95" b="C"/>
<point x="126.00" y="114.95" b="A"/>
<point x="133.51" y="115.16" b="N"/>
<point x="140.92" y="114.95" b="C"/>
<point x="148.48" y="114.95" b="C"/>
<point x="153.82" y="109.61" b="C"/>
<point x="153.82" y="102.05" b="U"/>
<point x="153.61" y="94.49" b="G"/>
<point x="153.82" y="86.93" b="U"/>
<point x="153.82" y="79.37" b="U"/>
<point x="153.82" y="71.81" b="U"/>
<point x="154.03" y="64.25" b="A"/>
<point x="154.03" y="56.69" b="A"/>
<point x="153.46" y="49.13" b="U"/>
<point x="160.15" y="45.25" b="A"/>
<point x="166.43" y="49.13" b="U"/>
<point x="166.06" y="56.69" b="U"/>
<point x="166.06" y="64.25" b="U"/>
<point x="166.27" y="71.81" b="A"/>
<point x="166.27" y="79.37" b="A"/>
<point x="166.27" y="86.93" b="A"/>
<point x="166.06" y="94.49" b="C"/>
<point x="166.27" y="102.05" b="A"/>
<point x="165.85" y="109.61" b="G"/>
<point x="171.41" y="114.95" b="C"/>
<point x="179.18" y="114.95" b="A"/>
<point x="186.32" y="114.95" b="G"/>
<point x="194.09" y="114.95" b="U"/>
<point x="201.44" y="114.95" b="G"/>
<point x="209.21" y="114.95" b="U"/>
<point x="216.77" y="114.95" b="U"/>
<point x="224.33" y="114.95" b="C"/>
<point x="231.89" y="114.95" b="C"/>
<point x="239.45" y="114.95" b="C"/>
<point x="247.22" y="114.95" b="Y"/>
</structure>