<structure>
<point x="19.66" y="110.68" b="A"/>
<point x="27.16" y="110.89" b="N"/>
<point x="34.37" y="110.68" b="G"/>
<point x="41.92" y="110.68" b="G"/>
<point x="49.90" y="110.68" b="A"/>
<point x="57.46" y="110.68" b="Y"/>
<point x="64.97" y="110.89" b="N"/>
<point x="72.58" y="110.68" b="Y"/>
<point x="80.09" y="110.89" b="N"/>
<point x="85.07" y="105.33" b="G"/>
<point x="85.28" y="97.77" b="C"/>
<point x="85.07" y="90.21" b="G"/>
<point x="85.28" y="82.65" b="C"/>
<point x="82.09" y="75.90" b="A"/>
<point x="84.25" y="68.79" b="G"/>
<point x="91.19" y="65.80" b="G"/>
<point x="98.55" y="68.79" b="A"/>
<point x="101.13" y="75.90" b="A"/>
<point x="97.31" y="82.65" b="G"/>
<point x="97.52" y="90.21" b="C"/>
<point x="97.31" y="97.77" b="G"/>
<point x="97.52" y="105.33" b="C"/>
<point x="103.02" y="110.89" b="N"/>
<point x="110.58" y="110.89" b="N"/>
<point x="118.14" y="110.89" b="N"/>
<point x="125.55" y="110.68" b="R"/>
<point x="133.11" y="110.68" b="R"/>
<point x="140.87" y="110.68" b="A"/>
<point x="148.38" y="110.89" b="N"/>
<point x="155.99" y="110.68" b="A"/>
<point x="163.50" y="110.89" b="N"/>
<point x="171.06" y="110.89" b="N"/>
<point x="178.67" y="110.68" b="A"/>
<point x="186.03" y="110.68" b="C"/>
<point x="193.74" y="110.89" b="N"/>
<point x="201.15" y="110.68" b="R"/>
<point x="208.50" y="110.68" b="G"/>
<point x="216.06" y="110.68" b="G"/>
<point x="224.03" y="110.68" b="A"/>
<point x="231.39" y="110.68" b="C"/>
<point x="239.15" y="110.68" b="A"/>
<point x="246.51" y="110.68" b="C"/>
<point x="254.07" y="110.68" b="R"/>
<point x="261.83" y="110.68" b="Y"/>
<point x="269.34" y="110.89" b="N"/>
<point x="276.54" y="110.68" b="G"/>
<point x="284.10" y="110.68" b="G"/>
<point x="291.87" y="110.68" b="R"/>
<point x="299.58" y="110.89" b="N"/>
<point x="306.99" y="110.68" b="R"/>
<point x="314.70" y="110.89" b="N"/>
<point x="320.10" y="105.33" b="Y"/>
<point x="319.89" y="97.77" b="C"/>
<point x="320.04" y="90.42" b="N"/>
<point x="320.04" y="82.86" b="N"/>
<point x="319.89" y="75.09" b="C"/>
<point x="315.78" y="69.06" b="N"/>
<point x="316.71" y="61.55" b="N"/>
<point x="322.02" y="56.34" b="G"/>
<point x="329.58" y="56.34" b="G"/>
<point x="335.67" y="61.35" b="A"/>
<point x="336.60" y="68.85" b="Y"/>
<point x="331.92" y="75.09" b="G"/>
<point x="331.92" y="82.65" b="G"/>
<point x="332.34" y="90.21" b="Y"/>
<point x="331.92" y="97.77" b="G"/>
<point x="331.92" y="105.33" b="G"/>
<point x="337.63" y="110.89" b="N"/>
<point x="345.04" y="110.68" b="R"/>
<point x="352.75" y="110.89" b="N"/>
<point x="360.16" y="110.68" b="R"/>
<point x="367.87" y="110.89" b="N"/>
<point x="375.43" y="110.89" b="N"/>
<point x="383.04" y="110.68" b="A"/>
<point x="390.55" y="110.89" b="N"/>
<point x="397.75" y="110.68" b="G"/>
<point x="405.31" y="110.68" b="G"/>
<point x="413.28" y="110.68" b="A"/>
<point x="420.64" y="110.68" b="U"/>
<point x="427.99" y="110.68" b="G"/>
<point x="435.76" y="110.68" b="U"/>
<point x="443.32" y="110.68" b="C"/>
<point x="451.08" y="110.68" b="A"/>
<point x="458.23" y="110.68" b="G"/>
<point x="465.79" y="110.68" b="G"/>
<point x="473.56" y="110.68" b="R"/>
<point x="481.27" y="110.89" b="N"/>
<point x="488.83" y="110.89" b="N"/>
<point x="496.24" y="110.68" b="R"/>
<point x="503.80" y="110.68" b="C"/>
<point x="511.56" y="110.68" b="A"/>
<point x="518.71" y="110.68" b="G"/>
<point x="526.48" y="110.68" b="U"/>
<point x="534.04" y="110.68" b="C"/>
<point x="541.60" y="110.68" b="U"/>
<point x="548.95" y="110.68" b="G"/>
<point x="556.87" y="110.89" b="N"/>
<point x="562.27" y="105.33" b="A"/>
<point x="562.27" y="97.77" b="A"/>
<point x="562.06" y="90.21" b="R"/>
<point x="562.06" y="82.65" b="R"/>
<point x="562.06" y="75.09" b="C"/>
<point x="562.06" y="67.53" b="C"/>
<point x="562.06" y="59.97" b="C"/>
<point x="562.06" y="52.41" b="C"/>
<point x="561.85" y="44.85" b="G"/>
<point x="562.06" y="37.29" b="C"/>
<point x="560.04" y="30.26" b="N"/>
<point x="564.55" y="24.19" b="N"/>
<point x="572.17" y="23.98" b="Y"/>
<point x="576.63" y="30.26" b="N"/>
<point x="574.09" y="37.29" b="G"/>
<point x="574.30" y="44.85" b="C"/>
<point x="574.09" y="52.41" b="G"/>
<point x="574.09" y="59.97" b="G"/>
<point x="574.09" y="67.53" b="G"/>
<point x="574.09" y="75.09" b="G"/>
<point x="574.30" y="82.65" b="U"/>
<point x="574.30" y="90.21" b="U"/>
<point x="574.30" y="97.77" b="U"/>
<point x="574.30" y="105.33" b="U"/>
</structure>