<structure>
<point x="33.41" y="238.30" b="N"/>
<point x="33.41" y="230.74" b="N"/>
<point x="33.41" y="223.18" b="N"/>
<point x="33.47" y="215.41" b="A"/>
<point x="33.41" y="208.06" b="N"/>
<point x="33.41" y="200.50" b="N"/>
<point x="33.26" y="192.73" b="R"/>
<point x="33.26" y="185.17" b="U"/>
<point x="33.05" y="177.61" b="G"/>
<point x="25.72" y="177.13" b="U"/>
<point x="19.13" y="173.08" b="G"/>
<point x="15.90" y="166.45" b="A"/>
<point x="15.69" y="158.89" b="U"/>
<point x="19.34" y="152.27" b="C"/>
<point x="25.72" y="148.22" b="U"/>
<point x="33.26" y="147.74" b="U"/>
<point x="33.26" y="140.18" b="R"/>
<point x="33.47" y="132.62" b="Y"/>
<point x="33.26" y="125.06" b="U"/>
<point x="33.41" y="117.71" b="N"/>
<point x="33.41" y="110.15" b="N"/>
<point x="33.41" y="102.59" b="N"/>
<point x="33.41" y="95.03" b="N"/>
<point x="33.41" y="87.47" b="N"/>
<point x="26.21" y="85.16" b="N"/>
<point x="19.75" y="81.24" b="N"/>
<point x="14.38" y="75.91" b="N"/>
<point x="10.41" y="69.48" b="N"/>
<point x="8.11" y="62.09" b="A"/>
<point x="7.50" y="54.55" b="A"/>
<point x="8.67" y="47.08" b="A"/>
<point x="11.49" y="40.30" b="N"/>
<point x="15.92" y="34.18" b="N"/>
<point x="21.52" y="29.05" b="U"/>
<point x="28.40" y="25.82" b="N"/>
<point x="35.75" y="24.06" b="N"/>
<point x="43.31" y="24.06" b="N"/>
<point x="50.66" y="25.82" b="N"/>
<point x="57.25" y="29.05" b="R"/>
<point x="63.14" y="34.18" b="N"/>
<point x="67.63" y="40.09" b="Y"/>
<point x="70.45" y="47.29" b="N"/>
<point x="71.62" y="54.76" b="N"/>
<point x="70.86" y="62.09" b="R"/>
<point x="68.71" y="69.27" b="A"/>
<point x="64.74" y="75.70" b="A"/>
<point x="59.31" y="81.24" b="N"/>
<point x="52.70" y="84.95" b="R"/>
<point x="45.65" y="87.47" b="N"/>
<point x="45.65" y="95.03" b="N"/>
<point x="45.65" y="102.59" b="N"/>
<point x="45.65" y="110.15" b="N"/>
<point x="45.65" y="117.71" b="N"/>
<point x="45.71" y="125.06" b="A"/>
<point x="45.50" y="132.62" b="R"/>
<point x="45.50" y="140.18" b="U"/>
<point x="45.71" y="147.74" b="A"/>
<point x="51.78" y="152.37" b="N"/>
<point x="55.07" y="158.89" b="U"/>
<point x="54.86" y="166.45" b="G"/>
<point x="51.63" y="173.19" b="C"/>
<point x="45.50" y="177.61" b="U"/>
<point x="45.71" y="185.17" b="A"/>
<point x="45.71" y="192.73" b="Y"/>
<point x="45.65" y="200.50" b="N"/>
<point x="45.65" y="208.06" b="N"/>
<point x="45.50" y="215.41" b="U"/>
<point x="45.65" y="223.18" b="N"/>
<point x="45.65" y="230.74" b="N"/>
<point x="45.65" y="238.30" b="N"/>
<point x="50.85" y="243.44" b="R"/>
<point x="58.56" y="243.64" b="N"/>
<point x="66.12" y="243.64" b="N"/>
<point x="73.68" y="243.64" b="N"/>
<point x="81.24" y="243.64" b="N"/>
<point x="88.80" y="243.64" b="N"/>
<point x="96.36" y="243.64" b="N"/>
<point x="103.77" y="243.44" b="U"/>
<point x="111.33" y="243.44" b="U"/>
<point x="116.67" y="238.09" b="R"/>
<point x="116.82" y="230.74" b="N"/>
<point x="116.88" y="222.97" b="Y"/>
<point x="116.67" y="215.41" b="U"/>
<point x="114.71" y="208.17" b="A"/>
<point x="119.01" y="202.10" b="U"/>
<point x="126.57" y="202.10" b="U"/>
<point x="131.09" y="208.17" b="U"/>
<point x="129.12" y="215.41" b="A"/>
<point x="128.70" y="222.97" b="G"/>
<point x="129.06" y="230.74" b="N"/>
<point x="129.12" y="238.09" b="Y"/>
<point x="134.26" y="243.44" b="U"/>
<point x="141.82" y="243.44" b="U"/>
<point x="149.59" y="243.44" b="A"/>
<point x="156.94" y="243.44" b="C"/>
<point x="164.71" y="243.44" b="Y"/>
<point x="170.00" y="238.30" b="N"/>
<point x="170.05" y="230.53" b="Y"/>
<point x="170.05" y="222.97" b="Y"/>
<point x="169.84" y="215.41" b="C"/>
<point x="166.95" y="208.51" b="A"/>
<point x="169.84" y="201.62" b="R"/>
<point x="169.63" y="194.06" b="G"/>
<point x="170.05" y="186.50" b="A"/>
<point x="169.84" y="178.94" b="U"/>
<point x="169.63" y="171.38" b="G"/>
<point x="162.45" y="171.16" b="N"/>
<point x="157.25" y="165.67" b="N"/>
<point x="157.25" y="158.11" b="N"/>
<point x="162.45" y="152.62" b="N"/>
<point x="170.00" y="152.19" b="N"/>
<point x="170.00" y="144.63" b="N"/>
<point x="170.00" y="137.07" b="N"/>
<point x="169.63" y="129.31" b="G"/>
<point x="166.44" y="122.55" b="C"/>
<point x="169.23" y="115.45" b="A"/>
<point x="175.75" y="112.45" b="G"/>
<point x="183.11" y="115.45" b="Y"/>
<point x="185.49" y="122.55" b="C"/>
<point x="182.09" y="129.31" b="C"/>
<point x="182.23" y="137.07" b="N"/>
<point x="182.23" y="144.63" b="N"/>
<point x="182.29" y="151.99" b="Y"/>
<point x="187.00" y="157.90" b="A"/>
<point x="187.00" y="165.46" b="A"/>
<point x="182.23" y="171.59" b="N"/>
<point x="182.29" y="178.94" b="A"/>
<point x="182.09" y="186.50" b="U"/>
<point x="182.09" y="194.06" b="C"/>
<point x="182.29" y="201.62" b="Y"/>
<point x="185.39" y="208.51" b="A"/>
<point x="181.88" y="215.41" b="G"/>
<point x="182.09" y="222.97" b="R"/>
<point x="182.09" y="230.53" b="R"/>
<point x="182.23" y="238.30" b="N"/>
<point x="187.58" y="243.64" b="N"/>
<point x="195.14" y="243.64" b="N"/>
<point x="202.70" y="243.64" b="N"/>
<point x="210.32" y="243.44" b="Y"/>
<point x="217.82" y="243.64" b="N"/>
<point x="225.38" y="243.64" b="N"/>
<point x="232.94" y="243.64" b="N"/>
<point x="240.50" y="243.64" b="N"/>
<point x="248.12" y="243.44" b="Y"/>
<point x="255.62" y="243.64" b="N"/>
<point x="263.18" y="243.64" b="N"/>
<point x="268.53" y="238.30" b="N"/>
<point x="268.53" y="230.74" b="N"/>
<point x="268.53" y="223.18" b="N"/>
<point x="268.58" y="215.41" b="Y"/>
<point x="268.53" y="208.06" b="N"/>
<point x="261.54" y="205.12" b="Y"/>
<point x="258.38" y="198.15" b="R"/>
<point x="261.48" y="191.40" b="N"/>
<point x="268.58" y="188.46" b="A"/>
<point x="268.53" y="181.10" b="N"/>
<point x="268.53" y="173.54" b="N"/>
<point x="268.38" y="165.78" b="U"/>
<point x="264.11" y="159.53" b="U"/>
<point x="265.05" y="152.03" b="R"/>
<point x="270.72" y="147.03" b="R"/>
<point x="278.07" y="147.03" b="G"/>
<point x="283.94" y="152.03" b="U"/>
<point x="285.03" y="159.74" b="N"/>
<point x="280.41" y="165.78" b="G"/>
<point x="280.77" y="173.54" b="N"/>
<point x="280.77" y="181.10" b="N"/>
<point x="280.62" y="188.46" b="U"/>
<point x="285.32" y="194.37" b="U"/>
<point x="285.47" y="202.14" b="N"/>
<point x="280.77" y="208.06" b="N"/>
<point x="280.62" y="215.41" b="R"/>
<point x="280.77" y="223.18" b="N"/>
<point x="280.77" y="230.74" b="N"/>
<point x="280.77" y="238.30" b="N"/>
<point x="286.11" y="243.64" b="N"/>
<point x="293.67" y="243.64" b="N"/>
<point x="301.29" y="243.44" b="A"/>
<point x="308.64" y="243.44" b="R"/>
<point x="316.41" y="243.44" b="A"/>
<point x="323.76" y="243.44" b="R"/>
<point x="331.47" y="243.64" b="N"/>
<point x="339.09" y="243.44" b="Y"/>
<point x="346.44" y="243.44" b="U"/>
<point x="354.15" y="243.64" b="N"/>
<point x="361.77" y="243.44" b="A"/>
<point x="369.12" y="243.44" b="C"/>
<point x="376.89" y="243.44" b="Y"/>
<point x="384.45" y="243.44" b="Y"/>
<point x="391.59" y="243.44" b="G"/>
<point x="399.36" y="243.44" b="C"/>
<point x="407.07" y="243.64" b="N"/>
<point x="414.48" y="243.44" b="R"/>
<point x="422.19" y="243.64" b="N"/>
<point x="429.75" y="243.64" b="N"/>
<point x="437.31" y="243.64" b="N"/>
<point x="444.87" y="243.64" b="N"/>
<point x="452.43" y="243.64" b="N"/>
<point x="459.84" y="243.44" b="R"/>
<point x="467.61" y="243.44" b="A"/>
<point x="475.11" y="243.64" b="N"/>
</structure>