<structure>
<point x="17.24" y="212.99" b="U"/>
<point x="17.03" y="205.43" b="G"/>
<point x="17.24" y="197.87" b="U"/>
<point x="13.18" y="191.63" b="A"/>
<point x="14.12" y="184.12" b="A"/>
<point x="19.58" y="179.12" b="C"/>
<point x="26.93" y="179.12" b="G"/>
<point x="32.60" y="184.12" b="G"/>
<point x="33.53" y="191.63" b="G"/>
<point x="29.27" y="197.87" b="G"/>
<point x="29.48" y="205.43" b="C"/>
<point x="29.69" y="212.99" b="A"/>
<point x="34.83" y="218.34" b="R"/>
<point x="42.18" y="218.34" b="G"/>
<point x="49.74" y="218.34" b="G"/>
<point x="57.51" y="218.34" b="C"/>
<point x="65.07" y="218.34" b="U"/>
<point x="72.63" y="218.34" b="U"/>
<point x="79.98" y="218.34" b="G"/>
<point x="87.95" y="218.34" b="A"/>
<point x="95.31" y="218.34" b="C"/>
<point x="103.07" y="218.34" b="Y"/>
<point x="108.00" y="212.99" b="G"/>
<point x="108.42" y="205.43" b="A"/>
<point x="108.00" y="197.87" b="G"/>
<point x="108.00" y="190.31" b="G"/>
<point x="108.00" y="182.75" b="G"/>
<point x="108.00" y="175.19" b="G"/>
<point x="108.42" y="167.63" b="A"/>
<point x="108.21" y="160.07" b="C"/>
<point x="108.42" y="152.51" b="Y"/>
<point x="102.53" y="157.49" b="R"/>
<point x="95.23" y="159.45" b="U"/>
<point x="88.02" y="157.97" b="A"/>
<point x="81.81" y="153.37" b="R"/>
<point x="78.47" y="146.59" b="C"/>
<point x="78.68" y="139.03" b="A"/>
<point x="81.81" y="132.25" b="U"/>
<point x="87.60" y="127.65" b="G"/>
<point x="95.23" y="126.17" b="U"/>
<point x="102.73" y="128.13" b="A"/>
<point x="108.21" y="133.12" b="U"/>
<point x="108.42" y="125.56" b="A"/>
<point x="108.00" y="118.00" b="G"/>
<point x="108.00" y="110.44" b="G"/>
<point x="108.21" y="102.88" b="C"/>
<point x="108.00" y="95.32" b="G"/>
<point x="101.20" y="93.09" b="N"/>
<point x="96.80" y="86.95" b="N"/>
<point x="96.65" y="79.18" b="R"/>
<point x="101.05" y="73.04" b="R"/>
<point x="108.00" y="70.61" b="G"/>
<point x="108.21" y="63.05" b="C"/>
<point x="108.00" y="55.49" b="G"/>
<point x="108.00" y="47.93" b="G"/>
<point x="102.65" y="42.59" b="G"/>
<point x="101.17" y="35.17" b="G"/>
<point x="104.47" y="28.19" b="Y"/>
<point x="110.55" y="23.98" b="U"/>
<point x="118.11" y="23.98" b="U"/>
<point x="124.40" y="28.19" b="C"/>
<point x="127.08" y="35.17" b="G"/>
<point x="125.59" y="42.59" b="G"/>
<point x="120.45" y="47.93" b="U"/>
<point x="120.45" y="55.49" b="U"/>
<point x="120.24" y="63.05" b="G"/>
<point x="120.45" y="70.61" b="U"/>
<point x="126.25" y="75.69" b="A"/>
<point x="128.12" y="82.96" b="C"/>
<point x="125.84" y="90.23" b="G"/>
<point x="120.45" y="95.32" b="C"/>
<point x="120.24" y="102.88" b="G"/>
<point x="120.24" y="110.44" b="G"/>
<point x="120.60" y="118.20" b="N"/>
<point x="120.45" y="125.56" b="U"/>
<point x="120.66" y="133.12" b="A"/>
<point x="124.95" y="139.03" b="G"/>
<point x="124.95" y="146.59" b="G"/>
<point x="120.66" y="152.51" b="A"/>
<point x="120.45" y="160.07" b="R"/>
<point x="120.45" y="167.63" b="U"/>
<point x="120.45" y="175.19" b="C"/>
<point x="120.45" y="182.75" b="C"/>
<point x="120.45" y="190.31" b="C"/>
<point x="120.45" y="197.87" b="C"/>
<point x="120.45" y="205.43" b="U"/>
<point x="120.45" y="212.99" b="C"/>
<point x="126.00" y="218.34" b="A"/>
<point x="133.15" y="218.34" b="G"/>
<point x="140.71" y="218.34" b="G"/>
</structure>