<structure>
<point x="66.98" y="170.09" b="R"/>
<point x="67.13" y="162.74" b="N"/>
<point x="67.13" y="155.18" b="N"/>
<point x="59.50" y="153.83" b="R"/>
<point x="52.41" y="151.85" b="A"/>
<point x="45.19" y="149.04" b="U"/>
<point x="38.33" y="145.44" b="G"/>
<point x="32.55" y="141.10" b="A"/>
<point x="26.69" y="136.09" b="U"/>
<point x="21.44" y="130.45" b="G"/>
<point x="17.50" y="124.28" b="A"/>
<point x="13.67" y="117.64" b="R"/>
<point x="10.98" y="110.84" b="N"/>
<point x="8.96" y="103.56" b="N"/>
<point x="7.86" y="95.88" b="Y"/>
<point x="7.50" y="88.53" b="N"/>
<point x="8.07" y="80.99" b="N"/>
<point x="9.35" y="73.36" b="C"/>
<point x="11.83" y="66.15" b="Y"/>
<point x="14.86" y="59.46" b="N"/>
<point x="18.72" y="52.96" b="N"/>
<point x="23.30" y="46.94" b="N"/>
<point x="28.53" y="41.49" b="N"/>
<point x="34.21" y="36.47" b="C"/>
<point x="40.56" y="32.36" b="U"/>
<point x="47.12" y="29.00" b="G"/>
<point x="54.65" y="26.44" b="A"/>
<point x="61.81" y="24.72" b="R"/>
<point x="69.47" y="24.06" b="N"/>
<point x="77.03" y="24.06" b="N"/>
<point x="84.54" y="24.93" b="N"/>
<point x="91.75" y="26.44" b="R"/>
<point x="98.86" y="29.00" b="U"/>
<point x="105.42" y="32.36" b="G"/>
<point x="112.18" y="36.47" b="A"/>
<point x="117.81" y="41.28" b="U"/>
<point x="122.84" y="46.73" b="G"/>
<point x="127.83" y="52.75" b="A"/>
<point x="131.48" y="59.25" b="R"/>
<point x="134.72" y="66.36" b="N"/>
<point x="136.99" y="73.57" b="N"/>
<point x="138.42" y="80.99" b="N"/>
<point x="138.99" y="88.53" b="N"/>
<point x="138.69" y="96.09" b="N"/>
<point x="137.58" y="103.35" b="Y"/>
<point x="135.36" y="110.64" b="R"/>
<point x="132.67" y="117.85" b="N"/>
<point x="129.05" y="124.48" b="N"/>
<point x="124.69" y="130.66" b="N"/>
<point x="119.65" y="136.29" b="N"/>
<point x="113.85" y="141.10" b="R"/>
<point x="107.65" y="145.44" b="C"/>
<point x="101.00" y="149.04" b="U"/>
<point x="93.77" y="151.85" b="G"/>
<point x="86.90" y="153.83" b="A"/>
<point x="79.37" y="155.18" b="N"/>
<point x="79.37" y="162.74" b="N"/>
<point x="79.37" y="170.30" b="N"/>
</structure>