<structure>
<point x="19.66" y="241.40" b="A"/>
<point x="24.59" y="236.05" b="G"/>
<point x="24.80" y="228.49" b="C"/>
<point x="25.01" y="220.93" b="A"/>
<point x="24.80" y="213.37" b="C"/>
<point x="24.80" y="205.81" b="U"/>
<point x="25.01" y="198.25" b="A"/>
<point x="24.80" y="190.69" b="U"/>
<point x="24.80" y="183.13" b="R"/>
<point x="18.67" y="178.71" b="U"/>
<point x="15.23" y="171.97" b="U"/>
<point x="15.23" y="164.41" b="U"/>
<point x="18.88" y="157.68" b="A"/>
<point x="25.01" y="153.26" b="A"/>
<point x="25.01" y="145.70" b="A"/>
<point x="24.80" y="138.14" b="C"/>
<point x="24.80" y="130.58" b="C"/>
<point x="17.90" y="128.05" b="N"/>
<point x="14.81" y="120.88" b="R"/>
<point x="17.75" y="113.92" b="U"/>
<point x="24.59" y="111.19" b="G"/>
<point x="24.59" y="103.62" b="G"/>
<point x="25.01" y="96.06" b="A"/>
<point x="24.80" y="88.50" b="U"/>
<point x="24.59" y="80.94" b="G"/>
<point x="24.59" y="73.38" b="G"/>
<point x="24.80" y="65.82" b="R"/>
<point x="20.12" y="60.06" b="A"/>
<point x="19.72" y="52.51" b="A"/>
<point x="23.91" y="46.46" b="N"/>
<point x="31.13" y="43.84" b="Y"/>
<point x="38.29" y="46.25" b="Y"/>
<point x="42.33" y="52.51" b="U"/>
<point x="41.93" y="60.06" b="C"/>
<point x="37.19" y="66.03" b="N"/>
<point x="37.04" y="73.38" b="C"/>
<point x="37.04" y="80.94" b="C"/>
<point x="37.25" y="88.50" b="A"/>
<point x="37.04" y="96.06" b="U"/>
<point x="37.04" y="103.62" b="U"/>
<point x="37.04" y="111.19" b="C"/>
<point x="41.75" y="117.10" b="U"/>
<point x="41.90" y="124.87" b="N"/>
<point x="36.83" y="130.58" b="G"/>
<point x="36.83" y="138.14" b="G"/>
<point x="37.04" y="145.70" b="U"/>
<point x="37.04" y="153.26" b="U"/>
<point x="43.38" y="157.68" b="A"/>
<point x="46.61" y="164.41" b="C"/>
<point x="46.40" y="171.97" b="G"/>
<point x="43.17" y="178.71" b="C"/>
<point x="37.04" y="183.13" b="U"/>
<point x="36.83" y="190.69" b="G"/>
<point x="37.04" y="198.25" b="U"/>
<point x="37.25" y="205.81" b="A"/>
<point x="36.83" y="213.37" b="G"/>
<point x="37.04" y="220.93" b="U"/>
<point x="36.83" y="228.49" b="G"/>
<point x="37.04" y="236.05" b="C"/>
<point x="42.59" y="241.40" b="A"/>
<point x="50.15" y="241.40" b="A"/>
<point x="57.71" y="241.40" b="A"/>
<point x="65.27" y="241.40" b="A"/>
<point x="72.42" y="241.40" b="G"/>
<point x="80.39" y="241.40" b="A"/>
<point x="87.95" y="241.40" b="A"/>
<point x="93.09" y="236.05" b="U"/>
<point x="93.09" y="228.49" b="U"/>
<point x="93.09" y="220.93" b="C"/>
<point x="93.09" y="213.37" b="C"/>
<point x="93.09" y="205.81" b="U"/>
<point x="92.88" y="198.25" b="G"/>
<point x="92.88" y="190.69" b="G"/>
<point x="93.09" y="183.13" b="C"/>
<point x="93.09" y="175.57" b="U"/>
<point x="93.09" y="168.01" b="C"/>
<point x="93.30" y="160.45" b="Y"/>
<point x="90.20" y="153.56" b="Y"/>
<point x="93.30" y="146.66" b="Y"/>
<point x="93.24" y="139.31" b="N"/>
<point x="88.39" y="133.18" b="U"/>
<point x="88.54" y="125.83" b="N"/>
<point x="92.88" y="119.70" b="G"/>
<point x="93.09" y="112.14" b="C"/>
<point x="93.30" y="104.58" b="A"/>
<point x="93.09" y="97.03" b="C"/>
<point x="93.30" y="89.47" b="A"/>
<point x="92.88" y="81.91" b="G"/>
<point x="93.09" y="74.35" b="C"/>
<point x="89.99" y="67.45" b="U"/>
<point x="92.88" y="60.55" b="G"/>
<point x="93.30" y="52.99" b="A"/>
<point x="87.11" y="48.37" b="C"/>
<point x="84.05" y="41.46" b="U"/>
<point x="84.81" y="34.13" b="N"/>
<point x="88.94" y="27.80" b="N"/>
<point x="95.43" y="23.98" b="U"/>
<point x="102.99" y="23.98" b="R"/>
<point x="109.64" y="27.59" b="C"/>
<point x="113.76" y="33.92" b="C"/>
<point x="114.37" y="41.46" b="R"/>
<point x="111.31" y="48.37" b="U"/>
<point x="105.33" y="52.99" b="U"/>
<point x="105.54" y="60.55" b="Y"/>
<point x="108.43" y="67.45" b="U"/>
<point x="105.12" y="74.35" b="G"/>
<point x="105.33" y="81.91" b="C"/>
<point x="105.33" y="89.47" b="U"/>
<point x="105.12" y="97.03" b="G"/>
<point x="112.03" y="101.01" b="N"/>
<point x="105.33" y="104.58" b="U"/>
<point x="105.12" y="112.14" b="G"/>
<point x="105.33" y="119.70" b="C"/>
<point x="110.04" y="125.62" b="U"/>
<point x="110.19" y="133.39" b="N"/>
<point x="105.48" y="139.31" b="N"/>
<point x="105.33" y="146.66" b="R"/>
<point x="108.43" y="153.56" b="U"/>
<point x="105.12" y="160.45" b="G"/>
<point x="105.12" y="168.01" b="G"/>
<point x="105.54" y="175.57" b="A"/>
<point x="105.12" y="183.13" b="G"/>
<point x="105.33" y="190.69" b="U"/>
<point x="105.33" y="198.25" b="U"/>
<point x="112.09" y="202.03" b="A"/>
<point x="105.54" y="205.81" b="A"/>
<point x="105.12" y="213.37" b="G"/>
<point x="105.12" y="220.93" b="G"/>
<point x="105.54" y="228.49" b="A"/>
<point x="105.54" y="236.05" b="A"/>
<point x="110.68" y="241.40" b="C"/>
<point x="118.44" y="241.40" b="A"/>
<point x="126.00" y="241.40" b="Y"/>
<point x="133.36" y="241.40" b="R"/>
<point x="140.92" y="241.40" b="R"/>
</structure>