<structure>
<point x="23.82" y="135.78" b="N"/>
<point x="23.87" y="128.01" b="Y"/>
<point x="23.82" y="120.66" b="N"/>
<point x="23.82" y="113.10" b="N"/>
<point x="23.82" y="105.54" b="N"/>
<point x="23.82" y="97.98" b="N"/>
<point x="16.99" y="94.73" b="N"/>
<point x="11.47" y="89.20" b="U"/>
<point x="8.16" y="82.40" b="U"/>
<point x="7.50" y="74.89" b="Y"/>
<point x="8.96" y="67.52" b="C"/>
<point x="12.97" y="61.11" b="U"/>
<point x="19.02" y="56.60" b="N"/>
<point x="26.21" y="53.89" b="Y"/>
<point x="33.57" y="53.89" b="R"/>
<point x="40.85" y="56.60" b="N"/>
<point x="46.40" y="61.11" b="G"/>
<point x="50.77" y="67.73" b="N"/>
<point x="52.28" y="74.89" b="R"/>
<point x="51.56" y="82.61" b="N"/>
<point x="48.10" y="89.20" b="U"/>
<point x="42.73" y="94.53" b="U"/>
<point x="36.06" y="97.98" b="N"/>
<point x="36.11" y="105.33" b="Y"/>
<point x="36.06" y="113.10" b="N"/>
<point x="36.06" y="120.66" b="N"/>
<point x="35.91" y="128.01" b="R"/>
<point x="36.06" y="135.78" b="N"/>
<point x="41.40" y="141.12" b="N"/>
<point x="49.02" y="140.92" b="A"/>
<point x="56.37" y="140.92" b="C"/>
<point x="63.93" y="140.92" b="C"/>
<point x="69.07" y="135.57" b="G"/>
<point x="69.48" y="128.01" b="A"/>
<point x="69.48" y="120.45" b="A"/>
<point x="69.07" y="112.89" b="G"/>
<point x="69.28" y="105.33" b="C"/>
<point x="69.28" y="97.77" b="C"/>
<point x="69.28" y="90.21" b="C"/>
<point x="69.28" y="82.65" b="U"/>
<point x="69.07" y="75.09" b="G"/>
<point x="69.48" y="67.53" b="A"/>
<point x="69.28" y="59.97" b="C"/>
<point x="69.28" y="52.41" b="U"/>
<point x="69.07" y="44.85" b="G"/>
<point x="69.28" y="37.29" b="U"/>
<point x="67.11" y="30.05" b="U"/>
<point x="71.77" y="24.19" b="N"/>
<point x="79.18" y="23.98" b="C"/>
<point x="83.69" y="30.05" b="C"/>
<point x="81.31" y="37.29" b="G"/>
<point x="81.52" y="44.85" b="C"/>
<point x="81.52" y="52.41" b="R"/>
<point x="81.31" y="59.97" b="G"/>
<point x="81.52" y="67.53" b="U"/>
<point x="81.52" y="75.09" b="U"/>
<point x="81.31" y="82.65" b="G"/>
<point x="81.31" y="90.21" b="G"/>
<point x="81.31" y="97.77" b="G"/>
<point x="81.31" y="105.33" b="G"/>
<point x="81.52" y="112.89" b="C"/>
<point x="81.52" y="120.45" b="U"/>
<point x="81.52" y="128.01" b="U"/>
<point x="81.52" y="135.57" b="C"/>
<point x="87.07" y="140.92" b="A"/>
<point x="94.63" y="140.92" b="A"/>
<point x="101.98" y="140.92" b="C"/>
<point x="109.54" y="140.92" b="U"/>
</structure>