<structure>
<point x="19.60" y="193.62" b="N"/>
<point x="27.16" y="193.62" b="N"/>
<point x="34.73" y="193.62" b="N"/>
<point x="42.28" y="193.62" b="N"/>
<point x="49.84" y="193.62" b="N"/>
<point x="57.41" y="193.62" b="N"/>
<point x="64.97" y="193.62" b="N"/>
<point x="72.53" y="193.62" b="N"/>
<point x="80.09" y="193.62" b="N"/>
<point x="87.65" y="193.62" b="N"/>
<point x="92.99" y="188.28" b="N"/>
<point x="92.63" y="180.51" b="G"/>
<point x="92.84" y="172.95" b="C"/>
<point x="93.05" y="165.39" b="Y"/>
<point x="87.19" y="160.74" b="N"/>
<point x="84.67" y="153.43" b="A"/>
<point x="86.00" y="145.99" b="A"/>
<point x="90.89" y="140.22" b="Y"/>
<point x="89.60" y="132.77" b="Y"/>
<point x="88.31" y="125.32" b="Y"/>
<point x="82.99" y="120.10" b="N"/>
<point x="82.63" y="112.55" b="N"/>
<point x="87.36" y="106.66" b="N"/>
<point x="94.81" y="105.37" b="N"/>
<point x="101.25" y="109.33" b="N"/>
<point x="103.45" y="116.56" b="N"/>
<point x="100.16" y="123.23" b="R"/>
<point x="101.45" y="130.69" b="R"/>
<point x="102.74" y="138.13" b="R"/>
<point x="109.28" y="141.93" b="R"/>
<point x="116.39" y="139.35" b="C"/>
<point x="123.28" y="136.76" b="G"/>
<point x="130.39" y="134.18" b="G"/>
<point x="137.49" y="131.60" b="G"/>
<point x="144.60" y="129.02" b="G"/>
<point x="144.96" y="121.47" b="G"/>
<point x="147.95" y="114.36" b="A"/>
<point x="152.46" y="108.55" b="N"/>
<point x="158.46" y="103.94" b="C"/>
<point x="165.63" y="101.56" b="C"/>
<point x="166.40" y="94.02" b="A"/>
<point x="162.56" y="87.68" b="N"/>
<point x="164.06" y="80.27" b="N"/>
<point x="170.08" y="75.70" b="N"/>
<point x="177.62" y="76.27" b="N"/>
<point x="182.96" y="81.47" b="Y"/>
<point x="183.27" y="89.23" b="N"/>
<point x="178.61" y="94.93" b="Y"/>
<point x="177.63" y="102.47" b="G"/>
<point x="184.37" y="105.90" b="G"/>
<point x="190.12" y="101.00" b="G"/>
<point x="195.88" y="96.10" b="G"/>
<point x="194.27" y="88.76" b="U"/>
<point x="194.88" y="81.25" b="G"/>
<point x="198.65" y="74.47" b="A"/>
<point x="204.12" y="69.26" b="A"/>
<point x="210.85" y="66.25" b="U"/>
<point x="218.40" y="65.80" b="C"/>
<point x="221.57" y="58.85" b="Y"/>
<point x="224.49" y="52.11" b="N"/>
<point x="227.46" y="45.16" b="N"/>
<point x="224.63" y="38.14" b="N"/>
<point x="226.18" y="30.74" b="N"/>
<point x="231.58" y="25.45" b="N"/>
<point x="239.01" y="24.06" b="N"/>
<point x="245.97" y="27.03" b="N"/>
<point x="250.09" y="33.36" b="N"/>
<point x="250.01" y="40.92" b="N"/>
<point x="245.73" y="47.15" b="N"/>
<point x="238.71" y="49.96" b="N"/>
<point x="235.74" y="56.92" b="N"/>
<point x="232.62" y="63.66" b="R"/>
<point x="229.44" y="70.61" b="G"/>
<point x="234.76" y="76.37" b="Y"/>
<point x="237.18" y="83.46" b="R"/>
<point x="236.99" y="91.02" b="G"/>
<point x="243.76" y="94.37" b="G"/>
<point x="250.54" y="97.72" b="G"/>
<point x="257.73" y="101.07" b="Y"/>
<point x="264.47" y="97.97" b="N"/>
<point x="271.88" y="98.08" b="R"/>
<point x="278.57" y="101.97" b="Y"/>
<point x="282.42" y="108.48" b="Y"/>
<point x="282.70" y="116.03" b="Y"/>
<point x="279.35" y="122.81" b="Y"/>
<point x="273.17" y="127.17" b="Y"/>
<point x="265.61" y="128.27" b="N"/>
<point x="258.59" y="125.47" b="N"/>
<point x="253.74" y="119.67" b="N"/>
<point x="252.10" y="112.05" b="R"/>
<point x="245.53" y="108.70" b="Y"/>
<point x="238.55" y="105.34" b="C"/>
<point x="231.77" y="101.99" b="C"/>
<point x="225.54" y="106.57" b="G"/>
<point x="218.73" y="108.79" b="A"/>
<point x="211.18" y="108.39" b="A"/>
<point x="204.23" y="105.42" b="Y"/>
<point x="198.26" y="110.32" b="C"/>
<point x="192.51" y="115.22" b="C"/>
<point x="194.60" y="122.42" b="G"/>
<point x="195.03" y="130.19" b="N"/>
<point x="192.70" y="137.22" b="C"/>
<point x="188.68" y="143.49" b="A"/>
<point x="182.37" y="148.23" b="G"/>
<point x="175.55" y="151.00" b="C"/>
<point x="168.01" y="151.57" b="U"/>
<point x="160.85" y="149.88" b="A"/>
<point x="154.31" y="146.09" b="A"/>
<point x="148.99" y="140.53" b="C"/>
<point x="141.88" y="143.11" b="C"/>
<point x="134.98" y="145.69" b="Y"/>
<point x="127.67" y="148.27" b="C"/>
<point x="120.36" y="150.85" b="G"/>
<point x="113.67" y="153.43" b="Y"/>
<point x="111.08" y="160.54" b="A"/>
<point x="105.08" y="165.39" b="R"/>
<point x="104.87" y="172.95" b="G"/>
<point x="105.08" y="180.51" b="C"/>
<point x="105.08" y="188.07" b="R"/>
<point x="110.58" y="193.62" b="N"/>
<point x="118.14" y="193.62" b="N"/>
<point x="125.70" y="193.62" b="N"/>
<point x="133.26" y="193.62" b="N"/>
<point x="140.82" y="193.62" b="N"/>
<point x="148.02" y="193.41" b="G"/>
<point x="155.79" y="193.41" b="R"/>
<point x="163.14" y="193.41" b="G"/>
<point x="170.91" y="193.41" b="R"/>
<point x="178.26" y="193.41" b="G"/>
<point x="186.03" y="193.41" b="R"/>
<point x="193.59" y="193.41" b="R"/>
<point x="201.30" y="193.62" b="N"/>
<point x="208.86" y="193.62" b="N"/>
<point x="216.42" y="193.62" b="N"/>
</structure>