<structure>
<point x="72.61" y="212.35" b="U"/>
<point x="77.75" y="207.00" b="G"/>
<point x="77.75" y="199.44" b="G"/>
<point x="78.16" y="191.88" b="A"/>
<point x="78.16" y="184.32" b="Y"/>
<point x="77.96" y="176.76" b="C"/>
<point x="70.46" y="175.79" b="R"/>
<point x="63.10" y="174.08" b="R"/>
<point x="55.94" y="171.65" b="U"/>
<point x="48.84" y="168.53" b="G"/>
<point x="42.71" y="164.74" b="A"/>
<point x="36.37" y="160.33" b="U"/>
<point x="30.48" y="155.34" b="G"/>
<point x="25.75" y="149.81" b="A"/>
<point x="21.11" y="144.00" b="N"/>
<point x="17.14" y="137.56" b="N"/>
<point x="13.67" y="130.56" b="R"/>
<point x="11.25" y="123.47" b="Y"/>
<point x="9.13" y="116.16" b="U"/>
<point x="7.73" y="108.69" b="G"/>
<point x="7.50" y="101.15" b="R"/>
<point x="7.80" y="93.59" b="U"/>
<point x="8.64" y="86.11" b="G"/>
<point x="10.42" y="78.76" b="G"/>
<point x="13.33" y="71.62" b="Y"/>
<point x="16.31" y="64.77" b="R"/>
<point x="20.15" y="58.26" b="U"/>
<point x="24.77" y="52.37" b="N"/>
<point x="29.67" y="46.53" b="U"/>
<point x="35.04" y="41.43" b="G"/>
<point x="41.51" y="36.91" b="A"/>
<point x="47.78" y="33.00" b="R"/>
<point x="54.60" y="29.75" b="U"/>
<point x="61.92" y="27.19" b="Y"/>
<point x="69.05" y="25.34" b="R"/>
<point x="76.73" y="24.22" b="Y"/>
<point x="84.23" y="24.06" b="N"/>
<point x="91.78" y="24.43" b="N"/>
<point x="99.31" y="25.34" b="A"/>
<point x="106.64" y="27.19" b="Y"/>
<point x="113.70" y="29.96" b="N"/>
<point x="120.52" y="33.21" b="N"/>
<point x="126.84" y="36.91" b="U"/>
<point x="132.69" y="41.43" b="G"/>
<point x="138.69" y="46.53" b="A"/>
<point x="143.68" y="52.37" b="N"/>
<point x="148.00" y="58.26" b="U"/>
<point x="152.05" y="64.77" b="A"/>
<point x="155.18" y="71.83" b="N"/>
<point x="157.68" y="78.97" b="N"/>
<point x="159.45" y="86.31" b="N"/>
<point x="160.50" y="93.80" b="N"/>
<point x="160.80" y="101.36" b="N"/>
<point x="160.21" y="108.69" b="R"/>
<point x="159.02" y="116.16" b="U"/>
<point x="157.11" y="123.47" b="C"/>
<point x="154.48" y="130.56" b="U"/>
<point x="150.95" y="137.36" b="G"/>
<point x="147.20" y="143.79" b="R"/>
<point x="142.82" y="149.81" b="A"/>
<point x="137.66" y="155.34" b="A"/>
<point x="131.94" y="160.54" b="N"/>
<point x="125.65" y="164.74" b="U"/>
<point x="119.10" y="168.53" b="C"/>
<point x="112.22" y="171.65" b="U"/>
<point x="104.85" y="174.08" b="G"/>
<point x="97.90" y="175.79" b="A"/>
<point x="89.99" y="176.76" b="G"/>
<point x="89.99" y="184.32" b="G"/>
<point x="90.20" y="191.88" b="U"/>
<point x="90.20" y="199.44" b="C"/>
<point x="90.40" y="207.00" b="Y"/>
<point x="95.75" y="212.35" b="A"/>
<point x="103.25" y="212.56" b="N"/>
</structure>