<structure>
<point x="89.59" y="196.41" b="N"/>
<point x="97.15" y="196.41" b="N"/>
<point x="104.71" y="196.41" b="N"/>
<point x="112.32" y="196.20" b="Y"/>
<point x="119.83" y="196.41" b="N"/>
<point x="125.17" y="191.06" b="N"/>
<point x="125.23" y="183.29" b="Y"/>
<point x="125.17" y="175.94" b="N"/>
<point x="124.81" y="168.17" b="G"/>
<point x="125.17" y="160.82" b="N"/>
<point x="117.69" y="159.73" b="N"/>
<point x="110.23" y="157.61" b="R"/>
<point x="103.17" y="154.91" b="R"/>
<point x="96.45" y="151.44" b="U"/>
<point x="90.36" y="147.26" b="Y"/>
<point x="84.36" y="142.40" b="C"/>
<point x="79.13" y="136.94" b="R"/>
<point x="74.69" y="131.14" b="N"/>
<point x="70.64" y="124.45" b="U"/>
<point x="67.48" y="117.59" b="C"/>
<point x="60.38" y="119.93" b="N"/>
<point x="53.13" y="122.07" b="N"/>
<point x="47.39" y="127.00" b="N"/>
<point x="39.90" y="125.97" b="N"/>
<point x="32.65" y="128.11" b="N"/>
<point x="25.40" y="130.25" b="N"/>
<point x="19.88" y="135.42" b="N"/>
<point x="12.34" y="134.96" b="N"/>
<point x="7.50" y="129.15" b="N"/>
<point x="8.26" y="121.43" b="R"/>
<point x="14.50" y="117.16" b="N"/>
<point x="21.93" y="118.51" b="N"/>
<point x="29.19" y="116.37" b="N"/>
<point x="36.44" y="114.23" b="N"/>
<point x="42.17" y="109.31" b="N"/>
<point x="49.72" y="110.12" b="Y"/>
<point x="56.92" y="108.19" b="N"/>
<point x="63.81" y="105.85" b="G"/>
<point x="62.95" y="98.36" b="U"/>
<point x="62.71" y="90.81" b="C"/>
<point x="63.51" y="83.27" b="A"/>
<point x="64.88" y="76.05" b="N"/>
<point x="67.12" y="68.83" b="N"/>
<point x="69.98" y="61.69" b="C"/>
<point x="73.95" y="55.14" b="A"/>
<point x="78.42" y="49.03" b="A"/>
<point x="83.32" y="43.46" b="C"/>
<point x="89.01" y="38.49" b="C"/>
<point x="95.22" y="34.17" b="C"/>
<point x="101.86" y="30.56" b="C"/>
<point x="109.07" y="27.71" b="A"/>
<point x="116.34" y="25.65" b="A"/>
<point x="123.80" y="24.40" b="A"/>
<point x="131.35" y="23.98" b="A"/>
<point x="138.84" y="24.61" b="N"/>
<point x="146.35" y="25.65" b="Y"/>
<point x="153.57" y="27.92" b="N"/>
<point x="160.57" y="30.77" b="N"/>
<point x="167.27" y="34.17" b="A"/>
<point x="173.42" y="38.69" b="N"/>
<point x="179.11" y="43.67" b="N"/>
<point x="184.22" y="49.24" b="N"/>
<point x="188.69" y="55.34" b="N"/>
<point x="192.45" y="61.90" b="N"/>
<point x="195.47" y="68.83" b="N"/>
<point x="197.55" y="75.85" b="R"/>
<point x="199.13" y="83.48" b="N"/>
<point x="199.78" y="90.81" b="A"/>
<point x="199.48" y="98.57" b="N"/>
<point x="198.47" y="105.85" b="Y"/>
<point x="196.53" y="113.38" b="N"/>
<point x="193.90" y="120.24" b="Y"/>
<point x="190.25" y="126.96" b="U"/>
<point x="186.23" y="133.48" b="N"/>
<point x="181.39" y="139.29" b="N"/>
<point x="175.94" y="144.53" b="N"/>
<point x="180.34" y="150.68" b="N"/>
<point x="184.79" y="156.62" b="Y"/>
<point x="189.14" y="162.97" b="N"/>
<point x="193.54" y="169.12" b="N"/>
<point x="197.94" y="175.27" b="N"/>
<point x="202.39" y="181.21" b="Y"/>
<point x="206.73" y="187.57" b="N"/>
<point x="214.19" y="188.79" b="N"/>
<point x="219.71" y="193.96" b="N"/>
<point x="221.49" y="201.12" b="Y"/>
<point x="218.76" y="208.40" b="N"/>
<point x="212.61" y="212.80" b="N"/>
<point x="205.06" y="213.04" b="N"/>
<point x="198.49" y="208.83" b="R"/>
<point x="195.38" y="201.94" b="R"/>
<point x="196.78" y="194.69" b="N"/>
<point x="192.23" y="188.33" b="R"/>
<point x="187.98" y="182.39" b="N"/>
<point x="183.58" y="176.24" b="N"/>
<point x="179.18" y="170.09" b="N"/>
<point x="174.42" y="163.74" b="G"/>
<point x="170.38" y="157.80" b="N"/>
<point x="165.99" y="151.65" b="N"/>
<point x="159.27" y="155.12" b="N"/>
<point x="152.21" y="157.82" b="N"/>
<point x="144.89" y="159.73" b="N"/>
<point x="137.41" y="160.82" b="N"/>
<point x="137.47" y="168.17" b="Y"/>
<point x="137.41" y="175.94" b="N"/>
<point x="137.26" y="183.29" b="R"/>
<point x="137.41" y="191.06" b="N"/>
<point x="142.61" y="196.20" b="R"/>
<point x="150.37" y="196.20" b="Y"/>
<point x="157.88" y="196.41" b="N"/>
<point x="163.22" y="191.06" b="N"/>
<point x="163.07" y="183.29" b="R"/>
<point x="163.07" y="175.73" b="R"/>
<point x="163.07" y="168.17" b="R"/>
<point x="163.22" y="160.82" b="N"/>
<point x="156.68" y="157.04" b="N"/>
<point x="163.22" y="153.26" b="N"/>
<point x="163.28" y="145.49" b="Y"/>
<point x="163.22" y="138.14" b="N"/>
<point x="155.66" y="138.14" b="N"/>
<point x="155.66" y="130.58" b="N"/>
<point x="163.22" y="130.58" b="N"/>
<point x="163.22" y="123.02" b="N"/>
<point x="163.07" y="115.25" b="U"/>
<point x="160.12" y="108.57" b="N"/>
<point x="163.22" y="101.67" b="N"/>
<point x="162.86" y="93.90" b="G"/>
<point x="163.22" y="86.55" b="N"/>
<point x="163.22" y="78.99" b="N"/>
<point x="163.28" y="71.22" b="A"/>
<point x="158.36" y="77.22" b="N"/>
<point x="150.92" y="78.53" b="N"/>
<point x="144.37" y="74.75" b="N"/>
<point x="141.64" y="67.44" b="U"/>
<point x="144.43" y="60.34" b="A"/>
<point x="150.77" y="56.56" b="U"/>
<point x="158.21" y="57.87" b="U"/>
<point x="163.22" y="63.87" b="N"/>
<point x="163.22" y="56.31" b="N"/>
<point x="163.22" y="48.75" b="N"/>
<point x="163.22" y="41.19" b="N"/>
<point x="175.46" y="41.19" b="N"/>
<point x="175.46" y="48.75" b="N"/>
<point x="175.46" y="56.31" b="N"/>
<point x="175.46" y="63.87" b="N"/>
<point x="175.31" y="71.22" b="U"/>
<point x="175.46" y="78.99" b="N"/>
<point x="175.46" y="86.55" b="N"/>
<point x="175.31" y="93.90" b="C"/>
<point x="175.46" y="101.67" b="N"/>
<point x="178.56" y="108.57" b="N"/>
<point x="175.52" y="115.25" b="A"/>
<point x="175.46" y="123.02" b="N"/>
<point x="175.46" y="130.58" b="N"/>
<point x="175.46" y="138.14" b="N"/>
<point x="175.31" y="145.49" b="R"/>
<point x="175.46" y="153.26" b="N"/>
<point x="175.46" y="160.82" b="N"/>
<point x="175.52" y="168.17" b="Y"/>
<point x="175.52" y="175.73" b="Y"/>
<point x="175.52" y="183.29" b="Y"/>
<point x="175.52" y="190.85" b="Y"/>
<point x="180.81" y="196.41" b="N"/>
<point x="188.37" y="196.41" b="N"/>
<point x="195.93" y="196.41" b="N"/>
<point x="203.54" y="196.20" b="Y"/>
<point x="210.90" y="196.20" b="U"/>
<point x="218.46" y="196.20" b="U"/>
<point x="226.02" y="196.20" b="U"/>
<point x="233.58" y="196.20" b="U"/>
</structure>