<structure>
<point x="72.07" y="218.90" b="N"/>
<point x="79.63" y="218.90" b="N"/>
<point x="84.62" y="213.35" b="G"/>
<point x="84.62" y="205.79" b="G"/>
<point x="84.83" y="198.23" b="C"/>
<point x="82.26" y="205.34" b="C"/>
<point x="78.38" y="211.83" b="C"/>
<point x="73.33" y="217.46" b="U"/>
<point x="67.09" y="222.01" b="G"/>
<point x="60.71" y="225.32" b="A"/>
<point x="53.41" y="227.28" b="A"/>
<point x="45.66" y="227.79" b="U"/>
<point x="38.16" y="226.85" b="C"/>
<point x="31.18" y="224.49" b="A"/>
<point x="24.58" y="220.79" b="A"/>
<point x="18.40" y="215.91" b="G"/>
<point x="13.89" y="210.00" b="R"/>
<point x="10.38" y="203.30" b="C"/>
<point x="8.38" y="196.27" b="N"/>
<point x="7.50" y="188.53" b="R"/>
<point x="8.38" y="181.22" b="N"/>
<point x="10.53" y="173.97" b="N"/>
<point x="13.68" y="167.06" b="G"/>
<point x="18.76" y="161.37" b="N"/>
<point x="24.38" y="156.27" b="U"/>
<point x="31.12" y="152.79" b="N"/>
<point x="38.16" y="150.22" b="U"/>
<point x="45.66" y="149.28" b="R"/>
<point x="53.20" y="149.79" b="C"/>
<point x="60.50" y="151.74" b="U"/>
<point x="67.09" y="155.06" b="G"/>
<point x="73.48" y="159.82" b="N"/>
<point x="78.59" y="165.24" b="A"/>
<point x="82.05" y="171.72" b="G"/>
<point x="84.83" y="178.84" b="C"/>
<point x="84.83" y="171.28" b="U"/>
<point x="84.62" y="163.72" b="G"/>
<point x="84.83" y="156.16" b="U"/>
<point x="84.83" y="148.60" b="U"/>
<point x="81.52" y="141.70" b="G"/>
<point x="84.62" y="134.81" b="G"/>
<point x="84.46" y="127.25" b="U"/>
<point x="90.95" y="123.37" b="U"/>
<point x="97.43" y="127.25" b="U"/>
<point x="97.07" y="134.81" b="C"/>
<point x="100.37" y="141.70" b="A"/>
<point x="97.27" y="148.60" b="A"/>
<point x="97.07" y="156.16" b="R"/>
<point x="97.07" y="163.72" b="C"/>
<point x="97.27" y="171.28" b="A"/>
<point x="96.86" y="178.84" b="G"/>
<point x="101.56" y="184.75" b="G"/>
<point x="101.92" y="192.52" b="N"/>
<point x="96.86" y="198.23" b="G"/>
<point x="97.07" y="205.79" b="C"/>
<point x="97.07" y="213.35" b="C"/>
<point x="102.56" y="218.90" b="N"/>
<point x="110.18" y="218.70" b="A"/>
<point x="117.53" y="218.70" b="R"/>
<point x="125.30" y="218.70" b="A"/>
<point x="132.80" y="218.90" b="N"/>
<point x="140.36" y="218.90" b="N"/>
<point x="147.77" y="218.70" b="R"/>
<point x="155.48" y="218.90" b="N"/>
<point x="162.89" y="218.70" b="U"/>
<point x="170.24" y="218.70" b="G"/>
<point x="175.80" y="213.35" b="U"/>
<point x="175.80" y="205.79" b="C"/>
<point x="175.80" y="198.23" b="U"/>
<point x="175.80" y="190.67" b="U"/>
<point x="176.00" y="183.11" b="Y"/>
<point x="175.80" y="175.55" b="C"/>
<point x="168.25" y="175.13" b="U"/>
<point x="161.17" y="172.47" b="R"/>
<point x="155.21" y="167.83" b="U"/>
<point x="150.69" y="161.62" b="G"/>
<point x="148.44" y="154.40" b="G"/>
<point x="148.65" y="146.84" b="U"/>
<point x="150.90" y="139.62" b="C"/>
<point x="155.21" y="133.41" b="U"/>
<point x="160.96" y="128.76" b="G"/>
<point x="168.25" y="126.11" b="U"/>
<point x="175.80" y="125.69" b="U"/>
<point x="175.59" y="118.13" b="G"/>
<point x="175.59" y="110.57" b="G"/>
<point x="175.80" y="103.01" b="C"/>
<point x="176.00" y="95.45" b="Y"/>
<point x="175.80" y="87.89" b="R"/>
<point x="175.80" y="80.33" b="U"/>
<point x="175.80" y="72.77" b="U"/>
<point x="168.99" y="70.03" b="N"/>
<point x="163.08" y="64.92" b="C"/>
<point x="159.20" y="58.73" b="N"/>
<point x="157.29" y="51.42" b="N"/>
<point x="157.65" y="43.87" b="N"/>
<point x="160.26" y="36.77" b="N"/>
<point x="164.93" y="30.58" b="A"/>
<point x="170.93" y="26.25" b="U"/>
<point x="178.34" y="23.98" b="Y"/>
<point x="185.90" y="23.98" b="Y"/>
<point x="193.06" y="26.46" b="N"/>
<point x="199.11" y="30.58" b="R"/>
<point x="203.73" y="36.56" b="R"/>
<point x="206.49" y="43.87" b="N"/>
<point x="206.85" y="51.42" b="N"/>
<point x="204.93" y="58.73" b="N"/>
<point x="200.91" y="65.13" b="N"/>
<point x="195.15" y="70.03" b="N"/>
<point x="188.24" y="72.77" b="A"/>
<point x="188.24" y="80.33" b="A"/>
<point x="188.04" y="87.89" b="U"/>
<point x="188.04" y="95.45" b="R"/>
<point x="187.83" y="103.01" b="G"/>
<point x="188.24" y="110.57" b="Y"/>
<point x="188.04" y="118.13" b="C"/>
<point x="188.24" y="125.69" b="A"/>
<point x="195.18" y="128.76" b="N"/>
<point x="200.89" y="133.33" b="U"/>
<point x="205.11" y="139.61" b="U"/>
<point x="207.31" y="146.84" b="C"/>
<point x="207.51" y="154.40" b="A"/>
<point x="205.26" y="161.84" b="N"/>
<point x="201.10" y="167.91" b="Y"/>
<point x="195.18" y="172.89" b="N"/>
<point x="187.83" y="175.55" b="G"/>
<point x="188.04" y="183.11" b="R"/>
<point x="188.24" y="190.67" b="A"/>
<point x="188.24" y="198.23" b="A"/>
<point x="187.83" y="205.79" b="G"/>
<point x="188.24" y="213.35" b="A"/>
<point x="193.59" y="218.70" b="A"/>
<point x="201.15" y="218.70" b="A"/>
<point x="208.50" y="218.70" b="C"/>
<point x="216.27" y="218.70" b="A"/>
<point x="223.77" y="218.90" b="N"/>
<point x="231.33" y="218.90" b="N"/>
<point x="238.95" y="218.70" b="Y"/>
</structure>