<structure>
<point x="99.02" y="283.57" b="N"/>
<point x="99.02" y="276.01" b="N"/>
<point x="99.02" y="268.45" b="N"/>
<point x="98.87" y="260.69" b="R"/>
<point x="99.02" y="253.34" b="N"/>
<point x="99.02" y="245.78" b="N"/>
<point x="99.08" y="238.01" b="A"/>
<point x="91.35" y="237.24" b="R"/>
<point x="84.12" y="235.90" b="A"/>
<point x="76.75" y="234.19" b="N"/>
<point x="69.24" y="231.51" b="G"/>
<point x="62.73" y="228.49" b="A"/>
<point x="55.85" y="224.95" b="U"/>
<point x="49.25" y="220.90" b="G"/>
<point x="43.62" y="216.37" b="A"/>
<point x="37.93" y="211.38" b="A"/>
<point x="32.65" y="205.97" b="A"/>
<point x="27.75" y="200.38" b="N"/>
<point x="23.36" y="194.22" b="N"/>
<point x="19.47" y="187.74" b="N"/>
<point x="15.93" y="180.77" b="U"/>
<point x="13.23" y="173.98" b="N"/>
<point x="10.93" y="166.78" b="N"/>
<point x="9.04" y="159.21" b="R"/>
<point x="8.08" y="151.74" b="A"/>
<point x="7.50" y="144.21" b="Y"/>
<point x="7.50" y="136.65" b="A"/>
<point x="8.08" y="129.11" b="A"/>
<point x="9.19" y="121.85" b="N"/>
<point x="10.93" y="114.49" b="N"/>
<point x="13.08" y="107.08" b="U"/>
<point x="16.08" y="100.29" b="N"/>
<point x="19.47" y="93.53" b="N"/>
<point x="23.36" y="87.05" b="N"/>
<point x="27.80" y="80.68" b="A"/>
<point x="32.60" y="75.09" b="N"/>
<point x="37.73" y="69.47" b="R"/>
<point x="43.56" y="64.69" b="N"/>
<point x="49.46" y="59.95" b="C"/>
<point x="56.00" y="56.11" b="N"/>
<point x="62.73" y="52.36" b="Y"/>
<point x="69.45" y="49.34" b="C"/>
<point x="76.60" y="46.87" b="U"/>
<point x="84.06" y="45.16" b="N"/>
<point x="91.50" y="43.82" b="N"/>
<point x="99.08" y="42.85" b="Y"/>
<point x="98.87" y="35.29" b="R"/>
<point x="98.66" y="27.94" b="N"/>
<point x="105.14" y="24.06" b="N"/>
<point x="111.48" y="27.73" b="R"/>
<point x="111.11" y="35.29" b="C"/>
<point x="111.11" y="42.85" b="R"/>
<point x="118.81" y="43.51" b="N"/>
<point x="126.30" y="44.54" b="N"/>
<point x="133.68" y="46.16" b="N"/>
<point x="140.98" y="48.13" b="Y"/>
<point x="147.97" y="51.07" b="N"/>
<point x="154.79" y="54.34" b="N"/>
<point x="161.33" y="58.13" b="N"/>
<point x="167.56" y="62.41" b="N"/>
<point x="173.44" y="67.16" b="N"/>
<point x="178.93" y="72.36" b="N"/>
<point x="184.01" y="77.96" b="N"/>
<point x="188.49" y="83.73" b="C"/>
<point x="192.63" y="90.05" b="U"/>
<point x="196.07" y="96.67" b="G"/>
<point x="199.41" y="103.56" b="U"/>
<point x="201.78" y="110.66" b="G"/>
<point x="204.16" y="118.15" b="N"/>
<point x="205.68" y="125.36" b="A"/>
<point x="206.35" y="132.87" b="U"/>
<point x="206.43" y="140.43" b="G"/>
<point x="206.55" y="147.98" b="A"/>
<point x="205.26" y="155.49" b="G"/>
<point x="204.22" y="162.91" b="A"/>
<point x="202.20" y="170.19" b="A"/>
<point x="199.56" y="177.50" b="N"/>
<point x="196.07" y="184.18" b="G"/>
<point x="192.63" y="190.80" b="C"/>
<point x="188.63" y="197.33" b="N"/>
<point x="183.86" y="203.10" b="U"/>
<point x="178.99" y="208.71" b="Y"/>
<point x="173.29" y="213.90" b="U"/>
<point x="167.62" y="218.65" b="Y"/>
<point x="161.33" y="223.14" b="N"/>
<point x="154.64" y="226.72" b="U"/>
<point x="147.82" y="229.99" b="U"/>
<point x="140.77" y="232.73" b="C"/>
<point x="133.53" y="234.91" b="U"/>
<point x="125.94" y="236.52" b="G"/>
<point x="118.87" y="237.55" b="A"/>
<point x="111.11" y="238.01" b="U"/>
<point x="111.26" y="245.78" b="N"/>
<point x="111.26" y="253.34" b="N"/>
<point x="111.11" y="260.69" b="U"/>
<point x="111.26" y="268.45" b="N"/>
<point x="111.11" y="275.81" b="C"/>
<point x="111.26" y="283.57" b="N"/>
</structure>