<structure>
<point x="87.25" y="241.25" b="U"/>
<point x="92.60" y="235.91" b="R"/>
<point x="92.75" y="228.56" b="N"/>
<point x="92.75" y="221.00" b="N"/>
<point x="92.60" y="213.23" b="R"/>
<point x="92.60" y="205.67" b="R"/>
<point x="85.23" y="205.06" b="N"/>
<point x="77.87" y="203.41" b="A"/>
<point x="70.54" y="201.56" b="N"/>
<point x="63.31" y="198.70" b="U"/>
<point x="56.47" y="195.47" b="C"/>
<point x="49.93" y="191.69" b="U"/>
<point x="43.72" y="187.38" b="C"/>
<point x="37.89" y="182.56" b="C"/>
<point x="32.27" y="177.28" b="G"/>
<point x="27.32" y="171.57" b="G"/>
<point x="23.28" y="165.46" b="A"/>
<point x="19.34" y="159.01" b="A"/>
<point x="15.74" y="152.25" b="U"/>
<point x="12.92" y="145.24" b="C"/>
<point x="10.85" y="138.22" b="N"/>
<point x="9.08" y="130.63" b="C"/>
<point x="8.08" y="123.13" b="U"/>
<point x="7.50" y="115.58" b="G"/>
<point x="8.17" y="108.03" b="Y"/>
<point x="9.05" y="100.52" b="A"/>
<point x="10.55" y="93.11" b="Y"/>
<point x="12.46" y="85.85" b="U"/>
<point x="15.31" y="79.00" b="N"/>
<point x="18.44" y="71.98" b="C"/>
<point x="22.49" y="65.46" b="Y"/>
<point x="26.64" y="59.29" b="U"/>
<point x="31.50" y="53.50" b="U"/>
<point x="36.62" y="48.13" b="G"/>
<point x="42.79" y="43.23" b="A"/>
<point x="48.72" y="38.82" b="U"/>
<point x="54.99" y="34.93" b="G"/>
<point x="62.19" y="31.59" b="A"/>
<point x="69.18" y="29.04" b="N"/>
<point x="76.42" y="26.87" b="N"/>
<point x="83.82" y="25.31" b="N"/>
<point x="91.32" y="24.37" b="N"/>
<point x="98.87" y="24.06" b="N"/>
<point x="106.48" y="24.16" b="Y"/>
<point x="113.93" y="25.31" b="N"/>
<point x="121.38" y="26.66" b="Y"/>
<point x="128.41" y="28.83" b="U"/>
<point x="135.45" y="31.59" b="U"/>
<point x="142.03" y="34.93" b="G"/>
<point x="148.93" y="38.82" b="A"/>
<point x="155.07" y="43.23" b="A"/>
<point x="160.61" y="48.13" b="C"/>
<point x="165.94" y="53.50" b="C"/>
<point x="170.80" y="59.29" b="C"/>
<point x="175.16" y="65.46" b="U"/>
<point x="179.00" y="71.98" b="U"/>
<point x="182.28" y="78.79" b="U"/>
<point x="184.98" y="85.85" b="U"/>
<point x="187.09" y="93.11" b="C"/>
<point x="188.80" y="100.52" b="Y"/>
<point x="189.48" y="108.03" b="R"/>
<point x="189.88" y="115.79" b="N"/>
<point x="189.36" y="123.13" b="C"/>
<point x="188.36" y="130.63" b="U"/>
<point x="186.53" y="138.01" b="G"/>
<point x="184.72" y="145.24" b="A"/>
<point x="181.90" y="152.25" b="Y"/>
<point x="178.46" y="159.22" b="N"/>
<point x="174.52" y="165.67" b="N"/>
<point x="170.12" y="171.57" b="Y"/>
<point x="165.11" y="177.49" b="N"/>
<point x="159.70" y="182.77" b="N"/>
<point x="153.87" y="187.58" b="N"/>
<point x="147.66" y="191.90" b="N"/>
<point x="141.12" y="195.68" b="N"/>
<point x="134.28" y="198.91" b="N"/>
<point x="127.20" y="201.56" b="N"/>
<point x="119.93" y="203.61" b="N"/>
<point x="112.51" y="205.06" b="N"/>
<point x="104.99" y="205.88" b="N"/>
<point x="104.99" y="213.44" b="N"/>
<point x="104.99" y="221.00" b="N"/>
<point x="104.99" y="228.56" b="N"/>
<point x="105.05" y="235.91" b="Y"/>
</structure>