<structure>
<point x="82.15" y="242.71" b="U"/>
<point x="87.29" y="237.36" b="G"/>
<point x="87.29" y="229.80" b="G"/>
<point x="87.70" y="222.24" b="Y"/>
<point x="87.50" y="214.68" b="C"/>
<point x="79.94" y="214.49" b="R"/>
<point x="72.44" y="213.56" b="R"/>
<point x="65.06" y="211.93" b="U"/>
<point x="57.66" y="209.58" b="G"/>
<point x="51.15" y="206.55" b="A"/>
<point x="44.34" y="202.87" b="U"/>
<point x="37.91" y="198.57" b="G"/>
<point x="32.55" y="193.69" b="A"/>
<point x="27.07" y="188.28" b="C"/>
<point x="22.34" y="182.38" b="R"/>
<point x="18.35" y="176.27" b="N"/>
<point x="14.48" y="169.36" b="G"/>
<point x="12.05" y="162.36" b="A"/>
<point x="9.68" y="155.12" b="C"/>
<point x="8.23" y="147.69" b="C"/>
<point x="7.71" y="140.17" b="A"/>
<point x="7.50" y="132.61" b="C"/>
<point x="8.23" y="125.09" b="U"/>
<point x="9.47" y="117.67" b="G"/>
<point x="11.84" y="110.42" b="C"/>
<point x="14.48" y="103.42" b="G"/>
<point x="18.20" y="96.72" b="C"/>
<point x="22.54" y="90.40" b="A"/>
<point x="27.28" y="84.50" b="A"/>
<point x="32.35" y="79.09" b="U"/>
<point x="38.12" y="74.21" b="C"/>
<point x="44.34" y="69.91" b="U"/>
<point x="50.73" y="66.23" b="G"/>
<point x="58.08" y="63.20" b="A"/>
<point x="64.85" y="60.86" b="G"/>
<point x="72.44" y="59.22" b="U"/>
<point x="79.94" y="58.29" b="U"/>
<point x="87.50" y="58.10" b="C"/>
<point x="87.50" y="50.54" b="U"/>
<point x="87.29" y="42.98" b="G"/>
<point x="87.29" y="35.42" b="G"/>
<point x="86.92" y="27.87" b="G"/>
<point x="93.82" y="23.98" b="A"/>
<point x="100.31" y="27.87" b="A"/>
<point x="99.74" y="35.42" b="C"/>
<point x="99.74" y="42.98" b="C"/>
<point x="99.94" y="50.54" b="A"/>
<point x="99.53" y="58.10" b="G"/>
<point x="107.24" y="59.05" b="R"/>
<point x="114.61" y="60.72" b="U"/>
<point x="121.58" y="63.09" b="G"/>
<point x="128.91" y="66.14" b="A"/>
<point x="135.30" y="69.84" b="U"/>
<point x="141.30" y="74.16" b="G"/>
<point x="147.06" y="79.05" b="G"/>
<point x="152.74" y="84.47" b="A"/>
<point x="157.04" y="90.38" b="G"/>
<point x="161.38" y="96.71" b="U"/>
<point x="164.68" y="103.41" b="G"/>
<point x="167.73" y="110.42" b="U"/>
<point x="169.67" y="117.67" b="G"/>
<point x="171.48" y="125.29" b="N"/>
<point x="172.20" y="132.82" b="N"/>
<point x="172.06" y="140.17" b="C"/>
<point x="171.33" y="147.69" b="U"/>
<point x="169.88" y="155.12" b="R"/>
<point x="167.93" y="162.36" b="A"/>
<point x="164.68" y="169.37" b="G"/>
<point x="161.38" y="176.07" b="R"/>
<point x="157.25" y="182.40" b="R"/>
<point x="152.54" y="188.31" b="C"/>
<point x="147.27" y="193.73" b="R"/>
<point x="141.30" y="198.62" b="G"/>
<point x="135.51" y="202.94" b="A"/>
<point x="128.71" y="206.64" b="C"/>
<point x="121.79" y="209.69" b="U"/>
<point x="114.40" y="212.06" b="G"/>
<point x="107.44" y="213.73" b="A"/>
<point x="99.53" y="214.68" b="G"/>
<point x="99.74" y="222.24" b="R"/>
<point x="99.74" y="229.80" b="C"/>
<point x="99.74" y="237.36" b="C"/>
<point x="104.87" y="242.71" b="G"/>
</structure>