<structure>
<point x="19.45" y="152.54" b="R"/>
<point x="27.22" y="152.54" b="A"/>
<point x="34.58" y="152.54" b="U"/>
<point x="42.28" y="152.75" b="N"/>
<point x="49.90" y="152.54" b="A"/>
<point x="57.26" y="152.54" b="R"/>
<point x="65.02" y="152.54" b="Y"/>
<point x="72.58" y="152.54" b="A"/>
<point x="80.14" y="152.54" b="A"/>
<point x="87.70" y="152.54" b="Y"/>
<point x="95.06" y="152.54" b="U"/>
<point x="102.82" y="152.54" b="A"/>
<point x="107.96" y="147.19" b="C"/>
<point x="108.17" y="139.63" b="A"/>
<point x="107.96" y="132.07" b="U"/>
<point x="108.17" y="124.51" b="A"/>
<point x="107.96" y="116.95" b="C"/>
<point x="105.07" y="110.06" b="A"/>
<point x="107.75" y="103.16" b="G"/>
<point x="107.96" y="95.60" b="U"/>
<point x="107.96" y="88.04" b="U"/>
<point x="107.96" y="80.48" b="C"/>
<point x="108.17" y="72.92" b="A"/>
<point x="108.17" y="65.36" b="A"/>
<point x="100.70" y="62.63" b="G"/>
<point x="98.12" y="55.87" b="N"/>
<point x="101.06" y="48.91" b="N"/>
<point x="107.96" y="45.97" b="C"/>
<point x="103.28" y="40.20" b="A"/>
<point x="102.88" y="32.65" b="A"/>
<point x="107.12" y="26.40" b="A"/>
<point x="114.29" y="23.98" b="Y"/>
<point x="121.25" y="26.40" b="R"/>
<point x="125.49" y="32.65" b="C"/>
<point x="125.09" y="40.20" b="C"/>
<point x="119.99" y="45.97" b="G"/>
<point x="124.91" y="51.89" b="U"/>
<point x="125.11" y="59.45" b="A"/>
<point x="120.20" y="65.36" b="U"/>
<point x="120.20" y="72.92" b="U"/>
<point x="119.99" y="80.48" b="G"/>
<point x="120.41" y="88.04" b="A"/>
<point x="120.20" y="95.60" b="R"/>
<point x="120.20" y="103.16" b="C"/>
<point x="127.09" y="106.28" b="C"/>
<point x="127.24" y="114.05" b="N"/>
<point x="119.99" y="116.95" b="G"/>
<point x="120.20" y="124.51" b="U"/>
<point x="120.41" y="132.07" b="A"/>
<point x="120.20" y="139.63" b="U"/>
<point x="119.99" y="147.19" b="G"/>
<point x="125.55" y="152.54" b="U"/>
<point x="133.31" y="152.54" b="Y"/>
<point x="140.67" y="152.54" b="U"/>
<point x="148.23" y="152.54" b="R"/>
<point x="155.99" y="152.54" b="Y"/>
<point x="163.35" y="152.54" b="U"/>
<point x="171.06" y="152.75" b="N"/>
<point x="178.62" y="152.75" b="N"/>
<point x="186.03" y="152.54" b="U"/>
<point x="193.74" y="152.75" b="N"/>
</structure>