<structure>
<point x="228.12" y="111.48" b="N"/>
<point x="235.68" y="111.48" b="N"/>
<point x="243.24" y="111.48" b="N"/>
<point x="248.59" y="106.14" b="N"/>
<point x="248.59" y="98.58" b="N"/>
<point x="248.64" y="90.81" b="Y"/>
<point x="248.44" y="83.25" b="R"/>
<point x="241.08" y="80.79" b="G"/>
<point x="236.78" y="86.95" b="N"/>
<point x="232.19" y="92.70" b="Y"/>
<point x="227.53" y="98.66" b="A"/>
<point x="222.67" y="104.62" b="R"/>
<point x="218.02" y="110.57" b="U"/>
<point x="213.57" y="116.53" b="Y"/>
<point x="218.13" y="122.22" b="G"/>
<point x="222.46" y="128.56" b="C"/>
<point x="229.61" y="125.91" b="N"/>
<point x="236.61" y="123.06" b="N"/>
<point x="243.61" y="120.20" b="N"/>
<point x="250.61" y="117.35" b="N"/>
<point x="257.61" y="114.49" b="N"/>
<point x="260.53" y="107.52" b="N"/>
<point x="266.84" y="103.35" b="N"/>
<point x="274.40" y="103.39" b="N"/>
<point x="280.66" y="107.62" b="N"/>
<point x="283.52" y="114.62" b="N"/>
<point x="282.00" y="122.03" b="N"/>
<point x="276.62" y="127.34" b="N"/>
<point x="269.20" y="128.77" b="N"/>
<point x="262.23" y="125.83" b="N"/>
<point x="255.23" y="128.68" b="N"/>
<point x="248.23" y="131.54" b="N"/>
<point x="241.23" y="134.39" b="N"/>
<point x="234.23" y="137.25" b="N"/>
<point x="226.87" y="139.89" b="G"/>
<point x="228.78" y="147.31" b="A"/>
<point x="228.78" y="154.85" b="G"/>
<point x="228.11" y="162.38" b="G"/>
<point x="226.79" y="169.74" b="A"/>
<point x="224.01" y="176.77" b="A"/>
<point x="220.26" y="183.34" b="A"/>
<point x="215.19" y="189.29" b="G"/>
<point x="209.94" y="194.52" b="U"/>
<point x="203.79" y="198.92" b="C"/>
<point x="197.07" y="202.38" b="C"/>
<point x="190.13" y="204.85" b="A"/>
<point x="182.71" y="206.27" b="Y"/>
<point x="174.74" y="206.62" b="G"/>
<point x="167.42" y="205.88" b="C"/>
<point x="165.29" y="213.13" b="U"/>
<point x="163.30" y="220.59" b="N"/>
<point x="160.80" y="227.63" b="G"/>
<point x="158.87" y="234.88" b="C"/>
<point x="163.60" y="240.94" b="A"/>
<point x="170.96" y="240.95" b="C"/>
<point x="178.67" y="241.16" b="N"/>
<point x="186.08" y="240.96" b="R"/>
<point x="193.79" y="241.17" b="N"/>
<point x="201.20" y="240.97" b="C"/>
<point x="207.45" y="236.72" b="U"/>
<point x="214.74" y="237.66" b="G"/>
<point x="220.10" y="243.54" b="N"/>
<point x="219.73" y="250.89" b="G"/>
<point x="215.14" y="256.55" b="A"/>
<point x="207.43" y="257.48" b="U"/>
<point x="200.98" y="253.21" b="G"/>
<point x="193.78" y="253.41" b="N"/>
<point x="186.27" y="253.20" b="Y"/>
<point x="178.66" y="253.40" b="N"/>
<point x="170.74" y="253.19" b="G"/>
<point x="163.39" y="253.18" b="U"/>
<point x="159.06" y="259.23" b="A"/>
<point x="151.81" y="262.46" b="G"/>
<point x="144.47" y="262.13" b="U"/>
<point x="137.73" y="258.31" b="G"/>
<point x="133.95" y="251.89" b="U"/>
<point x="133.42" y="244.35" b="U"/>
<point x="127.27" y="240.25" b="Y"/>
<point x="120.50" y="236.16" b="G"/>
<point x="114.35" y="232.06" b="U"/>
<point x="107.79" y="227.97" b="G"/>
<point x="100.61" y="229.57" b="C"/>
<point x="96.72" y="235.93" b="Y"/>
<point x="92.57" y="242.49" b="N"/>
<point x="88.33" y="248.64" b="R"/>
<point x="84.23" y="254.99" b="R"/>
<point x="80.34" y="261.35" b="Y"/>
<point x="82.81" y="268.68" b="N"/>
<point x="81.70" y="275.94" b="A"/>
<point x="77.11" y="281.95" b="A"/>
<point x="70.15" y="285.25" b="N"/>
<point x="62.61" y="284.67" b="N"/>
<point x="56.11" y="280.37" b="R"/>
<point x="52.68" y="273.75" b="A"/>
<point x="52.43" y="266.19" b="U"/>
<point x="56.21" y="259.52" b="A"/>
<point x="62.52" y="255.36" b="A"/>
<point x="69.64" y="254.72" b="G"/>
<point x="74.15" y="248.36" b="Y"/>
<point x="78.24" y="242.01" b="Y"/>
<point x="82.28" y="235.86" b="N"/>
<point x="86.22" y="229.30" b="R"/>
<point x="90.11" y="222.94" b="G"/>
<point x="88.51" y="215.55" b="G"/>
<point x="82.51" y="211.67" b="N"/>
<point x="76.21" y="207.36" b="A"/>
<point x="69.80" y="203.48" b="N"/>
<point x="63.45" y="199.38" b="N"/>
<point x="57.09" y="195.29" b="N"/>
<point x="50.74" y="191.20" b="N"/>
<point x="43.47" y="189.10" b="N"/>
<point x="40.82" y="182.02" b="N"/>
<point x="44.91" y="175.67" b="N"/>
<point x="52.30" y="174.95" b="R"/>
<point x="57.36" y="180.91" b="N"/>
<point x="63.72" y="185.00" b="N"/>
<point x="70.08" y="189.09" b="N"/>
<point x="76.43" y="193.19" b="N"/>
<point x="82.64" y="197.07" b="U"/>
<point x="89.14" y="201.38" b="N"/>
<point x="95.92" y="197.71" b="A"/>
<point x="95.35" y="205.26" b="C"/>
<point x="102.53" y="203.66" b="G"/>
<point x="106.62" y="197.31" b="G"/>
<point x="103.87" y="190.35" b="C"/>
<point x="104.39" y="183.01" b="N"/>
<point x="98.19" y="178.26" b="R"/>
<point x="92.15" y="173.71" b="R"/>
<point x="86.26" y="169.38" b="N"/>
<point x="78.89" y="171.41" b="R"/>
<point x="71.65" y="170.12" b="A"/>
<point x="65.60" y="165.57" b="A"/>
<point x="62.24" y="158.98" b="N"/>
<point x="62.39" y="151.43" b="N"/>
<point x="56.34" y="146.88" b="N"/>
<point x="50.30" y="142.34" b="N"/>
<point x="44.11" y="137.59" b="C"/>
<point x="37.69" y="141.58" b="U"/>
<point x="30.56" y="139.75" b="A"/>
<point x="26.76" y="133.21" b="A"/>
<point x="28.40" y="125.93" b="G"/>
<point x="22.72" y="121.60" b="N"/>
<point x="16.73" y="116.84" b="Y"/>
<point x="9.64" y="114.23" b="Y"/>
<point x="7.50" y="106.98" b="Y"/>
<point x="11.99" y="101.14" b="N"/>
<point x="19.55" y="101.18" b="N"/>
<point x="23.88" y="107.06" b="R"/>
<point x="30.07" y="111.81" b="N"/>
<point x="35.96" y="116.15" b="U"/>
<point x="43.73" y="115.94" b="A"/>
<point x="49.56" y="120.49" b="U"/>
<point x="51.25" y="127.80" b="G"/>
<point x="57.66" y="132.56" b="N"/>
<point x="63.70" y="137.10" b="N"/>
<point x="69.74" y="141.64" b="N"/>
<point x="75.83" y="137.17" b="N"/>
<point x="83.19" y="136.04" b="R"/>
<point x="90.33" y="139.11" b="N"/>
<point x="95.03" y="145.03" b="N"/>
<point x="96.23" y="152.50" b="N"/>
<point x="93.62" y="159.59" b="N"/>
<point x="99.66" y="164.14" b="N"/>
<point x="105.76" y="168.47" b="Y"/>
<point x="111.80" y="173.02" b="Y"/>
<point x="118.75" y="170.57" b="U"/>
<point x="126.25" y="171.48" b="R"/>
<point x="132.81" y="175.58" b="A"/>
<point x="136.75" y="182.03" b="A"/>
<point x="137.47" y="189.56" b="A"/>
<point x="134.43" y="196.65" b="G"/>
<point x="139.03" y="202.80" b="U"/>
<point x="143.22" y="208.95" b="G"/>
<point x="147.82" y="215.10" b="C"/>
<point x="152.21" y="221.26" b="C"/>
<point x="158.30" y="216.51" b="A"/>
<point x="165.03" y="213.52" b="C"/>
<point x="172.73" y="212.50" b="A"/>
<point x="179.81" y="213.52" b="G"/>
<point x="187.11" y="216.72" b="N"/>
<point x="192.63" y="221.27" b="G"/>
<point x="197.44" y="227.42" b="A"/>
<point x="199.81" y="234.53" b="C"/>
<point x="200.18" y="242.06" b="G"/>
<point x="198.92" y="249.48" b="R"/>
<point x="195.52" y="256.23" b="R"/>
<point x="190.58" y="262.03" b="N"/>
<point x="184.24" y="265.85" b="Y"/>
<point x="188.57" y="272.21" b="N"/>
<point x="192.97" y="278.36" b="N"/>
<point x="197.36" y="284.51" b="N"/>
<point x="201.75" y="290.67" b="N"/>
<point x="206.14" y="296.82" b="N"/>
<point x="210.53" y="302.97" b="N"/>
<point x="214.78" y="308.92" b="R"/>
<point x="220.54" y="313.55" b="G"/>
<point x="220.81" y="321.11" b="A"/>
<point x="214.66" y="325.50" b="A"/>
<point x="207.46" y="323.19" b="A"/>
<point x="205.02" y="316.03" b="Y"/>
<point x="200.57" y="310.08" b="N"/>
<point x="196.18" y="303.93" b="N"/>
<point x="191.79" y="297.78" b="N"/>
<point x="187.40" y="291.62" b="N"/>
<point x="182.85" y="285.26" b="R"/>
<point x="178.46" y="279.11" b="R"/>
<point x="174.07" y="272.96" b="R"/>
<point x="166.77" y="274.94" b="R"/>
<point x="159.22" y="274.90" b="U"/>
<point x="151.73" y="272.84" b="G"/>
<point x="145.27" y="268.92" b="G"/>
<point x="140.50" y="263.41" b="A"/>
<point x="136.98" y="256.72" b="A"/>
<point x="135.16" y="249.34" b="C"/>
<point x="135.37" y="241.79" b="G"/>
<point x="138.15" y="234.83" b="N"/>
<point x="142.04" y="228.37" b="G"/>
<point x="137.64" y="222.22" b="G"/>
<point x="133.46" y="216.06" b="U"/>
<point x="127.52" y="220.46" b="A"/>
<point x="123.12" y="214.30" b="A"/>
<point x="129.28" y="209.91" b="A"/>
<point x="124.68" y="203.76" b="C"/>
<point x="117.12" y="203.94" b="C"/>
<point x="113.03" y="210.29" b="C"/>
<point x="114.62" y="217.68" b="C"/>
<point x="121.13" y="221.98" b="N"/>
<point x="127.34" y="225.87" b="C"/>
<point x="133.69" y="229.96" b="R"/>
<point x="140.25" y="234.06" b="A"/>
<point x="146.92" y="231.42" b="G"/>
<point x="149.27" y="224.17" b="C"/>
<point x="151.56" y="217.13" b="N"/>
<point x="153.75" y="209.67" b="A"/>
<point x="155.47" y="202.41" b="G"/>
<point x="149.11" y="199.17" b="N"/>
<point x="143.01" y="194.57" b="A"/>
<point x="137.54" y="189.35" b="A"/>
<point x="132.67" y="183.40" b="C"/>
<point x="125.95" y="186.87" b="C"/>
<point x="119.23" y="190.34" b="C"/>
<point x="118.44" y="197.83" b="A"/>
<point x="114.22" y="204.10" b="A"/>
<point x="107.65" y="207.84" b="A"/>
<point x="100.10" y="208.27" b="Y"/>
<point x="92.94" y="205.31" b="U"/>
<point x="88.18" y="199.76" b="N"/>
<point x="86.19" y="192.22" b="U"/>
<point x="87.59" y="184.84" b="G"/>
<point x="92.31" y="178.93" b="G"/>
<point x="99.37" y="175.74" b="U"/>
<point x="107.14" y="175.93" b="A"/>
<point x="113.41" y="179.46" b="G"/>
<point x="120.13" y="175.99" b="G"/>
<point x="126.84" y="172.53" b="G"/>
<point x="124.70" y="165.28" b="G"/>
<point x="123.97" y="158.00" b="N"/>
<point x="124.02" y="150.24" b="A"/>
<point x="125.09" y="142.75" b="Y"/>
<point x="117.89" y="140.50" b="N"/>
<point x="110.74" y="138.05" b="N"/>
<point x="103.59" y="135.59" b="N"/>
<point x="96.44" y="133.13" b="N"/>
<point x="89.35" y="130.46" b="Y"/>
<point x="82.14" y="128.21" b="N"/>
<point x="76.98" y="133.73" b="N"/>
<point x="70.34" y="137.34" b="N"/>
<point x="62.90" y="138.69" b="N"/>
<point x="55.26" y="137.41" b="R"/>
<point x="48.29" y="134.04" b="G"/>
<point x="43.34" y="128.72" b="A"/>
<point x="39.92" y="121.97" b="A"/>
<point x="38.74" y="114.71" b="N"/>
<point x="40.09" y="107.05" b="Y"/>
<point x="43.45" y="100.38" b="R"/>
<point x="49.14" y="95.18" b="A"/>
<point x="55.98" y="91.96" b="A"/>
<point x="63.43" y="91.27" b="N"/>
<point x="70.84" y="92.78" b="N"/>
<point x="77.39" y="96.54" b="N"/>
<point x="82.28" y="101.97" b="R"/>
<point x="85.45" y="109.11" b="N"/>
<point x="86.12" y="116.64" b="N"/>
<point x="93.12" y="118.89" b="R"/>
<point x="100.42" y="121.55" b="N"/>
<point x="107.57" y="124.01" b="N"/>
<point x="114.72" y="126.47" b="N"/>
<point x="121.87" y="128.93" b="N"/>
<point x="128.66" y="131.18" b="G"/>
<point x="132.62" y="124.62" b="R"/>
<point x="127.08" y="119.70" b="Y"/>
<point x="121.29" y="114.99" b="N"/>
<point x="115.54" y="110.08" b="N"/>
<point x="109.80" y="105.16" b="N"/>
<point x="104.05" y="100.25" b="N"/>
<point x="97.14" y="97.19" b="N"/>
<point x="95.47" y="89.82" b="N"/>
<point x="100.38" y="84.07" b="N"/>
<point x="107.93" y="84.59" b="N"/>
<point x="112.01" y="90.95" b="N"/>
<point x="117.76" y="95.86" b="N"/>
<point x="123.50" y="100.78" b="N"/>
<point x="129.24" y="105.69" b="N"/>
<point x="134.84" y="110.40" b="R"/>
<point x="140.79" y="115.32" b="Y"/>
<point x="146.69" y="110.60" b="A"/>
<point x="152.79" y="106.77" b="G"/>
<point x="160.21" y="103.91" b="A"/>
<point x="167.55" y="102.09" b="Y"/>
<point x="175.07" y="101.34" b="A"/>
<point x="182.42" y="101.67" b="R"/>
<point x="190.05" y="103.08" b="A"/>
<point x="196.99" y="105.54" b="U"/>
<point x="203.51" y="108.99" b="G"/>
<point x="208.58" y="103.04" b="A"/>
<point x="213.03" y="97.08" b="U"/>
<point x="217.68" y="91.12" b="U"/>
<point x="222.34" y="85.17" b="R"/>
<point x="227.20" y="79.21" b="Y"/>
<point x="231.64" y="73.25" b="C"/>
<point x="227.53" y="66.91" b="R"/>
<point x="225.27" y="59.95" b="N"/>
<point x="217.72" y="59.89" b="N"/>
<point x="210.16" y="59.82" b="N"/>
<point x="202.59" y="59.76" b="N"/>
<point x="195.04" y="59.70" b="N"/>
<point x="187.48" y="59.64" b="N"/>
<point x="179.92" y="59.58" b="N"/>
<point x="172.36" y="59.51" b="N"/>
<point x="164.80" y="59.45" b="N"/>
<point x="158.02" y="62.80" b="N"/>
<point x="150.93" y="60.16" b="N"/>
<point x="147.99" y="53.19" b="N"/>
<point x="151.05" y="46.28" b="N"/>
<point x="158.17" y="43.75" b="N"/>
<point x="164.90" y="47.21" b="N"/>
<point x="172.46" y="47.27" b="N"/>
<point x="180.02" y="47.34" b="N"/>
<point x="187.58" y="47.40" b="N"/>
<point x="195.14" y="47.46" b="N"/>
<point x="202.70" y="47.52" b="N"/>
<point x="210.26" y="47.59" b="N"/>
<point x="217.82" y="47.65" b="N"/>
<point x="225.38" y="47.71" b="N"/>
<point x="227.90" y="40.58" b="N"/>
<point x="232.17" y="34.10" b="A"/>
<point x="237.62" y="29.09" b="C"/>
<point x="244.56" y="25.64" b="A"/>
<point x="251.73" y="23.98" b="R"/>
<point x="259.49" y="24.23" b="A"/>
<point x="266.75" y="26.35" b="A"/>
<point x="273.04" y="30.21" b="C"/>
<point x="278.57" y="35.58" b="A"/>
<point x="282.17" y="42.11" b="U"/>
<point x="284.02" y="49.38" b="G"/>
<point x="284.20" y="56.94" b="G"/>
<point x="282.70" y="64.30" b="C"/>
<point x="279.20" y="71.00" b="U"/>
<point x="274.13" y="76.62" b="U"/>
<point x="268.03" y="80.79" b="A"/>
<point x="260.68" y="83.25" b="U"/>
<point x="267.37" y="87.24" b="N"/>
<point x="260.47" y="90.81" b="G"/>
<point x="260.83" y="98.58" b="N"/>
<point x="260.83" y="106.14" b="N"/>
</structure>