<structure>
<point x="19.25" y="212.53" b="G"/>
<point x="27.22" y="212.53" b="Y"/>
<point x="32.15" y="207.18" b="G"/>
<point x="32.36" y="199.62" b="C"/>
<point x="32.36" y="192.06" b="U"/>
<point x="32.36" y="184.50" b="C"/>
<point x="32.57" y="176.94" b="A"/>
<point x="32.36" y="169.38" b="C"/>
<point x="26.97" y="164.30" b="Y"/>
<point x="24.69" y="157.03" b="R"/>
<point x="26.77" y="149.76" b="R"/>
<point x="32.15" y="144.67" b="G"/>
<point x="32.15" y="137.11" b="G"/>
<point x="32.36" y="129.55" b="C"/>
<point x="25.47" y="126.44" b="U"/>
<point x="25.68" y="118.88" b="Y"/>
<point x="32.15" y="115.76" b="G"/>
<point x="32.15" y="108.20" b="G"/>
<point x="32.36" y="100.64" b="U"/>
<point x="32.36" y="93.08" b="C"/>
<point x="26.44" y="88.66" b="Y"/>
<point x="22.79" y="81.93" b="U"/>
<point x="22.99" y="74.37" b="Y"/>
<point x="26.23" y="67.64" b="U"/>
<point x="32.36" y="63.21" b="C"/>
<point x="32.36" y="55.65" b="C"/>
<point x="30.19" y="48.41" b="R"/>
<point x="34.91" y="42.35" b="Y"/>
<point x="42.05" y="42.35" b="G"/>
<point x="46.77" y="48.41" b="U"/>
<point x="44.39" y="55.65" b="G"/>
<point x="44.39" y="63.21" b="G"/>
<point x="50.73" y="67.64" b="U"/>
<point x="54.38" y="74.37" b="Y"/>
<point x="54.17" y="81.93" b="C"/>
<point x="50.94" y="88.66" b="Y"/>
<point x="44.39" y="93.08" b="G"/>
<point x="44.81" y="100.64" b="A"/>
<point x="44.60" y="108.20" b="C"/>
<point x="44.60" y="115.76" b="C"/>
<point x="47.70" y="122.66" b="U"/>
<point x="44.39" y="129.55" b="G"/>
<point x="44.60" y="137.11" b="C"/>
<point x="44.60" y="144.67" b="C"/>
<point x="51.97" y="147.10" b="Y"/>
<point x="56.16" y="153.25" b="U"/>
<point x="56.16" y="160.81" b="C"/>
<point x="51.97" y="166.95" b="Y"/>
<point x="44.60" y="169.38" b="R"/>
<point x="44.60" y="176.94" b="U"/>
<point x="44.39" y="184.50" b="G"/>
<point x="44.81" y="192.06" b="A"/>
<point x="44.39" y="199.62" b="G"/>
<point x="44.60" y="207.18" b="C"/>
<point x="49.95" y="212.53" b="R"/>
<point x="57.71" y="212.53" b="A"/>
<point x="64.86" y="212.53" b="G"/>
<point x="72.83" y="212.53" b="A"/>
<point x="79.98" y="212.53" b="G"/>
<point x="87.95" y="212.53" b="A"/>
<point x="95.51" y="212.53" b="A"/>
<point x="102.87" y="212.53" b="R"/>
<point x="110.63" y="212.53" b="Y"/>
<point x="118.19" y="212.53" b="A"/>
<point x="123.12" y="207.18" b="G"/>
<point x="120.23" y="200.29" b="R"/>
<point x="123.54" y="193.39" b="A"/>
<point x="123.33" y="185.83" b="C"/>
<point x="123.33" y="178.27" b="U"/>
<point x="123.12" y="170.71" b="G"/>
<point x="123.12" y="163.15" b="G"/>
<point x="120.23" y="156.26" b="U"/>
<point x="123.33" y="149.36" b="U"/>
<point x="123.33" y="141.80" b="U"/>
<point x="123.12" y="134.24" b="G"/>
<point x="116.23" y="131.13" b="G"/>
<point x="116.23" y="123.57" b="G"/>
<point x="123.12" y="120.45" b="G"/>
<point x="123.12" y="112.89" b="G"/>
<point x="123.33" y="105.33" b="U"/>
<point x="123.33" y="97.77" b="R"/>
<point x="123.33" y="90.21" b="U"/>
<point x="123.33" y="82.65" b="C"/>
<point x="123.33" y="75.09" b="C"/>
<point x="123.54" y="67.53" b="Y"/>
<point x="123.33" y="59.97" b="R"/>
<point x="123.33" y="52.41" b="U"/>
<point x="123.33" y="44.85" b="C"/>
<point x="123.54" y="37.29" b="Y"/>
<point x="121.31" y="30.26" b="N"/>
<point x="125.88" y="23.98" b="A"/>
<point x="133.02" y="23.98" b="G"/>
<point x="137.75" y="30.05" b="U"/>
<point x="135.36" y="37.29" b="G"/>
<point x="135.36" y="44.85" b="G"/>
<point x="135.57" y="52.41" b="R"/>
<point x="135.57" y="59.97" b="C"/>
<point x="143.34" y="59.97" b="A"/>
<point x="143.34" y="67.53" b="Y"/>
<point x="135.57" y="67.53" b="R"/>
<point x="135.36" y="75.09" b="G"/>
<point x="135.36" y="82.65" b="G"/>
<point x="135.78" y="90.21" b="A"/>
<point x="135.72" y="97.98" b="N"/>
<point x="135.78" y="105.33" b="A"/>
<point x="135.57" y="112.89" b="C"/>
<point x="135.57" y="120.45" b="C"/>
<point x="138.88" y="127.35" b="A"/>
<point x="135.78" y="134.24" b="Y"/>
<point x="135.36" y="141.80" b="G"/>
<point x="135.36" y="149.36" b="G"/>
<point x="143.13" y="149.66" b="U"/>
<point x="146.82" y="156.26" b="U"/>
<point x="143.13" y="162.85" b="U"/>
<point x="135.78" y="163.15" b="Y"/>
<point x="135.57" y="170.71" b="C"/>
<point x="135.78" y="178.27" b="A"/>
<point x="135.36" y="185.83" b="G"/>
<point x="135.57" y="193.39" b="U"/>
<point x="138.88" y="200.29" b="A"/>
<point x="135.57" y="207.18" b="C"/>
<point x="140.92" y="212.53" b="R"/>
<point x="148.68" y="212.53" b="A"/>
<point x="156.04" y="212.53" b="C"/>
<point x="163.80" y="212.53" b="A"/>
</structure>