<structure>
<point x="19.66" y="210.57" b="A"/>
<point x="27.02" y="210.57" b="C"/>
<point x="34.58" y="210.57" b="C"/>
<point x="42.13" y="210.57" b="C"/>
<point x="49.70" y="210.57" b="C"/>
<point x="57.46" y="210.57" b="A"/>
<point x="64.81" y="210.57" b="U"/>
<point x="72.17" y="210.57" b="G"/>
<point x="80.14" y="210.57" b="A"/>
<point x="87.50" y="210.57" b="U"/>
<point x="95.26" y="210.57" b="A"/>
<point x="102.61" y="210.57" b="U"/>
<point x="110.17" y="210.57" b="U"/>
<point x="117.94" y="210.57" b="A"/>
<point x="125.50" y="210.57" b="A"/>
<point x="132.65" y="210.57" b="G"/>
<point x="140.41" y="210.57" b="C"/>
<point x="147.97" y="210.57" b="C"/>
<point x="155.32" y="210.57" b="G"/>
<point x="160.67" y="205.22" b="G"/>
<point x="160.88" y="197.66" b="C"/>
<point x="161.09" y="190.10" b="A"/>
<point x="160.67" y="182.54" b="G"/>
<point x="160.88" y="174.98" b="R"/>
<point x="161.09" y="167.42" b="Y"/>
<point x="160.67" y="159.86" b="G"/>
<point x="160.88" y="152.30" b="C"/>
<point x="154.34" y="148.88" b="Y"/>
<point x="149.22" y="143.33" b="Y"/>
<point x="145.93" y="136.33" b="G"/>
<point x="146.05" y="128.98" b="N"/>
<point x="148.51" y="121.61" b="A"/>
<point x="153.20" y="115.94" b="N"/>
<point x="159.56" y="111.88" b="U"/>
<point x="167.21" y="110.54" b="Y"/>
<point x="174.65" y="111.88" b="Y"/>
<point x="181.10" y="115.94" b="N"/>
<point x="185.85" y="121.82" b="N"/>
<point x="188.25" y="128.98" b="N"/>
<point x="187.86" y="136.33" b="C"/>
<point x="184.99" y="143.33" b="R"/>
<point x="180.01" y="149.09" b="N"/>
<point x="172.91" y="152.30" b="G"/>
<point x="173.12" y="159.86" b="C"/>
<point x="173.12" y="167.42" b="R"/>
<point x="173.33" y="174.98" b="Y"/>
<point x="173.12" y="182.54" b="C"/>
<point x="173.12" y="190.10" b="U"/>
<point x="172.91" y="197.66" b="G"/>
<point x="173.12" y="205.22" b="U"/>
<point x="178.26" y="210.57" b="G"/>
<point x="186.23" y="210.57" b="A"/>
<point x="193.59" y="210.57" b="C"/>
<point x="201.15" y="210.57" b="U"/>
<point x="208.91" y="210.57" b="A"/>
<point x="216.27" y="210.57" b="U"/>
<point x="223.62" y="210.57" b="G"/>
<point x="231.59" y="210.57" b="A"/>
<point x="239.15" y="210.57" b="Y"/>
<point x="246.51" y="210.57" b="U"/>
<point x="253.86" y="210.57" b="G"/>
<point x="261.42" y="210.57" b="G"/>
<point x="268.98" y="210.57" b="G"/>
<point x="276.95" y="210.57" b="A"/>
<point x="284.51" y="210.57" b="A"/>
<point x="291.87" y="210.57" b="C"/>
<point x="299.63" y="210.57" b="A"/>
<point x="306.99" y="210.57" b="R"/>
<point x="314.55" y="210.57" b="U"/>
<point x="322.31" y="210.57" b="A"/>
<point x="329.87" y="210.57" b="A"/>
<point x="337.38" y="210.77" b="N"/>
<point x="344.58" y="210.57" b="G"/>
<point x="352.55" y="210.57" b="Y"/>
<point x="360.11" y="210.57" b="Y"/>
<point x="367.26" y="210.57" b="G"/>
<point x="372.81" y="205.22" b="C"/>
<point x="372.81" y="197.66" b="U"/>
<point x="372.60" y="190.10" b="G"/>
<point x="373.02" y="182.54" b="A"/>
<point x="365.82" y="179.68" b="U"/>
<point x="359.75" y="174.90" b="G"/>
<point x="355.74" y="168.62" b="U"/>
<point x="353.33" y="161.39" b="G"/>
<point x="353.54" y="153.83" b="U"/>
<point x="355.53" y="146.60" b="G"/>
<point x="359.96" y="140.32" b="U"/>
<point x="366.02" y="135.54" b="A"/>
<point x="372.81" y="132.68" b="U"/>
<point x="372.60" y="125.12" b="G"/>
<point x="372.81" y="117.56" b="U"/>
<point x="372.81" y="110.00" b="U"/>
<point x="372.60" y="102.44" b="G"/>
<point x="372.81" y="94.88" b="R"/>
<point x="372.81" y="87.32" b="R"/>
<point x="366.07" y="84.41" b="N"/>
<point x="366.07" y="76.85" b="N"/>
<point x="372.81" y="73.53" b="R"/>
<point x="372.96" y="66.18" b="N"/>
<point x="372.96" y="58.62" b="N"/>
<point x="373.02" y="50.85" b="Y"/>
<point x="367.31" y="45.89" b="Y"/>
<point x="364.90" y="38.91" b="N"/>
<point x="366.43" y="31.33" b="U"/>
<point x="371.80" y="26.07" b="N"/>
<point x="379.08" y="24.06" b="N"/>
<point x="386.43" y="25.86" b="Y"/>
<point x="391.64" y="31.33" b="Y"/>
<point x="393.32" y="38.71" b="Y"/>
<point x="390.76" y="45.89" b="U"/>
<point x="384.84" y="50.85" b="G"/>
<point x="385.05" y="58.41" b="C"/>
<point x="385.20" y="66.18" b="N"/>
<point x="385.26" y="73.53" b="Y"/>
<point x="388.30" y="80.63" b="N"/>
<point x="385.26" y="87.32" b="Y"/>
<point x="385.26" y="94.88" b="Y"/>
<point x="385.26" y="102.44" b="Y"/>
<point x="384.84" y="110.00" b="G"/>
<point x="385.26" y="117.56" b="A"/>
<point x="385.05" y="125.12" b="C"/>
<point x="385.26" y="132.68" b="A"/>
<point x="392.25" y="135.54" b="A"/>
<point x="398.11" y="140.32" b="A"/>
<point x="401.91" y="146.60" b="G"/>
<point x="404.47" y="154.04" b="N"/>
<point x="404.47" y="161.60" b="N"/>
<point x="402.27" y="168.83" b="N"/>
<point x="398.06" y="175.11" b="N"/>
<point x="392.05" y="179.68" b="U"/>
<point x="385.05" y="182.54" b="U"/>
<point x="385.05" y="190.10" b="C"/>
<point x="385.26" y="197.66" b="A"/>
<point x="384.84" y="205.22" b="G"/>
<point x="390.55" y="210.77" b="N"/>
<point x="397.96" y="210.57" b="C"/>
<point x="405.67" y="210.77" b="N"/>
<point x="413.28" y="210.57" b="A"/>
<point x="420.64" y="210.57" b="C"/>
<point x="428.40" y="210.57" b="A"/>
</structure>