<structure>
<point x="118.38" y="297.36" b="N"/>
<point x="123.37" y="291.81" b="G"/>
<point x="123.58" y="284.25" b="C"/>
<point x="123.58" y="276.69" b="U"/>
<point x="123.58" y="269.13" b="C"/>
<point x="116.89" y="266.01" b="Y"/>
<point x="116.89" y="258.45" b="A"/>
<point x="123.37" y="255.34" b="G"/>
<point x="123.37" y="247.78" b="G"/>
<point x="123.37" y="240.22" b="G"/>
<point x="123.37" y="232.66" b="G"/>
<point x="120.63" y="225.97" b="N"/>
<point x="123.58" y="218.87" b="U"/>
<point x="123.73" y="211.52" b="N"/>
<point x="118.72" y="205.69" b="A"/>
<point x="110.79" y="204.90" b="G"/>
<point x="103.27" y="204.11" b="G"/>
<point x="95.75" y="203.32" b="G"/>
<point x="91.40" y="209.35" b="C"/>
<point x="85.02" y="213.05" b="A"/>
<point x="77.29" y="213.81" b="U"/>
<point x="70.30" y="211.50" b="Y"/>
<point x="64.21" y="206.51" b="G"/>
<point x="61.21" y="199.66" b="C"/>
<point x="62.93" y="207.26" b="N"/>
<point x="56.39" y="211.04" b="N"/>
<point x="50.77" y="205.98" b="N"/>
<point x="53.69" y="198.87" b="C"/>
<point x="46.33" y="198.28" b="N"/>
<point x="38.81" y="197.49" b="N"/>
<point x="31.14" y="196.50" b="C"/>
<point x="23.62" y="195.70" b="U"/>
<point x="16.55" y="198.38" b="U"/>
<point x="9.75" y="195.07" b="U"/>
<point x="7.50" y="187.85" b="U"/>
<point x="11.21" y="181.26" b="C"/>
<point x="18.54" y="179.44" b="U"/>
<point x="24.69" y="183.53" b="G"/>
<point x="32.21" y="184.32" b="G"/>
<point x="39.94" y="185.11" b="R"/>
<point x="47.61" y="186.11" b="N"/>
<point x="54.77" y="186.70" b="G"/>
<point x="62.28" y="187.49" b="G"/>
<point x="67.26" y="181.46" b="A"/>
<point x="73.64" y="177.75" b="C"/>
<point x="81.37" y="176.99" b="A"/>
<point x="88.36" y="179.30" b="C"/>
<point x="94.04" y="184.30" b="U"/>
<point x="97.24" y="191.14" b="C"/>
<point x="104.76" y="191.94" b="C"/>
<point x="112.28" y="192.73" b="C"/>
<point x="119.80" y="193.52" b="U"/>
<point x="126.12" y="189.08" b="Y"/>
<point x="127.49" y="181.68" b="C"/>
<point x="129.06" y="174.29" b="U"/>
<point x="130.64" y="166.89" b="R"/>
<point x="126.18" y="160.94" b="A"/>
<point x="124.93" y="153.45" b="U"/>
<point x="127.57" y="146.45" b="G"/>
<point x="124.04" y="139.77" b="G"/>
<point x="118.28" y="135.13" b="U"/>
<point x="117.58" y="127.58" b="G"/>
<point x="114.46" y="120.90" b="A"/>
<point x="110.92" y="114.22" b="A"/>
<point x="103.16" y="113.95" b="U"/>
<point x="106.96" y="107.54" b="G"/>
<point x="103.43" y="100.86" b="G"/>
<point x="100.10" y="94.18" b="R"/>
<point x="94.99" y="88.80" b="A"/>
<point x="96.14" y="81.33" b="A"/>
<point x="102.62" y="77.79" b="C"/>
<point x="109.44" y="81.04" b="U"/>
<point x="110.91" y="88.45" b="C"/>
<point x="114.45" y="95.13" b="C"/>
<point x="117.99" y="101.81" b="C"/>
<point x="121.53" y="108.49" b="U"/>
<point x="125.07" y="115.17" b="U"/>
<point x="128.81" y="121.86" b="Y"/>
<point x="136.15" y="121.38" b="C"/>
<point x="139.69" y="128.06" b="U"/>
<point x="135.06" y="134.04" b="C"/>
<point x="138.75" y="140.93" b="N"/>
<point x="146.14" y="142.50" b="N"/>
<point x="152.10" y="137.84" b="N"/>
<point x="158.11" y="132.97" b="A"/>
<point x="163.64" y="128.31" b="G"/>
<point x="170.01" y="123.65" b="Y"/>
<point x="175.96" y="118.99" b="A"/>
<point x="181.50" y="114.33" b="G"/>
<point x="187.66" y="109.67" b="C"/>
<point x="183.34" y="103.47" b="C"/>
<point x="184.47" y="95.99" b="U"/>
<point x="190.57" y="91.54" b="N"/>
<point x="197.95" y="92.03" b="C"/>
<point x="203.14" y="97.72" b="Y"/>
<point x="208.89" y="93.06" b="U"/>
<point x="214.63" y="88.40" b="G"/>
<point x="221.00" y="83.74" b="Y"/>
<point x="226.95" y="79.08" b="A"/>
<point x="232.49" y="74.41" b="G"/>
<point x="231.84" y="66.93" b="Y"/>
<point x="238.65" y="69.75" b="U"/>
<point x="244.75" y="65.30" b="N"/>
<point x="243.69" y="57.82" b="N"/>
<point x="250.56" y="60.43" b="U"/>
<point x="256.51" y="55.77" b="C"/>
<point x="262.46" y="51.11" b="C"/>
<point x="261.41" y="43.66" b="Y"/>
<point x="262.58" y="36.27" b="G"/>
<point x="266.78" y="29.98" b="G"/>
<point x="273.21" y="25.68" b="U"/>
<point x="280.78" y="23.98" b="A"/>
<point x="287.84" y="25.12" b="G"/>
<point x="294.73" y="29.15" b="N"/>
<point x="299.39" y="35.10" b="N"/>
<point x="301.38" y="42.14" b="C"/>
<point x="300.89" y="49.67" b="A"/>
<point x="297.06" y="56.41" b="G"/>
<point x="291.61" y="61.42" b="U"/>
<point x="284.29" y="63.99" b="G"/>
<point x="276.94" y="63.76" b="U"/>
<point x="269.80" y="60.75" b="G"/>
<point x="264.20" y="65.62" b="N"/>
<point x="258.25" y="70.28" b="N"/>
<point x="252.30" y="74.94" b="N"/>
<point x="246.40" y="79.39" b="A"/>
<point x="240.24" y="84.05" b="U"/>
<point x="234.29" y="88.71" b="U"/>
<point x="228.13" y="93.37" b="G"/>
<point x="222.38" y="98.03" b="C"/>
<point x="216.64" y="102.69" b="A"/>
<point x="210.27" y="107.36" b="G"/>
<point x="208.87" y="114.92" b="N"/>
<point x="202.92" y="119.58" b="N"/>
<point x="195.00" y="119.31" b="G"/>
<point x="189.26" y="123.97" b="C"/>
<point x="183.30" y="128.63" b="U"/>
<point x="177.14" y="133.29" b="G"/>
<point x="183.83" y="137.51" b="Y"/>
<point x="181.55" y="144.78" b="C"/>
<point x="174.20" y="145.05" b="A"/>
<point x="171.40" y="137.95" b="C"/>
<point x="165.65" y="142.61" b="Y"/>
<point x="159.49" y="147.27" b="R"/>
<point x="153.54" y="151.93" b="C"/>
<point x="153.29" y="159.49" b="C"/>
<point x="149.29" y="165.90" b="C"/>
<point x="142.76" y="169.65" b="N"/>
<point x="141.24" y="176.84" b="A"/>
<point x="139.25" y="184.23" b="G"/>
<point x="138.09" y="191.62" b="A"/>
<point x="141.82" y="198.38" b="N"/>
<point x="141.08" y="205.69" b="A"/>
<point x="135.61" y="211.31" b="G"/>
<point x="135.82" y="218.87" b="R"/>
<point x="142.99" y="215.92" b="A"/>
<point x="149.98" y="218.78" b="A"/>
<point x="152.47" y="225.76" b="G"/>
<point x="149.78" y="232.75" b="C"/>
<point x="142.93" y="235.81" b="N"/>
<point x="136.02" y="232.66" b="Y"/>
<point x="135.82" y="240.22" b="C"/>
<point x="135.82" y="247.78" b="C"/>
<point x="135.82" y="255.34" b="C"/>
<point x="139.12" y="262.24" b="A"/>
<point x="135.61" y="269.13" b="G"/>
<point x="136.02" y="276.69" b="A"/>
<point x="135.61" y="284.25" b="G"/>
<point x="135.82" y="291.81" b="C"/>
</structure>