<structure>
<point x="70.68" y="192.68" b="G"/>
<point x="71.04" y="185.33" b="N"/>
<point x="71.09" y="177.56" b="A"/>
<point x="70.68" y="170.00" b="G"/>
<point x="70.68" y="162.44" b="G"/>
<point x="63.40" y="161.37" b="U"/>
<point x="55.87" y="159.48" b="G"/>
<point x="49.22" y="156.81" b="A"/>
<point x="42.27" y="153.39" b="U"/>
<point x="35.73" y="149.25" b="G"/>
<point x="30.31" y="144.45" b="A"/>
<point x="24.82" y="139.04" b="U"/>
<point x="19.95" y="133.09" b="G"/>
<point x="16.37" y="126.67" b="A"/>
<point x="12.90" y="119.85" b="U"/>
<point x="10.61" y="112.72" b="A"/>
<point x="8.89" y="105.35" b="A"/>
<point x="7.99" y="97.85" b="A"/>
<point x="7.50" y="90.29" b="G"/>
<point x="8.66" y="82.76" b="A"/>
<point x="10.01" y="75.37" b="U"/>
<point x="12.16" y="68.18" b="G"/>
<point x="15.70" y="61.30" b="A"/>
<point x="19.55" y="54.79" b="A"/>
<point x="23.88" y="48.75" b="C"/>
<point x="28.84" y="43.23" b="G"/>
<point x="34.79" y="38.31" b="C"/>
<point x="41.03" y="34.04" b="U"/>
<point x="47.70" y="30.48" b="U"/>
<point x="54.51" y="27.66" b="G"/>
<point x="61.79" y="25.63" b="G"/>
<point x="69.25" y="24.40" b="G"/>
<point x="77.21" y="23.98" b="A"/>
<point x="84.76" y="24.40" b="A"/>
<point x="92.01" y="25.63" b="C"/>
<point x="99.29" y="27.66" b="U"/>
<point x="106.31" y="30.48" b="U"/>
<point x="112.98" y="34.04" b="C"/>
<point x="119.01" y="38.31" b="G"/>
<point x="125.17" y="43.23" b="A"/>
<point x="130.13" y="48.75" b="C"/>
<point x="134.67" y="54.79" b="U"/>
<point x="138.31" y="61.30" b="G"/>
<point x="141.85" y="68.18" b="A"/>
<point x="144.00" y="75.37" b="C"/>
<point x="145.76" y="82.76" b="A"/>
<point x="146.09" y="90.29" b="G"/>
<point x="146.22" y="97.85" b="U"/>
<point x="145.11" y="105.35" b="G"/>
<point x="143.82" y="112.72" b="A"/>
<point x="140.90" y="119.85" b="G"/>
<point x="138.05" y="126.67" b="A"/>
<point x="134.06" y="133.09" b="A"/>
<point x="129.19" y="139.04" b="C"/>
<point x="124.12" y="144.45" b="A"/>
<point x="118.07" y="149.25" b="C"/>
<point x="111.74" y="153.39" b="U"/>
<point x="104.79" y="156.81" b="G"/>
<point x="98.14" y="159.48" b="A"/>
<point x="90.82" y="161.37" b="A"/>
<point x="83.13" y="162.44" b="C"/>
<point x="83.13" y="170.00" b="U"/>
<point x="83.13" y="177.56" b="U"/>
<point x="83.13" y="185.12" b="U"/>
<point x="83.13" y="192.68" b="C"/>
</structure>