<structure>
<point x="99.39" y="265.54" b="N"/>
<point x="104.74" y="260.20" b="N"/>
<point x="104.74" y="252.64" b="N"/>
<point x="104.38" y="244.87" b="G"/>
<point x="104.59" y="237.31" b="C"/>
<point x="104.79" y="229.75" b="A"/>
<point x="97.06" y="229.03" b="R"/>
<point x="89.61" y="227.75" b="R"/>
<point x="82.27" y="225.93" b="U"/>
<point x="74.88" y="223.58" b="G"/>
<point x="68.30" y="220.71" b="A"/>
<point x="61.54" y="217.33" b="Y"/>
<point x="54.62" y="213.47" b="G"/>
<point x="48.84" y="209.14" b="A"/>
<point x="42.92" y="204.57" b="N"/>
<point x="37.42" y="199.38" b="N"/>
<point x="32.38" y="193.60" b="A"/>
<point x="27.49" y="187.66" b="R"/>
<point x="23.41" y="181.60" b="N"/>
<point x="19.65" y="175.05" b="N"/>
<point x="16.44" y="168.02" b="A"/>
<point x="13.26" y="160.98" b="G"/>
<point x="11.44" y="153.76" b="A"/>
<point x="9.53" y="146.40" b="C"/>
<point x="8.58" y="138.93" b="A"/>
<point x="7.55" y="131.39" b="G"/>
<point x="7.50" y="123.83" b="G"/>
<point x="8.00" y="116.29" b="G"/>
<point x="9.47" y="108.80" b="A"/>
<point x="10.86" y="101.41" b="C"/>
<point x="13.21" y="94.16" b="A"/>
<point x="15.66" y="87.08" b="U"/>
<point x="18.84" y="80.22" b="C"/>
<point x="22.66" y="73.82" b="N"/>
<point x="26.44" y="67.29" b="G"/>
<point x="31.40" y="61.50" b="N"/>
<point x="36.42" y="55.85" b="N"/>
<point x="41.85" y="50.58" b="N"/>
<point x="47.70" y="45.52" b="Y"/>
<point x="53.78" y="41.31" b="N"/>
<point x="60.28" y="37.15" b="Y"/>
<point x="66.94" y="33.89" b="N"/>
<point x="73.95" y="30.71" b="Y"/>
<point x="81.04" y="28.46" b="N"/>
<point x="88.35" y="26.54" b="N"/>
<point x="95.79" y="25.17" b="N"/>
<point x="103.30" y="24.33" b="N"/>
<point x="110.86" y="24.06" b="N"/>
<point x="118.41" y="24.33" b="N"/>
<point x="125.92" y="25.17" b="N"/>
<point x="133.36" y="26.54" b="N"/>
<point x="140.67" y="28.46" b="N"/>
<point x="147.82" y="30.92" b="N"/>
<point x="154.77" y="33.89" b="N"/>
<point x="161.49" y="37.36" b="N"/>
<point x="167.93" y="41.31" b="N"/>
<point x="174.07" y="45.73" b="N"/>
<point x="179.72" y="50.37" b="R"/>
<point x="185.29" y="55.85" b="N"/>
<point x="189.96" y="61.29" b="G"/>
<point x="194.97" y="67.29" b="A"/>
<point x="198.91" y="73.61" b="U"/>
<point x="202.36" y="80.22" b="G"/>
<point x="205.95" y="87.08" b="A"/>
<point x="208.62" y="94.16" b="Y"/>
<point x="210.55" y="101.41" b="U"/>
<point x="212.30" y="109.01" b="N"/>
<point x="213.35" y="116.49" b="N"/>
<point x="213.49" y="123.83" b="G"/>
<point x="213.65" y="131.39" b="U"/>
<point x="213.04" y="138.93" b="C"/>
<point x="211.88" y="146.40" b="U"/>
<point x="210.33" y="153.97" b="N"/>
<point x="208.09" y="161.19" b="N"/>
<point x="205.18" y="168.02" b="U"/>
<point x="201.70" y="174.84" b="G"/>
<point x="197.94" y="181.40" b="G"/>
<point x="193.71" y="187.66" b="G"/>
<point x="189.45" y="193.60" b="A"/>
<point x="184.35" y="199.18" b="A"/>
<point x="178.79" y="204.57" b="N"/>
<point x="172.93" y="209.35" b="N"/>
<point x="166.58" y="213.47" b="U"/>
<point x="160.08" y="217.33" b="C"/>
<point x="153.32" y="220.71" b="U"/>
<point x="146.33" y="223.58" b="C"/>
<point x="139.14" y="225.93" b="U"/>
<point x="131.59" y="227.75" b="G"/>
<point x="124.56" y="229.03" b="A"/>
<point x="116.83" y="229.75" b="U"/>
<point x="116.62" y="237.31" b="G"/>
<point x="116.83" y="244.87" b="C"/>
<point x="116.98" y="252.64" b="N"/>
<point x="116.98" y="260.20" b="N"/>
<point x="122.32" y="265.54" b="N"/>
</structure>