<structure>
<point x="19.45" y="275.34" b="U"/>
<point x="27.16" y="275.55" b="N"/>
<point x="34.78" y="275.34" b="Y"/>
<point x="42.13" y="275.34" b="C"/>
<point x="49.70" y="275.34" b="C"/>
<point x="57.26" y="275.34" b="U"/>
<point x="64.81" y="275.34" b="U"/>
<point x="72.53" y="275.55" b="N"/>
<point x="80.09" y="275.55" b="N"/>
<point x="85.49" y="269.99" b="Y"/>
<point x="85.07" y="262.43" b="G"/>
<point x="85.28" y="254.87" b="R"/>
<point x="85.28" y="247.31" b="R"/>
<point x="85.28" y="239.75" b="U"/>
<point x="85.28" y="232.19" b="C"/>
<point x="85.28" y="224.63" b="U"/>
<point x="85.28" y="217.07" b="U"/>
<point x="85.28" y="209.51" b="U"/>
<point x="85.28" y="201.95" b="U"/>
<point x="85.28" y="194.39" b="U"/>
<point x="85.07" y="186.83" b="G"/>
<point x="85.28" y="179.27" b="C"/>
<point x="85.07" y="171.71" b="G"/>
<point x="85.07" y="164.15" b="G"/>
<point x="85.28" y="156.59" b="U"/>
<point x="80.58" y="150.68" b="C"/>
<point x="80.58" y="143.12" b="U"/>
<point x="85.07" y="137.20" b="G"/>
<point x="85.07" y="129.64" b="G"/>
<point x="85.07" y="122.08" b="G"/>
<point x="85.28" y="114.52" b="C"/>
<point x="85.28" y="106.96" b="U"/>
<point x="85.28" y="99.40" b="U"/>
<point x="81.97" y="92.50" b="G"/>
<point x="85.28" y="85.61" b="C"/>
<point x="85.28" y="78.05" b="U"/>
<point x="85.07" y="70.49" b="G"/>
<point x="78.38" y="67.40" b="U"/>
<point x="72.95" y="62.50" b="N"/>
<point x="69.11" y="55.70" b="C"/>
<point x="67.84" y="48.48" b="N"/>
<point x="68.67" y="40.78" b="U"/>
<point x="72.12" y="34.18" b="N"/>
<point x="77.38" y="28.75" b="N"/>
<point x="84.09" y="25.26" b="N"/>
<point x="91.55" y="24.06" b="N"/>
<point x="99.01" y="25.26" b="N"/>
<point x="105.57" y="28.55" b="C"/>
<point x="111.04" y="33.97" b="A"/>
<point x="114.13" y="40.78" b="R"/>
<point x="115.11" y="48.27" b="U"/>
<point x="113.89" y="55.70" b="A"/>
<point x="109.79" y="62.30" b="G"/>
<point x="104.63" y="67.40" b="Y"/>
<point x="97.52" y="70.49" b="C"/>
<point x="97.67" y="78.26" b="N"/>
<point x="97.31" y="85.61" b="G"/>
<point x="100.41" y="92.50" b="G"/>
<point x="97.73" y="99.40" b="A"/>
<point x="97.73" y="106.96" b="A"/>
<point x="97.31" y="114.52" b="G"/>
<point x="97.52" y="122.08" b="C"/>
<point x="97.52" y="129.64" b="C"/>
<point x="97.52" y="137.20" b="C"/>
<point x="102.23" y="143.12" b="U"/>
<point x="102.23" y="150.68" b="U"/>
<point x="97.73" y="156.59" b="A"/>
<point x="97.52" y="164.15" b="C"/>
<point x="97.52" y="171.71" b="C"/>
<point x="97.52" y="179.27" b="C"/>
<point x="97.52" y="186.83" b="C"/>
<point x="97.73" y="194.39" b="A"/>
<point x="97.73" y="201.95" b="A"/>
<point x="97.73" y="209.51" b="A"/>
<point x="97.73" y="217.07" b="A"/>
<point x="97.73" y="224.63" b="A"/>
<point x="97.31" y="232.19" b="G"/>
<point x="104.27" y="235.97" b="Y"/>
<point x="97.73" y="239.75" b="A"/>
<point x="97.52" y="247.31" b="U"/>
<point x="97.73" y="254.87" b="Y"/>
<point x="97.52" y="262.43" b="U"/>
<point x="97.31" y="269.99" b="G"/>
<point x="102.87" y="275.34" b="C"/>
<point x="110.22" y="275.34" b="G"/>
<point x="117.78" y="275.34" b="G"/>
<point x="125.55" y="275.34" b="R"/>
<point x="133.11" y="275.34" b="R"/>
<point x="140.46" y="275.34" b="G"/>
<point x="148.23" y="275.34" b="R"/>
<point x="155.79" y="275.34" b="C"/>
<point x="163.50" y="275.55" b="N"/>
</structure>