<structure>
<point x="48.14" y="285.10" b="N"/>
<point x="55.70" y="285.10" b="N"/>
<point x="61.10" y="279.55" b="Y"/>
<point x="61.05" y="272.19" b="N"/>
<point x="61.05" y="264.63" b="N"/>
<point x="53.64" y="263.13" b="N"/>
<point x="46.54" y="260.53" b="N"/>
<point x="39.92" y="256.87" b="N"/>
<point x="33.93" y="252.26" b="N"/>
<point x="28.77" y="246.58" b="A"/>
<point x="24.24" y="240.38" b="U"/>
<point x="20.69" y="233.60" b="G"/>
<point x="18.84" y="226.38" b="A"/>
<point x="17.49" y="218.91" b="U"/>
<point x="17.28" y="211.35" b="G"/>
<point x="18.84" y="203.88" b="A"/>
<point x="21.11" y="196.67" b="A"/>
<point x="24.24" y="189.88" b="R"/>
<point x="28.77" y="183.69" b="Y"/>
<point x="33.99" y="178.22" b="A"/>
<point x="39.77" y="173.60" b="U"/>
<point x="46.39" y="169.95" b="U"/>
<point x="53.64" y="167.55" b="N"/>
<point x="60.90" y="165.84" b="C"/>
<point x="60.69" y="158.28" b="G"/>
<point x="60.69" y="150.72" b="G"/>
<point x="61.10" y="143.16" b="A"/>
<point x="53.44" y="141.91" b="U"/>
<point x="45.99" y="139.73" b="G"/>
<point x="39.30" y="136.65" b="U"/>
<point x="33.04" y="132.73" b="A"/>
<point x="27.13" y="128.02" b="A"/>
<point x="21.85" y="122.60" b="A"/>
<point x="17.25" y="116.77" b="N"/>
<point x="13.56" y="110.00" b="Y"/>
<point x="10.62" y="103.22" b="N"/>
<point x="8.64" y="95.92" b="N"/>
<point x="7.59" y="88.43" b="N"/>
<point x="7.50" y="80.87" b="N"/>
<point x="8.36" y="73.36" b="N"/>
<point x="10.17" y="66.02" b="N"/>
<point x="12.89" y="58.97" b="N"/>
<point x="16.48" y="52.31" b="N"/>
<point x="20.93" y="45.96" b="Y"/>
<point x="26.02" y="40.62" b="N"/>
<point x="31.67" y="35.56" b="U"/>
<point x="38.03" y="31.49" b="C"/>
<point x="45.07" y="28.24" b="Y"/>
<point x="51.84" y="25.89" b="G"/>
<point x="59.68" y="24.46" b="A"/>
<point x="67.02" y="23.98" b="R"/>
<point x="74.77" y="24.46" b="A"/>
<point x="81.77" y="25.89" b="G"/>
<point x="89.17" y="28.24" b="C"/>
<point x="95.79" y="31.49" b="G"/>
<point x="102.36" y="35.56" b="C"/>
<point x="108.37" y="40.41" b="A"/>
<point x="113.51" y="45.96" b="A"/>
<point x="117.91" y="52.11" b="A"/>
<point x="121.50" y="58.76" b="A"/>
<point x="124.16" y="66.02" b="N"/>
<point x="125.82" y="73.15" b="C"/>
<point x="126.83" y="80.87" b="N"/>
<point x="126.59" y="88.22" b="R"/>
<point x="125.55" y="95.71" b="U"/>
<point x="123.35" y="103.01" b="G"/>
<point x="120.68" y="110.00" b="U"/>
<point x="116.72" y="116.56" b="G"/>
<point x="112.17" y="122.60" b="G"/>
<point x="107.32" y="128.02" b="A"/>
<point x="101.35" y="132.94" b="N"/>
<point x="94.94" y="136.65" b="A"/>
<point x="87.83" y="139.73" b="U"/>
<point x="80.59" y="141.91" b="U"/>
<point x="73.14" y="143.16" b="U"/>
<point x="73.14" y="150.72" b="C"/>
<point x="73.14" y="158.28" b="C"/>
<point x="72.93" y="165.84" b="G"/>
<point x="80.65" y="166.69" b="U"/>
<point x="87.94" y="168.69" b="U"/>
<point x="94.63" y="171.77" b="G"/>
<point x="101.19" y="175.87" b="C"/>
<point x="106.84" y="180.90" b="C"/>
<point x="111.66" y="186.73" b="U"/>
<point x="115.52" y="193.22" b="U"/>
<point x="118.35" y="200.24" b="C"/>
<point x="120.08" y="207.59" b="C"/>
<point x="120.66" y="215.13" b="U"/>
<point x="120.08" y="222.67" b="U"/>
<point x="118.35" y="230.03" b="C"/>
<point x="115.52" y="237.04" b="U"/>
<point x="111.44" y="243.54" b="G"/>
<point x="107.05" y="249.37" b="A"/>
<point x="101.40" y="254.39" b="Y"/>
<point x="94.99" y="258.70" b="N"/>
<point x="88.09" y="261.79" b="N"/>
<point x="80.80" y="263.78" b="N"/>
<point x="73.29" y="264.63" b="N"/>
<point x="73.29" y="272.19" b="N"/>
<point x="73.14" y="279.55" b="R"/>
<point x="78.69" y="284.89" b="Y"/>
</structure>