<structure>
<point x="29.45" y="92.63" b="N"/>
<point x="37.01" y="92.63" b="N"/>
<point x="44.57" y="92.63" b="N"/>
<point x="51.98" y="92.43" b="R"/>
<point x="57.48" y="87.29" b="N"/>
<point x="57.33" y="79.52" b="R"/>
<point x="57.33" y="71.96" b="U"/>
<point x="57.48" y="64.61" b="N"/>
<point x="57.33" y="56.84" b="U"/>
<point x="57.48" y="49.49" b="N"/>
<point x="52.06" y="44.07" b="A"/>
<point x="44.51" y="44.44" b="A"/>
<point x="36.96" y="44.81" b="A"/>
<point x="32.43" y="51.01" b="R"/>
<point x="25.82" y="54.61" b="N"/>
<point x="18.27" y="54.37" b="N"/>
<point x="11.79" y="50.35" b="A"/>
<point x="7.87" y="43.89" b="A"/>
<point x="7.50" y="36.33" b="A"/>
<point x="10.57" y="29.52" b="C"/>
<point x="16.90" y="25.09" b="A"/>
<point x="23.98" y="24.11" b="G"/>
<point x="31.25" y="26.83" b="C"/>
<point x="36.15" y="32.58" b="U"/>
<point x="43.71" y="32.21" b="U"/>
<point x="51.26" y="31.84" b="U"/>
<point x="56.35" y="26.33" b="N"/>
<point x="63.66" y="23.98" b="A"/>
<point x="70.91" y="26.12" b="A"/>
<point x="75.43" y="31.84" b="G"/>
<point x="83.19" y="32.21" b="U"/>
<point x="90.53" y="32.58" b="G"/>
<point x="98.29" y="32.95" b="C"/>
<point x="102.39" y="26.59" b="C"/>
<point x="105.84" y="33.32" b="U"/>
<point x="113.40" y="33.69" b="U"/>
<point x="120.95" y="34.06" b="U"/>
<point x="125.25" y="27.70" b="Y"/>
<point x="128.50" y="34.43" b="U"/>
<point x="135.84" y="34.80" b="G"/>
<point x="141.64" y="29.71" b="C"/>
<point x="149.33" y="28.59" b="A"/>
<point x="156.11" y="32.03" b="N"/>
<point x="159.85" y="38.30" b="U"/>
<point x="159.63" y="46.06" b="N"/>
<point x="155.12" y="52.13" b="N"/>
<point x="148.06" y="54.47" b="Y"/>
<point x="140.73" y="52.63" b="Y"/>
<point x="135.66" y="47.02" b="Y"/>
<point x="127.90" y="46.65" b="R"/>
<point x="120.35" y="46.28" b="R"/>
<point x="112.59" y="45.91" b="G"/>
<point x="105.45" y="45.54" b="A"/>
<point x="97.49" y="45.18" b="G"/>
<point x="90.15" y="44.81" b="C"/>
<point x="82.38" y="44.44" b="G"/>
<point x="75.04" y="44.07" b="C"/>
<point x="69.72" y="49.49" b="N"/>
<point x="69.57" y="56.84" b="R"/>
<point x="69.36" y="64.40" b="G"/>
<point x="69.57" y="71.96" b="R"/>
<point x="69.57" y="79.52" b="U"/>
<point x="69.72" y="87.29" b="N"/>
<point x="74.91" y="92.43" b="R"/>
<point x="82.62" y="92.63" b="N"/>
<point x="90.18" y="92.63" b="N"/>
<point x="97.75" y="92.63" b="N"/>
</structure>