<structure>
<point x="19.25" y="156.04" b="G"/>
<point x="27.02" y="156.04" b="U"/>
<point x="32.36" y="150.69" b="C"/>
<point x="29.26" y="143.80" b="U"/>
<point x="32.15" y="136.90" b="G"/>
<point x="27.66" y="130.98" b="U"/>
<point x="27.86" y="123.42" b="A"/>
<point x="32.36" y="117.51" b="C"/>
<point x="32.36" y="109.95" b="U"/>
<point x="32.57" y="102.39" b="A"/>
<point x="32.15" y="94.83" b="G"/>
<point x="32.36" y="87.27" b="U"/>
<point x="32.36" y="79.71" b="U"/>
<point x="30.19" y="72.47" b="R"/>
<point x="34.49" y="66.40" b="G"/>
<point x="42.26" y="66.40" b="C"/>
<point x="46.98" y="72.47" b="Y"/>
<point x="44.60" y="79.71" b="R"/>
<point x="44.81" y="87.27" b="A"/>
<point x="44.60" y="94.83" b="C"/>
<point x="44.60" y="102.39" b="U"/>
<point x="44.81" y="109.95" b="A"/>
<point x="44.39" y="117.51" b="G"/>
<point x="49.46" y="123.63" b="N"/>
<point x="49.31" y="130.98" b="U"/>
<point x="44.60" y="136.90" b="C"/>
<point x="47.70" y="143.80" b="U"/>
<point x="44.39" y="150.69" b="G"/>
<point x="49.95" y="156.04" b="U"/>
<point x="57.71" y="156.04" b="A"/>
<point x="65.07" y="156.04" b="U"/>
<point x="72.63" y="156.04" b="C"/>
<point x="80.19" y="156.04" b="U"/>
<point x="87.54" y="156.04" b="G"/>
<point x="92.88" y="150.69" b="G"/>
<point x="93.09" y="143.13" b="C"/>
<point x="92.88" y="135.57" b="G"/>
<point x="92.88" y="128.01" b="G"/>
<point x="85.68" y="128.22" b="N"/>
<point x="85.74" y="120.45" b="Y"/>
<point x="93.09" y="120.45" b="C"/>
<point x="93.09" y="112.89" b="C"/>
<point x="92.88" y="105.33" b="G"/>
<point x="86.55" y="101.55" b="U"/>
<point x="92.88" y="97.77" b="G"/>
<point x="92.88" y="90.21" b="G"/>
<point x="93.24" y="82.86" b="N"/>
<point x="93.09" y="75.09" b="R"/>
<point x="92.88" y="67.53" b="G"/>
<point x="93.30" y="59.97" b="A"/>
<point x="93.30" y="52.41" b="A"/>
<point x="93.09" y="44.85" b="C"/>
<point x="93.09" y="37.29" b="U"/>
<point x="90.71" y="30.05" b="G"/>
<point x="95.64" y="23.98" b="A"/>
<point x="102.99" y="23.98" b="C"/>
<point x="107.30" y="30.05" b="G"/>
<point x="105.54" y="37.29" b="A"/>
<point x="105.12" y="44.85" b="G"/>
<point x="105.33" y="52.41" b="U"/>
<point x="105.33" y="59.97" b="U"/>
<point x="105.33" y="67.53" b="C"/>
<point x="111.67" y="63.75" b="G"/>
<point x="118.58" y="67.74" b="N"/>
<point x="118.58" y="75.30" b="N"/>
<point x="112.09" y="78.87" b="A"/>
<point x="105.54" y="75.09" b="Y"/>
<point x="105.48" y="82.86" b="N"/>
<point x="105.33" y="90.21" b="C"/>
<point x="105.33" y="97.77" b="C"/>
<point x="105.33" y="105.33" b="C"/>
<point x="105.12" y="112.89" b="G"/>
<point x="105.12" y="120.45" b="G"/>
<point x="105.33" y="128.01" b="C"/>
<point x="105.33" y="135.57" b="C"/>
<point x="105.12" y="143.13" b="G"/>
<point x="105.33" y="150.69" b="C"/>
<point x="110.88" y="156.04" b="A"/>
<point x="118.24" y="156.04" b="R"/>
<point x="123.58" y="150.69" b="C"/>
<point x="123.58" y="143.13" b="C"/>
<point x="123.58" y="135.57" b="C"/>
<point x="123.58" y="128.01" b="U"/>
<point x="123.37" y="120.45" b="G"/>
<point x="123.37" y="112.89" b="G"/>
<point x="123.37" y="105.33" b="G"/>
<point x="123.79" y="97.77" b="A"/>
<point x="121.20" y="90.53" b="G"/>
<point x="126.13" y="84.47" b="A"/>
<point x="133.48" y="84.47" b="C"/>
<point x="137.79" y="90.53" b="G"/>
<point x="135.82" y="97.77" b="U"/>
<point x="135.82" y="105.33" b="C"/>
<point x="135.82" y="112.89" b="C"/>
<point x="135.82" y="120.45" b="C"/>
<point x="136.03" y="128.01" b="A"/>
<point x="135.61" y="135.57" b="G"/>
<point x="135.61" y="143.13" b="G"/>
<point x="135.61" y="150.69" b="G"/>
<point x="141.32" y="156.25" b="N"/>
<point x="148.73" y="156.04" b="C"/>
</structure>