<structure>
<point x="19.66" y="264.24" b="Y"/>
<point x="27.02" y="264.24" b="U"/>
<point x="32.57" y="258.89" b="Y"/>
<point x="32.36" y="251.33" b="C"/>
<point x="32.36" y="243.77" b="R"/>
<point x="32.15" y="236.21" b="G"/>
<point x="32.51" y="228.86" b="N"/>
<point x="32.15" y="221.09" b="G"/>
<point x="27.86" y="215.18" b="A"/>
<point x="27.86" y="207.62" b="A"/>
<point x="32.36" y="201.70" b="C"/>
<point x="32.57" y="194.14" b="A"/>
<point x="29.26" y="187.25" b="U"/>
<point x="32.36" y="180.35" b="U"/>
<point x="32.36" y="172.79" b="C"/>
<point x="32.57" y="165.23" b="A"/>
<point x="32.57" y="157.67" b="A"/>
<point x="32.36" y="150.11" b="C"/>
<point x="24.60" y="149.81" b="G"/>
<point x="21.11" y="143.21" b="C"/>
<point x="24.81" y="136.62" b="U"/>
<point x="32.15" y="136.32" b="G"/>
<point x="32.36" y="128.76" b="U"/>
<point x="32.36" y="121.20" b="C"/>
<point x="32.15" y="113.64" b="G"/>
<point x="32.15" y="106.08" b="G"/>
<point x="32.36" y="98.52" b="U"/>
<point x="32.15" y="90.96" b="G"/>
<point x="26.02" y="87.18" b="A"/>
<point x="32.15" y="83.40" b="G"/>
<point x="32.36" y="75.84" b="U"/>
<point x="32.36" y="68.28" b="U"/>
<point x="32.36" y="60.72" b="U"/>
<point x="25.63" y="56.90" b="G"/>
<point x="21.33" y="50.83" b="R"/>
<point x="19.55" y="43.48" b="R"/>
<point x="20.94" y="36.23" b="N"/>
<point x="25.05" y="29.64" b="Y"/>
<point x="31.22" y="25.57" b="N"/>
<point x="38.63" y="24.06" b="N"/>
<point x="46.04" y="25.57" b="N"/>
<point x="52.12" y="29.64" b="R"/>
<point x="56.17" y="36.02" b="R"/>
<point x="57.56" y="43.69" b="N"/>
<point x="55.78" y="51.04" b="N"/>
<point x="51.12" y="56.90" b="R"/>
<point x="44.81" y="60.72" b="A"/>
<point x="44.81" y="68.28" b="A"/>
<point x="44.81" y="75.84" b="A"/>
<point x="44.60" y="83.40" b="C"/>
<point x="44.60" y="90.96" b="C"/>
<point x="44.81" y="98.52" b="A"/>
<point x="44.60" y="106.08" b="U"/>
<point x="44.60" y="113.64" b="C"/>
<point x="44.39" y="121.20" b="G"/>
<point x="44.81" y="128.76" b="A"/>
<point x="44.60" y="136.32" b="C"/>
<point x="47.70" y="143.21" b="C"/>
<point x="44.39" y="150.11" b="G"/>
<point x="44.60" y="157.67" b="U"/>
<point x="44.60" y="165.23" b="U"/>
<point x="44.39" y="172.79" b="G"/>
<point x="44.81" y="180.35" b="A"/>
<point x="47.91" y="187.25" b="Y"/>
<point x="44.60" y="194.14" b="U"/>
<point x="44.39" y="201.70" b="G"/>
<point x="49.31" y="207.62" b="U"/>
<point x="49.51" y="215.18" b="A"/>
<point x="44.60" y="221.09" b="C"/>
<point x="44.60" y="228.65" b="C"/>
<point x="44.81" y="236.21" b="Y"/>
<point x="44.60" y="243.77" b="U"/>
<point x="44.39" y="251.33" b="G"/>
<point x="44.75" y="259.10" b="N"/>
<point x="49.74" y="264.24" b="G"/>
<point x="57.51" y="264.24" b="R"/>
</structure>