<structure>
<point x="122.05" y="210.76" b="C"/>
<point x="122.05" y="203.20" b="C"/>
<point x="122.26" y="195.64" b="A"/>
<point x="122.26" y="188.08" b="A"/>
<point x="122.26" y="180.52" b="Y"/>
<point x="122.05" y="172.96" b="R"/>
<point x="122.26" y="165.40" b="Y"/>
<point x="116.36" y="160.18" b="G"/>
<point x="108.81" y="160.55" b="G"/>
<point x="101.62" y="161.13" b="N"/>
<point x="94.13" y="161.29" b="Y"/>
<point x="86.58" y="161.66" b="A"/>
<point x="79.84" y="165.09" b="Y"/>
<point x="72.60" y="162.33" b="C"/>
<point x="65.05" y="162.70" b="C"/>
<point x="57.65" y="163.28" b="N"/>
<point x="50.91" y="166.71" b="N"/>
<point x="43.87" y="163.95" b="N"/>
<point x="35.96" y="164.12" b="G"/>
<point x="28.83" y="164.48" b="A"/>
<point x="20.86" y="164.85" b="G"/>
<point x="13.73" y="167.38" b="G"/>
<point x="7.66" y="163.17" b="U"/>
<point x="7.50" y="155.62" b="Y"/>
<point x="13.13" y="150.81" b="R"/>
<point x="20.47" y="152.63" b="C"/>
<point x="28.02" y="152.26" b="U"/>
<point x="35.78" y="151.89" b="Y"/>
<point x="43.27" y="151.73" b="N"/>
<point x="46.05" y="144.69" b="N"/>
<point x="53.60" y="144.33" b="N"/>
<point x="57.05" y="151.05" b="N"/>
<point x="64.24" y="150.48" b="G"/>
<point x="71.79" y="150.11" b="G"/>
<point x="71.93" y="142.55" b="C"/>
<point x="78.34" y="138.54" b="U"/>
<point x="85.11" y="141.90" b="C"/>
<point x="85.77" y="149.44" b="U"/>
<point x="93.11" y="149.06" b="G"/>
<point x="100.88" y="148.70" b="U"/>
<point x="108.43" y="148.33" b="C"/>
<point x="115.98" y="147.96" b="C"/>
<point x="121.07" y="142.44" b="N"/>
<point x="128.17" y="140.10" b="R"/>
<point x="135.21" y="142.24" b="G"/>
<point x="141.97" y="138.46" b="U"/>
<point x="148.31" y="134.68" b="G"/>
<point x="154.85" y="130.90" b="G"/>
<point x="151.90" y="124.13" b="Y"/>
<point x="152.77" y="116.64" b="R"/>
<point x="157.89" y="111.09" b="U"/>
<point x="165.47" y="109.42" b="A"/>
<point x="172.44" y="112.45" b="N"/>
<point x="176.25" y="118.54" b="G"/>
<point x="182.80" y="114.76" b="G"/>
<point x="189.35" y="110.98" b="G"/>
<point x="196.31" y="107.20" b="A"/>
<point x="202.44" y="103.42" b="G"/>
<point x="207.07" y="97.29" b="C"/>
<point x="214.59" y="96.53" b="R"/>
<point x="221.14" y="92.75" b="U"/>
<point x="227.90" y="88.97" b="A"/>
<point x="234.03" y="85.19" b="G"/>
<point x="240.93" y="81.61" b="N"/>
<point x="241.94" y="74.12" b="N"/>
<point x="246.46" y="67.81" b="Y"/>
<point x="253.08" y="64.57" b="U"/>
<point x="260.78" y="65.18" b="N"/>
<point x="267.23" y="69.13" b="N"/>
<point x="270.65" y="75.47" b="G"/>
<point x="271.26" y="83.03" b="Y"/>
<point x="267.79" y="89.98" b="N"/>
<point x="261.41" y="94.07" b="C"/>
<point x="254.05" y="95.08" b="N"/>
<point x="246.69" y="92.01" b="G"/>
<point x="240.36" y="95.79" b="U"/>
<point x="243.93" y="102.33" b="G"/>
<point x="237.79" y="106.11" b="A"/>
<point x="234.01" y="99.57" b="Y"/>
<point x="227.05" y="103.34" b="G"/>
<point x="220.72" y="107.12" b="U"/>
<point x="216.50" y="113.26" b="A"/>
<point x="208.77" y="114.02" b="C"/>
<point x="212.76" y="120.57" b="A"/>
<point x="206.00" y="124.35" b="R"/>
<point x="202.22" y="117.80" b="U"/>
<point x="195.68" y="121.58" b="C"/>
<point x="189.13" y="125.36" b="C"/>
<point x="182.58" y="129.14" b="C"/>
<point x="181.13" y="136.74" b="N"/>
<point x="175.72" y="141.96" b="U"/>
<point x="168.38" y="143.80" b="U"/>
<point x="161.18" y="141.50" b="C"/>
<point x="154.64" y="145.28" b="C"/>
<point x="148.30" y="149.06" b="A"/>
<point x="141.54" y="152.84" b="C"/>
<point x="139.76" y="160.18" b="R"/>
<point x="134.29" y="165.40" b="R"/>
<point x="134.50" y="172.96" b="Y"/>
<point x="134.08" y="180.52" b="G"/>
<point x="134.29" y="188.08" b="U"/>
<point x="134.29" y="195.64" b="U"/>
<point x="134.08" y="203.20" b="G"/>
<point x="134.29" y="210.76" b="R"/>
<point x="139.84" y="216.10" b="A"/>
<point x="146.99" y="216.10" b="G"/>
<point x="154.96" y="216.10" b="A"/>
<point x="162.47" y="216.31" b="N"/>
<point x="170.03" y="216.31" b="N"/>
<point x="177.64" y="216.10" b="A"/>
<point x="185.20" y="216.10" b="A"/>
<point x="192.35" y="216.10" b="G"/>
<point x="200.12" y="216.10" b="C"/>
<point x="207.83" y="216.31" b="N"/>
<point x="215.44" y="216.10" b="Y"/>
<point x="222.59" y="216.10" b="G"/>
<point x="230.51" y="216.31" b="N"/>
<point x="237.92" y="216.10" b="C"/>
<point x="245.68" y="216.10" b="Y"/>
<point x="253.24" y="216.10" b="Y"/>
<point x="260.80" y="216.10" b="Y"/>
<point x="268.31" y="216.31" b="N"/>
<point x="275.51" y="216.10" b="G"/>
<point x="283.43" y="216.31" b="N"/>
<point x="290.99" y="216.31" b="N"/>
<point x="298.55" y="216.31" b="N"/>
<point x="306.11" y="216.31" b="N"/>
<point x="313.67" y="216.31" b="N"/>
<point x="321.23" y="216.31" b="N"/>
<point x="328.79" y="216.31" b="N"/>
<point x="336.35" y="216.31" b="N"/>
<point x="343.91" y="216.31" b="N"/>
<point x="351.47" y="216.31" b="N"/>
<point x="359.03" y="216.31" b="N"/>
<point x="366.59" y="216.31" b="N"/>
<point x="374.15" y="216.31" b="N"/>
<point x="381.71" y="216.31" b="N"/>
<point x="389.27" y="216.31" b="N"/>
<point x="396.47" y="216.10" b="G"/>
<point x="404.39" y="216.31" b="N"/>
<point x="411.80" y="216.10" b="C"/>
<point x="419.51" y="216.31" b="N"/>
<point x="426.71" y="216.10" b="G"/>
<point x="434.48" y="216.10" b="C"/>
<point x="442.19" y="216.31" b="N"/>
<point x="449.75" y="216.31" b="N"/>
<point x="454.94" y="210.76" b="C"/>
<point x="454.94" y="203.20" b="C"/>
<point x="454.94" y="195.64" b="U"/>
<point x="454.73" y="188.08" b="G"/>
<point x="455.15" y="180.52" b="Y"/>
<point x="455.15" y="172.96" b="A"/>
<point x="454.94" y="165.40" b="U"/>
<point x="447.61" y="165.94" b="A"/>
<point x="440.09" y="164.03" b="U"/>
<point x="433.78" y="159.86" b="U"/>
<point x="429.17" y="153.87" b="C"/>
<point x="426.73" y="146.72" b="C"/>
<point x="426.73" y="139.16" b="U"/>
<point x="429.37" y="132.00" b="A"/>
<point x="433.99" y="126.02" b="Y"/>
<point x="440.29" y="121.84" b="A"/>
<point x="447.55" y="120.14" b="N"/>
<point x="454.94" y="120.48" b="C"/>
<point x="454.94" y="112.92" b="U"/>
<point x="454.94" y="105.36" b="U"/>
<point x="454.94" y="97.80" b="C"/>
<point x="455.15" y="90.24" b="Y"/>
<point x="454.94" y="82.68" b="C"/>
<point x="449.35" y="77.59" b="R"/>
<point x="447.42" y="70.53" b="N"/>
<point x="449.50" y="63.26" b="N"/>
<point x="454.73" y="57.97" b="G"/>
<point x="455.15" y="50.41" b="Y"/>
<point x="454.94" y="42.85" b="C"/>
<point x="455.15" y="35.29" b="Y"/>
<point x="454.73" y="27.94" b="N"/>
<point x="461.21" y="24.06" b="N"/>
<point x="467.55" y="27.73" b="U"/>
<point x="467.18" y="35.29" b="R"/>
<point x="466.97" y="42.85" b="G"/>
<point x="467.18" y="50.41" b="R"/>
<point x="467.18" y="57.97" b="C"/>
<point x="474.59" y="56.08" b="N"/>
<point x="481.77" y="57.72" b="R"/>
<point x="487.16" y="63.02" b="U"/>
<point x="489.29" y="70.53" b="N"/>
<point x="487.37" y="77.62" b="A"/>
<point x="481.77" y="82.92" b="C"/>
<point x="474.44" y="84.77" b="U"/>
<point x="466.97" y="82.68" b="G"/>
<point x="467.18" y="90.24" b="R"/>
<point x="466.97" y="97.80" b="G"/>
<point x="466.97" y="105.36" b="G"/>
<point x="467.39" y="112.92" b="A"/>
<point x="466.97" y="120.48" b="G"/>
<point x="474.26" y="123.62" b="A"/>
<point x="479.71" y="129.01" b="N"/>
<point x="483.32" y="135.48" b="A"/>
<point x="484.55" y="142.94" b="A"/>
<point x="483.32" y="150.40" b="A"/>
<point x="479.56" y="157.07" b="C"/>
<point x="474.06" y="162.25" b="C"/>
<point x="467.39" y="165.40" b="A"/>
<point x="467.18" y="172.96" b="U"/>
<point x="466.97" y="180.52" b="G"/>
<point x="467.18" y="188.08" b="C"/>
<point x="467.39" y="195.64" b="A"/>
<point x="466.97" y="203.20" b="G"/>
<point x="467.18" y="210.76" b="R"/>
<point x="472.53" y="216.10" b="R"/>
<point x="480.24" y="216.31" b="N"/>
<point x="487.65" y="216.10" b="R"/>
<point x="495.21" y="216.10" b="C"/>
<point x="502.97" y="216.10" b="A"/>
<point x="510.48" y="216.31" b="N"/>
<point x="518.04" y="216.31" b="N"/>
<point x="525.65" y="216.10" b="Y"/>
</structure>