<structure>
<point x="20.39" y="201.28" b="U"/>
<point x="27.95" y="201.28" b="U"/>
<point x="33.30" y="195.93" b="C"/>
<point x="33.30" y="188.37" b="C"/>
<point x="33.50" y="180.81" b="A"/>
<point x="33.30" y="173.25" b="C"/>
<point x="26.08" y="171.84" b="A"/>
<point x="18.90" y="168.45" b="G"/>
<point x="13.54" y="163.35" b="C"/>
<point x="9.56" y="156.91" b="U"/>
<point x="7.71" y="149.64" b="A"/>
<point x="7.50" y="142.08" b="C"/>
<point x="9.56" y="134.81" b="U"/>
<point x="13.33" y="128.38" b="G"/>
<point x="18.90" y="123.27" b="G"/>
<point x="25.87" y="119.89" b="U"/>
<point x="33.30" y="118.47" b="C"/>
<point x="33.30" y="110.91" b="U"/>
<point x="33.09" y="103.35" b="G"/>
<point x="33.30" y="95.79" b="C"/>
<point x="33.50" y="88.23" b="A"/>
<point x="33.30" y="80.67" b="R"/>
<point x="33.30" y="73.11" b="C"/>
<point x="33.30" y="65.55" b="U"/>
<point x="33.09" y="57.99" b="G"/>
<point x="26.92" y="53.93" b="U"/>
<point x="22.81" y="47.59" b="U"/>
<point x="21.91" y="40.11" b="Y"/>
<point x="23.97" y="33.06" b="N"/>
<point x="28.91" y="27.34" b="N"/>
<point x="35.79" y="24.19" b="N"/>
<point x="43.40" y="23.98" b="Y"/>
<point x="50.22" y="27.34" b="N"/>
<point x="54.80" y="32.85" b="G"/>
<point x="57.13" y="40.11" b="U"/>
<point x="56.23" y="47.59" b="A"/>
<point x="51.71" y="53.93" b="G"/>
<point x="45.54" y="57.99" b="C"/>
<point x="45.74" y="65.55" b="A"/>
<point x="45.33" y="73.11" b="G"/>
<point x="45.54" y="80.67" b="U"/>
<point x="45.54" y="88.23" b="U"/>
<point x="45.33" y="95.79" b="G"/>
<point x="45.74" y="103.35" b="Y"/>
<point x="45.54" y="110.91" b="R"/>
<point x="45.33" y="118.47" b="G"/>
<point x="52.83" y="121.10" b="Y"/>
<point x="58.96" y="125.52" b="A"/>
<point x="63.48" y="131.42" b="U"/>
<point x="66.47" y="138.37" b="U"/>
<point x="67.48" y="145.86" b="C"/>
<point x="66.47" y="153.35" b="C"/>
<point x="63.48" y="160.30" b="U"/>
<point x="58.76" y="166.20" b="C"/>
<point x="52.63" y="170.62" b="U"/>
<point x="45.33" y="173.25" b="G"/>
<point x="45.54" y="180.81" b="U"/>
<point x="45.33" y="188.37" b="G"/>
<point x="45.33" y="195.93" b="G"/>
<point x="50.67" y="201.28" b="G"/>
<point x="58.65" y="201.28" b="A"/>
<point x="66.00" y="201.28" b="R"/>
<point x="73.77" y="201.28" b="A"/>
<point x="81.12" y="201.28" b="R"/>
<point x="88.68" y="201.28" b="R"/>
<point x="96.45" y="201.28" b="A"/>
<point x="104.01" y="201.28" b="A"/>
<point x="111.57" y="201.28" b="Y"/>
<point x="118.92" y="201.28" b="U"/>
<point x="126.27" y="201.28" b="G"/>
<point x="134.04" y="201.28" b="U"/>
<point x="141.60" y="201.28" b="U"/>
<point x="147.16" y="195.93" b="A"/>
<point x="146.95" y="188.37" b="C"/>
<point x="147.16" y="180.81" b="A"/>
<point x="147.16" y="173.25" b="Y"/>
<point x="147.10" y="165.90" b="N"/>
<point x="139.62" y="167.54" b="R"/>
<point x="132.37" y="166.19" b="N"/>
<point x="126.41" y="161.54" b="N"/>
<point x="123.09" y="154.74" b="N"/>
<point x="123.09" y="147.18" b="N"/>
<point x="126.47" y="140.18" b="A"/>
<point x="132.43" y="135.53" b="Y"/>
<point x="139.62" y="133.97" b="R"/>
<point x="146.95" y="135.82" b="C"/>
<point x="147.16" y="128.26" b="Y"/>
<point x="147.16" y="120.70" b="Y"/>
<point x="146.95" y="113.14" b="C"/>
<point x="146.95" y="105.58" b="U"/>
<point x="146.95" y="98.02" b="U"/>
<point x="146.95" y="90.46" b="U"/>
<point x="146.95" y="82.90" b="C"/>
<point x="146.95" y="75.34" b="U"/>
<point x="141.45" y="70.38" b="Y"/>
<point x="138.89" y="63.20" b="R"/>
<point x="140.56" y="55.82" b="R"/>
<point x="145.99" y="50.35" b="Y"/>
<point x="153.22" y="48.55" b="N"/>
<point x="160.56" y="50.35" b="A"/>
<point x="165.73" y="56.03" b="N"/>
<point x="167.40" y="63.40" b="N"/>
<point x="165.10" y="70.38" b="Y"/>
<point x="159.19" y="75.34" b="R"/>
<point x="158.98" y="82.90" b="G"/>
<point x="159.40" y="90.46" b="A"/>
<point x="159.40" y="98.02" b="A"/>
<point x="159.40" y="105.58" b="A"/>
<point x="158.98" y="113.14" b="G"/>
<point x="165.89" y="117.13" b="N"/>
<point x="159.19" y="120.70" b="R"/>
<point x="159.19" y="128.26" b="R"/>
<point x="159.34" y="136.03" b="N"/>
<point x="165.53" y="140.25" b="Y"/>
<point x="168.91" y="147.18" b="N"/>
<point x="168.91" y="154.74" b="N"/>
<point x="165.47" y="161.47" b="N"/>
<point x="159.40" y="165.69" b="Y"/>
<point x="158.98" y="173.25" b="G"/>
<point x="159.19" y="180.81" b="U"/>
<point x="158.98" y="188.37" b="G"/>
<point x="159.19" y="195.93" b="U"/>
<point x="164.32" y="201.28" b="G"/>
<point x="172.30" y="201.28" b="A"/>
<point x="179.66" y="201.28" b="C"/>
<point x="187.42" y="201.28" b="A"/>
<point x="194.78" y="201.28" b="R"/>
<point x="202.54" y="201.28" b="A"/>
<point x="209.90" y="201.28" b="C"/>
<point x="217.66" y="201.28" b="A"/>
<point x="225.16" y="201.49" b="N"/>
<point x="232.72" y="201.49" b="N"/>
<point x="240.13" y="201.28" b="R"/>
</structure>