<structure>
<point x="112.94" y="276.92" b="R"/>
<point x="113.09" y="269.56" b="N"/>
<point x="112.73" y="261.80" b="G"/>
<point x="112.73" y="254.24" b="G"/>
<point x="113.15" y="246.68" b="A"/>
<point x="105.56" y="246.21" b="N"/>
<point x="97.94" y="244.83" b="R"/>
<point x="90.57" y="243.14" b="U"/>
<point x="83.13" y="240.97" b="G"/>
<point x="76.47" y="238.30" b="A"/>
<point x="69.59" y="235.16" b="Y"/>
<point x="62.52" y="231.56" b="G"/>
<point x="56.55" y="227.53" b="A"/>
<point x="50.24" y="223.06" b="U"/>
<point x="44.66" y="218.19" b="Y"/>
<point x="39.16" y="213.15" b="N"/>
<point x="33.94" y="207.34" b="U"/>
<point x="29.26" y="201.41" b="U"/>
<point x="24.99" y="195.17" b="U"/>
<point x="21.15" y="188.65" b="C"/>
<point x="17.77" y="181.89" b="C"/>
<point x="14.85" y="174.92" b="C"/>
<point x="12.41" y="167.76" b="C"/>
<point x="10.66" y="160.46" b="A"/>
<point x="8.80" y="153.04" b="G"/>
<point x="8.27" y="145.54" b="A"/>
<point x="7.63" y="137.99" b="U"/>
<point x="7.50" y="130.43" b="G"/>
<point x="8.51" y="122.90" b="A"/>
<point x="9.40" y="115.42" b="U"/>
<point x="11.01" y="108.03" b="C"/>
<point x="12.90" y="100.77" b="G"/>
<point x="15.91" y="93.67" b="A"/>
<point x="18.77" y="86.75" b="C"/>
<point x="22.44" y="80.28" b="N"/>
<point x="26.42" y="73.84" b="N"/>
<point x="30.67" y="67.49" b="U"/>
<point x="35.26" y="61.65" b="G"/>
<point x="40.87" y="56.15" b="A"/>
<point x="46.36" y="51.23" b="N"/>
<point x="52.31" y="46.28" b="Y"/>
<point x="58.50" y="41.94" b="A"/>
<point x="64.77" y="38.04" b="U"/>
<point x="71.70" y="34.58" b="A"/>
<point x="78.43" y="31.59" b="C"/>
<point x="85.56" y="29.07" b="U"/>
<point x="92.64" y="27.05" b="G"/>
<point x="100.25" y="25.52" b="U"/>
<point x="107.53" y="24.50" b="G"/>
<point x="115.28" y="23.98" b="C"/>
<point x="122.63" y="23.98" b="G"/>
<point x="130.53" y="24.70" b="N"/>
<point x="138.02" y="25.73" b="N"/>
<point x="145.43" y="27.26" b="N"/>
<point x="152.71" y="29.28" b="N"/>
<point x="159.90" y="31.59" b="Y"/>
<point x="166.78" y="34.79" b="N"/>
<point x="173.51" y="38.25" b="N"/>
<point x="179.98" y="42.15" b="N"/>
<point x="186.18" y="46.49" b="N"/>
<point x="192.12" y="51.02" b="Y"/>
<point x="197.67" y="56.15" b="Y"/>
<point x="202.86" y="61.65" b="Y"/>
<point x="207.46" y="67.49" b="C"/>
<point x="211.86" y="73.64" b="U"/>
<point x="215.98" y="80.28" b="N"/>
<point x="219.36" y="86.75" b="U"/>
<point x="222.42" y="93.67" b="U"/>
<point x="225.22" y="100.77" b="Y"/>
<point x="227.12" y="108.03" b="R"/>
<point x="228.72" y="115.42" b="R"/>
<point x="229.82" y="122.90" b="R"/>
<point x="230.21" y="130.43" b="G"/>
<point x="230.70" y="137.99" b="A"/>
<point x="230.21" y="145.75" b="N"/>
<point x="229.27" y="153.25" b="N"/>
<point x="227.82" y="160.67" b="N"/>
<point x="225.87" y="167.97" b="N"/>
<point x="223.48" y="174.92" b="Y"/>
<point x="220.36" y="181.89" b="C"/>
<point x="217.18" y="188.65" b="A"/>
<point x="213.34" y="195.17" b="A"/>
<point x="208.66" y="201.41" b="G"/>
<point x="204.18" y="207.34" b="C"/>
<point x="199.11" y="212.95" b="C"/>
<point x="193.88" y="218.19" b="A"/>
<point x="187.88" y="223.06" b="R"/>
<point x="181.93" y="227.73" b="N"/>
<point x="175.60" y="231.56" b="A"/>
<point x="168.89" y="235.37" b="N"/>
<point x="161.86" y="238.30" b="U"/>
<point x="154.79" y="240.97" b="C"/>
<point x="147.55" y="243.14" b="U"/>
<point x="139.97" y="244.83" b="G"/>
<point x="132.92" y="246.01" b="A"/>
<point x="125.18" y="246.68" b="U"/>
<point x="125.18" y="254.24" b="C"/>
<point x="125.18" y="261.80" b="C"/>
<point x="125.33" y="269.56" b="N"/>
<point x="125.39" y="276.92" b="Y"/>
</structure>