<structure>
<point x="19.45" y="97.96" b="R"/>
<point x="27.02" y="97.96" b="C"/>
<point x="32.15" y="92.61" b="G"/>
<point x="32.57" y="85.06" b="A"/>
<point x="32.36" y="77.50" b="C"/>
<point x="29.47" y="70.60" b="Y"/>
<point x="32.15" y="63.70" b="G"/>
<point x="32.15" y="56.14" b="G"/>
<point x="32.15" y="48.58" b="G"/>
<point x="32.36" y="41.02" b="C"/>
<point x="32.20" y="33.47" b="A"/>
<point x="38.48" y="29.59" b="U"/>
<point x="44.97" y="33.47" b="U"/>
<point x="44.39" y="41.02" b="G"/>
<point x="44.60" y="48.58" b="C"/>
<point x="44.60" y="56.14" b="C"/>
<point x="44.60" y="63.70" b="C"/>
<point x="52.15" y="64.00" b="C"/>
<point x="55.85" y="70.60" b="C"/>
<point x="52.36" y="77.20" b="A"/>
<point x="44.39" y="77.50" b="G"/>
<point x="44.60" y="85.06" b="U"/>
<point x="44.81" y="92.61" b="Y"/>
<point x="49.95" y="97.96" b="U"/>
<point x="57.51" y="97.96" b="C"/>
<point x="65.07" y="97.96" b="C"/>
<point x="70.41" y="92.61" b="C"/>
<point x="70.41" y="85.06" b="C"/>
<point x="70.41" y="77.50" b="C"/>
<point x="70.62" y="69.94" b="A"/>
<point x="68.45" y="62.69" b="A"/>
<point x="72.96" y="56.63" b="A"/>
<point x="80.31" y="56.63" b="U"/>
<point x="84.82" y="62.69" b="U"/>
<point x="82.65" y="69.94" b="U"/>
<point x="82.44" y="77.50" b="G"/>
<point x="82.44" y="85.06" b="G"/>
<point x="82.44" y="92.61" b="G"/>
<point x="88.00" y="97.96" b="C"/>
<point x="95.76" y="97.96" b="A"/>
<point x="103.12" y="97.96" b="U"/>
<point x="110.68" y="97.96" b="U"/>
<point x="115.81" y="92.61" b="G"/>
<point x="116.02" y="85.06" b="U"/>
<point x="116.02" y="77.50" b="C"/>
<point x="116.02" y="69.94" b="C"/>
<point x="111.32" y="64.02" b="C"/>
<point x="111.52" y="56.46" b="Y"/>
<point x="115.81" y="50.54" b="G"/>
<point x="115.81" y="42.98" b="G"/>
<point x="115.81" y="35.42" b="G"/>
<point x="115.66" y="27.87" b="U"/>
<point x="122.14" y="23.98" b="C"/>
<point x="128.63" y="27.87" b="U"/>
<point x="128.26" y="35.42" b="U"/>
<point x="128.26" y="42.98" b="C"/>
<point x="128.26" y="50.54" b="C"/>
<point x="135.52" y="53.28" b="A"/>
<point x="138.46" y="60.24" b="A"/>
<point x="135.31" y="67.20" b="C"/>
<point x="128.05" y="69.94" b="G"/>
<point x="128.05" y="77.50" b="G"/>
<point x="128.47" y="85.06" b="A"/>
<point x="128.26" y="92.61" b="C"/>
<point x="138.96" y="103.31" b="U"/>
<point x="146.31" y="103.31" b="G"/>
<point x="153.87" y="103.31" b="G"/>
<point x="161.43" y="103.31" b="G"/>
<point x="157.75" y="96.82" b="C"/>
<point x="158.78" y="89.36" b="G"/>
<point x="164.75" y="84.47" b="U"/>
<point x="172.31" y="84.47" b="U"/>
<point x="177.87" y="89.36" b="G"/>
<point x="179.46" y="97.03" b="N"/>
<point x="175.63" y="103.31" b="Y"/>
<point x="182.99" y="103.31" b="C"/>
<point x="190.55" y="103.31" b="C"/>
<point x="198.26" y="103.51" b="N"/>
<point x="205.46" y="103.31" b="G"/>
<point x="213.02" y="103.31" b="G"/>
<point x="216.68" y="96.48" b="A"/>
<point x="221.79" y="91.11" b="C"/>
<point x="228.80" y="87.80" b="A"/>
<point x="236.10" y="86.93" b="C"/>
<point x="243.48" y="88.60" b="U"/>
<point x="249.68" y="92.61" b="G"/>
<point x="254.61" y="98.51" b="R"/>
<point x="256.90" y="105.65" b="G"/>
<point x="256.90" y="113.21" b="G"/>
<point x="254.81" y="120.34" b="A"/>
<point x="249.89" y="126.25" b="C"/>
<point x="243.48" y="130.25" b="U"/>
<point x="235.89" y="131.92" b="G"/>
<point x="228.74" y="131.26" b="N"/>
<point x="221.79" y="127.74" b="C"/>
<point x="216.47" y="122.37" b="C"/>
<point x="213.43" y="115.55" b="Y"/>
<point x="205.87" y="115.55" b="Y"/>
<point x="197.90" y="115.55" b="G"/>
<point x="190.34" y="115.55" b="G"/>
<point x="182.78" y="115.55" b="G"/>
<point x="175.22" y="115.55" b="G"/>
<point x="168.53" y="118.65" b="U"/>
<point x="161.63" y="115.55" b="C"/>
<point x="154.07" y="115.55" b="U"/>
<point x="146.51" y="115.55" b="C"/>
<point x="138.75" y="115.55" b="G"/>
<point x="133.61" y="120.89" b="C"/>
<point x="133.61" y="128.45" b="U"/>
<point x="133.61" y="136.01" b="C"/>
<point x="133.82" y="143.57" b="A"/>
<point x="133.61" y="151.13" b="C"/>
<point x="133.61" y="158.69" b="C"/>
<point x="133.61" y="166.25" b="U"/>
<point x="133.61" y="173.81" b="U"/>
<point x="133.61" y="181.37" b="C"/>
<point x="133.82" y="188.93" b="A"/>
<point x="133.40" y="196.49" b="G"/>
<point x="133.61" y="204.05" b="C"/>
<point x="133.76" y="211.82" b="N"/>
<point x="133.40" y="219.17" b="G"/>
</structure>