<structure>
<point x="30.56" y="234.64" b="G"/>
<point x="30.56" y="227.08" b="G"/>
<point x="27.88" y="220.19" b="A"/>
<point x="30.98" y="213.29" b="A"/>
<point x="30.77" y="205.73" b="U"/>
<point x="27.67" y="198.84" b="U"/>
<point x="30.77" y="191.94" b="U"/>
<point x="30.98" y="184.38" b="A"/>
<point x="30.98" y="176.82" b="A"/>
<point x="23.88" y="173.71" b="U"/>
<point x="23.88" y="166.15" b="U"/>
<point x="30.77" y="163.03" b="C"/>
<point x="30.56" y="155.47" b="G"/>
<point x="30.98" y="147.91" b="Y"/>
<point x="30.77" y="140.35" b="U"/>
<point x="27.82" y="133.66" b="N"/>
<point x="30.77" y="126.56" b="U"/>
<point x="30.77" y="119.00" b="C"/>
<point x="27.67" y="112.10" b="R"/>
<point x="30.77" y="105.21" b="R"/>
<point x="30.77" y="97.65" b="U"/>
<point x="30.77" y="90.09" b="U"/>
<point x="30.98" y="82.53" b="Y"/>
<point x="23.63" y="80.04" b="R"/>
<point x="17.56" y="75.84" b="A"/>
<point x="12.33" y="70.18" b="R"/>
<point x="8.91" y="63.44" b="R"/>
<point x="7.50" y="56.05" b="A"/>
<point x="7.60" y="48.50" b="U"/>
<point x="9.58" y="41.27" b="G"/>
<point x="13.75" y="34.82" b="R"/>
<point x="19.35" y="29.79" b="N"/>
<point x="25.95" y="26.10" b="N"/>
<point x="33.32" y="23.98" b="A"/>
<point x="40.67" y="23.98" b="U"/>
<point x="47.78" y="25.89" b="G"/>
<point x="54.58" y="29.59" b="R"/>
<point x="60.03" y="34.82" b="C"/>
<point x="63.99" y="41.27" b="R"/>
<point x="66.19" y="48.50" b="R"/>
<point x="66.69" y="56.05" b="A"/>
<point x="64.66" y="63.44" b="G"/>
<point x="61.65" y="70.18" b="Y"/>
<point x="56.64" y="75.84" b="A"/>
<point x="50.36" y="80.04" b="A"/>
<point x="42.80" y="82.53" b="G"/>
<point x="43.22" y="90.09" b="A"/>
<point x="43.22" y="97.65" b="A"/>
<point x="43.01" y="105.21" b="U"/>
<point x="46.32" y="112.10" b="A"/>
<point x="42.80" y="119.00" b="G"/>
<point x="43.22" y="126.56" b="A"/>
<point x="46.32" y="133.46" b="A"/>
<point x="43.22" y="140.35" b="A"/>
<point x="42.80" y="147.91" b="G"/>
<point x="43.01" y="155.47" b="C"/>
<point x="42.80" y="163.03" b="G"/>
<point x="46.11" y="169.93" b="C"/>
<point x="43.01" y="176.82" b="U"/>
<point x="43.01" y="184.38" b="U"/>
<point x="43.22" y="191.94" b="A"/>
<point x="46.11" y="198.84" b="U"/>
<point x="42.80" y="205.73" b="G"/>
<point x="43.01" y="213.29" b="U"/>
<point x="49.69" y="216.41" b="G"/>
<point x="50.11" y="223.97" b="A"/>
<point x="43.01" y="227.08" b="C"/>
<point x="43.01" y="234.64" b="C"/>
</structure>