<structure>
<point x="26.98" y="325.85" b="R"/>
<point x="26.77" y="318.29" b="G"/>
<point x="26.98" y="310.73" b="U"/>
<point x="27.19" y="303.17" b="Y"/>
<point x="26.98" y="295.61" b="U"/>
<point x="27.13" y="288.25" b="N"/>
<point x="27.19" y="280.49" b="Y"/>
<point x="26.77" y="272.93" b="G"/>
<point x="20.19" y="270.06" b="A"/>
<point x="13.92" y="265.28" b="G"/>
<point x="9.91" y="259.01" b="R"/>
<point x="7.92" y="251.78" b="A"/>
<point x="7.50" y="244.22" b="G"/>
<point x="9.70" y="236.98" b="G"/>
<point x="14.13" y="230.71" b="U"/>
<point x="20.19" y="225.93" b="Y"/>
<point x="26.77" y="223.06" b="G"/>
<point x="26.77" y="215.50" b="G"/>
<point x="26.98" y="207.94" b="R"/>
<point x="26.77" y="200.38" b="G"/>
<point x="26.98" y="192.82" b="U"/>
<point x="21.00" y="188.61" b="N"/>
<point x="17.20" y="181.67" b="G"/>
<point x="17.41" y="174.11" b="C"/>
<point x="20.85" y="167.38" b="C"/>
<point x="26.98" y="162.95" b="C"/>
<point x="27.19" y="155.39" b="A"/>
<point x="26.98" y="147.83" b="C"/>
<point x="26.98" y="140.27" b="C"/>
<point x="26.77" y="132.71" b="G"/>
<point x="19.83" y="130.95" b="N"/>
<point x="14.10" y="125.88" b="Y"/>
<point x="10.71" y="119.02" b="U"/>
<point x="10.86" y="111.67" b="N"/>
<point x="13.69" y="104.61" b="G"/>
<point x="19.47" y="99.74" b="G"/>
<point x="26.98" y="97.77" b="R"/>
<point x="26.98" y="90.21" b="U"/>
<point x="27.19" y="82.65" b="A"/>
<point x="26.98" y="75.09" b="U"/>
<point x="26.77" y="67.53" b="G"/>
<point x="27.19" y="59.97" b="A"/>
<point x="27.19" y="52.41" b="Y"/>
<point x="26.77" y="44.85" b="G"/>
<point x="26.77" y="37.29" b="G"/>
<point x="24.96" y="30.26" b="N"/>
<point x="29.32" y="23.98" b="U"/>
<point x="36.88" y="23.98" b="U"/>
<point x="41.60" y="30.05" b="Y"/>
<point x="39.22" y="37.29" b="C"/>
<point x="39.22" y="44.85" b="U"/>
<point x="39.22" y="52.41" b="R"/>
<point x="39.22" y="59.97" b="U"/>
<point x="39.22" y="67.53" b="C"/>
<point x="39.43" y="75.09" b="A"/>
<point x="39.22" y="82.65" b="U"/>
<point x="39.43" y="90.21" b="A"/>
<point x="39.22" y="97.77" b="C"/>
<point x="45.70" y="101.67" b="U"/>
<point x="50.28" y="107.84" b="A"/>
<point x="51.61" y="115.24" b="C"/>
<point x="50.28" y="122.64" b="A"/>
<point x="45.70" y="128.81" b="R"/>
<point x="39.43" y="132.71" b="Y"/>
<point x="39.01" y="140.27" b="G"/>
<point x="39.01" y="147.83" b="G"/>
<point x="39.43" y="155.39" b="Y"/>
<point x="39.01" y="162.95" b="G"/>
<point x="45.35" y="167.38" b="C"/>
<point x="48.58" y="174.11" b="G"/>
<point x="49.00" y="181.67" b="A"/>
<point x="45.56" y="188.40" b="A"/>
<point x="39.22" y="192.82" b="R"/>
<point x="39.43" y="200.38" b="Y"/>
<point x="39.22" y="207.94" b="U"/>
<point x="39.37" y="215.71" b="N"/>
<point x="39.22" y="223.06" b="C"/>
<point x="46.42" y="224.59" b="G"/>
<point x="53.24" y="228.25" b="U"/>
<point x="58.65" y="233.74" b="A"/>
<point x="61.77" y="240.52" b="C"/>
<point x="62.92" y="248.00" b="U"/>
<point x="61.77" y="255.47" b="U"/>
<point x="58.65" y="262.25" b="A"/>
<point x="53.24" y="267.74" b="C"/>
<point x="46.78" y="271.61" b="N"/>
<point x="39.22" y="272.93" b="C"/>
<point x="39.22" y="280.49" b="R"/>
<point x="39.22" y="288.05" b="C"/>
<point x="39.01" y="295.61" b="G"/>
<point x="39.22" y="303.17" b="R"/>
<point x="39.01" y="310.73" b="G"/>
<point x="39.22" y="318.29" b="C"/>
<point x="39.43" y="325.85" b="Y"/>
</structure>