<structure>
<point x="41.64" y="288.43" b="C"/>
<point x="41.64" y="280.87" b="U"/>
<point x="41.64" y="273.31" b="U"/>
<point x="41.64" y="265.75" b="C"/>
<point x="35.25" y="262.18" b="N"/>
<point x="41.85" y="258.19" b="Y"/>
<point x="41.64" y="250.63" b="R"/>
<point x="36.94" y="244.71" b="C"/>
<point x="37.09" y="237.36" b="N"/>
<point x="41.64" y="231.24" b="R"/>
<point x="41.64" y="223.68" b="C"/>
<point x="41.85" y="216.12" b="A"/>
<point x="35.52" y="211.69" b="U"/>
<point x="32.07" y="204.96" b="C"/>
<point x="32.07" y="197.40" b="C"/>
<point x="35.52" y="190.67" b="U"/>
<point x="41.64" y="186.25" b="C"/>
<point x="41.43" y="178.69" b="G"/>
<point x="41.64" y="171.12" b="C"/>
<point x="41.43" y="163.56" b="G"/>
<point x="38.75" y="156.67" b="A"/>
<point x="41.64" y="149.77" b="C"/>
<point x="41.64" y="142.21" b="U"/>
<point x="41.85" y="134.65" b="A"/>
<point x="41.85" y="127.09" b="A"/>
<point x="41.64" y="119.53" b="U"/>
<point x="41.43" y="111.97" b="G"/>
<point x="41.85" y="104.41" b="A"/>
<point x="34.31" y="102.58" b="C"/>
<point x="27.65" y="99.41" b="A"/>
<point x="21.29" y="95.03" b="R"/>
<point x="16.20" y="89.78" b="N"/>
<point x="12.13" y="83.25" b="Y"/>
<point x="9.04" y="76.26" b="C"/>
<point x="7.50" y="68.85" b="U"/>
<point x="7.52" y="61.50" b="N"/>
<point x="8.85" y="53.84" b="A"/>
<point x="11.43" y="46.97" b="N"/>
<point x="15.39" y="40.29" b="Y"/>
<point x="20.43" y="34.65" b="Y"/>
<point x="26.43" y="30.05" b="Y"/>
<point x="33.12" y="26.85" b="N"/>
<point x="40.39" y="24.76" b="N"/>
<point x="47.91" y="24.06" b="N"/>
<point x="55.50" y="24.56" b="Y"/>
<point x="62.71" y="26.85" b="N"/>
<point x="69.51" y="30.05" b="A"/>
<point x="75.46" y="34.86" b="N"/>
<point x="80.14" y="40.29" b="G"/>
<point x="84.40" y="46.97" b="N"/>
<point x="87.04" y="54.05" b="N"/>
<point x="88.31" y="61.50" b="N"/>
<point x="88.18" y="69.06" b="N"/>
<point x="86.70" y="76.26" b="A"/>
<point x="83.76" y="83.45" b="N"/>
<point x="79.63" y="89.78" b="N"/>
<point x="74.24" y="95.03" b="C"/>
<point x="68.08" y="99.41" b="U"/>
<point x="61.22" y="102.58" b="C"/>
<point x="53.88" y="104.41" b="U"/>
<point x="53.88" y="111.97" b="C"/>
<point x="54.09" y="119.53" b="A"/>
<point x="53.88" y="127.09" b="U"/>
<point x="53.88" y="134.65" b="U"/>
<point x="54.09" y="142.21" b="A"/>
<point x="53.67" y="149.77" b="G"/>
<point x="61.44" y="150.07" b="C"/>
<point x="65.13" y="156.67" b="C"/>
<point x="61.23" y="163.27" b="G"/>
<point x="53.88" y="163.56" b="C"/>
<point x="53.67" y="171.12" b="G"/>
<point x="53.88" y="178.69" b="C"/>
<point x="53.67" y="186.25" b="G"/>
<point x="61.64" y="186.72" b="A"/>
<point x="68.02" y="190.78" b="A"/>
<point x="71.45" y="197.40" b="C"/>
<point x="71.45" y="204.96" b="C"/>
<point x="67.81" y="211.59" b="U"/>
<point x="61.43" y="215.64" b="C"/>
<point x="53.88" y="216.12" b="U"/>
<point x="53.67" y="223.68" b="G"/>
<point x="54.09" y="231.24" b="Y"/>
<point x="58.80" y="237.15" b="A"/>
<point x="58.74" y="244.92" b="N"/>
<point x="54.09" y="250.63" b="Y"/>
<point x="54.03" y="258.40" b="N"/>
<point x="53.67" y="265.75" b="G"/>
<point x="54.09" y="273.31" b="A"/>
<point x="54.09" y="280.87" b="A"/>
<point x="53.67" y="288.43" b="G"/>
<point x="59.44" y="293.78" b="A"/>
<point x="66.94" y="293.98" b="N"/>
<point x="74.35" y="293.78" b="C"/>
<point x="82.06" y="293.98" b="N"/>
<point x="89.47" y="293.78" b="U"/>
<point x="94.97" y="288.64" b="N"/>
<point x="94.97" y="281.08" b="N"/>
<point x="87.63" y="279.24" b="N"/>
<point x="80.77" y="276.08" b="N"/>
<point x="74.61" y="271.69" b="N"/>
<point x="69.37" y="266.24" b="N"/>
<point x="65.24" y="259.91" b="N"/>
<point x="62.36" y="252.92" b="N"/>
<point x="60.88" y="245.31" b="A"/>
<point x="60.69" y="237.96" b="N"/>
<point x="61.96" y="230.51" b="N"/>
<point x="64.60" y="223.42" b="N"/>
<point x="68.50" y="216.95" b="N"/>
<point x="73.60" y="211.11" b="Y"/>
<point x="79.60" y="206.51" b="A"/>
<point x="86.29" y="203.31" b="N"/>
<point x="93.62" y="201.01" b="Y"/>
<point x="101.14" y="200.31" b="A"/>
<point x="108.61" y="201.22" b="N"/>
<point x="115.73" y="203.10" b="C"/>
<point x="122.68" y="206.51" b="A"/>
<point x="128.63" y="211.31" b="N"/>
<point x="133.52" y="216.74" b="U"/>
<point x="137.57" y="223.42" b="N"/>
<point x="140.21" y="230.51" b="N"/>
<point x="141.48" y="237.96" b="N"/>
<point x="141.35" y="245.52" b="N"/>
<point x="139.67" y="252.71" b="U"/>
<point x="136.93" y="259.91" b="N"/>
<point x="132.80" y="266.24" b="N"/>
<point x="127.56" y="271.69" b="N"/>
<point x="121.05" y="275.87" b="G"/>
<point x="114.60" y="279.04" b="Y"/>
<point x="107.21" y="281.08" b="N"/>
<point x="107.21" y="288.64" b="N"/>
<point x="112.55" y="293.98" b="N"/>
<point x="120.11" y="293.98" b="N"/>
<point x="127.52" y="293.78" b="U"/>
<point x="135.23" y="293.98" b="N"/>
<point x="142.64" y="293.78" b="U"/>
<point x="150.35" y="293.98" b="N"/>
<point x="157.91" y="293.98" b="N"/>
<point x="165.32" y="293.78" b="U"/>
<point x="173.03" y="293.98" b="N"/>
<point x="180.59" y="293.98" b="N"/>
<point x="188.00" y="293.78" b="C"/>
<point x="195.71" y="293.98" b="N"/>
<point x="203.12" y="293.78" b="U"/>
<point x="210.68" y="293.78" b="C"/>
<point x="218.45" y="293.78" b="Y"/>
<point x="225.95" y="293.98" b="N"/>
<point x="233.51" y="293.98" b="N"/>
<point x="240.92" y="293.78" b="R"/>
<point x="248.48" y="293.78" b="R"/>
<point x="256.25" y="293.78" b="A"/>
<point x="263.60" y="293.78" b="R"/>
<point x="271.37" y="293.78" b="A"/>
<point x="278.93" y="293.78" b="A"/>
<point x="286.49" y="293.78" b="A"/>
<point x="294.05" y="293.78" b="A"/>
<point x="298.98" y="288.43" b="G"/>
<point x="298.98" y="280.87" b="G"/>
<point x="298.98" y="273.31" b="G"/>
<point x="298.98" y="265.75" b="G"/>
<point x="299.19" y="258.19" b="C"/>
<point x="299.19" y="250.63" b="C"/>
<point x="295.99" y="243.88" b="A"/>
<point x="298.52" y="236.98" b="N"/>
<point x="305.46" y="233.98" b="N"/>
<point x="312.40" y="236.98" b="N"/>
<point x="314.98" y="244.09" b="N"/>
<point x="311.58" y="250.84" b="N"/>
<point x="311.22" y="258.19" b="G"/>
<point x="311.58" y="265.96" b="N"/>
<point x="311.43" y="273.31" b="C"/>
<point x="311.43" y="280.87" b="C"/>
<point x="311.43" y="288.43" b="C"/>
<point x="316.98" y="293.78" b="Y"/>
<point x="324.33" y="293.78" b="U"/>
<point x="332.10" y="293.78" b="Y"/>
<point x="339.66" y="293.78" b="Y"/>
<point x="347.22" y="293.78" b="Y"/>
</structure>