<structure>
<point x="95.29" y="232.90" b="A"/>
<point x="100.22" y="227.56" b="G"/>
<point x="100.43" y="220.00" b="U"/>
<point x="100.43" y="212.44" b="C"/>
<point x="100.43" y="204.88" b="U"/>
<point x="100.43" y="197.32" b="U"/>
<point x="100.22" y="189.76" b="G"/>
<point x="93.52" y="187.20" b="A"/>
<point x="87.32" y="182.88" b="A"/>
<point x="82.46" y="177.09" b="A"/>
<point x="79.26" y="170.23" b="A"/>
<point x="77.96" y="162.79" b="A"/>
<point x="78.65" y="155.26" b="A"/>
<point x="81.21" y="148.37" b="N"/>
<point x="85.58" y="142.21" b="N"/>
<point x="81.11" y="135.79" b="U"/>
<point x="76.78" y="129.59" b="U"/>
<point x="72.46" y="123.39" b="C"/>
<point x="67.93" y="117.19" b="G"/>
<point x="61.65" y="113.30" b="U"/>
<point x="60.25" y="105.87" b="R"/>
<point x="55.93" y="99.67" b="C"/>
<point x="51.40" y="93.47" b="G"/>
<point x="44.91" y="89.58" b="G"/>
<point x="43.72" y="82.16" b="U"/>
<point x="39.19" y="75.95" b="G"/>
<point x="35.08" y="69.75" b="U"/>
<point x="27.62" y="67.59" b="G"/>
<point x="23.51" y="61.39" b="C"/>
<point x="23.78" y="53.84" b="G"/>
<point x="19.66" y="47.64" b="U"/>
<point x="12.36" y="45.70" b="C"/>
<point x="7.50" y="39.74" b="G"/>
<point x="7.62" y="32.18" b="U"/>
<point x="12.26" y="26.31" b="N"/>
<point x="19.58" y="23.98" b="A"/>
<point x="26.43" y="26.69" b="C"/>
<point x="30.62" y="33.11" b="A"/>
<point x="29.71" y="40.64" b="R"/>
<point x="34.03" y="46.84" b="C"/>
<point x="41.48" y="49.01" b="A"/>
<point x="45.80" y="55.21" b="A"/>
<point x="45.12" y="62.75" b="R"/>
<point x="49.44" y="68.95" b="C"/>
<point x="53.97" y="75.16" b="A"/>
<point x="60.04" y="79.04" b="G"/>
<point x="61.65" y="86.47" b="C"/>
<point x="65.76" y="92.67" b="G"/>
<point x="70.29" y="98.88" b="U"/>
<point x="76.78" y="102.76" b="C"/>
<point x="78.18" y="110.19" b="U"/>
<point x="82.29" y="116.39" b="G"/>
<point x="87.03" y="122.59" b="A"/>
<point x="91.30" y="129.00" b="N"/>
<point x="95.62" y="135.21" b="N"/>
<point x="102.98" y="133.03" b="A"/>
<point x="110.12" y="133.03" b="G"/>
<point x="117.63" y="135.00" b="U"/>
<point x="124.17" y="138.80" b="U"/>
<point x="129.49" y="144.16" b="U"/>
<point x="133.24" y="150.73" b="U"/>
<point x="140.47" y="149.43" b="G"/>
<point x="148.13" y="148.13" b="U"/>
<point x="155.37" y="146.83" b="G"/>
<point x="160.81" y="141.18" b="A"/>
<point x="168.25" y="139.88" b="A"/>
<point x="174.69" y="143.50" b="U"/>
<point x="182.13" y="142.20" b="U"/>
<point x="189.58" y="140.90" b="U"/>
<point x="197.03" y="139.60" b="C"/>
<point x="196.02" y="132.10" b="C"/>
<point x="202.09" y="127.33" b="A"/>
<point x="209.22" y="129.84" b="A"/>
<point x="210.61" y="137.22" b="U"/>
<point x="218.06" y="135.93" b="U"/>
<point x="225.51" y="134.63" b="C"/>
<point x="232.96" y="133.33" b="U"/>
<point x="240.61" y="132.03" b="A"/>
<point x="247.85" y="130.73" b="U"/>
<point x="254.32" y="126.49" b="A"/>
<point x="261.44" y="128.36" b="C"/>
<point x="269.09" y="127.06" b="A"/>
<point x="275.35" y="122.82" b="A"/>
<point x="282.67" y="124.69" b="A"/>
<point x="289.70" y="123.39" b="G"/>
<point x="296.18" y="119.15" b="C"/>
<point x="303.71" y="121.01" b="A"/>
<point x="311.15" y="119.71" b="A"/>
<point x="318.60" y="118.42" b="A"/>
<point x="325.63" y="117.11" b="G"/>
<point x="333.29" y="115.81" b="U"/>
<point x="340.53" y="114.52" b="G"/>
<point x="348.39" y="113.22" b="A"/>
<point x="355.84" y="111.92" b="A"/>
<point x="363.29" y="110.62" b="A"/>
<point x="370.73" y="109.32" b="A"/>
<point x="377.98" y="108.02" b="U"/>
<point x="385.63" y="106.72" b="A"/>
<point x="392.18" y="103.33" b="U"/>
<point x="398.93" y="106.73" b="C"/>
<point x="400.23" y="114.18" b="U"/>
<point x="394.82" y="119.67" b="G"/>
<point x="387.53" y="118.78" b="U"/>
<point x="380.29" y="120.07" b="A"/>
<point x="372.63" y="121.37" b="U"/>
<point x="365.19" y="122.67" b="U"/>
<point x="357.74" y="123.97" b="U"/>
<point x="350.29" y="125.27" b="U"/>
<point x="342.84" y="126.57" b="U"/>
<point x="335.60" y="127.87" b="A"/>
<point x="332.80" y="134.97" b="C"/>
<point x="327.95" y="129.17" b="C"/>
<point x="320.50" y="130.47" b="U"/>
<point x="313.05" y="131.77" b="U"/>
<point x="305.61" y="133.07" b="U"/>
<point x="306.82" y="140.56" b="A"/>
<point x="300.75" y="145.34" b="U"/>
<point x="293.61" y="142.83" b="U"/>
<point x="292.02" y="135.44" b="C"/>
<point x="284.57" y="136.74" b="U"/>
<point x="278.10" y="140.98" b="G"/>
<point x="270.99" y="139.11" b="U"/>
<point x="263.33" y="140.41" b="G"/>
<point x="257.49" y="144.65" b="A"/>
<point x="250.16" y="142.78" b="A"/>
<point x="242.51" y="144.08" b="U"/>
<point x="235.26" y="145.38" b="A"/>
<point x="227.40" y="146.68" b="G"/>
<point x="220.37" y="147.98" b="A"/>
<point x="212.92" y="149.28" b="A"/>
<point x="206.46" y="153.52" b="C"/>
<point x="198.92" y="151.65" b="G"/>
<point x="191.89" y="152.95" b="A"/>
<point x="184.44" y="154.25" b="A"/>
<point x="177.00" y="155.55" b="A"/>
<point x="171.98" y="161.21" b="A"/>
<point x="164.53" y="162.51" b="A"/>
<point x="157.68" y="158.89" b="C"/>
<point x="150.44" y="160.19" b="A"/>
<point x="142.79" y="161.49" b="U"/>
<point x="135.55" y="162.79" b="A"/>
<point x="134.04" y="170.23" b="C"/>
<point x="131.06" y="177.09" b="A"/>
<point x="125.99" y="182.88" b="U"/>
<point x="119.99" y="187.20" b="A"/>
<point x="112.67" y="189.76" b="C"/>
<point x="112.88" y="197.32" b="A"/>
<point x="112.88" y="204.88" b="A"/>
<point x="112.46" y="212.44" b="G"/>
<point x="112.46" y="220.00" b="G"/>
<point x="112.67" y="227.56" b="U"/>
<point x="117.81" y="232.90" b="G"/>
</structure>