<structure>
<point x="19.60" y="139.12" b="N"/>
<point x="25.01" y="133.57" b="Y"/>
<point x="24.59" y="126.01" b="G"/>
<point x="24.80" y="118.45" b="U"/>
<point x="24.80" y="110.89" b="R"/>
<point x="24.59" y="103.33" b="G"/>
<point x="24.80" y="95.77" b="U"/>
<point x="22.63" y="88.53" b="U"/>
<point x="27.35" y="82.46" b="A"/>
<point x="34.91" y="82.46" b="A"/>
<point x="39.42" y="88.53" b="Y"/>
<point x="36.83" y="95.77" b="G"/>
<point x="37.04" y="103.33" b="C"/>
<point x="37.25" y="110.89" b="Y"/>
<point x="37.25" y="118.45" b="A"/>
<point x="37.04" y="126.01" b="C"/>
<point x="36.83" y="133.57" b="G"/>
<point x="42.39" y="138.91" b="U"/>
<point x="49.95" y="138.91" b="U"/>
<point x="57.71" y="138.91" b="A"/>
<point x="65.27" y="138.91" b="A"/>
<point x="72.83" y="138.91" b="A"/>
<point x="80.39" y="138.91" b="A"/>
<point x="87.90" y="139.12" b="N"/>
<point x="95.46" y="139.12" b="N"/>
<point x="103.02" y="139.12" b="N"/>
<point x="110.22" y="138.91" b="G"/>
<point x="118.19" y="138.91" b="A"/>
<point x="125.75" y="138.91" b="A"/>
<point x="133.26" y="139.12" b="N"/>
<point x="140.82" y="139.12" b="N"/>
<point x="148.23" y="138.91" b="U"/>
<point x="155.94" y="139.12" b="N"/>
<point x="163.55" y="138.91" b="A"/>
<point x="171.11" y="138.91" b="A"/>
<point x="178.67" y="138.91" b="A"/>
<point x="186.18" y="139.12" b="N"/>
<point x="193.59" y="138.91" b="U"/>
<point x="201.15" y="138.91" b="C"/>
<point x="208.50" y="138.91" b="G"/>
<point x="216.27" y="138.91" b="C"/>
<point x="221.61" y="133.57" b="C"/>
<point x="221.40" y="126.01" b="G"/>
<point x="221.82" y="118.45" b="A"/>
<point x="221.61" y="110.89" b="U"/>
<point x="221.40" y="103.33" b="G"/>
<point x="221.61" y="95.77" b="C"/>
<point x="221.82" y="88.21" b="A"/>
<point x="221.40" y="80.65" b="G"/>
<point x="221.40" y="73.09" b="G"/>
<point x="221.40" y="65.53" b="G"/>
<point x="221.82" y="57.97" b="A"/>
<point x="221.40" y="50.41" b="G"/>
<point x="221.76" y="43.05" b="N"/>
<point x="221.82" y="35.29" b="Y"/>
<point x="221.40" y="27.94" b="N"/>
<point x="227.88" y="24.06" b="N"/>
<point x="234.37" y="27.94" b="N"/>
<point x="234.00" y="35.49" b="N"/>
<point x="234.00" y="43.05" b="N"/>
<point x="233.85" y="50.41" b="C"/>
<point x="233.85" y="57.97" b="U"/>
<point x="233.85" y="65.53" b="C"/>
<point x="233.85" y="73.09" b="C"/>
<point x="233.85" y="80.65" b="C"/>
<point x="233.85" y="88.21" b="U"/>
<point x="233.64" y="95.77" b="G"/>
<point x="233.85" y="103.33" b="C"/>
<point x="234.06" y="110.89" b="A"/>
<point x="233.85" y="118.45" b="U"/>
<point x="233.85" y="126.01" b="C"/>
<point x="233.64" y="133.57" b="G"/>
<point x="239.40" y="138.91" b="A"/>
<point x="246.76" y="138.91" b="C"/>
<point x="252.10" y="133.57" b="U"/>
<point x="251.89" y="126.01" b="G"/>
<point x="252.10" y="118.45" b="U"/>
<point x="246.51" y="113.36" b="C"/>
<point x="244.44" y="106.09" b="C"/>
<point x="246.72" y="98.82" b="A"/>
<point x="252.10" y="93.74" b="U"/>
<point x="252.31" y="86.18" b="A"/>
<point x="251.89" y="78.62" b="G"/>
<point x="252.31" y="71.06" b="A"/>
<point x="250.14" y="63.82" b="A"/>
<point x="254.44" y="57.75" b="U"/>
<point x="262.00" y="57.75" b="C"/>
<point x="266.52" y="63.82" b="C"/>
<point x="264.34" y="71.06" b="U"/>
<point x="264.34" y="78.62" b="U"/>
<point x="264.34" y="86.18" b="U"/>
<point x="264.13" y="93.74" b="G"/>
<point x="270.56" y="89.14" b="A"/>
<point x="277.47" y="87.28" b="G"/>
<point x="284.94" y="88.46" b="G"/>
<point x="291.76" y="92.47" b="A"/>
<point x="295.65" y="98.69" b="G"/>
<point x="297.17" y="106.09" b="G"/>
<point x="295.86" y="113.50" b="U"/>
<point x="291.55" y="119.71" b="U"/>
<point x="285.14" y="123.72" b="C"/>
<point x="277.68" y="124.90" b="C"/>
<point x="270.35" y="123.04" b="U"/>
<point x="264.55" y="118.45" b="A"/>
<point x="264.34" y="126.01" b="U"/>
<point x="264.13" y="133.57" b="G"/>
<point x="269.69" y="138.91" b="U"/>
<point x="277.25" y="138.91" b="R"/>
<point x="284.81" y="138.91" b="U"/>
</structure>