<structure>
<point x="113.52" y="310.28" b="R"/>
<point x="113.52" y="302.72" b="C"/>
<point x="113.52" y="295.16" b="C"/>
<point x="106.14" y="294.70" b="N"/>
<point x="98.73" y="293.32" b="A"/>
<point x="91.15" y="291.65" b="U"/>
<point x="83.70" y="289.48" b="G"/>
<point x="77.03" y="286.84" b="A"/>
<point x="69.94" y="283.72" b="U"/>
<point x="63.07" y="280.14" b="G"/>
<point x="57.08" y="276.13" b="A"/>
<point x="50.54" y="271.69" b="G"/>
<point x="45.15" y="266.85" b="Y"/>
<point x="39.48" y="261.63" b="U"/>
<point x="34.16" y="256.05" b="G"/>
<point x="29.66" y="250.15" b="C"/>
<point x="25.35" y="243.93" b="C"/>
<point x="21.46" y="237.45" b="C"/>
<point x="18.24" y="230.71" b="A"/>
<point x="15.21" y="223.97" b="N"/>
<point x="12.56" y="216.63" b="U"/>
<point x="10.33" y="209.34" b="G"/>
<point x="9.17" y="202.14" b="N"/>
<point x="8.01" y="194.44" b="U"/>
<point x="7.50" y="186.90" b="U"/>
<point x="7.71" y="179.34" b="A"/>
<point x="7.80" y="171.80" b="G"/>
<point x="9.23" y="164.31" b="A"/>
<point x="10.33" y="156.90" b="G"/>
<point x="12.35" y="149.61" b="G"/>
<point x="15.06" y="142.48" b="R"/>
<point x="18.03" y="135.53" b="U"/>
<point x="21.25" y="128.79" b="G"/>
<point x="25.35" y="122.30" b="U"/>
<point x="29.86" y="116.09" b="A"/>
<point x="34.16" y="110.19" b="G"/>
<point x="39.48" y="104.61" b="U"/>
<point x="44.95" y="99.39" b="U"/>
<point x="50.54" y="94.55" b="G"/>
<point x="56.66" y="90.11" b="G"/>
<point x="63.28" y="86.10" b="C"/>
<point x="69.94" y="82.52" b="U"/>
<point x="76.83" y="79.40" b="C"/>
<point x="83.91" y="76.75" b="R"/>
<point x="91.36" y="74.59" b="A"/>
<point x="98.31" y="72.92" b="G"/>
<point x="105.99" y="71.75" b="U"/>
<point x="113.52" y="71.08" b="U"/>
<point x="113.52" y="63.52" b="C"/>
<point x="113.52" y="55.96" b="C"/>
<point x="113.52" y="48.40" b="U"/>
<point x="113.31" y="40.84" b="G"/>
<point x="110.12" y="34.09" b="U"/>
<point x="112.70" y="26.98" b="U"/>
<point x="119.64" y="23.98" b="U"/>
<point x="126.79" y="26.98" b="A"/>
<point x="129.37" y="34.09" b="Y"/>
<point x="125.76" y="40.84" b="C"/>
<point x="125.97" y="48.40" b="A"/>
<point x="125.55" y="55.96" b="G"/>
<point x="125.55" y="63.52" b="G"/>
<point x="125.91" y="71.29" b="N"/>
<point x="133.49" y="70.32" b="A"/>
<point x="140.63" y="70.06" b="G"/>
<point x="148.60" y="70.30" b="A"/>
<point x="156.13" y="71.05" b="A"/>
<point x="163.38" y="72.31" b="C"/>
<point x="170.73" y="74.05" b="C"/>
<point x="177.95" y="76.29" b="U"/>
<point x="185.22" y="79.00" b="A"/>
<point x="191.87" y="82.18" b="C"/>
<point x="198.50" y="85.81" b="U"/>
<point x="204.88" y="89.87" b="U"/>
<point x="210.75" y="94.35" b="G"/>
<point x="216.94" y="99.23" b="Y"/>
<point x="222.38" y="104.49" b="A"/>
<point x="227.04" y="110.09" b="G"/>
<point x="231.94" y="116.02" b="C"/>
<point x="236.22" y="122.25" b="U"/>
<point x="239.86" y="128.76" b="G"/>
<point x="243.48" y="135.50" b="C"/>
<point x="246.44" y="142.46" b="U"/>
<point x="248.71" y="149.60" b="G"/>
<point x="250.91" y="156.90" b="C"/>
<point x="252.63" y="164.30" b="A"/>
<point x="253.43" y="171.80" b="U"/>
<point x="253.94" y="179.34" b="U"/>
<point x="253.94" y="186.90" b="C"/>
<point x="253.64" y="194.44" b="A"/>
<point x="252.42" y="201.94" b="C"/>
<point x="250.91" y="209.34" b="R"/>
<point x="248.92" y="216.63" b="U"/>
<point x="246.22" y="223.78" b="G"/>
<point x="243.63" y="230.94" b="N"/>
<point x="240.07" y="237.48" b="U"/>
<point x="236.42" y="243.99" b="A"/>
<point x="231.94" y="250.22" b="U"/>
<point x="227.25" y="256.15" b="C"/>
<point x="222.38" y="261.75" b="A"/>
<point x="216.94" y="267.01" b="A"/>
<point x="211.17" y="271.88" b="Y"/>
<point x="204.66" y="276.37" b="G"/>
<point x="198.29" y="280.43" b="G"/>
<point x="191.66" y="284.06" b="G"/>
<point x="185.01" y="287.24" b="C"/>
<point x="177.95" y="289.95" b="U"/>
<point x="170.88" y="292.39" b="N"/>
<point x="163.38" y="293.93" b="C"/>
<point x="155.92" y="295.19" b="C"/>
<point x="148.40" y="295.94" b="U"/>
<point x="140.63" y="296.18" b="G"/>
<point x="133.49" y="295.92" b="A"/>
<point x="125.55" y="295.16" b="G"/>
<point x="125.55" y="302.72" b="G"/>
<point x="125.76" y="310.28" b="U"/>
</structure>