<structure>
<point x="83.57" y="196.42" b="G"/>
<point x="83.78" y="188.86" b="C"/>
<point x="76.43" y="188.16" b="N"/>
<point x="68.67" y="186.37" b="G"/>
<point x="61.67" y="184.11" b="U"/>
<point x="54.48" y="181.20" b="G"/>
<point x="48.21" y="177.67" b="A"/>
<point x="41.67" y="173.54" b="U"/>
<point x="35.53" y="168.85" b="G"/>
<point x="30.48" y="163.64" b="A"/>
<point x="25.29" y="157.94" b="C"/>
<point x="21.01" y="152.03" b="N"/>
<point x="17.21" y="145.32" b="Y"/>
<point x="13.97" y="138.49" b="Y"/>
<point x="11.15" y="131.40" b="C"/>
<point x="9.21" y="124.09" b="C"/>
<point x="8.08" y="116.84" b="N"/>
<point x="7.50" y="109.31" b="N"/>
<point x="7.61" y="101.75" b="N"/>
<point x="8.46" y="94.02" b="Y"/>
<point x="9.94" y="86.61" b="A"/>
<point x="11.89" y="79.36" b="R"/>
<point x="14.90" y="72.34" b="A"/>
<point x="17.93" y="65.61" b="G"/>
<point x="22.17" y="59.22" b="C"/>
<point x="26.99" y="53.23" b="A"/>
<point x="31.92" y="47.68" b="C"/>
<point x="37.33" y="42.62" b="G"/>
<point x="43.60" y="38.10" b="U"/>
<point x="49.83" y="34.15" b="G"/>
<point x="56.82" y="30.81" b="U"/>
<point x="63.88" y="28.10" b="U"/>
<point x="71.37" y="26.05" b="A"/>
<point x="78.38" y="24.68" b="G"/>
<point x="86.33" y="23.98" b="A"/>
<point x="93.68" y="23.98" b="C"/>
<point x="101.21" y="24.68" b="U"/>
<point x="108.43" y="26.05" b="G"/>
<point x="115.92" y="28.10" b="C"/>
<point x="122.98" y="30.81" b="U"/>
<point x="129.55" y="34.15" b="G"/>
<point x="136.41" y="38.10" b="A"/>
<point x="142.47" y="42.62" b="Y"/>
<point x="148.04" y="47.88" b="N"/>
<point x="153.02" y="53.23" b="C"/>
<point x="157.42" y="59.22" b="G"/>
<point x="161.46" y="65.61" b="G"/>
<point x="164.90" y="72.34" b="G"/>
<point x="167.91" y="79.36" b="U"/>
<point x="169.86" y="86.61" b="G"/>
<point x="171.75" y="94.02" b="A"/>
<point x="172.35" y="101.54" b="U"/>
<point x="172.24" y="109.10" b="G"/>
<point x="171.87" y="116.64" b="C"/>
<point x="170.75" y="124.30" b="N"/>
<point x="168.86" y="131.40" b="A"/>
<point x="166.19" y="138.70" b="N"/>
<point x="163.01" y="145.32" b="Y"/>
<point x="159.15" y="151.82" b="Y"/>
<point x="154.51" y="157.94" b="R"/>
<point x="149.68" y="163.84" b="N"/>
<point x="144.26" y="168.85" b="A"/>
<point x="138.13" y="173.54" b="R"/>
<point x="131.80" y="177.67" b="U"/>
<point x="125.11" y="181.20" b="C"/>
<point x="118.14" y="184.11" b="U"/>
<point x="110.71" y="186.37" b="G"/>
<point x="103.73" y="187.95" b="A"/>
<point x="95.81" y="188.86" b="G"/>
<point x="96.02" y="196.42" b="C"/>
</structure>