<structure>
<point x="19.60" y="223.40" b="N"/>
<point x="27.16" y="223.40" b="N"/>
<point x="34.73" y="223.40" b="N"/>
<point x="42.28" y="223.40" b="N"/>
<point x="49.84" y="223.40" b="N"/>
<point x="57.41" y="223.40" b="N"/>
<point x="64.97" y="223.40" b="N"/>
<point x="72.53" y="223.40" b="N"/>
<point x="80.09" y="223.40" b="N"/>
<point x="87.65" y="223.40" b="N"/>
<point x="95.20" y="223.40" b="N"/>
<point x="102.77" y="223.40" b="N"/>
<point x="110.33" y="223.40" b="N"/>
<point x="117.89" y="223.40" b="N"/>
<point x="125.50" y="223.20" b="A"/>
<point x="133.00" y="223.40" b="N"/>
<point x="140.56" y="223.40" b="N"/>
<point x="148.12" y="223.40" b="N"/>
<point x="155.53" y="223.20" b="C"/>
<point x="163.30" y="223.20" b="A"/>
<point x="170.66" y="223.20" b="C"/>
<point x="178.42" y="223.20" b="A"/>
<point x="183.56" y="217.85" b="C"/>
<point x="183.77" y="210.29" b="A"/>
<point x="183.77" y="202.73" b="Y"/>
<point x="183.56" y="195.17" b="R"/>
<point x="183.77" y="187.61" b="Y"/>
<point x="183.56" y="180.05" b="R"/>
<point x="183.56" y="172.49" b="U"/>
<point x="183.56" y="164.93" b="C"/>
<point x="175.97" y="166.55" b="G"/>
<point x="170.28" y="161.81" b="R"/>
<point x="170.28" y="154.25" b="C"/>
<point x="176.38" y="149.52" b="A"/>
<point x="183.56" y="151.14" b="C"/>
<point x="183.56" y="143.58" b="R"/>
<point x="183.56" y="136.02" b="U"/>
<point x="183.71" y="128.67" b="N"/>
<point x="183.71" y="121.11" b="N"/>
<point x="183.71" y="113.55" b="N"/>
<point x="183.77" y="105.78" b="Y"/>
<point x="183.56" y="98.22" b="C"/>
<point x="183.71" y="90.87" b="N"/>
<point x="176.80" y="94.44" b="G"/>
<point x="170.26" y="90.66" b="G"/>
<point x="170.26" y="83.10" b="G"/>
<point x="177.01" y="79.32" b="U"/>
<point x="183.35" y="83.10" b="G"/>
<point x="183.56" y="75.54" b="C"/>
<point x="183.77" y="67.98" b="Y"/>
<point x="183.77" y="60.42" b="Y"/>
<point x="183.71" y="53.07" b="N"/>
<point x="177.73" y="48.45" b="N"/>
<point x="174.67" y="41.53" b="N"/>
<point x="175.28" y="34.00" b="N"/>
<point x="179.41" y="27.66" b="N"/>
<point x="186.05" y="24.06" b="N"/>
<point x="193.61" y="24.06" b="N"/>
<point x="200.26" y="27.66" b="N"/>
<point x="204.38" y="34.00" b="N"/>
<point x="204.99" y="41.53" b="N"/>
<point x="201.93" y="48.45" b="N"/>
<point x="195.95" y="53.07" b="N"/>
<point x="195.95" y="60.63" b="N"/>
<point x="195.59" y="67.98" b="G"/>
<point x="195.59" y="75.54" b="G"/>
<point x="195.80" y="83.10" b="U"/>
<point x="196.01" y="90.66" b="Y"/>
<point x="195.59" y="98.22" b="G"/>
<point x="195.80" y="105.78" b="R"/>
<point x="195.95" y="113.55" b="N"/>
<point x="195.95" y="121.11" b="N"/>
<point x="195.95" y="128.67" b="N"/>
<point x="195.80" y="136.02" b="R"/>
<point x="195.80" y="143.58" b="U"/>
<point x="195.59" y="151.14" b="G"/>
<point x="198.69" y="158.03" b="G"/>
<point x="195.59" y="164.93" b="G"/>
<point x="195.80" y="172.49" b="R"/>
<point x="195.80" y="180.05" b="U"/>
<point x="195.80" y="187.61" b="R"/>
<point x="196.01" y="195.17" b="Y"/>
<point x="195.80" y="202.73" b="R"/>
<point x="195.80" y="210.29" b="U"/>
<point x="195.59" y="217.85" b="G"/>
<point x="200.94" y="223.20" b="G"/>
<point x="208.91" y="223.20" b="A"/>
<point x="216.06" y="223.20" b="G"/>
<point x="223.62" y="223.20" b="G"/>
<point x="231.39" y="223.20" b="C"/>
<point x="239.15" y="223.20" b="Y"/>
<point x="246.71" y="223.20" b="Y"/>
<point x="254.27" y="223.20" b="A"/>
<point x="261.83" y="223.20" b="A"/>
<point x="269.19" y="223.20" b="C"/>
</structure>