<structure>
<point x="18.72" y="216.61" b="G"/>
<point x="18.72" y="209.05" b="G"/>
<point x="18.72" y="201.49" b="G"/>
<point x="18.93" y="193.93" b="U"/>
<point x="12.38" y="190.15" b="C"/>
<point x="18.93" y="186.37" b="U"/>
<point x="18.93" y="178.81" b="C"/>
<point x="18.93" y="171.25" b="U"/>
<point x="18.93" y="163.69" b="C"/>
<point x="18.93" y="156.13" b="U"/>
<point x="19.08" y="148.78" b="N"/>
<point x="18.72" y="141.01" b="G"/>
<point x="19.08" y="133.66" b="N"/>
<point x="18.93" y="125.89" b="U"/>
<point x="19.13" y="118.33" b="A"/>
<point x="18.72" y="110.77" b="G"/>
<point x="12.59" y="106.99" b="A"/>
<point x="18.93" y="103.21" b="C"/>
<point x="18.93" y="95.65" b="C"/>
<point x="19.13" y="88.09" b="A"/>
<point x="18.72" y="80.53" b="G"/>
<point x="19.13" y="72.97" b="A"/>
<point x="11.74" y="75.31" b="U"/>
<point x="7.50" y="69.19" b="Y"/>
<point x="11.89" y="63.29" b="N"/>
<point x="18.72" y="65.41" b="G"/>
<point x="19.13" y="57.85" b="A"/>
<point x="18.72" y="50.29" b="G"/>
<point x="18.93" y="42.73" b="C"/>
<point x="14.66" y="36.49" b="C"/>
<point x="15.60" y="28.99" b="U"/>
<point x="21.06" y="23.98" b="G"/>
<point x="28.62" y="23.98" b="G"/>
<point x="34.28" y="28.99" b="G"/>
<point x="35.64" y="36.49" b="A"/>
<point x="30.96" y="42.73" b="G"/>
<point x="31.17" y="50.29" b="C"/>
<point x="31.17" y="57.85" b="U"/>
<point x="31.17" y="65.41" b="C"/>
<point x="31.17" y="72.97" b="U"/>
<point x="31.17" y="80.53" b="C"/>
<point x="31.17" y="88.09" b="U"/>
<point x="30.96" y="95.65" b="G"/>
<point x="30.96" y="103.21" b="G"/>
<point x="31.17" y="110.77" b="C"/>
<point x="31.17" y="118.33" b="U"/>
<point x="31.37" y="125.89" b="A"/>
<point x="31.17" y="133.45" b="R"/>
<point x="31.17" y="141.01" b="C"/>
<point x="31.32" y="148.78" b="N"/>
<point x="31.37" y="156.13" b="A"/>
<point x="31.17" y="163.69" b="R"/>
<point x="30.96" y="171.25" b="G"/>
<point x="30.96" y="178.81" b="G"/>
<point x="31.37" y="186.37" b="A"/>
<point x="31.37" y="193.93" b="A"/>
<point x="31.17" y="201.49" b="C"/>
<point x="31.17" y="209.05" b="C"/>
<point x="31.17" y="216.61" b="C"/>
<point x="36.72" y="221.96" b="A"/>
<point x="44.07" y="221.96" b="C"/>
</structure>