<structure>
<point x="75.04" y="209.95" b="N"/>
<point x="80.39" y="204.61" b="N"/>
<point x="80.03" y="196.84" b="G"/>
<point x="80.24" y="189.28" b="C"/>
<point x="80.44" y="181.72" b="A"/>
<point x="72.89" y="180.98" b="N"/>
<point x="65.57" y="179.11" b="A"/>
<point x="58.18" y="176.76" b="U"/>
<point x="51.04" y="173.72" b="G"/>
<point x="44.85" y="170.04" b="A"/>
<point x="38.43" y="165.75" b="U"/>
<point x="32.43" y="160.88" b="G"/>
<point x="27.56" y="155.48" b="A"/>
<point x="22.75" y="149.81" b="N"/>
<point x="18.64" y="143.29" b="Y"/>
<point x="14.89" y="136.61" b="U"/>
<point x="12.01" y="129.62" b="U"/>
<point x="10.00" y="122.39" b="A"/>
<point x="8.29" y="114.99" b="C"/>
<point x="7.50" y="107.47" b="U"/>
<point x="7.64" y="99.91" b="Y"/>
<point x="7.88" y="92.38" b="G"/>
<point x="9.25" y="84.94" b="G"/>
<point x="11.74" y="77.67" b="A"/>
<point x="14.29" y="70.63" b="U"/>
<point x="17.72" y="63.89" b="U"/>
<point x="21.77" y="57.51" b="C"/>
<point x="26.41" y="51.54" b="C"/>
<point x="31.60" y="46.05" b="C"/>
<point x="37.29" y="41.07" b="C"/>
<point x="43.43" y="36.67" b="U"/>
<point x="49.97" y="32.87" b="U"/>
<point x="56.84" y="29.71" b="C"/>
<point x="64.19" y="27.22" b="A"/>
<point x="71.32" y="25.43" b="R"/>
<point x="78.81" y="24.35" b="R"/>
<point x="86.56" y="23.98" b="A"/>
<point x="93.91" y="24.35" b="C"/>
<point x="101.60" y="25.43" b="A"/>
<point x="108.73" y="27.22" b="U"/>
<point x="116.08" y="29.71" b="Y"/>
<point x="122.89" y="33.07" b="N"/>
<point x="129.28" y="36.67" b="U"/>
<point x="135.21" y="41.07" b="G"/>
<point x="140.90" y="46.05" b="G"/>
<point x="146.31" y="51.54" b="R"/>
<point x="150.95" y="57.51" b="U"/>
<point x="154.79" y="63.89" b="G"/>
<point x="158.63" y="70.63" b="A"/>
<point x="161.18" y="77.67" b="U"/>
<point x="163.05" y="84.94" b="G"/>
<point x="164.83" y="92.38" b="Y"/>
<point x="165.49" y="99.91" b="A"/>
<point x="165.42" y="107.47" b="A"/>
<point x="164.63" y="114.99" b="A"/>
<point x="163.12" y="122.39" b="Y"/>
<point x="160.91" y="129.62" b="Y"/>
<point x="157.82" y="136.61" b="C"/>
<point x="154.28" y="143.29" b="R"/>
<point x="150.32" y="149.60" b="A"/>
<point x="145.15" y="155.48" b="G"/>
<point x="140.28" y="160.88" b="Y"/>
<point x="134.29" y="165.75" b="U"/>
<point x="128.07" y="170.04" b="U"/>
<point x="121.46" y="173.72" b="C"/>
<point x="114.54" y="176.76" b="U"/>
<point x="107.14" y="179.11" b="G"/>
<point x="100.18" y="180.77" b="A"/>
<point x="92.48" y="181.72" b="U"/>
<point x="92.27" y="189.28" b="G"/>
<point x="92.48" y="196.84" b="C"/>
<point x="92.48" y="204.40" b="R"/>
</structure>