<structure>
<point x="84.76" y="198.91" b="G"/>
<point x="84.97" y="191.35" b="C"/>
<point x="77.61" y="190.67" b="N"/>
<point x="70.07" y="188.90" b="R"/>
<point x="62.84" y="186.67" b="U"/>
<point x="55.64" y="183.81" b="G"/>
<point x="49.34" y="180.32" b="A"/>
<point x="42.77" y="176.24" b="U"/>
<point x="36.59" y="171.61" b="G"/>
<point x="31.47" y="166.46" b="A"/>
<point x="26.37" y="161.03" b="N"/>
<point x="21.91" y="154.76" b="Y"/>
<point x="17.96" y="148.32" b="Y"/>
<point x="14.40" y="141.54" b="U"/>
<point x="11.82" y="134.70" b="N"/>
<point x="9.73" y="127.43" b="N"/>
<point x="8.37" y="119.80" b="Y"/>
<point x="7.56" y="112.49" b="N"/>
<point x="7.50" y="104.93" b="N"/>
<point x="8.12" y="97.39" b="N"/>
<point x="9.41" y="89.94" b="N"/>
<point x="11.37" y="82.64" b="N"/>
<point x="13.83" y="75.34" b="U"/>
<point x="17.07" y="68.51" b="R"/>
<point x="21.11" y="62.00" b="A"/>
<point x="25.47" y="56.06" b="N"/>
<point x="30.42" y="50.35" b="N"/>
<point x="35.86" y="45.10" b="N"/>
<point x="41.75" y="40.37" b="N"/>
<point x="48.05" y="36.18" b="N"/>
<point x="54.70" y="32.58" b="N"/>
<point x="61.28" y="29.39" b="G"/>
<point x="68.83" y="27.25" b="N"/>
<point x="76.20" y="25.55" b="N"/>
<point x="83.69" y="24.53" b="N"/>
<point x="91.09" y="23.98" b="U"/>
<point x="98.64" y="24.33" b="R"/>
<point x="106.34" y="25.35" b="A"/>
<point x="113.65" y="27.25" b="N"/>
<point x="120.84" y="29.59" b="N"/>
<point x="127.78" y="32.58" b="N"/>
<point x="134.43" y="36.18" b="N"/>
<point x="140.73" y="40.37" b="N"/>
<point x="146.62" y="45.10" b="N"/>
<point x="152.06" y="50.35" b="N"/>
<point x="157.07" y="55.86" b="Y"/>
<point x="161.42" y="62.20" b="N"/>
<point x="165.26" y="68.71" b="N"/>
<point x="168.50" y="75.55" b="N"/>
<point x="171.11" y="82.64" b="N"/>
<point x="173.07" y="89.94" b="N"/>
<point x="174.21" y="97.18" b="U"/>
<point x="174.83" y="104.72" b="C"/>
<point x="174.76" y="112.28" b="C"/>
<point x="174.02" y="119.80" b="U"/>
<point x="172.60" y="127.23" b="C"/>
<point x="170.51" y="134.49" b="U"/>
<point x="167.99" y="141.54" b="A"/>
<point x="164.63" y="148.32" b="A"/>
<point x="160.27" y="154.76" b="G"/>
<point x="156.17" y="160.82" b="A"/>
<point x="151.12" y="166.46" b="A"/>
<point x="145.17" y="171.61" b="G"/>
<point x="139.41" y="176.24" b="U"/>
<point x="133.04" y="180.32" b="U"/>
<point x="126.33" y="183.81" b="C"/>
<point x="119.34" y="186.67" b="U"/>
<point x="111.90" y="188.90" b="G"/>
<point x="104.92" y="190.46" b="A"/>
<point x="97.00" y="191.35" b="G"/>
<point x="97.21" y="198.91" b="C"/>
<point x="102.71" y="204.47" b="N"/>
<point x="110.32" y="204.26" b="Y"/>
</structure>