<structure>
<point x="19.60" y="231.96" b="N"/>
<point x="27.16" y="231.96" b="N"/>
<point x="34.73" y="231.96" b="N"/>
<point x="42.28" y="231.96" b="N"/>
<point x="49.84" y="231.96" b="N"/>
<point x="55.19" y="226.61" b="N"/>
<point x="55.19" y="219.05" b="N"/>
<point x="55.19" y="211.49" b="N"/>
<point x="55.19" y="203.93" b="N"/>
<point x="55.19" y="196.37" b="N"/>
<point x="55.04" y="188.60" b="C"/>
<point x="55.19" y="181.25" b="N"/>
<point x="54.83" y="173.48" b="G"/>
<point x="47.80" y="170.70" b="G"/>
<point x="42.27" y="166.04" b="A"/>
<point x="37.46" y="159.88" b="G"/>
<point x="35.41" y="152.73" b="A"/>
<point x="34.66" y="145.18" b="G"/>
<point x="36.83" y="138.05" b="N"/>
<point x="40.64" y="131.52" b="N"/>
<point x="35.98" y="125.57" b="N"/>
<point x="31.32" y="119.62" b="N"/>
<point x="26.66" y="113.67" b="N"/>
<point x="19.11" y="113.28" b="N"/>
<point x="12.83" y="109.08" b="N"/>
<point x="9.60" y="102.24" b="N"/>
<point x="10.34" y="94.72" b="N"/>
<point x="14.83" y="88.64" b="N"/>
<point x="21.66" y="85.52" b="R"/>
<point x="29.29" y="86.82" b="N"/>
<point x="35.15" y="91.59" b="N"/>
<point x="37.73" y="98.70" b="N"/>
<point x="36.30" y="106.12" b="N"/>
<point x="40.96" y="112.07" b="N"/>
<point x="45.62" y="118.03" b="N"/>
<point x="50.28" y="123.98" b="N"/>
<point x="57.38" y="121.63" b="C"/>
<point x="64.94" y="121.63" b="R"/>
<point x="67.73" y="114.60" b="C"/>
<point x="70.51" y="107.57" b="C"/>
<point x="73.09" y="100.54" b="G"/>
<point x="76.29" y="93.52" b="A"/>
<point x="69.26" y="90.73" b="A"/>
<point x="71.63" y="83.70" b="G"/>
<point x="78.66" y="86.49" b="G"/>
<point x="81.65" y="79.46" b="R"/>
<point x="84.23" y="72.43" b="G"/>
<point x="81.31" y="65.64" b="Y"/>
<point x="82.07" y="58.12" b="A"/>
<point x="86.67" y="52.12" b="A"/>
<point x="93.69" y="49.67" b="N"/>
<point x="96.48" y="42.64" b="N"/>
<point x="94.06" y="35.48" b="N"/>
<point x="96.46" y="28.31" b="N"/>
<point x="102.71" y="24.06" b="N"/>
<point x="110.26" y="24.45" b="N"/>
<point x="116.04" y="29.34" b="N"/>
<point x="117.68" y="36.72" b="N"/>
<point x="114.52" y="43.59" b="N"/>
<point x="107.85" y="47.15" b="N"/>
<point x="105.07" y="54.18" b="N"/>
<point x="110.83" y="59.07" b="N"/>
<point x="112.72" y="66.20" b="A"/>
<point x="109.93" y="73.23" b="A"/>
<point x="103.52" y="77.53" b="N"/>
<point x="95.82" y="76.94" b="C"/>
<point x="93.03" y="83.97" b="U"/>
<point x="90.25" y="91.00" b="C"/>
<point x="87.46" y="98.02" b="U"/>
<point x="84.68" y="105.05" b="C"/>
<point x="89.58" y="110.98" b="A"/>
<point x="81.68" y="112.08" b="G"/>
<point x="78.89" y="119.11" b="G"/>
<point x="76.53" y="126.14" b="Y"/>
<point x="81.98" y="131.52" b="N"/>
<point x="85.79" y="138.05" b="N"/>
<point x="87.61" y="145.39" b="N"/>
<point x="87.26" y="152.94" b="N"/>
<point x="84.65" y="159.88" b="R"/>
<point x="80.05" y="166.04" b="G"/>
<point x="74.52" y="170.70" b="A"/>
<point x="67.28" y="173.48" b="C"/>
<point x="67.43" y="181.25" b="N"/>
<point x="67.07" y="188.60" b="G"/>
<point x="67.43" y="196.37" b="N"/>
<point x="67.43" y="203.93" b="N"/>
<point x="67.43" y="211.49" b="N"/>
<point x="67.43" y="219.05" b="N"/>
<point x="67.43" y="226.61" b="N"/>
<point x="72.78" y="231.96" b="N"/>
<point x="80.34" y="231.96" b="N"/>
<point x="87.90" y="231.96" b="N"/>
<point x="95.46" y="231.96" b="N"/>
<point x="103.02" y="231.96" b="N"/>
</structure>