<structure>
<point x="86.66" y="255.84" b="R"/>
<point x="94.42" y="255.84" b="Y"/>
<point x="99.77" y="250.49" b="Y"/>
<point x="99.56" y="242.93" b="U"/>
<point x="99.35" y="235.37" b="G"/>
<point x="99.56" y="227.81" b="C"/>
<point x="99.77" y="220.25" b="Y"/>
<point x="92.04" y="219.49" b="R"/>
<point x="84.39" y="218.16" b="G"/>
<point x="77.28" y="216.25" b="U"/>
<point x="70.14" y="213.79" b="C"/>
<point x="63.41" y="210.78" b="A"/>
<point x="56.51" y="207.25" b="U"/>
<point x="49.91" y="203.22" b="G"/>
<point x="44.26" y="198.71" b="Y"/>
<point x="38.35" y="193.74" b="U"/>
<point x="32.84" y="188.35" b="G"/>
<point x="28.39" y="182.57" b="A"/>
<point x="23.77" y="176.43" b="C"/>
<point x="20.05" y="169.97" b="Y"/>
<point x="16.63" y="163.23" b="A"/>
<point x="13.74" y="156.24" b="Y"/>
<point x="11.34" y="149.26" b="N"/>
<point x="9.20" y="141.71" b="G"/>
<point x="8.19" y="134.25" b="C"/>
<point x="7.71" y="126.92" b="N"/>
<point x="7.50" y="119.15" b="R"/>
<point x="8.03" y="111.61" b="C"/>
<point x="9.13" y="104.13" b="C"/>
<point x="10.81" y="96.76" b="C"/>
<point x="13.05" y="89.54" b="R"/>
<point x="15.83" y="82.51" b="R"/>
<point x="18.94" y="75.72" b="G"/>
<point x="22.98" y="69.20" b="C"/>
<point x="27.51" y="63.00" b="A"/>
<point x="32.09" y="57.15" b="U"/>
<point x="37.10" y="51.68" b="G"/>
<point x="42.73" y="46.63" b="G"/>
<point x="49.15" y="42.03" b="Y"/>
<point x="55.27" y="37.91" b="U"/>
<point x="61.70" y="34.28" b="G"/>
<point x="69.01" y="31.17" b="A"/>
<point x="76.12" y="28.61" b="Y"/>
<point x="83.20" y="26.59" b="R"/>
<point x="90.41" y="25.15" b="G"/>
<point x="97.92" y="24.28" b="G"/>
<point x="105.68" y="23.98" b="R"/>
<point x="113.24" y="24.28" b="C"/>
<point x="120.75" y="25.15" b="U"/>
<point x="128.32" y="26.80" b="N"/>
<point x="135.45" y="28.61" b="C"/>
<point x="142.77" y="31.17" b="Y"/>
<point x="149.46" y="34.28" b="R"/>
<point x="156.30" y="37.91" b="A"/>
<point x="162.43" y="42.03" b="R"/>
<point x="168.21" y="46.63" b="G"/>
<point x="174.05" y="51.68" b="U"/>
<point x="179.48" y="57.15" b="A"/>
<point x="184.06" y="63.00" b="C"/>
<point x="188.59" y="69.20" b="A"/>
<point x="192.21" y="75.72" b="C"/>
<point x="195.53" y="82.51" b="C"/>
<point x="198.53" y="89.54" b="A"/>
<point x="200.56" y="96.76" b="U"/>
<point x="202.44" y="104.13" b="Y"/>
<point x="203.54" y="111.61" b="A"/>
<point x="204.07" y="119.15" b="A"/>
<point x="203.81" y="126.71" b="C"/>
<point x="203.38" y="134.25" b="A"/>
<point x="201.75" y="141.71" b="G"/>
<point x="200.38" y="149.06" b="Y"/>
<point x="197.83" y="156.24" b="U"/>
<point x="194.73" y="163.23" b="G"/>
<point x="191.31" y="169.97" b="G"/>
<point x="187.75" y="176.64" b="N"/>
<point x="183.18" y="182.57" b="C"/>
<point x="178.31" y="188.35" b="C"/>
<point x="172.80" y="193.74" b="G"/>
<point x="167.52" y="198.71" b="A"/>
<point x="161.25" y="203.22" b="R"/>
<point x="155.06" y="207.25" b="Y"/>
<point x="148.16" y="210.78" b="U"/>
<point x="141.02" y="213.79" b="G"/>
<point x="134.29" y="216.25" b="A"/>
<point x="126.97" y="218.16" b="A"/>
<point x="119.11" y="219.49" b="G"/>
<point x="111.59" y="220.25" b="G"/>
<point x="111.95" y="228.02" b="N"/>
<point x="118.50" y="231.80" b="N"/>
<point x="112.01" y="235.37" b="Y"/>
<point x="112.01" y="242.93" b="A"/>
<point x="111.59" y="250.49" b="G"/>
<point x="117.15" y="255.84" b="U"/>
<point x="124.71" y="255.84" b="U"/>
</structure>