<structure>
<point x="17.39" y="80.74" b="N"/>
<point x="17.24" y="72.97" b="U"/>
<point x="10.84" y="69.40" b="N"/>
<point x="17.24" y="65.41" b="C"/>
<point x="17.24" y="57.85" b="U"/>
<point x="17.24" y="50.29" b="U"/>
<point x="17.24" y="42.73" b="U"/>
<point x="12.98" y="36.49" b="R"/>
<point x="14.12" y="28.99" b="A"/>
<point x="19.37" y="23.98" b="G"/>
<point x="26.93" y="23.98" b="G"/>
<point x="33.01" y="28.99" b="A"/>
<point x="33.89" y="36.70" b="N"/>
<point x="29.63" y="42.94" b="N"/>
<point x="29.69" y="50.29" b="A"/>
<point x="29.63" y="58.06" b="N"/>
<point x="29.48" y="65.41" b="C"/>
<point x="29.69" y="72.97" b="A"/>
<point x="29.48" y="80.53" b="R"/>
<point x="35.03" y="85.88" b="A"/>
<point x="42.59" y="85.88" b="A"/>
<point x="49.95" y="85.88" b="U"/>
<point x="57.71" y="85.88" b="A"/>
<point x="65.27" y="85.88" b="A"/>
<point x="72.83" y="85.88" b="A"/>
<point x="79.98" y="85.88" b="G"/>
<point x="87.95" y="85.88" b="A"/>
<point x="95.31" y="85.88" b="C"/>
<point x="102.87" y="85.88" b="U"/>
<point x="110.58" y="86.09" b="N"/>
<point x="117.99" y="85.88" b="C"/>
<point x="125.75" y="85.88" b="A"/>
<point x="133.11" y="85.88" b="U"/>
<point x="140.46" y="85.88" b="G"/>
<point x="148.23" y="85.88" b="U"/>
<point x="155.79" y="85.88" b="U"/>
<point x="163.35" y="85.88" b="U"/>
</structure>