<structure>
<point x="26.01" y="209.71" b="U"/>
<point x="31.15" y="204.36" b="G"/>
<point x="31.15" y="196.80" b="G"/>
<point x="31.57" y="189.24" b="A"/>
<point x="31.36" y="181.68" b="C"/>
<point x="31.57" y="174.12" b="A"/>
<point x="31.36" y="166.56" b="U"/>
<point x="31.36" y="159.00" b="U"/>
<point x="31.36" y="151.44" b="U"/>
<point x="31.57" y="143.88" b="A"/>
<point x="31.57" y="136.32" b="Y"/>
<point x="24.03" y="138.17" b="U"/>
<point x="16.63" y="136.61" b="U"/>
<point x="10.67" y="131.96" b="U"/>
<point x="7.56" y="125.17" b="Y"/>
<point x="7.50" y="117.81" b="N"/>
<point x="10.67" y="110.81" b="U"/>
<point x="16.84" y="106.17" b="Y"/>
<point x="24.03" y="104.61" b="C"/>
<point x="31.57" y="106.45" b="A"/>
<point x="31.15" y="98.89" b="G"/>
<point x="31.36" y="91.33" b="U"/>
<point x="31.36" y="83.77" b="U"/>
<point x="31.36" y="76.21" b="U"/>
<point x="31.36" y="68.65" b="C"/>
<point x="31.36" y="61.09" b="U"/>
<point x="31.36" y="53.53" b="U"/>
<point x="31.36" y="45.97" b="C"/>
<point x="26.47" y="40.20" b="U"/>
<point x="26.27" y="32.65" b="Y"/>
<point x="30.46" y="26.61" b="N"/>
<point x="37.69" y="23.98" b="A"/>
<point x="44.64" y="26.40" b="R"/>
<point x="48.68" y="32.65" b="G"/>
<point x="48.49" y="40.20" b="U"/>
<point x="43.39" y="45.97" b="G"/>
<point x="43.81" y="53.53" b="A"/>
<point x="43.81" y="61.09" b="A"/>
<point x="43.39" y="68.65" b="G"/>
<point x="43.81" y="76.21" b="A"/>
<point x="50.15" y="79.99" b="U"/>
<point x="43.81" y="83.77" b="A"/>
<point x="43.81" y="91.33" b="A"/>
<point x="43.60" y="98.89" b="C"/>
<point x="43.60" y="106.45" b="U"/>
<point x="49.88" y="111.08" b="N"/>
<point x="53.38" y="117.61" b="Y"/>
<point x="53.17" y="125.17" b="U"/>
<point x="49.94" y="131.90" b="Y"/>
<point x="43.75" y="136.53" b="N"/>
<point x="43.60" y="143.88" b="U"/>
<point x="43.60" y="151.44" b="R"/>
<point x="43.81" y="159.00" b="A"/>
<point x="43.81" y="166.56" b="A"/>
<point x="43.60" y="174.12" b="U"/>
<point x="43.39" y="181.68" b="G"/>
<point x="43.60" y="189.24" b="U"/>
<point x="43.60" y="196.80" b="C"/>
<point x="43.60" y="204.36" b="C"/>
<point x="48.94" y="209.71" b="U"/>
<point x="56.71" y="209.71" b="A"/>
<point x="64.21" y="209.91" b="N"/>
<point x="71.83" y="209.71" b="A"/>
<point x="79.18" y="209.71" b="R"/>
<point x="86.89" y="209.91" b="N"/>
<point x="94.51" y="209.71" b="A"/>
<point x="102.07" y="209.71" b="A"/>
<point x="109.63" y="209.71" b="Y"/>
<point x="116.98" y="209.71" b="R"/>
<point x="122.54" y="204.36" b="Y"/>
<point x="122.54" y="196.80" b="A"/>
<point x="122.12" y="189.24" b="G"/>
<point x="122.33" y="181.68" b="U"/>
<point x="122.54" y="174.12" b="A"/>
<point x="122.12" y="166.56" b="G"/>
<point x="115.03" y="164.59" b="C"/>
<point x="108.27" y="161.20" b="U"/>
<point x="102.54" y="156.53" b="Y"/>
<point x="97.44" y="150.77" b="U"/>
<point x="93.79" y="144.14" b="C"/>
<point x="91.55" y="136.92" b="U"/>
<point x="90.58" y="129.40" b="G"/>
<point x="91.55" y="121.88" b="U"/>
<point x="93.79" y="114.66" b="U"/>
<point x="97.44" y="108.04" b="C"/>
<point x="102.54" y="102.27" b="A"/>
<point x="108.48" y="97.60" b="Y"/>
<point x="115.24" y="94.21" b="Y"/>
<point x="122.33" y="92.24" b="C"/>
<point x="122.33" y="84.68" b="U"/>
<point x="122.33" y="77.12" b="U"/>
<point x="122.33" y="69.56" b="U"/>
<point x="116.98" y="64.22" b="R"/>
<point x="115.70" y="56.81" b="Y"/>
<point x="118.59" y="49.82" b="A"/>
<point x="124.88" y="45.62" b="A"/>
<point x="132.02" y="45.62" b="G"/>
<point x="138.51" y="49.82" b="U"/>
<point x="141.61" y="56.81" b="A"/>
<point x="140.13" y="64.22" b="A"/>
<point x="134.57" y="69.56" b="R"/>
<point x="134.78" y="77.12" b="A"/>
<point x="134.78" y="84.68" b="A"/>
<point x="134.36" y="92.24" b="G"/>
<point x="141.84" y="93.34" b="G"/>
<point x="149.15" y="95.93" b="R"/>
<point x="155.59" y="99.89" b="U"/>
<point x="160.88" y="105.08" b="G"/>
<point x="165.21" y="111.28" b="G"/>
<point x="168.62" y="118.22" b="A"/>
<point x="169.95" y="125.62" b="U"/>
<point x="169.95" y="133.18" b="C"/>
<point x="168.21" y="140.59" b="G"/>
<point x="165.42" y="147.53" b="U"/>
<point x="161.09" y="153.72" b="U"/>
<point x="155.59" y="158.91" b="C"/>
<point x="149.15" y="162.88" b="C"/>
<point x="142.26" y="165.47" b="A"/>
<point x="134.57" y="166.56" b="C"/>
<point x="134.57" y="174.12" b="U"/>
<point x="134.57" y="181.68" b="R"/>
<point x="134.57" y="189.24" b="C"/>
<point x="134.57" y="196.80" b="U"/>
<point x="134.36" y="204.36" b="G"/>
<point x="140.12" y="209.71" b="A"/>
<point x="147.48" y="209.71" b="C"/>
<point x="155.24" y="209.71" b="A"/>
<point x="162.75" y="209.91" b="N"/>
<point x="170.36" y="209.71" b="Y"/>
<point x="177.72" y="209.71" b="U"/>
</structure>