<structure>
<point x="108.00" y="259.93" b="N"/>
<point x="108.00" y="252.37" b="N"/>
<point x="108.00" y="244.81" b="N"/>
<point x="108.00" y="237.25" b="N"/>
<point x="100.47" y="236.55" b="N"/>
<point x="93.01" y="235.32" b="N"/>
<point x="85.72" y="233.35" b="A"/>
<point x="78.30" y="231.08" b="U"/>
<point x="71.06" y="228.30" b="G"/>
<point x="64.66" y="225.03" b="A"/>
<point x="57.89" y="221.28" b="U"/>
<point x="51.60" y="217.08" b="U"/>
<point x="45.83" y="212.45" b="A"/>
<point x="40.15" y="207.61" b="N"/>
<point x="34.95" y="201.97" b="A"/>
<point x="30.03" y="196.38" b="N"/>
<point x="25.60" y="190.26" b="N"/>
<point x="21.61" y="183.84" b="N"/>
<point x="18.14" y="176.94" b="A"/>
<point x="15.04" y="170.23" b="N"/>
<point x="12.49" y="163.12" b="N"/>
<point x="10.45" y="155.83" b="N"/>
<point x="8.94" y="148.43" b="N"/>
<point x="7.95" y="140.93" b="N"/>
<point x="7.50" y="133.39" b="N"/>
<point x="7.58" y="125.83" b="N"/>
<point x="8.20" y="118.29" b="N"/>
<point x="9.41" y="110.61" b="A"/>
<point x="11.09" y="103.24" b="Y"/>
<point x="13.22" y="96.21" b="N"/>
<point x="15.93" y="89.15" b="N"/>
<point x="19.12" y="82.30" b="N"/>
<point x="22.64" y="75.49" b="U"/>
<point x="26.93" y="69.36" b="N"/>
<point x="31.55" y="63.13" b="A"/>
<point x="36.33" y="57.45" b="C"/>
<point x="41.71" y="52.13" b="U"/>
<point x="47.23" y="47.21" b="G"/>
<point x="53.72" y="42.71" b="A"/>
<point x="59.68" y="38.64" b="G"/>
<point x="66.33" y="35.04" b="G"/>
<point x="73.63" y="31.92" b="A"/>
<point x="80.67" y="29.51" b="N"/>
<point x="87.56" y="27.18" b="G"/>
<point x="95.37" y="25.59" b="Y"/>
<point x="102.85" y="24.52" b="A"/>
<point x="110.19" y="23.98" b="U"/>
<point x="117.95" y="23.98" b="A"/>
<point x="125.29" y="24.52" b="U"/>
<point x="132.56" y="25.59" b="G"/>
<point x="140.16" y="27.18" b="C"/>
<point x="147.63" y="29.30" b="A"/>
<point x="154.51" y="31.92" b="R"/>
<point x="161.19" y="35.04" b="G"/>
<point x="168.25" y="38.64" b="A"/>
<point x="174.42" y="42.71" b="C"/>
<point x="180.70" y="47.21" b="A"/>
<point x="186.38" y="52.34" b="N"/>
<point x="191.81" y="57.45" b="A"/>
<point x="196.74" y="63.34" b="N"/>
<point x="201.31" y="69.36" b="N"/>
<point x="205.44" y="75.69" b="N"/>
<point x="209.12" y="82.30" b="N"/>
<point x="212.31" y="89.15" b="N"/>
<point x="215.07" y="96.01" b="A"/>
<point x="217.21" y="103.45" b="N"/>
<point x="218.74" y="110.61" b="U"/>
<point x="219.89" y="118.08" b="U"/>
<point x="220.71" y="125.62" b="A"/>
<point x="220.38" y="133.18" b="G"/>
<point x="219.92" y="140.72" b="G"/>
<point x="219.35" y="148.22" b="A"/>
<point x="217.84" y="155.63" b="A"/>
<point x="215.60" y="162.91" b="U"/>
<point x="213.05" y="170.03" b="U"/>
<point x="210.01" y="176.94" b="C"/>
<point x="206.48" y="183.63" b="U"/>
<point x="202.49" y="190.05" b="U"/>
<point x="198.05" y="196.17" b="C"/>
<point x="192.98" y="201.97" b="G"/>
<point x="187.94" y="207.40" b="U"/>
<point x="182.31" y="212.45" b="U"/>
<point x="176.34" y="217.08" b="U"/>
<point x="170.26" y="221.28" b="A"/>
<point x="163.48" y="225.03" b="U"/>
<point x="156.46" y="228.30" b="G"/>
<point x="149.84" y="231.08" b="A"/>
<point x="142.43" y="233.35" b="U"/>
<point x="135.28" y="235.11" b="Y"/>
<point x="127.77" y="236.55" b="N"/>
<point x="120.24" y="237.25" b="N"/>
<point x="120.24" y="244.81" b="N"/>
<point x="120.24" y="252.37" b="N"/>
<point x="120.24" y="259.93" b="N"/>
</structure>