<structure>
<point x="86.16" y="216.36" b="G"/>
<point x="86.37" y="208.80" b="U"/>
<point x="86.37" y="201.24" b="C"/>
<point x="86.58" y="193.68" b="A"/>
<point x="78.65" y="192.80" b="G"/>
<point x="71.67" y="191.26" b="A"/>
<point x="64.23" y="189.06" b="U"/>
<point x="57.01" y="186.23" b="G"/>
<point x="50.69" y="182.79" b="A"/>
<point x="44.08" y="178.77" b="U"/>
<point x="38.07" y="174.19" b="U"/>
<point x="32.63" y="169.30" b="N"/>
<point x="27.16" y="163.53" b="G"/>
<point x="22.98" y="157.52" b="A"/>
<point x="18.94" y="151.14" b="A"/>
<point x="15.47" y="144.42" b="Y"/>
<point x="12.62" y="137.41" b="Y"/>
<point x="10.20" y="130.19" b="R"/>
<point x="8.63" y="122.79" b="R"/>
<point x="7.94" y="115.28" b="Y"/>
<point x="7.50" y="107.73" b="R"/>
<point x="8.09" y="100.39" b="N"/>
<point x="9.20" y="92.91" b="N"/>
<point x="10.97" y="85.56" b="N"/>
<point x="13.38" y="78.40" b="N"/>
<point x="16.48" y="71.27" b="Y"/>
<point x="19.92" y="64.64" b="U"/>
<point x="23.93" y="58.37" b="G"/>
<point x="29.11" y="52.50" b="A"/>
<point x="34.37" y="47.07" b="Y"/>
<point x="39.89" y="42.13" b="R"/>
<point x="46.24" y="37.72" b="Y"/>
<point x="52.54" y="33.88" b="U"/>
<point x="59.36" y="30.62" b="C"/>
<point x="66.65" y="27.99" b="Y"/>
<point x="73.53" y="25.99" b="G"/>
<point x="81.18" y="24.66" b="U"/>
<point x="88.50" y="23.98" b="G"/>
<point x="96.48" y="23.98" b="A"/>
<point x="103.80" y="24.66" b="R"/>
<point x="111.03" y="25.99" b="G"/>
<point x="118.68" y="28.20" b="N"/>
<point x="125.77" y="30.83" b="N"/>
<point x="132.59" y="34.08" b="N"/>
<point x="139.10" y="37.93" b="N"/>
<point x="145.30" y="42.13" b="A"/>
<point x="150.97" y="47.28" b="N"/>
<point x="156.23" y="52.71" b="N"/>
<point x="160.99" y="58.58" b="N"/>
<point x="165.27" y="64.64" b="Y"/>
<point x="168.71" y="71.27" b="U"/>
<point x="171.90" y="78.40" b="N"/>
<point x="174.37" y="85.35" b="A"/>
<point x="175.93" y="92.70" b="U"/>
<point x="177.25" y="100.18" b="A"/>
<point x="177.27" y="107.73" b="G"/>
<point x="177.25" y="115.28" b="C"/>
<point x="176.55" y="122.79" b="A"/>
<point x="174.78" y="130.19" b="U"/>
<point x="172.35" y="137.41" b="G"/>
<point x="169.71" y="144.42" b="U"/>
<point x="166.25" y="151.14" b="U"/>
<point x="162.41" y="157.52" b="A"/>
<point x="157.40" y="163.53" b="G"/>
<point x="152.71" y="169.10" b="A"/>
<point x="146.70" y="174.19" b="G"/>
<point x="140.90" y="178.77" b="U"/>
<point x="134.50" y="182.79" b="U"/>
<point x="127.77" y="186.23" b="C"/>
<point x="120.75" y="189.06" b="U"/>
<point x="113.31" y="191.26" b="G"/>
<point x="106.33" y="192.80" b="A"/>
<point x="98.61" y="193.68" b="U"/>
<point x="98.40" y="201.24" b="G"/>
<point x="98.40" y="208.80" b="G"/>
<point x="98.76" y="216.56" b="N"/>
<point x="104.16" y="221.70" b="A"/>
</structure>