<structure>
<point x="19.66" y="264.41" b="A"/>
<point x="27.22" y="264.41" b="Y"/>
<point x="34.73" y="264.62" b="N"/>
<point x="42.13" y="264.41" b="U"/>
<point x="49.70" y="264.41" b="R"/>
<point x="57.26" y="264.41" b="R"/>
<point x="65.02" y="264.41" b="Y"/>
<point x="72.53" y="264.62" b="N"/>
<point x="80.09" y="264.62" b="N"/>
<point x="87.65" y="264.62" b="N"/>
<point x="95.20" y="264.62" b="N"/>
<point x="102.61" y="264.41" b="R"/>
<point x="110.38" y="264.41" b="Y"/>
<point x="117.73" y="264.41" b="R"/>
<point x="125.45" y="264.62" b="N"/>
<point x="133.06" y="264.41" b="Y"/>
<point x="140.56" y="264.62" b="N"/>
<point x="148.12" y="264.62" b="N"/>
<point x="155.53" y="264.41" b="R"/>
<point x="163.25" y="264.62" b="N"/>
<point x="170.66" y="264.41" b="U"/>
<point x="178.36" y="264.62" b="N"/>
<point x="185.92" y="264.62" b="N"/>
<point x="193.54" y="264.41" b="A"/>
<point x="201.04" y="264.62" b="N"/>
<point x="208.66" y="264.41" b="A"/>
<point x="216.16" y="264.62" b="N"/>
<point x="223.78" y="264.41" b="Y"/>
<point x="231.13" y="264.41" b="R"/>
<point x="238.84" y="264.62" b="N"/>
<point x="246.41" y="264.62" b="N"/>
<point x="253.96" y="264.62" b="N"/>
<point x="261.17" y="264.41" b="G"/>
<point x="268.94" y="264.41" b="C"/>
<point x="276.70" y="264.41" b="Y"/>
<point x="284.06" y="264.41" b="U"/>
<point x="291.40" y="264.41" b="G"/>
<point x="299.18" y="264.41" b="C"/>
<point x="304.52" y="259.06" b="U"/>
<point x="304.52" y="251.50" b="R"/>
<point x="304.52" y="243.94" b="C"/>
<point x="304.52" y="236.38" b="C"/>
<point x="304.52" y="228.82" b="U"/>
<point x="304.67" y="221.47" b="N"/>
<point x="297.57" y="217.85" b="G"/>
<point x="292.44" y="212.29" b="G"/>
<point x="289.78" y="205.29" b="C"/>
<point x="289.74" y="197.74" b="A"/>
<point x="291.94" y="190.57" b="U"/>
<point x="296.84" y="184.90" b="N"/>
<point x="303.41" y="180.84" b="A"/>
<point x="310.85" y="179.50" b="Y"/>
<point x="318.08" y="180.84" b="R"/>
<point x="324.59" y="184.69" b="U"/>
<point x="329.34" y="190.57" b="C"/>
<point x="331.89" y="197.95" b="N"/>
<point x="331.70" y="205.29" b="A"/>
<point x="328.78" y="212.50" b="N"/>
<point x="323.65" y="218.05" b="N"/>
<point x="316.91" y="221.47" b="N"/>
<point x="316.97" y="228.82" b="A"/>
<point x="316.55" y="236.38" b="G"/>
<point x="316.55" y="243.94" b="G"/>
<point x="316.97" y="251.50" b="Y"/>
<point x="316.97" y="259.06" b="A"/>
<point x="322.31" y="264.41" b="Y"/>
<point x="329.87" y="264.41" b="A"/>
<point x="337.43" y="264.41" b="A"/>
<point x="344.99" y="264.41" b="A"/>
<point x="352.50" y="264.62" b="N"/>
<point x="357.84" y="259.27" b="N"/>
<point x="357.69" y="251.50" b="U"/>
<point x="357.69" y="243.94" b="C"/>
<point x="357.48" y="236.38" b="G"/>
<point x="357.69" y="228.82" b="C"/>
<point x="354.33" y="235.73" b="N"/>
<point x="348.11" y="240.02" b="N"/>
<point x="340.60" y="240.93" b="N"/>
<point x="333.53" y="238.25" b="N"/>
<point x="328.52" y="232.59" b="N"/>
<point x="326.71" y="225.25" b="N"/>
<point x="328.52" y="217.91" b="N"/>
<point x="333.59" y="212.04" b="A"/>
<point x="340.60" y="209.57" b="N"/>
<point x="348.11" y="210.48" b="N"/>
<point x="354.33" y="214.78" b="N"/>
<point x="357.90" y="221.26" b="Y"/>
<point x="357.48" y="213.70" b="G"/>
<point x="357.90" y="206.14" b="A"/>
<point x="357.48" y="198.58" b="G"/>
<point x="357.48" y="191.02" b="G"/>
<point x="354.74" y="184.34" b="N"/>
<point x="357.84" y="177.44" b="N"/>
<point x="357.84" y="169.88" b="N"/>
<point x="357.84" y="162.32" b="N"/>
<point x="350.46" y="159.91" b="U"/>
<point x="343.90" y="156.15" b="U"/>
<point x="338.36" y="151.01" b="U"/>
<point x="334.10" y="144.76" b="U"/>
<point x="331.54" y="137.73" b="A"/>
<point x="330.01" y="130.25" b="G"/>
<point x="322.75" y="129.13" b="U"/>
<point x="315.48" y="128.02" b="A"/>
<point x="307.79" y="126.91" b="C"/>
<point x="300.10" y="125.79" b="G"/>
<point x="296.86" y="132.51" b="U"/>
<point x="290.33" y="135.97" b="A"/>
<point x="282.80" y="135.06" b="N"/>
<point x="277.01" y="129.59" b="G"/>
<point x="275.87" y="122.15" b="C"/>
<point x="268.40" y="121.04" b="R"/>
<point x="260.92" y="119.92" b="U"/>
<point x="253.65" y="118.81" b="Y"/>
<point x="246.11" y="117.90" b="N"/>
<point x="238.64" y="116.79" b="N"/>
<point x="231.01" y="115.47" b="R"/>
<point x="223.53" y="114.35" b="R"/>
<point x="216.20" y="113.45" b="N"/>
<point x="208.58" y="112.12" b="R"/>
<point x="201.10" y="111.01" b="C"/>
<point x="193.82" y="112.09" b="Y"/>
<point x="188.28" y="106.73" b="U"/>
<point x="189.55" y="99.46" b="N"/>
<point x="196.21" y="95.89" b="N"/>
<point x="202.69" y="98.90" b="G"/>
<point x="210.38" y="100.02" b="U"/>
<point x="218.01" y="101.34" b="N"/>
<point x="225.49" y="102.45" b="N"/>
<point x="232.96" y="103.57" b="N"/>
<point x="228.46" y="97.49" b="N"/>
<point x="229.58" y="90.01" b="N"/>
<point x="235.65" y="85.52" b="N"/>
<point x="243.13" y="86.63" b="N"/>
<point x="247.63" y="92.70" b="N"/>
<point x="246.52" y="100.18" b="N"/>
<point x="240.44" y="104.68" b="N"/>
<point x="247.92" y="105.80" b="N"/>
<point x="255.25" y="106.70" b="R"/>
<point x="262.72" y="107.82" b="R"/>
<point x="270.41" y="108.93" b="Y"/>
<point x="277.47" y="110.04" b="G"/>
<point x="283.74" y="105.26" b="A"/>
<point x="291.03" y="104.28" b="R"/>
<point x="297.91" y="107.40" b="U"/>
<point x="302.12" y="113.69" b="C"/>
<point x="309.38" y="114.80" b="G"/>
<point x="317.07" y="115.91" b="U"/>
<point x="324.34" y="117.03" b="G"/>
<point x="332.03" y="118.14" b="C"/>
<point x="335.48" y="111.31" b="A"/>
<point x="340.17" y="105.39" b="Y"/>
<point x="335.66" y="99.17" b="R"/>
<point x="331.35" y="92.96" b="C"/>
<point x="327.20" y="86.95" b="N"/>
<point x="322.89" y="80.73" b="N"/>
<point x="318.59" y="74.52" b="N"/>
<point x="311.22" y="76.20" b="N"/>
<point x="303.67" y="75.70" b="N"/>
<point x="296.59" y="73.06" b="N"/>
<point x="290.56" y="68.50" b="N"/>
<point x="285.94" y="62.19" b="R"/>
<point x="283.61" y="55.07" b="Y"/>
<point x="283.16" y="47.73" b="N"/>
<point x="284.95" y="40.38" b="N"/>
<point x="288.61" y="33.65" b="U"/>
<point x="294.29" y="28.70" b="N"/>
<point x="301.06" y="25.34" b="N"/>
<point x="308.51" y="24.06" b="N"/>
<point x="316.02" y="24.97" b="N"/>
<point x="322.95" y="27.99" b="N"/>
<point x="328.72" y="32.86" b="N"/>
<point x="332.86" y="39.19" b="N"/>
<point x="335.01" y="46.44" b="N"/>
<point x="334.99" y="54.00" b="N"/>
<point x="332.81" y="61.24" b="N"/>
<point x="328.65" y="67.55" b="N"/>
<point x="332.80" y="73.56" b="U"/>
<point x="337.26" y="79.98" b="N"/>
<point x="341.20" y="85.99" b="G"/>
<point x="345.72" y="92.20" b="U"/>
<point x="350.23" y="98.41" b="A"/>
<point x="357.22" y="96.11" b="U"/>
<point x="364.76" y="95.47" b="C"/>
<point x="372.24" y="96.53" b="U"/>
<point x="379.45" y="99.45" b="N"/>
<point x="385.58" y="103.45" b="U"/>
<point x="390.90" y="109.17" b="N"/>
<point x="394.35" y="115.50" b="G"/>
<point x="397.02" y="122.71" b="A"/>
<point x="397.55" y="130.46" b="N"/>
<point x="396.08" y="137.73" b="G"/>
<point x="393.74" y="144.76" b="A"/>
<point x="389.27" y="151.01" b="U"/>
<point x="383.72" y="156.15" b="U"/>
<point x="377.16" y="159.91" b="U"/>
<point x="370.14" y="162.11" b="Y"/>
<point x="369.93" y="169.67" b="C"/>
<point x="370.08" y="177.44" b="N"/>
<point x="376.82" y="180.35" b="U"/>
<point x="376.97" y="188.12" b="N"/>
<point x="369.93" y="191.02" b="C"/>
<point x="369.93" y="198.58" b="C"/>
<point x="369.93" y="206.14" b="U"/>
<point x="370.14" y="213.70" b="Y"/>
<point x="370.08" y="221.47" b="N"/>
<point x="369.72" y="228.82" b="G"/>
<point x="369.93" y="236.38" b="C"/>
<point x="369.72" y="243.94" b="G"/>
<point x="370.14" y="251.50" b="A"/>
<point x="370.08" y="259.27" b="N"/>
<point x="375.28" y="264.41" b="C"/>
</structure>