<structure>
<point x="17.03" y="159.26" b="G"/>
<point x="17.24" y="151.70" b="U"/>
<point x="17.24" y="144.14" b="U"/>
<point x="17.03" y="136.58" b="G"/>
<point x="17.24" y="129.02" b="U"/>
<point x="17.45" y="121.46" b="A"/>
<point x="17.45" y="113.90" b="A"/>
<point x="17.24" y="106.34" b="C"/>
<point x="15.07" y="99.10" b="U"/>
<point x="19.73" y="93.25" b="N"/>
<point x="27.35" y="93.04" b="A"/>
<point x="31.65" y="99.10" b="U"/>
<point x="29.27" y="106.34" b="G"/>
<point x="29.48" y="113.90" b="U"/>
<point x="29.48" y="121.46" b="U"/>
<point x="29.27" y="129.02" b="G"/>
<point x="29.48" y="136.58" b="C"/>
<point x="29.69" y="144.14" b="A"/>
<point x="29.48" y="151.70" b="R"/>
<point x="29.69" y="159.26" b="Y"/>
<point x="35.03" y="164.61" b="A"/>
<point x="42.39" y="164.61" b="R"/>
<point x="50.15" y="164.61" b="A"/>
<point x="57.51" y="164.61" b="C"/>
<point x="64.86" y="164.61" b="G"/>
<point x="72.83" y="164.61" b="A"/>
<point x="77.76" y="159.26" b="G"/>
<point x="78.18" y="151.70" b="A"/>
<point x="78.18" y="144.14" b="A"/>
<point x="77.97" y="136.58" b="C"/>
<point x="77.97" y="129.02" b="C"/>
<point x="77.76" y="121.46" b="G"/>
<point x="78.18" y="113.90" b="A"/>
<point x="71.21" y="110.53" b="R"/>
<point x="66.01" y="105.04" b="U"/>
<point x="63.23" y="98.10" b="A"/>
<point x="62.75" y="90.76" b="N"/>
<point x="65.01" y="83.32" b="A"/>
<point x="59.10" y="78.12" b="G"/>
<point x="53.82" y="72.93" b="U"/>
<point x="48.33" y="67.73" b="U"/>
<point x="42.83" y="62.54" b="C"/>
<point x="37.55" y="57.34" b="A"/>
<point x="31.85" y="52.15" b="U"/>
<point x="26.15" y="46.95" b="G"/>
<point x="18.60" y="46.54" b="G"/>
<point x="13.20" y="41.85" b="N"/>
<point x="11.42" y="34.26" b="R"/>
<point x="14.59" y="27.40" b="U"/>
<point x="21.42" y="24.06" b="N"/>
<point x="28.88" y="25.27" b="N"/>
<point x="34.09" y="30.75" b="N"/>
<point x="34.92" y="38.27" b="N"/>
<point x="40.41" y="43.46" b="N"/>
<point x="45.75" y="48.45" b="U"/>
<point x="51.03" y="53.64" b="G"/>
<point x="56.89" y="59.05" b="N"/>
<point x="62.44" y="64.03" b="A"/>
<point x="67.87" y="69.44" b="N"/>
<point x="73.36" y="74.63" b="N"/>
<point x="80.31" y="71.83" b="R"/>
<point x="87.87" y="71.83" b="U"/>
<point x="94.97" y="74.43" b="U"/>
<point x="100.74" y="79.31" b="U"/>
<point x="104.64" y="86.08" b="N"/>
<point x="105.94" y="93.33" b="A"/>
<point x="104.50" y="100.97" b="N"/>
<point x="110.54" y="105.53" b="N"/>
<point x="116.57" y="110.08" b="N"/>
<point x="122.61" y="114.63" b="N"/>
<point x="128.64" y="119.19" b="N"/>
<point x="133.43" y="113.34" b="N"/>
<point x="140.92" y="114.37" b="N"/>
<point x="143.96" y="121.29" b="N"/>
<point x="139.65" y="127.50" b="N"/>
<point x="145.68" y="132.05" b="N"/>
<point x="151.57" y="136.40" b="R"/>
<point x="157.60" y="140.95" b="R"/>
<point x="163.84" y="145.50" b="A"/>
<point x="169.82" y="150.27" b="N"/>
<point x="176.76" y="152.69" b="U"/>
<point x="179.03" y="160.15" b="N"/>
<point x="174.33" y="165.98" b="C"/>
<point x="166.77" y="165.93" b="C"/>
<point x="162.44" y="160.04" b="N"/>
<point x="156.26" y="155.28" b="U"/>
<point x="150.38" y="150.93" b="N"/>
<point x="144.19" y="146.17" b="C"/>
<point x="138.31" y="141.82" b="N"/>
<point x="132.12" y="137.06" b="R"/>
<point x="124.75" y="135.38" b="U"/>
<point x="121.12" y="128.75" b="R"/>
<point x="115.23" y="124.40" b="N"/>
<point x="109.05" y="119.64" b="C"/>
<point x="103.16" y="115.30" b="N"/>
<point x="97.13" y="110.74" b="N"/>
<point x="90.36" y="114.11" b="N"/>
<point x="90.42" y="121.46" b="Y"/>
<point x="90.00" y="129.02" b="G"/>
<point x="90.21" y="136.58" b="R"/>
<point x="90.21" y="144.14" b="U"/>
<point x="90.21" y="151.70" b="U"/>
<point x="90.36" y="159.47" b="N"/>
</structure>