<structure>
<point x="19.60" y="80.64" b="N"/>
<point x="27.16" y="80.64" b="N"/>
<point x="34.78" y="80.44" b="A"/>
<point x="42.28" y="80.64" b="N"/>
<point x="49.84" y="80.64" b="N"/>
<point x="54.83" y="75.09" b="G"/>
<point x="54.83" y="67.53" b="G"/>
<point x="55.25" y="59.97" b="Y"/>
<point x="55.25" y="52.41" b="Y"/>
<point x="55.25" y="44.85" b="Y"/>
<point x="55.04" y="37.29" b="U"/>
<point x="53.07" y="30.05" b="Y"/>
<point x="57.59" y="23.98" b="Y"/>
<point x="64.94" y="23.98" b="U"/>
<point x="69.60" y="30.26" b="N"/>
<point x="67.28" y="37.29" b="R"/>
<point x="67.28" y="44.85" b="R"/>
<point x="67.28" y="52.41" b="R"/>
<point x="67.28" y="59.97" b="R"/>
<point x="67.28" y="67.53" b="C"/>
<point x="67.28" y="75.09" b="C"/>
<point x="72.83" y="80.44" b="A"/>
<point x="80.19" y="80.44" b="C"/>
<point x="87.90" y="80.64" b="N"/>
<point x="95.46" y="80.64" b="N"/>
<point x="102.87" y="80.44" b="R"/>
<point x="110.58" y="80.64" b="N"/>
<point x="118.14" y="80.64" b="N"/>
<point x="125.70" y="80.64" b="N"/>
<point x="133.26" y="80.64" b="N"/>
<point x="140.82" y="80.64" b="N"/>
<point x="148.38" y="80.64" b="N"/>
<point x="155.94" y="80.64" b="N"/>
<point x="163.50" y="80.64" b="N"/>
<point x="171.06" y="80.64" b="N"/>
<point x="178.62" y="80.64" b="N"/>
<point x="186.18" y="80.64" b="N"/>
<point x="193.59" y="80.44" b="R"/>
<point x="201.30" y="80.64" b="N"/>
<point x="208.71" y="80.44" b="R"/>
<point x="216.42" y="80.64" b="N"/>
<point x="223.98" y="80.64" b="N"/>
<point x="231.54" y="80.64" b="N"/>
<point x="239.10" y="80.64" b="N"/>
<point x="246.66" y="80.64" b="N"/>
<point x="254.22" y="80.64" b="N"/>
</structure>