<structure>
<point x="24.00" y="147.33" b="R"/>
<point x="24.21" y="139.77" b="Y"/>
<point x="24.21" y="132.21" b="Y"/>
<point x="24.21" y="124.65" b="Y"/>
<point x="24.15" y="117.30" b="N"/>
<point x="24.00" y="109.53" b="R"/>
<point x="17.15" y="106.33" b="C"/>
<point x="11.73" y="101.07" b="U"/>
<point x="8.11" y="94.32" b="G"/>
<point x="7.50" y="86.83" b="A"/>
<point x="8.92" y="79.62" b="N"/>
<point x="12.38" y="72.89" b="G"/>
<point x="18.54" y="67.97" b="A"/>
<point x="25.15" y="65.19" b="G"/>
<point x="25.82" y="57.65" b="U"/>
<point x="26.29" y="50.10" b="C"/>
<point x="26.75" y="42.56" b="C"/>
<point x="23.08" y="36.06" b="Y"/>
<point x="24.48" y="28.63" b="A"/>
<point x="30.44" y="23.98" b="A"/>
<point x="37.99" y="24.45" b="A"/>
<point x="43.13" y="29.79" b="U"/>
<point x="43.81" y="37.33" b="A"/>
<point x="38.76" y="43.30" b="G"/>
<point x="38.29" y="50.85" b="G"/>
<point x="38.25" y="58.40" b="A"/>
<point x="37.58" y="65.94" b="C"/>
<point x="44.01" y="69.56" b="G"/>
<point x="49.52" y="75.14" b="A"/>
<point x="52.51" y="82.09" b="A"/>
<point x="53.07" y="89.63" b="A"/>
<point x="59.93" y="92.31" b="C"/>
<point x="67.00" y="95.00" b="R"/>
<point x="74.27" y="97.68" b="Y"/>
<point x="69.72" y="109.12" b="R"/>
<point x="62.86" y="106.44" b="Y"/>
<point x="55.37" y="103.75" b="G"/>
<point x="48.52" y="101.07" b="U"/>
<point x="43.09" y="106.33" b="C"/>
<point x="36.45" y="109.53" b="Y"/>
<point x="36.39" y="117.30" b="N"/>
<point x="36.24" y="124.65" b="R"/>
<point x="36.39" y="132.42" b="N"/>
<point x="36.45" y="139.77" b="A"/>
<point x="36.45" y="147.33" b="Y"/>
</structure>