<structure>
<point x="94.75" y="241.07" b="N"/>
<point x="94.60" y="233.30" b="R"/>
<point x="94.60" y="225.74" b="R"/>
<point x="94.60" y="218.18" b="C"/>
<point x="94.80" y="210.62" b="Y"/>
<point x="87.23" y="210.03" b="N"/>
<point x="79.65" y="208.42" b="R"/>
<point x="72.36" y="206.41" b="U"/>
<point x="65.05" y="203.83" b="G"/>
<point x="58.59" y="200.68" b="A"/>
<point x="51.94" y="197.19" b="N"/>
<point x="45.31" y="192.77" b="G"/>
<point x="39.81" y="188.06" b="A"/>
<point x="34.24" y="183.09" b="N"/>
<point x="29.16" y="177.49" b="N"/>
<point x="24.56" y="171.50" b="N"/>
<point x="20.30" y="164.94" b="C"/>
<point x="16.92" y="158.28" b="Y"/>
<point x="13.84" y="151.56" b="N"/>
<point x="11.38" y="144.41" b="N"/>
<point x="9.50" y="137.09" b="N"/>
<point x="8.28" y="129.43" b="A"/>
<point x="7.61" y="121.90" b="Y"/>
<point x="7.50" y="114.55" b="N"/>
<point x="8.11" y="106.80" b="A"/>
<point x="9.27" y="99.33" b="A"/>
<point x="10.98" y="92.19" b="N"/>
<point x="13.18" y="84.79" b="R"/>
<point x="16.25" y="78.03" b="N"/>
<point x="19.78" y="71.11" b="Y"/>
<point x="23.79" y="64.70" b="A"/>
<point x="28.10" y="58.64" b="C"/>
<point x="33.09" y="52.96" b="C"/>
<point x="38.73" y="47.70" b="A"/>
<point x="44.36" y="42.90" b="U"/>
<point x="50.57" y="38.59" b="C"/>
<point x="57.11" y="34.79" b="U"/>
<point x="63.93" y="31.53" b="U"/>
<point x="71.00" y="28.84" b="U"/>
<point x="78.25" y="26.73" b="C"/>
<point x="85.45" y="25.21" b="G"/>
<point x="92.95" y="24.29" b="G"/>
<point x="100.51" y="23.98" b="G"/>
<point x="108.42" y="24.50" b="N"/>
<point x="115.78" y="25.21" b="C"/>
<point x="123.18" y="26.73" b="U"/>
<point x="130.23" y="28.84" b="G"/>
<point x="137.71" y="31.53" b="A"/>
<point x="144.48" y="35.00" b="N"/>
<point x="150.87" y="38.59" b="U"/>
<point x="157.22" y="43.11" b="N"/>
<point x="162.91" y="47.70" b="R"/>
<point x="168.50" y="53.16" b="N"/>
<point x="173.13" y="58.64" b="G"/>
<point x="178.00" y="64.91" b="N"/>
<point x="182.07" y="71.11" b="Y"/>
<point x="185.34" y="77.82" b="R"/>
<point x="188.26" y="84.79" b="U"/>
<point x="190.40" y="91.98" b="G"/>
<point x="192.52" y="99.54" b="N"/>
<point x="193.53" y="106.80" b="U"/>
<point x="193.88" y="114.34" b="G"/>
<point x="194.18" y="122.11" b="N"/>
<point x="193.56" y="129.43" b="Y"/>
<point x="192.29" y="136.88" b="A"/>
<point x="190.36" y="144.41" b="N"/>
<point x="187.75" y="151.36" b="U"/>
<point x="184.92" y="158.28" b="Y"/>
<point x="181.14" y="164.94" b="C"/>
<point x="177.24" y="171.29" b="Y"/>
<point x="172.21" y="177.28" b="G"/>
<point x="167.50" y="183.09" b="N"/>
<point x="162.04" y="188.06" b="A"/>
<point x="156.13" y="192.77" b="A"/>
<point x="149.65" y="196.98" b="U"/>
<point x="143.26" y="200.68" b="Y"/>
<point x="136.18" y="203.83" b="C"/>
<point x="129.07" y="206.41" b="U"/>
<point x="121.57" y="208.42" b="G"/>
<point x="114.56" y="209.82" b="A"/>
<point x="106.84" y="210.62" b="R"/>
<point x="106.63" y="218.18" b="G"/>
<point x="107.05" y="225.74" b="Y"/>
<point x="107.05" y="233.30" b="Y"/>
<point x="106.99" y="241.07" b="N"/>
</structure>