<structure>
<point x="19.60" y="285.42" b="N"/>
<point x="24.95" y="280.07" b="N"/>
<point x="24.95" y="272.51" b="N"/>
<point x="24.95" y="264.95" b="N"/>
<point x="20.24" y="259.03" b="N"/>
<point x="20.24" y="251.47" b="N"/>
<point x="24.95" y="245.56" b="N"/>
<point x="24.95" y="238.00" b="N"/>
<point x="24.95" y="230.44" b="N"/>
<point x="24.23" y="222.68" b="G"/>
<point x="31.13" y="218.79" b="A"/>
<point x="37.20" y="222.68" b="G"/>
<point x="36.83" y="230.23" b="G"/>
<point x="37.04" y="237.79" b="U"/>
<point x="37.25" y="245.35" b="A"/>
<point x="41.75" y="251.27" b="U"/>
<point x="41.75" y="258.83" b="C"/>
<point x="37.25" y="264.74" b="A"/>
<point x="36.83" y="272.30" b="G"/>
<point x="37.04" y="279.86" b="C"/>
<point x="42.59" y="285.21" b="A"/>
<point x="49.95" y="285.21" b="C"/>
<point x="57.51" y="285.21" b="U"/>
<point x="65.07" y="285.21" b="U"/>
<point x="72.63" y="285.21" b="U"/>
<point x="80.19" y="285.21" b="U"/>
<point x="87.75" y="285.21" b="C"/>
<point x="95.31" y="285.21" b="U"/>
<point x="100.65" y="279.86" b="U"/>
<point x="100.65" y="272.30" b="U"/>
<point x="100.65" y="264.74" b="C"/>
<point x="97.76" y="257.85" b="A"/>
<point x="100.65" y="250.95" b="U"/>
<point x="100.65" y="243.39" b="U"/>
<point x="100.65" y="235.83" b="R"/>
<point x="100.44" y="228.27" b="G"/>
<point x="100.44" y="220.71" b="G"/>
<point x="100.44" y="213.15" b="G"/>
<point x="100.44" y="205.59" b="G"/>
<point x="100.80" y="198.24" b="N"/>
<point x="100.86" y="190.47" b="A"/>
<point x="100.86" y="182.91" b="A"/>
<point x="100.44" y="175.35" b="G"/>
<point x="93.28" y="172.92" b="G"/>
<point x="89.09" y="166.78" b="C"/>
<point x="88.88" y="159.22" b="G"/>
<point x="93.49" y="153.07" b="U"/>
<point x="100.44" y="150.64" b="G"/>
<point x="100.86" y="143.08" b="A"/>
<point x="100.44" y="135.52" b="G"/>
<point x="100.44" y="127.96" b="G"/>
<point x="94.11" y="124.18" b="R"/>
<point x="100.86" y="120.40" b="A"/>
<point x="100.86" y="112.84" b="A"/>
<point x="100.44" y="105.28" b="G"/>
<point x="93.54" y="102.72" b="U"/>
<point x="87.54" y="98.40" b="A"/>
<point x="82.47" y="92.61" b="C"/>
<point x="79.28" y="85.76" b="C"/>
<point x="78.13" y="78.52" b="N"/>
<point x="78.87" y="70.78" b="A"/>
<point x="81.49" y="63.69" b="A"/>
<point x="85.65" y="57.52" b="C"/>
<point x="91.68" y="52.70" b="A"/>
<point x="98.14" y="49.57" b="G"/>
<point x="105.81" y="48.33" b="C"/>
<point x="113.54" y="49.07" b="A"/>
<point x="120.20" y="51.74" b="G"/>
<point x="126.54" y="56.16" b="C"/>
<point x="131.31" y="62.02" b="R"/>
<point x="138.24" y="59.52" b="G"/>
<point x="145.78" y="57.01" b="A"/>
<point x="152.86" y="54.71" b="N"/>
<point x="159.84" y="52.00" b="U"/>
<point x="166.98" y="49.50" b="U"/>
<point x="167.61" y="41.96" b="U"/>
<point x="170.72" y="35.22" b="N"/>
<point x="175.78" y="29.34" b="A"/>
<point x="182.32" y="25.54" b="A"/>
<point x="189.72" y="23.98" b="A"/>
<point x="197.02" y="24.84" b="C"/>
<point x="203.88" y="28.01" b="U"/>
<point x="209.40" y="33.18" b="U"/>
<point x="213.01" y="39.82" b="U"/>
<point x="214.55" y="47.26" b="A"/>
<point x="213.48" y="54.74" b="A"/>
<point x="210.11" y="61.51" b="A"/>
<point x="204.78" y="66.87" b="Y"/>
<point x="198.03" y="70.28" b="A"/>
<point x="190.14" y="71.40" b="G"/>
<point x="183.10" y="70.10" b="A"/>
<point x="176.23" y="66.53" b="C"/>
<point x="171.24" y="61.05" b="A"/>
<point x="163.69" y="63.55" b="G"/>
<point x="156.56" y="66.06" b="G"/>
<point x="149.63" y="68.56" b="U"/>
<point x="142.50" y="71.07" b="C"/>
<point x="135.37" y="73.57" b="U"/>
<point x="135.10" y="81.13" b="G"/>
<point x="142.61" y="83.75" b="A"/>
<point x="149.28" y="86.36" b="G"/>
<point x="156.74" y="89.19" b="N"/>
<point x="163.47" y="91.60" b="G"/>
<point x="171.01" y="89.76" b="C"/>
<point x="177.73" y="93.23" b="C"/>
<point x="180.67" y="100.28" b="Y"/>
<point x="177.63" y="107.38" b="G"/>
<point x="171.39" y="110.96" b="A"/>
<point x="164.03" y="109.24" b="A"/>
<point x="159.44" y="103.08" b="C"/>
<point x="152.35" y="100.46" b="U"/>
<point x="145.46" y="97.85" b="Y"/>
<point x="138.31" y="95.44" b="N"/>
<point x="131.07" y="92.61" b="C"/>
<point x="126.21" y="98.40" b="C"/>
<point x="120.00" y="102.72" b="U"/>
<point x="112.89" y="105.28" b="U"/>
<point x="112.89" y="112.84" b="U"/>
<point x="112.89" y="120.40" b="U"/>
<point x="112.89" y="127.96" b="C"/>
<point x="113.04" y="135.73" b="N"/>
<point x="112.89" y="143.08" b="U"/>
<point x="112.89" y="150.64" b="U"/>
<point x="118.49" y="155.73" b="U"/>
<point x="120.71" y="163.21" b="N"/>
<point x="118.69" y="170.27" b="A"/>
<point x="112.89" y="175.35" b="C"/>
<point x="112.89" y="182.91" b="U"/>
<point x="112.89" y="190.47" b="U"/>
<point x="112.89" y="198.03" b="C"/>
<point x="120.66" y="198.03" b="A"/>
<point x="120.60" y="205.80" b="N"/>
<point x="112.89" y="205.59" b="C"/>
<point x="112.89" y="213.15" b="C"/>
<point x="112.89" y="220.71" b="U"/>
<point x="112.89" y="228.27" b="C"/>
<point x="112.89" y="235.83" b="C"/>
<point x="113.10" y="243.39" b="A"/>
<point x="113.10" y="250.95" b="A"/>
<point x="115.78" y="257.85" b="G"/>
<point x="112.68" y="264.74" b="G"/>
<point x="113.10" y="272.30" b="A"/>
<point x="112.68" y="279.86" b="G"/>
<point x="118.24" y="285.21" b="U"/>
<point x="125.80" y="285.21" b="U"/>
<point x="133.36" y="285.21" b="C"/>
<point x="141.07" y="285.42" b="N"/>
<point x="148.68" y="285.21" b="A"/>
<point x="156.24" y="285.21" b="Y"/>
<point x="163.60" y="285.21" b="C"/>
<point x="171.36" y="285.21" b="A"/>
<point x="178.87" y="285.42" b="N"/>
<point x="184.27" y="279.86" b="Y"/>
<point x="184.06" y="272.30" b="U"/>
<point x="184.06" y="264.74" b="U"/>
<point x="183.85" y="257.18" b="G"/>
<point x="183.85" y="249.62" b="G"/>
<point x="177.52" y="245.84" b="C"/>
<point x="183.85" y="242.06" b="G"/>
<point x="184.27" y="234.50" b="Y"/>
<point x="183.85" y="226.94" b="G"/>
<point x="184.21" y="219.59" b="N"/>
<point x="184.21" y="212.03" b="N"/>
<point x="179.51" y="206.12" b="N"/>
<point x="179.51" y="198.56" b="N"/>
<point x="184.06" y="192.43" b="C"/>
<point x="184.06" y="184.87" b="U"/>
<point x="184.06" y="177.31" b="U"/>
<point x="184.06" y="169.75" b="C"/>
<point x="184.27" y="162.19" b="A"/>
<point x="184.06" y="154.63" b="C"/>
<point x="184.06" y="147.07" b="U"/>
<point x="184.21" y="139.72" b="N"/>
<point x="180.87" y="132.76" b="Y"/>
<point x="183.45" y="125.65" b="Y"/>
<point x="190.33" y="122.86" b="N"/>
<point x="197.12" y="125.65" b="U"/>
<point x="199.71" y="132.76" b="U"/>
<point x="196.51" y="139.51" b="A"/>
<point x="196.51" y="147.07" b="A"/>
<point x="196.09" y="154.63" b="G"/>
<point x="196.51" y="162.19" b="Y"/>
<point x="196.30" y="169.75" b="R"/>
<point x="203.06" y="173.53" b="A"/>
<point x="196.51" y="177.31" b="A"/>
<point x="196.51" y="184.87" b="A"/>
<point x="196.09" y="192.43" b="G"/>
<point x="203.56" y="195.16" b="A"/>
<point x="206.09" y="202.13" b="G"/>
<point x="203.50" y="209.30" b="N"/>
<point x="196.30" y="211.82" b="R"/>
<point x="196.09" y="219.38" b="G"/>
<point x="196.45" y="227.15" b="N"/>
<point x="196.09" y="234.50" b="G"/>
<point x="196.51" y="242.06" b="Y"/>
<point x="196.30" y="249.62" b="C"/>
<point x="196.51" y="257.18" b="Y"/>
<point x="196.45" y="264.95" b="N"/>
<point x="196.30" y="272.30" b="R"/>
<point x="196.30" y="279.86" b="R"/>
<point x="201.65" y="285.21" b="C"/>
<point x="209.42" y="285.21" b="A"/>
<point x="216.92" y="285.42" b="N"/>
<point x="224.48" y="285.42" b="N"/>
<point x="232.04" y="285.42" b="N"/>
<point x="239.60" y="285.42" b="N"/>
</structure>