<structure>
<point x="91.32" y="271.56" b="N"/>
<point x="91.17" y="263.80" b="R"/>
<point x="91.38" y="256.24" b="Y"/>
<point x="91.32" y="248.88" b="N"/>
<point x="90.96" y="241.12" b="G"/>
<point x="90.96" y="233.56" b="G"/>
<point x="91.17" y="226.00" b="C"/>
<point x="91.38" y="218.44" b="A"/>
<point x="91.17" y="210.88" b="R"/>
<point x="90.96" y="203.32" b="G"/>
<point x="83.81" y="202.69" b="N"/>
<point x="76.45" y="201.02" b="A"/>
<point x="68.97" y="198.94" b="U"/>
<point x="61.70" y="196.26" b="G"/>
<point x="55.29" y="192.99" b="A"/>
<point x="48.57" y="189.16" b="U"/>
<point x="42.19" y="184.80" b="G"/>
<point x="36.82" y="179.93" b="A"/>
<point x="31.41" y="174.80" b="N"/>
<point x="26.38" y="168.82" b="U"/>
<point x="21.99" y="162.66" b="C"/>
<point x="18.35" y="156.15" b="A"/>
<point x="15.06" y="149.35" b="A"/>
<point x="12.15" y="142.29" b="U"/>
<point x="10.05" y="135.03" b="U"/>
<point x="8.77" y="127.61" b="A"/>
<point x="7.50" y="120.10" b="G"/>
<point x="7.70" y="112.54" b="A"/>
<point x="7.91" y="105.00" b="U"/>
<point x="8.75" y="97.51" b="G"/>
<point x="10.63" y="90.14" b="U"/>
<point x="12.71" y="82.93" b="G"/>
<point x="16.02" y="75.94" b="Y"/>
<point x="19.07" y="69.23" b="G"/>
<point x="23.50" y="62.82" b="A"/>
<point x="28.04" y="56.78" b="A"/>
<point x="33.02" y="51.35" b="N"/>
<point x="38.51" y="46.15" b="N"/>
<point x="44.42" y="41.43" b="N"/>
<point x="50.71" y="37.23" b="N"/>
<point x="57.38" y="33.37" b="Y"/>
<point x="64.22" y="30.48" b="N"/>
<point x="71.21" y="27.78" b="C"/>
<point x="78.68" y="26.10" b="N"/>
<point x="85.98" y="24.62" b="U"/>
<point x="93.51" y="23.98" b="U"/>
<point x="101.22" y="24.19" b="N"/>
<point x="108.61" y="24.62" b="U"/>
<point x="115.85" y="25.89" b="G"/>
<point x="123.58" y="27.78" b="A"/>
<point x="130.51" y="30.28" b="R"/>
<point x="137.41" y="33.37" b="C"/>
<point x="144.03" y="37.02" b="U"/>
<point x="150.52" y="41.23" b="Y"/>
<point x="156.43" y="45.94" b="A"/>
<point x="161.92" y="51.14" b="A"/>
<point x="166.90" y="56.99" b="N"/>
<point x="171.44" y="63.03" b="N"/>
<point x="175.51" y="69.23" b="Y"/>
<point x="178.98" y="75.94" b="Y"/>
<point x="181.66" y="82.93" b="U"/>
<point x="183.95" y="90.14" b="U"/>
<point x="185.42" y="97.51" b="G"/>
<point x="186.88" y="105.00" b="A"/>
<point x="186.88" y="112.54" b="G"/>
<point x="186.66" y="120.10" b="G"/>
<point x="186.02" y="127.61" b="C"/>
<point x="184.74" y="135.03" b="A"/>
<point x="182.44" y="142.29" b="U"/>
<point x="179.88" y="149.55" b="N"/>
<point x="176.65" y="156.15" b="Y"/>
<point x="172.74" y="162.87" b="N"/>
<point x="168.36" y="169.03" b="N"/>
<point x="163.47" y="174.80" b="N"/>
<point x="158.12" y="180.14" b="N"/>
<point x="152.19" y="184.80" b="U"/>
<point x="146.16" y="189.37" b="N"/>
<point x="139.50" y="192.99" b="U"/>
<point x="132.68" y="196.26" b="C"/>
<point x="125.61" y="198.94" b="U"/>
<point x="118.13" y="201.02" b="G"/>
<point x="111.13" y="202.48" b="A"/>
<point x="103.41" y="203.32" b="C"/>
<point x="103.62" y="210.88" b="Y"/>
<point x="103.41" y="218.44" b="U"/>
<point x="103.20" y="226.00" b="G"/>
<point x="103.41" y="233.56" b="C"/>
<point x="103.62" y="241.12" b="Y"/>
<point x="103.56" y="248.88" b="N"/>
<point x="103.41" y="256.24" b="R"/>
<point x="103.41" y="263.80" b="U"/>
<point x="103.62" y="271.36" b="Y"/>
</structure>