<structure>
<point x="19.45" y="121.76" b="U"/>
<point x="27.02" y="121.76" b="C"/>
<point x="34.58" y="121.76" b="R"/>
<point x="42.13" y="121.76" b="U"/>
<point x="49.70" y="121.76" b="C"/>
<point x="57.46" y="121.76" b="A"/>
<point x="64.61" y="121.76" b="G"/>
<point x="72.53" y="121.97" b="N"/>
<point x="80.09" y="121.97" b="N"/>
<point x="87.65" y="121.97" b="N"/>
<point x="94.84" y="121.76" b="G"/>
<point x="102.41" y="121.76" b="G"/>
<point x="110.33" y="121.97" b="N"/>
<point x="117.73" y="121.76" b="U"/>
<point x="125.45" y="121.97" b="N"/>
<point x="133.06" y="121.76" b="A"/>
<point x="140.41" y="121.76" b="U"/>
<point x="147.97" y="121.76" b="C"/>
<point x="155.53" y="121.76" b="C"/>
<point x="163.09" y="121.76" b="U"/>
<point x="170.66" y="121.76" b="U"/>
<point x="178.42" y="121.76" b="A"/>
<point x="185.78" y="121.76" b="C"/>
<point x="191.12" y="116.42" b="C"/>
<point x="191.12" y="108.86" b="U"/>
<point x="190.91" y="101.30" b="G"/>
<point x="184.57" y="97.52" b="U"/>
<point x="191.12" y="93.74" b="U"/>
<point x="191.27" y="86.38" b="N"/>
<point x="191.33" y="78.62" b="Y"/>
<point x="191.33" y="71.06" b="Y"/>
<point x="191.33" y="63.50" b="Y"/>
<point x="191.33" y="55.94" b="Y"/>
<point x="189.10" y="48.90" b="N"/>
<point x="193.61" y="42.84" b="N"/>
<point x="201.17" y="42.84" b="N"/>
<point x="205.68" y="48.90" b="N"/>
<point x="203.15" y="55.94" b="G"/>
<point x="203.36" y="63.50" b="R"/>
<point x="203.36" y="71.06" b="R"/>
<point x="203.36" y="78.62" b="R"/>
<point x="203.51" y="86.38" b="N"/>
<point x="203.36" y="93.74" b="R"/>
<point x="203.36" y="101.30" b="C"/>
<point x="203.57" y="108.86" b="A"/>
<point x="203.15" y="116.42" b="G"/>
<point x="208.86" y="121.97" b="N"/>
<point x="216.42" y="121.97" b="N"/>
<point x="223.98" y="121.97" b="N"/>
<point x="231.54" y="121.97" b="N"/>
<point x="239.10" y="121.97" b="N"/>
<point x="246.66" y="121.97" b="N"/>
<point x="254.27" y="121.76" b="A"/>
<point x="261.78" y="121.97" b="N"/>
<point x="269.39" y="121.76" b="A"/>
<point x="276.75" y="121.76" b="U"/>
<point x="284.10" y="121.76" b="G"/>
<point x="292.07" y="121.76" b="A"/>
<point x="299.43" y="121.76" b="U"/>
<point x="306.78" y="121.76" b="G"/>
<point x="314.75" y="121.76" b="A"/>
<point x="322.26" y="121.97" b="N"/>
<point x="329.67" y="121.76" b="U"/>
<point x="337.23" y="121.76" b="R"/>
<point x="344.58" y="121.76" b="G"/>
<point x="352.35" y="121.76" b="R"/>
<point x="359.70" y="121.76" b="G"/>
<point x="367.62" y="121.97" b="N"/>
<point x="375.18" y="121.97" b="N"/>
<point x="382.74" y="121.97" b="N"/>
<point x="390.30" y="121.97" b="N"/>
<point x="397.86" y="121.97" b="N"/>
<point x="405.47" y="121.76" b="A"/>
<point x="412.83" y="121.76" b="U"/>
<point x="417.96" y="116.42" b="G"/>
<point x="418.38" y="108.86" b="A"/>
<point x="415.22" y="102.17" b="N"/>
<point x="418.32" y="95.27" b="N"/>
<point x="418.38" y="87.51" b="Y"/>
<point x="418.17" y="79.95" b="R"/>
<point x="418.17" y="72.39" b="U"/>
<point x="415.79" y="65.15" b="G"/>
<point x="420.72" y="59.08" b="A"/>
<point x="428.07" y="59.08" b="U"/>
<point x="432.58" y="65.15" b="U"/>
<point x="430.62" y="72.39" b="A"/>
<point x="437.11" y="76.37" b="N"/>
<point x="430.56" y="80.15" b="N"/>
<point x="430.41" y="87.51" b="R"/>
<point x="430.56" y="95.27" b="N"/>
<point x="433.51" y="101.96" b="C"/>
<point x="430.41" y="108.86" b="U"/>
<point x="430.41" y="116.42" b="C"/>
<point x="435.96" y="121.76" b="Y"/>
<point x="443.47" y="121.97" b="N"/>
<point x="451.03" y="121.97" b="N"/>
<point x="456.37" y="116.62" b="N"/>
<point x="456.37" y="109.07" b="N"/>
<point x="456.37" y="101.50" b="N"/>
<point x="456.22" y="93.74" b="R"/>
<point x="456.37" y="86.38" b="N"/>
<point x="456.43" y="78.62" b="Y"/>
<point x="456.22" y="71.06" b="R"/>
<point x="456.01" y="63.50" b="G"/>
<point x="456.01" y="55.94" b="G"/>
<point x="450.02" y="51.61" b="R"/>
<point x="446.54" y="45.19" b="N"/>
<point x="446.23" y="37.64" b="N"/>
<point x="449.31" y="30.73" b="N"/>
<point x="454.77" y="25.71" b="G"/>
<point x="462.34" y="23.98" b="C"/>
<point x="469.91" y="25.71" b="A"/>
<point x="475.74" y="30.53" b="A"/>
<point x="478.61" y="37.43" b="C"/>
<point x="478.51" y="44.99" b="A"/>
<point x="474.67" y="51.61" b="C"/>
<point x="468.46" y="55.94" b="C"/>
<point x="468.46" y="63.50" b="C"/>
<point x="468.67" y="71.06" b="Y"/>
<point x="468.61" y="78.82" b="N"/>
<point x="468.61" y="86.38" b="N"/>
<point x="468.67" y="93.74" b="Y"/>
<point x="468.61" y="101.50" b="N"/>
<point x="468.46" y="108.86" b="R"/>
<point x="468.61" y="116.62" b="N"/>
<point x="474.02" y="121.76" b="Y"/>
<point x="481.37" y="121.76" b="C"/>
<point x="489.08" y="121.97" b="N"/>
<point x="496.64" y="121.97" b="N"/>
<point x="504.20" y="121.97" b="N"/>
<point x="511.61" y="121.76" b="U"/>
<point x="519.17" y="121.76" b="C"/>
<point x="526.73" y="121.76" b="U"/>
<point x="534.08" y="121.76" b="G"/>
<point x="542.06" y="121.76" b="A"/>
<point x="549.62" y="121.76" b="Y"/>
</structure>