<structure>
<point x="19.60" y="329.81" b="N"/>
<point x="27.16" y="329.81" b="N"/>
<point x="34.73" y="329.81" b="N"/>
<point x="42.13" y="329.60" b="R"/>
<point x="49.84" y="329.81" b="N"/>
<point x="57.41" y="329.81" b="N"/>
<point x="62.75" y="324.46" b="N"/>
<point x="62.60" y="316.70" b="C"/>
<point x="62.60" y="309.14" b="C"/>
<point x="59.65" y="302.45" b="N"/>
<point x="62.60" y="295.35" b="R"/>
<point x="62.60" y="287.79" b="C"/>
<point x="62.81" y="280.23" b="Y"/>
<point x="62.60" y="272.67" b="C"/>
<point x="59.50" y="265.77" b="C"/>
<point x="62.39" y="258.88" b="G"/>
<point x="62.81" y="251.32" b="Y"/>
<point x="62.60" y="243.76" b="C"/>
<point x="57.16" y="238.88" b="N"/>
<point x="55.08" y="231.61" b="N"/>
<point x="57.01" y="224.13" b="C"/>
<point x="62.60" y="219.05" b="C"/>
<point x="62.60" y="211.49" b="C"/>
<point x="62.81" y="203.93" b="A"/>
<point x="62.39" y="196.37" b="G"/>
<point x="62.60" y="188.81" b="U"/>
<point x="62.39" y="181.25" b="G"/>
<point x="62.60" y="173.69" b="U"/>
<point x="59.50" y="166.79" b="U"/>
<point x="62.60" y="159.90" b="C"/>
<point x="62.81" y="152.34" b="A"/>
<point x="62.39" y="144.78" b="G"/>
<point x="62.81" y="137.22" b="A"/>
<point x="62.60" y="129.66" b="C"/>
<point x="62.60" y="122.10" b="U"/>
<point x="62.81" y="114.54" b="A"/>
<point x="56.05" y="110.76" b="C"/>
<point x="62.60" y="106.98" b="C"/>
<point x="62.60" y="99.42" b="U"/>
<point x="62.39" y="91.86" b="G"/>
<point x="62.60" y="84.30" b="U"/>
<point x="59.50" y="77.40" b="U"/>
<point x="62.60" y="70.50" b="C"/>
<point x="62.81" y="62.94" b="A"/>
<point x="56.11" y="59.54" b="N"/>
<point x="51.26" y="53.74" b="N"/>
<point x="48.75" y="46.35" b="R"/>
<point x="49.36" y="39.01" b="N"/>
<point x="52.56" y="32.16" b="N"/>
<point x="58.06" y="26.98" b="N"/>
<point x="65.15" y="23.98" b="Y"/>
<point x="72.65" y="24.19" b="N"/>
<point x="79.73" y="26.77" b="Y"/>
<point x="85.18" y="32.16" b="N"/>
<point x="88.24" y="38.80" b="R"/>
<point x="88.84" y="46.56" b="N"/>
<point x="86.48" y="53.74" b="N"/>
<point x="81.63" y="59.54" b="N"/>
<point x="74.84" y="62.94" b="U"/>
<point x="74.63" y="70.50" b="G"/>
<point x="77.94" y="77.40" b="U"/>
<point x="75.05" y="84.30" b="A"/>
<point x="74.84" y="91.86" b="C"/>
<point x="75.05" y="99.42" b="A"/>
<point x="74.63" y="106.98" b="G"/>
<point x="74.84" y="114.54" b="U"/>
<point x="75.05" y="122.10" b="A"/>
<point x="74.63" y="129.66" b="G"/>
<point x="74.84" y="137.22" b="U"/>
<point x="74.84" y="144.78" b="C"/>
<point x="74.84" y="152.34" b="U"/>
<point x="74.63" y="159.90" b="G"/>
<point x="77.94" y="166.79" b="C"/>
<point x="75.05" y="173.69" b="A"/>
<point x="74.84" y="181.25" b="C"/>
<point x="75.05" y="188.81" b="A"/>
<point x="74.84" y="196.37" b="U"/>
<point x="74.84" y="203.93" b="U"/>
<point x="74.63" y="211.49" b="G"/>
<point x="74.63" y="219.05" b="G"/>
<point x="80.44" y="224.13" b="U"/>
<point x="82.51" y="231.40" b="U"/>
<point x="80.64" y="238.67" b="A"/>
<point x="74.63" y="243.76" b="G"/>
<point x="74.84" y="251.32" b="R"/>
<point x="74.84" y="258.88" b="C"/>
<point x="77.94" y="265.77" b="U"/>
<point x="74.63" y="272.67" b="G"/>
<point x="74.84" y="280.23" b="R"/>
<point x="74.63" y="287.79" b="G"/>
<point x="74.84" y="295.35" b="C"/>
<point x="81.88" y="298.67" b="N"/>
<point x="81.88" y="306.23" b="N"/>
<point x="74.63" y="309.14" b="G"/>
<point x="74.63" y="316.70" b="G"/>
<point x="74.84" y="324.26" b="R"/>
<point x="80.34" y="329.81" b="N"/>
<point x="87.90" y="329.81" b="N"/>
<point x="95.46" y="329.81" b="N"/>
<point x="103.02" y="329.81" b="N"/>
<point x="110.58" y="329.81" b="N"/>
<point x="118.14" y="329.81" b="N"/>
</structure>