<structure>
<point x="19.60" y="86.09" b="N"/>
<point x="27.02" y="85.88" b="R"/>
<point x="34.37" y="85.88" b="G"/>
<point x="42.34" y="85.88" b="Y"/>
<point x="49.48" y="85.88" b="G"/>
<point x="57.05" y="85.88" b="G"/>
<point x="64.61" y="85.88" b="G"/>
<point x="72.58" y="85.88" b="A"/>
<point x="79.94" y="85.88" b="C"/>
<point x="87.70" y="85.88" b="A"/>
<point x="92.84" y="80.53" b="C"/>
<point x="92.84" y="72.97" b="C"/>
<point x="93.05" y="65.41" b="Y"/>
<point x="92.84" y="57.85" b="C"/>
<point x="92.84" y="50.29" b="U"/>
<point x="92.84" y="42.73" b="C"/>
<point x="88.58" y="36.49" b="C"/>
<point x="89.51" y="28.99" b="C"/>
<point x="95.18" y="23.98" b="C"/>
<point x="102.95" y="23.98" b="A"/>
<point x="108.61" y="28.99" b="A"/>
<point x="109.34" y="36.49" b="C"/>
<point x="104.87" y="42.73" b="G"/>
<point x="105.29" y="50.29" b="A"/>
<point x="104.87" y="57.85" b="G"/>
<point x="105.08" y="65.41" b="R"/>
<point x="104.87" y="72.97" b="G"/>
<point x="104.87" y="80.53" b="G"/>
<point x="110.43" y="85.88" b="C"/>
<point x="117.99" y="85.88" b="R"/>
<point x="125.70" y="86.09" b="N"/>
<point x="131.10" y="80.53" b="Y"/>
<point x="130.89" y="72.97" b="U"/>
<point x="131.10" y="65.41" b="A"/>
<point x="130.89" y="57.85" b="U"/>
<point x="130.89" y="50.29" b="C"/>
<point x="130.89" y="42.73" b="U"/>
<point x="128.51" y="35.49" b="G"/>
<point x="133.23" y="29.43" b="R"/>
<point x="140.79" y="29.43" b="R"/>
<point x="145.51" y="35.49" b="A"/>
<point x="142.92" y="42.73" b="G"/>
<point x="142.92" y="50.29" b="G"/>
<point x="143.13" y="57.85" b="R"/>
<point x="143.13" y="65.41" b="U"/>
<point x="143.34" y="72.97" b="A"/>
<point x="143.13" y="80.53" b="R"/>
<point x="148.63" y="86.09" b="N"/>
<point x="156.19" y="86.09" b="N"/>
<point x="163.75" y="86.09" b="N"/>
<point x="171.31" y="86.09" b="N"/>
<point x="178.87" y="86.09" b="N"/>
</structure>