<structure>
<point x="21.51" y="159.07" b="G"/>
<point x="21.51" y="151.51" b="G"/>
<point x="21.51" y="143.95" b="G"/>
<point x="21.72" y="136.39" b="U"/>
<point x="18.83" y="129.50" b="A"/>
<point x="21.93" y="122.60" b="A"/>
<point x="21.72" y="115.04" b="C"/>
<point x="21.72" y="107.48" b="C"/>
<point x="21.93" y="99.92" b="A"/>
<point x="21.72" y="92.36" b="C"/>
<point x="15.01" y="88.88" b="U"/>
<point x="10.19" y="83.23" b="A"/>
<point x="7.50" y="76.17" b="A"/>
<point x="7.50" y="68.61" b="A"/>
<point x="10.19" y="61.54" b="A"/>
<point x="15.01" y="55.90" b="U"/>
<point x="21.72" y="52.41" b="C"/>
<point x="21.72" y="44.85" b="C"/>
<point x="21.72" y="37.29" b="C"/>
<point x="19.34" y="30.05" b="G"/>
<point x="24.27" y="23.98" b="A"/>
<point x="31.83" y="23.98" b="A"/>
<point x="36.34" y="30.05" b="A"/>
<point x="33.75" y="37.29" b="G"/>
<point x="33.75" y="44.85" b="G"/>
<point x="33.75" y="52.41" b="G"/>
<point x="40.67" y="55.90" b="U"/>
<point x="45.49" y="61.54" b="G"/>
<point x="48.18" y="68.61" b="G"/>
<point x="48.18" y="76.17" b="G"/>
<point x="45.70" y="83.23" b="C"/>
<point x="40.67" y="88.88" b="U"/>
<point x="33.75" y="92.36" b="G"/>
<point x="33.96" y="99.92" b="U"/>
<point x="33.75" y="107.48" b="G"/>
<point x="33.75" y="115.04" b="G"/>
<point x="34.11" y="122.81" b="N"/>
<point x="36.85" y="129.50" b="G"/>
<point x="34.17" y="136.39" b="A"/>
<point x="33.96" y="143.95" b="C"/>
<point x="33.96" y="151.51" b="C"/>
<point x="34.17" y="159.07" b="Y"/>
<point x="39.31" y="164.42" b="U"/>
<point x="46.87" y="164.42" b="C"/>
<point x="54.43" y="164.42" b="C"/>
</structure>