<structure>
<point x="87.63" y="226.28" b="A"/>
<point x="87.43" y="218.72" b="R"/>
<point x="87.43" y="211.16" b="C"/>
<point x="87.63" y="203.59" b="A"/>
<point x="87.63" y="196.03" b="A"/>
<point x="80.07" y="195.38" b="N"/>
<point x="72.72" y="193.65" b="A"/>
<point x="65.27" y="191.48" b="U"/>
<point x="58.03" y="188.69" b="G"/>
<point x="51.70" y="185.30" b="A"/>
<point x="45.21" y="181.53" b="N"/>
<point x="38.79" y="176.80" b="G"/>
<point x="33.57" y="171.76" b="A"/>
<point x="28.19" y="166.25" b="R"/>
<point x="23.30" y="160.31" b="G"/>
<point x="19.53" y="154.19" b="N"/>
<point x="15.97" y="147.52" b="N"/>
<point x="13.00" y="140.56" b="N"/>
<point x="10.66" y="133.38" b="N"/>
<point x="8.95" y="126.01" b="N"/>
<point x="7.89" y="118.53" b="N"/>
<point x="7.50" y="110.98" b="N"/>
<point x="7.77" y="103.42" b="N"/>
<point x="8.55" y="95.71" b="U"/>
<point x="10.13" y="88.32" b="C"/>
<point x="12.36" y="81.09" b="U"/>
<point x="15.00" y="74.09" b="G"/>
<point x="18.86" y="67.37" b="A"/>
<point x="22.89" y="60.97" b="A"/>
<point x="27.41" y="55.16" b="N"/>
<point x="32.49" y="49.56" b="N"/>
<point x="38.04" y="44.43" b="N"/>
<point x="44.03" y="39.81" b="N"/>
<point x="50.39" y="35.73" b="N"/>
<point x="57.09" y="32.22" b="N"/>
<point x="64.07" y="29.31" b="N"/>
<point x="71.12" y="26.82" b="U"/>
<point x="78.29" y="25.17" b="G"/>
<point x="86.00" y="24.18" b="U"/>
<point x="93.70" y="24.06" b="N"/>
<point x="100.89" y="24.18" b="G"/>
<point x="108.80" y="25.17" b="A"/>
<point x="115.97" y="26.82" b="U"/>
<point x="123.33" y="29.31" b="N"/>
<point x="130.31" y="32.22" b="N"/>
<point x="137.06" y="35.52" b="A"/>
<point x="143.43" y="39.60" b="Y"/>
<point x="149.35" y="44.43" b="N"/>
<point x="154.96" y="49.35" b="Y"/>
<point x="159.84" y="54.95" b="R"/>
<point x="164.41" y="60.97" b="U"/>
<point x="168.44" y="67.37" b="U"/>
<point x="171.89" y="74.09" b="C"/>
<point x="174.95" y="81.09" b="A"/>
<point x="177.12" y="88.53" b="N"/>
<point x="178.70" y="95.92" b="N"/>
<point x="179.27" y="103.22" b="G"/>
<point x="179.95" y="110.77" b="Y"/>
<point x="179.35" y="118.32" b="C"/>
<point x="178.30" y="125.81" b="U"/>
<point x="176.59" y="133.17" b="U"/>
<point x="174.25" y="140.36" b="C"/>
<point x="171.49" y="147.31" b="A"/>
<point x="167.92" y="153.98" b="A"/>
<point x="163.79" y="160.31" b="A"/>
<point x="158.70" y="166.25" b="G"/>
<point x="153.74" y="171.76" b="U"/>
<point x="148.10" y="176.80" b="U"/>
<point x="142.04" y="181.32" b="C"/>
<point x="135.61" y="185.30" b="U"/>
<point x="128.85" y="188.69" b="C"/>
<point x="121.83" y="191.48" b="U"/>
<point x="114.37" y="193.65" b="G"/>
<point x="107.39" y="195.17" b="A"/>
<point x="99.67" y="196.03" b="U"/>
<point x="99.67" y="203.59" b="U"/>
<point x="99.46" y="211.16" b="G"/>
<point x="99.87" y="218.72" b="Y"/>
<point x="99.67" y="226.28" b="U"/>
</structure>