<structure>
<point x="244.65" y="254.20" b="Y"/>
<point x="252.00" y="254.20" b="R"/>
<point x="259.56" y="254.20" b="C"/>
<point x="265.11" y="248.86" b="Y"/>
<point x="264.70" y="241.30" b="G"/>
<point x="264.70" y="233.74" b="G"/>
<point x="264.91" y="226.18" b="C"/>
<point x="265.11" y="218.62" b="Y"/>
<point x="264.91" y="211.06" b="R"/>
<point x="257.54" y="210.47" b="N"/>
<point x="249.75" y="208.86" b="G"/>
<point x="242.87" y="206.87" b="A"/>
<point x="235.56" y="204.29" b="C"/>
<point x="228.83" y="201.35" b="N"/>
<point x="222.08" y="197.46" b="R"/>
<point x="217.72" y="203.64" b="C"/>
<point x="213.57" y="209.81" b="A"/>
<point x="209.00" y="215.99" b="C"/>
<point x="204.79" y="222.37" b="N"/>
<point x="200.07" y="228.34" b="G"/>
<point x="205.20" y="234.24" b="A"/>
<point x="208.35" y="241.02" b="C"/>
<point x="210.32" y="248.56" b="N"/>
<point x="210.55" y="256.12" b="N"/>
<point x="209.21" y="263.34" b="Y"/>
<point x="206.21" y="270.51" b="N"/>
<point x="201.49" y="276.48" b="G"/>
<point x="196.12" y="281.58" b="R"/>
<point x="189.74" y="285.59" b="N"/>
<point x="182.60" y="287.70" b="Y"/>
<point x="174.87" y="288.43" b="R"/>
<point x="167.51" y="287.74" b="N"/>
<point x="160.42" y="285.06" b="Y"/>
<point x="155.85" y="291.24" b="U"/>
<point x="151.64" y="297.62" b="N"/>
<point x="147.28" y="303.80" b="N"/>
<point x="142.56" y="309.77" b="G"/>
<point x="138.20" y="315.94" b="G"/>
<point x="134.25" y="322.12" b="Y"/>
<point x="141.56" y="320.61" b="N"/>
<point x="148.97" y="320.33" b="U"/>
<point x="156.36" y="321.91" b="U"/>
<point x="163.23" y="325.06" b="U"/>
<point x="169.46" y="329.63" b="Y"/>
<point x="174.29" y="335.61" b="N"/>
<point x="177.85" y="342.10" b="Y"/>
<point x="179.40" y="349.40" b="G"/>
<point x="179.94" y="356.95" b="R"/>
<point x="178.62" y="364.39" b="R"/>
<point x="175.91" y="371.37" b="Y"/>
<point x="171.50" y="377.75" b="N"/>
<point x="165.75" y="382.62" b="U"/>
<point x="158.96" y="386.36" b="G"/>
<point x="152.15" y="388.57" b="A"/>
<point x="144.20" y="389.16" b="G"/>
<point x="137.13" y="388.09" b="A"/>
<point x="129.64" y="385.42" b="G"/>
<point x="123.32" y="381.27" b="G"/>
<point x="118.26" y="375.85" b="U"/>
<point x="114.51" y="369.41" b="A"/>
<point x="112.05" y="362.26" b="A"/>
<point x="110.79" y="354.75" b="G"/>
<point x="106.64" y="360.93" b="C"/>
<point x="102.06" y="367.10" b="G"/>
<point x="98.12" y="373.28" b="Y"/>
<point x="93.55" y="379.45" b="C"/>
<point x="88.98" y="385.63" b="G"/>
<point x="84.83" y="391.80" b="C"/>
<point x="80.26" y="397.98" b="G"/>
<point x="75.90" y="404.15" b="G"/>
<point x="81.04" y="409.88" b="C"/>
<point x="84.82" y="416.43" b="C"/>
<point x="87.32" y="423.56" b="U"/>
<point x="88.24" y="431.04" b="G"/>
<point x="88.18" y="438.59" b="C"/>
<point x="86.65" y="446.17" b="N"/>
<point x="83.48" y="452.89" b="U"/>
<point x="79.44" y="459.15" b="Y"/>
<point x="74.10" y="464.50" b="Y"/>
<point x="67.80" y="468.97" b="N"/>
<point x="60.88" y="472.01" b="N"/>
<point x="53.51" y="473.70" b="N"/>
<point x="45.96" y="474.00" b="N"/>
<point x="38.33" y="472.68" b="R"/>
<point x="31.34" y="470.40" b="N"/>
<point x="24.63" y="466.43" b="C"/>
<point x="18.89" y="461.51" b="U"/>
<point x="14.16" y="455.61" b="R"/>
<point x="10.82" y="448.94" b="Y"/>
<point x="8.37" y="441.72" b="C"/>
<point x="7.50" y="434.21" b="C"/>
<point x="8.04" y="426.67" b="U"/>
<point x="10.13" y="419.56" b="N"/>
<point x="13.39" y="412.74" b="N"/>
<point x="17.86" y="406.65" b="N"/>
<point x="23.44" y="401.28" b="Y"/>
<point x="29.82" y="397.23" b="Y"/>
<point x="36.64" y="394.44" b="U"/>
<point x="44.22" y="393.22" b="N"/>
<point x="51.42" y="392.98" b="G"/>
<point x="59.06" y="394.36" b="U"/>
<point x="66.11" y="397.09" b="U"/>
<point x="70.47" y="390.92" b="C"/>
<point x="74.62" y="384.74" b="G"/>
<point x="79.19" y="378.56" b="U"/>
<point x="83.34" y="372.39" b="G"/>
<point x="87.71" y="366.21" b="G"/>
<point x="92.28" y="360.04" b="C"/>
<point x="96.79" y="354.07" b="N"/>
<point x="101.00" y="347.69" b="C"/>
<point x="97.53" y="340.97" b="C"/>
<point x="96.68" y="333.46" b="U"/>
<point x="98.76" y="326.14" b="Y"/>
<point x="103.07" y="320.17" b="N"/>
<point x="109.19" y="315.74" b="U"/>
<point x="116.35" y="314.03" b="G"/>
<point x="124.25" y="315.06" b="A"/>
<point x="128.41" y="308.88" b="C"/>
<point x="132.77" y="302.70" b="C"/>
<point x="137.28" y="296.74" b="N"/>
<point x="141.64" y="290.56" b="N"/>
<point x="145.64" y="284.18" b="G"/>
<point x="150.22" y="278.00" b="R"/>
<point x="142.91" y="279.94" b="R"/>
<point x="135.56" y="281.14" b="N"/>
<point x="127.85" y="280.95" b="C"/>
<point x="120.56" y="279.99" b="Y"/>
<point x="113.04" y="278.08" b="C"/>
<point x="106.03" y="275.25" b="U"/>
<point x="99.23" y="271.55" b="G"/>
<point x="93.59" y="267.02" b="Y"/>
<point x="87.95" y="261.76" b="C"/>
<point x="83.04" y="255.84" b="G"/>
<point x="79.34" y="249.37" b="C"/>
<point x="76.29" y="242.45" b="C"/>
<point x="74.37" y="235.20" b="Y"/>
<point x="73.13" y="227.94" b="N"/>
<point x="72.76" y="220.18" b="C"/>
<point x="73.72" y="212.66" b="A"/>
<point x="75.23" y="205.29" b="R"/>
<point x="77.88" y="198.21" b="R"/>
<point x="81.62" y="191.53" b="Y"/>
<point x="85.77" y="185.35" b="C"/>
<point x="90.89" y="179.79" b="R"/>
<point x="96.47" y="174.93" b="G"/>
<point x="103.19" y="171.05" b="N"/>
<point x="110.09" y="167.62" b="A"/>
<point x="117.22" y="165.50" b="N"/>
<point x="124.51" y="163.91" b="C"/>
<point x="132.20" y="163.71" b="N"/>
<point x="139.74" y="164.26" b="N"/>
<point x="147.00" y="165.57" b="C"/>
<point x="153.94" y="168.03" b="G"/>
<point x="161.13" y="171.39" b="Y"/>
<point x="167.42" y="175.59" b="Y"/>
<point x="172.70" y="180.55" b="G"/>
<point x="177.92" y="186.21" b="C"/>
<point x="181.96" y="192.47" b="G"/>
<point x="185.78" y="199.22" b="Y"/>
<point x="188.09" y="206.35" b="U"/>
<point x="189.87" y="213.74" b="Y"/>
<point x="190.28" y="221.28" b="C"/>
<point x="194.79" y="215.31" b="N"/>
<point x="198.79" y="208.93" b="G"/>
<point x="203.51" y="202.96" b="N"/>
<point x="207.51" y="196.57" b="G"/>
<point x="212.09" y="190.40" b="C"/>
<point x="206.41" y="185.41" b="U"/>
<point x="201.15" y="179.98" b="R"/>
<point x="196.34" y="174.15" b="C"/>
<point x="190.03" y="178.31" b="R"/>
<point x="183.51" y="182.47" b="G"/>
<point x="177.41" y="186.63" b="C"/>
<point x="171.10" y="190.79" b="C"/>
<point x="164.99" y="195.26" b="U"/>
<point x="157.97" y="191.98" b="G"/>
<point x="157.85" y="184.43" b="U"/>
<point x="164.51" y="180.78" b="N"/>
<point x="170.46" y="176.41" b="G"/>
<point x="176.98" y="172.25" b="C"/>
<point x="183.44" y="168.30" b="N"/>
<point x="189.39" y="163.93" b="G"/>
<point x="185.92" y="157.21" b="G"/>
<point x="183.41" y="150.24" b="A"/>
<point x="181.06" y="143.05" b="Y"/>
<point x="179.09" y="135.70" b="U"/>
<point x="178.08" y="128.44" b="N"/>
<point x="177.58" y="120.69" b="Y"/>
<point x="177.57" y="113.34" b="N"/>
<point x="178.09" y="105.60" b="U"/>
<point x="179.14" y="98.15" b="G"/>
<point x="181.36" y="91.03" b="N"/>
<point x="183.81" y="83.88" b="N"/>
<point x="186.83" y="76.94" b="N"/>
<point x="190.24" y="70.07" b="C"/>
<point x="194.48" y="63.92" b="N"/>
<point x="199.13" y="57.70" b="Y"/>
<point x="204.19" y="52.09" b="Y"/>
<point x="209.63" y="47.10" b="N"/>
<point x="215.52" y="42.37" b="N"/>
<point x="221.78" y="38.13" b="N"/>
<point x="228.42" y="34.20" b="Y"/>
<point x="235.22" y="31.23" b="N"/>
<point x="242.31" y="28.61" b="N"/>
<point x="249.59" y="26.57" b="N"/>
<point x="257.01" y="25.13" b="N"/>
<point x="264.53" y="24.29" b="N"/>
<point x="272.08" y="24.06" b="N"/>
<point x="279.63" y="24.44" b="N"/>
<point x="287.13" y="25.42" b="N"/>
<point x="294.52" y="27.01" b="N"/>
<point x="301.40" y="28.98" b="G"/>
<point x="308.80" y="31.94" b="N"/>
<point x="315.45" y="35.04" b="C"/>
<point x="321.95" y="38.89" b="C"/>
<point x="328.13" y="43.25" b="R"/>
<point x="334.08" y="48.31" b="N"/>
<point x="339.48" y="53.60" b="N"/>
<point x="344.43" y="59.32" b="N"/>
<point x="348.90" y="65.41" b="N"/>
<point x="352.50" y="71.64" b="G"/>
<point x="356.15" y="78.37" b="C"/>
<point x="359.24" y="85.36" b="Y"/>
<point x="361.13" y="92.56" b="G"/>
<point x="362.85" y="99.92" b="G"/>
<point x="364.18" y="107.40" b="C"/>
<point x="364.90" y="114.94" b="A"/>
<point x="364.81" y="122.50" b="A"/>
<point x="363.69" y="130.03" b="G"/>
<point x="362.80" y="137.48" b="A"/>
<point x="360.69" y="144.79" b="U"/>
<point x="357.99" y="151.93" b="G"/>
<point x="355.35" y="158.85" b="A"/>
<point x="351.75" y="165.49" b="A"/>
<point x="347.20" y="171.83" b="G"/>
<point x="343.00" y="177.81" b="Y"/>
<point x="337.70" y="183.40" b="U"/>
<point x="332.18" y="188.56" b="C"/>
<point x="326.40" y="193.46" b="N"/>
<point x="319.97" y="197.46" b="C"/>
<point x="313.57" y="201.15" b="Y"/>
<point x="306.64" y="204.50" b="N"/>
<point x="299.38" y="206.87" b="U"/>
<point x="291.88" y="208.86" b="G"/>
<point x="284.45" y="210.26" b="G"/>
<point x="277.15" y="211.06" b="U"/>
<point x="276.94" y="218.62" b="G"/>
<point x="276.94" y="226.18" b="G"/>
<point x="277.15" y="233.74" b="C"/>
<point x="277.30" y="241.51" b="N"/>
<point x="276.94" y="248.86" b="G"/>
<point x="282.49" y="254.20" b="C"/>
<point x="289.84" y="254.20" b="G"/>
<point x="297.61" y="254.20" b="R"/>
<point x="305.38" y="254.20" b="Y"/>
<point x="312.52" y="254.20" b="G"/>
<point x="320.29" y="254.20" b="C"/>
<point x="327.85" y="254.20" b="U"/>
<point x="335.20" y="254.20" b="G"/>
<point x="342.97" y="254.20" b="C"/>
<point x="350.53" y="254.20" b="U"/>
<point x="357.88" y="254.20" b="G"/>
</structure>