<structure>
<point x="78.01" y="192.23" b="N"/>
<point x="77.65" y="184.46" b="G"/>
<point x="77.65" y="176.90" b="G"/>
<point x="70.57" y="175.92" b="A"/>
<point x="63.21" y="174.21" b="A"/>
<point x="55.84" y="171.79" b="U"/>
<point x="48.75" y="168.66" b="G"/>
<point x="42.62" y="164.88" b="A"/>
<point x="36.27" y="160.47" b="U"/>
<point x="30.39" y="155.47" b="G"/>
<point x="25.65" y="149.94" b="A"/>
<point x="20.86" y="143.93" b="U"/>
<point x="16.90" y="137.49" b="U"/>
<point x="13.58" y="130.70" b="U"/>
<point x="10.95" y="123.61" b="C"/>
<point x="9.19" y="116.50" b="N"/>
<point x="7.85" y="108.83" b="C"/>
<point x="7.61" y="101.28" b="A"/>
<point x="7.50" y="93.73" b="G"/>
<point x="8.96" y="86.24" b="A"/>
<point x="10.53" y="78.89" b="C"/>
<point x="13.03" y="71.76" b="U"/>
<point x="16.42" y="64.90" b="A"/>
<point x="19.85" y="58.39" b="G"/>
<point x="24.74" y="52.30" b="A"/>
<point x="29.37" y="46.67" b="G"/>
<point x="35.16" y="41.57" b="U"/>
<point x="41.21" y="37.04" b="C"/>
<point x="47.69" y="33.13" b="U"/>
<point x="54.51" y="29.88" b="C"/>
<point x="61.63" y="27.32" b="U"/>
<point x="68.75" y="25.47" b="G"/>
<point x="76.64" y="24.36" b="A"/>
<point x="84.19" y="23.98" b="Y"/>
<point x="91.53" y="24.36" b="R"/>
<point x="99.16" y="25.68" b="N"/>
<point x="106.34" y="27.32" b="U"/>
<point x="113.45" y="29.88" b="R"/>
<point x="120.28" y="33.13" b="R"/>
<point x="126.96" y="37.04" b="Y"/>
<point x="132.96" y="41.78" b="N"/>
<point x="138.59" y="46.67" b="Y"/>
<point x="143.59" y="52.50" b="N"/>
<point x="147.70" y="58.39" b="G"/>
<point x="151.96" y="64.90" b="A"/>
<point x="155.09" y="71.96" b="N"/>
<point x="157.22" y="78.89" b="G"/>
<point x="159.21" y="86.24" b="U"/>
<point x="160.26" y="93.73" b="C"/>
<point x="160.71" y="101.49" b="N"/>
<point x="160.32" y="108.83" b="A"/>
<point x="159.08" y="116.50" b="N"/>
<point x="157.16" y="123.82" b="N"/>
<point x="154.54" y="130.91" b="N"/>
<point x="151.22" y="137.70" b="N"/>
<point x="147.25" y="144.14" b="N"/>
<point x="142.67" y="150.15" b="N"/>
<point x="137.52" y="155.68" b="N"/>
<point x="131.90" y="160.47" b="Y"/>
<point x="125.70" y="165.09" b="N"/>
<point x="119.01" y="168.66" b="C"/>
<point x="112.12" y="171.79" b="U"/>
<point x="104.75" y="174.21" b="G"/>
<point x="97.81" y="175.92" b="A"/>
<point x="90.31" y="176.90" b="Y"/>
<point x="90.31" y="184.46" b="Y"/>
<point x="90.25" y="192.23" b="N"/>
</structure>