<structure>
<point x="177.91" y="362.59" b="G"/>
<point x="178.12" y="355.03" b="R"/>
<point x="178.12" y="347.47" b="C"/>
<point x="178.12" y="339.91" b="U"/>
<point x="178.12" y="332.35" b="C"/>
<point x="178.27" y="325.00" b="N"/>
<point x="178.32" y="317.23" b="Y"/>
<point x="178.32" y="309.67" b="Y"/>
<point x="178.32" y="302.11" b="Y"/>
<point x="178.12" y="294.55" b="C"/>
<point x="178.12" y="286.99" b="C"/>
<point x="177.91" y="279.43" b="G"/>
<point x="178.12" y="271.87" b="U"/>
<point x="178.12" y="264.31" b="R"/>
<point x="173.20" y="258.39" b="G"/>
<point x="173.62" y="250.83" b="Y"/>
<point x="178.12" y="244.92" b="C"/>
<point x="178.12" y="237.36" b="U"/>
<point x="177.91" y="229.80" b="G"/>
<point x="177.91" y="222.24" b="G"/>
<point x="178.27" y="214.88" b="N"/>
<point x="177.91" y="207.12" b="G"/>
<point x="170.69" y="204.86" b="G"/>
<point x="164.59" y="201.02" b="A"/>
<point x="159.08" y="196.00" b="N"/>
<point x="155.01" y="189.45" b="A"/>
<point x="152.40" y="182.55" b="N"/>
<point x="151.53" y="175.04" b="N"/>
<point x="152.45" y="167.32" b="Y"/>
<point x="154.81" y="160.21" b="R"/>
<point x="158.93" y="153.87" b="C"/>
<point x="164.54" y="148.85" b="N"/>
<point x="171.11" y="144.80" b="A"/>
<point x="177.91" y="142.55" b="G"/>
<point x="177.91" y="134.99" b="G"/>
<point x="177.91" y="127.43" b="G"/>
<point x="178.12" y="119.87" b="U"/>
<point x="171.35" y="117.02" b="N"/>
<point x="165.72" y="111.97" b="N"/>
<point x="161.94" y="105.43" b="N"/>
<point x="160.38" y="98.03" b="N"/>
<point x="152.84" y="96.26" b="R"/>
<point x="145.44" y="94.70" b="U"/>
<point x="138.19" y="93.35" b="N"/>
<point x="130.43" y="91.59" b="G"/>
<point x="123.25" y="90.03" b="C"/>
<point x="115.64" y="88.47" b="G"/>
<point x="108.24" y="86.91" b="G"/>
<point x="101.20" y="85.56" b="N"/>
<point x="93.66" y="83.79" b="R"/>
<point x="86.41" y="82.44" b="N"/>
<point x="79.50" y="85.62" b="R"/>
<point x="72.10" y="84.06" b="C"/>
<point x="67.28" y="78.23" b="C"/>
<point x="59.88" y="76.67" b="C"/>
<point x="54.83" y="82.30" b="C"/>
<point x="52.28" y="75.11" b="G"/>
<point x="44.88" y="73.55" b="G"/>
<point x="37.69" y="72.00" b="U"/>
<point x="30.29" y="70.44" b="U"/>
<point x="23.97" y="74.57" b="C"/>
<point x="16.20" y="74.49" b="G"/>
<point x="10.37" y="70.23" b="A"/>
<point x="7.50" y="63.42" b="N"/>
<point x="9.06" y="56.02" b="N"/>
<point x="14.47" y="50.74" b="N"/>
<point x="21.90" y="49.35" b="N"/>
<point x="28.85" y="52.33" b="N"/>
<point x="32.82" y="58.46" b="R"/>
<point x="38.02" y="53.04" b="N"/>
<point x="40.42" y="60.02" b="A"/>
<point x="47.82" y="61.58" b="Y"/>
<point x="55.01" y="63.14" b="C"/>
<point x="62.20" y="64.70" b="G"/>
<point x="69.96" y="66.46" b="N"/>
<point x="73.93" y="59.92" b="C"/>
<point x="81.50" y="58.68" b="N"/>
<point x="87.56" y="62.79" b="R"/>
<point x="88.93" y="70.46" b="N"/>
<point x="96.18" y="71.81" b="R"/>
<point x="103.73" y="73.58" b="N"/>
<point x="110.97" y="74.93" b="C"/>
<point x="118.37" y="76.49" b="C"/>
<point x="125.56" y="78.05" b="G"/>
<point x="133.17" y="79.61" b="C"/>
<point x="140.72" y="81.38" b="N"/>
<point x="147.96" y="82.73" b="R"/>
<point x="155.57" y="84.29" b="Y"/>
<point x="162.91" y="86.05" b="N"/>
<point x="167.38" y="79.71" b="A"/>
<point x="173.42" y="75.45" b="N"/>
<point x="180.46" y="72.89" b="C"/>
<point x="187.81" y="72.89" b="G"/>
<point x="191.22" y="66.18" b="N"/>
<point x="194.12" y="59.06" b="R"/>
<point x="197.32" y="52.35" b="N"/>
<point x="193.39" y="45.89" b="N"/>
<point x="192.74" y="38.36" b="N"/>
<point x="195.56" y="31.11" b="Y"/>
<point x="201.11" y="26.25" b="N"/>
<point x="208.02" y="23.98" b="G"/>
<point x="215.45" y="25.38" b="G"/>
<point x="221.70" y="29.93" b="C"/>
<point x="225.24" y="36.89" b="N"/>
<point x="225.27" y="44.45" b="N"/>
<point x="222.00" y="51.03" b="Y"/>
<point x="215.79" y="55.63" b="C"/>
<point x="208.52" y="57.29" b="N"/>
<point x="205.32" y="64.00" b="C"/>
<point x="202.06" y="70.92" b="G"/>
<point x="199.42" y="77.83" b="Y"/>
<point x="204.46" y="83.62" b="N"/>
<point x="207.57" y="90.51" b="N"/>
<point x="208.24" y="97.82" b="U"/>
<point x="206.89" y="105.22" b="Y"/>
<point x="203.05" y="111.97" b="N"/>
<point x="197.27" y="116.81" b="R"/>
<point x="190.56" y="119.87" b="A"/>
<point x="190.36" y="127.43" b="C"/>
<point x="190.36" y="134.99" b="C"/>
<point x="190.36" y="142.55" b="C"/>
<point x="197.96" y="143.99" b="N"/>
<point x="204.57" y="146.72" b="G"/>
<point x="210.88" y="151.19" b="C"/>
<point x="215.77" y="156.95" b="C"/>
<point x="219.33" y="163.91" b="N"/>
<point x="220.73" y="171.05" b="G"/>
<point x="221.09" y="178.82" b="N"/>
<point x="219.33" y="186.17" b="N"/>
<point x="215.77" y="192.71" b="R"/>
<point x="210.88" y="198.47" b="R"/>
<point x="204.93" y="203.16" b="N"/>
<point x="197.96" y="206.09" b="N"/>
<point x="190.36" y="207.12" b="C"/>
<point x="190.56" y="214.68" b="Y"/>
<point x="190.36" y="222.24" b="C"/>
<point x="190.36" y="229.80" b="C"/>
<point x="190.56" y="237.36" b="A"/>
<point x="190.15" y="244.92" b="G"/>
<point x="195.21" y="251.04" b="N"/>
<point x="195.06" y="258.39" b="R"/>
<point x="190.56" y="264.31" b="Y"/>
<point x="190.56" y="271.87" b="A"/>
<point x="190.36" y="279.43" b="C"/>
<point x="190.15" y="286.99" b="G"/>
<point x="190.15" y="294.55" b="G"/>
<point x="190.36" y="302.11" b="R"/>
<point x="190.36" y="309.67" b="R"/>
<point x="190.36" y="317.23" b="R"/>
<point x="190.51" y="325.00" b="N"/>
<point x="190.15" y="332.35" b="G"/>
<point x="190.56" y="339.91" b="A"/>
<point x="190.15" y="347.47" b="G"/>
<point x="190.56" y="355.03" b="Y"/>
<point x="190.36" y="362.59" b="C"/>
<point x="195.91" y="367.94" b="Y"/>
<point x="203.26" y="367.94" b="U"/>
<point x="210.82" y="367.94" b="U"/>
</structure>