<structure>
<point x="19.66" y="106.19" b="A"/>
<point x="27.22" y="106.19" b="Y"/>
<point x="34.78" y="106.19" b="A"/>
<point x="41.92" y="106.19" b="G"/>
<point x="47.48" y="100.85" b="C"/>
<point x="47.48" y="93.29" b="C"/>
<point x="47.48" y="85.73" b="U"/>
<point x="47.48" y="78.17" b="C"/>
<point x="47.69" y="70.61" b="Y"/>
<point x="47.48" y="63.05" b="C"/>
<point x="47.69" y="55.49" b="Y"/>
<point x="47.48" y="47.93" b="C"/>
<point x="42.13" y="42.59" b="C"/>
<point x="40.65" y="35.17" b="U"/>
<point x="43.54" y="28.19" b="C"/>
<point x="49.61" y="23.98" b="G"/>
<point x="57.53" y="24.19" b="N"/>
<point x="63.82" y="28.39" b="N"/>
<point x="66.70" y="35.38" b="N"/>
<point x="65.22" y="42.79" b="N"/>
<point x="59.51" y="47.93" b="G"/>
<point x="59.72" y="55.49" b="R"/>
<point x="66.42" y="59.47" b="N"/>
<point x="59.51" y="63.05" b="G"/>
<point x="59.51" y="70.61" b="G"/>
<point x="59.51" y="78.17" b="G"/>
<point x="59.51" y="85.73" b="G"/>
<point x="59.51" y="93.29" b="G"/>
<point x="59.51" y="100.85" b="G"/>
<point x="65.07" y="106.19" b="C"/>
<point x="72.63" y="106.19" b="C"/>
<point x="80.19" y="106.19" b="U"/>
<point x="87.54" y="106.19" b="G"/>
<point x="95.31" y="106.19" b="C"/>
</structure>