<structure>
<point x="19.45" y="100.80" b="U"/>
<point x="27.02" y="100.80" b="U"/>
<point x="34.73" y="101.00" b="N"/>
<point x="42.13" y="100.80" b="C"/>
<point x="49.90" y="100.80" b="A"/>
<point x="57.46" y="100.80" b="A"/>
<point x="64.81" y="100.80" b="U"/>
<point x="72.17" y="100.80" b="G"/>
<point x="80.14" y="100.80" b="A"/>
<point x="87.50" y="100.80" b="U"/>
<point x="94.84" y="100.80" b="G"/>
<point x="102.82" y="100.80" b="A"/>
<point x="110.38" y="100.80" b="Y"/>
<point x="117.94" y="100.80" b="Y"/>
<point x="125.50" y="100.80" b="Y"/>
<point x="133.00" y="101.00" b="N"/>
<point x="140.62" y="100.80" b="A"/>
<point x="148.18" y="100.80" b="Y"/>
<point x="155.74" y="100.80" b="Y"/>
<point x="163.09" y="100.80" b="U"/>
<point x="170.66" y="100.80" b="R"/>
<point x="178.36" y="101.00" b="N"/>
<point x="185.78" y="100.80" b="R"/>
<point x="193.34" y="100.80" b="U"/>
<point x="200.90" y="100.80" b="U"/>
<point x="208.46" y="100.80" b="U"/>
<point x="216.01" y="100.80" b="U"/>
<point x="223.57" y="100.80" b="U"/>
<point x="231.13" y="100.80" b="U"/>
<point x="238.69" y="100.80" b="C"/>
<point x="246.25" y="100.80" b="U"/>
<point x="253.60" y="100.80" b="G"/>
<point x="261.17" y="100.80" b="G"/>
<point x="268.94" y="100.80" b="C"/>
<point x="276.70" y="100.80" b="A"/>
<point x="284.06" y="100.80" b="U"/>
<point x="291.62" y="100.80" b="C"/>
<point x="299.18" y="100.80" b="U"/>
<point x="306.74" y="100.80" b="C"/>
<point x="314.30" y="100.80" b="U"/>
<point x="322.06" y="100.80" b="A"/>
<point x="329.62" y="100.80" b="A"/>
<point x="336.98" y="100.80" b="U"/>
<point x="344.32" y="100.80" b="G"/>
<point x="352.10" y="100.80" b="U"/>
<point x="359.65" y="100.80" b="U"/>
<point x="367.42" y="100.80" b="A"/>
<point x="374.56" y="100.80" b="G"/>
<point x="380.12" y="95.45" b="R"/>
<point x="380.12" y="87.89" b="R"/>
<point x="380.12" y="80.33" b="U"/>
<point x="380.12" y="72.77" b="R"/>
<point x="373.31" y="70.03" b="N"/>
<point x="367.55" y="65.13" b="N"/>
<point x="363.38" y="58.52" b="R"/>
<point x="361.61" y="51.42" b="N"/>
<point x="361.61" y="43.66" b="G"/>
<point x="364.43" y="36.56" b="U"/>
<point x="369.05" y="30.58" b="U"/>
<point x="375.25" y="26.25" b="U"/>
<point x="382.67" y="23.98" b="A"/>
<point x="390.23" y="23.98" b="A"/>
<point x="397.02" y="26.25" b="G"/>
<point x="403.43" y="30.58" b="U"/>
<point x="408.26" y="36.56" b="A"/>
<point x="410.66" y="43.66" b="C"/>
<point x="411.02" y="51.21" b="U"/>
<point x="409.31" y="58.52" b="Y"/>
<point x="405.29" y="64.92" b="Y"/>
<point x="399.53" y="69.82" b="Y"/>
<point x="392.57" y="72.77" b="Y"/>
<point x="392.57" y="80.33" b="A"/>
<point x="392.57" y="87.89" b="Y"/>
<point x="392.36" y="95.45" b="U"/>
<point x="397.71" y="100.80" b="C"/>
<point x="405.06" y="100.80" b="G"/>
<point x="413.03" y="100.80" b="A"/>
<point x="420.39" y="100.80" b="U"/>
<point x="427.74" y="100.80" b="G"/>
<point x="435.71" y="100.80" b="A"/>
<point x="443.27" y="100.80" b="A"/>
<point x="450.63" y="100.80" b="U"/>
<point x="458.39" y="100.80" b="A"/>
<point x="465.95" y="100.80" b="Y"/>
<point x="473.51" y="100.80" b="A"/>
<point x="481.07" y="100.80" b="A"/>
<point x="488.63" y="100.80" b="Y"/>
<point x="496.19" y="100.80" b="Y"/>
<point x="503.55" y="100.80" b="U"/>
<point x="511.26" y="101.00" b="N"/>
<point x="518.67" y="100.80" b="U"/>
<point x="526.23" y="100.80" b="R"/>
<point x="533.99" y="100.80" b="A"/>
<point x="541.35" y="100.80" b="C"/>
<point x="549.06" y="101.00" b="N"/>
<point x="556.67" y="100.80" b="A"/>
<point x="564.18" y="101.00" b="N"/>
<point x="571.59" y="100.80" b="R"/>
<point x="579.30" y="101.00" b="N"/>
<point x="586.71" y="100.80" b="C"/>
<point x="594.27" y="100.80" b="U"/>
<point x="601.62" y="100.80" b="G"/>
<point x="609.59" y="100.80" b="A"/>
<point x="617.10" y="101.00" b="N"/>
<point x="624.66" y="101.00" b="N"/>
</structure>