<structure>
<point x="19.45" y="209.12" b="U"/>
<point x="24.59" y="203.78" b="G"/>
<point x="24.59" y="196.22" b="G"/>
<point x="24.59" y="188.66" b="G"/>
<point x="25.01" y="181.09" b="A"/>
<point x="24.59" y="173.53" b="G"/>
<point x="24.59" y="165.97" b="G"/>
<point x="17.93" y="162.83" b="C"/>
<point x="12.57" y="157.85" b="N"/>
<point x="8.66" y="150.97" b="G"/>
<point x="7.85" y="143.51" b="A"/>
<point x="8.87" y="136.06" b="U"/>
<point x="12.63" y="129.38" b="A"/>
<point x="17.93" y="124.20" b="C"/>
<point x="24.95" y="121.26" b="N"/>
<point x="25.01" y="113.49" b="Y"/>
<point x="24.80" y="105.93" b="R"/>
<point x="24.80" y="98.37" b="R"/>
<point x="19.21" y="93.29" b="R"/>
<point x="17.34" y="86.02" b="Y"/>
<point x="19.36" y="78.96" b="N"/>
<point x="24.59" y="73.66" b="G"/>
<point x="24.80" y="66.10" b="R"/>
<point x="24.95" y="58.75" b="N"/>
<point x="24.80" y="50.98" b="C"/>
<point x="19.24" y="46.23" b="N"/>
<point x="16.74" y="38.84" b="R"/>
<point x="18.62" y="31.47" b="A"/>
<point x="23.63" y="26.00" b="R"/>
<point x="30.71" y="23.98" b="G"/>
<point x="38.41" y="26.00" b="Y"/>
<point x="43.43" y="31.47" b="R"/>
<point x="45.25" y="39.05" b="N"/>
<point x="42.75" y="46.03" b="U"/>
<point x="36.83" y="50.98" b="G"/>
<point x="37.04" y="58.54" b="C"/>
<point x="37.04" y="66.10" b="U"/>
<point x="37.04" y="73.66" b="C"/>
<point x="42.64" y="78.75" b="U"/>
<point x="44.71" y="86.02" b="R"/>
<point x="42.79" y="93.50" b="N"/>
<point x="37.25" y="98.37" b="Y"/>
<point x="37.25" y="105.93" b="Y"/>
<point x="36.83" y="113.49" b="G"/>
<point x="37.04" y="121.05" b="U"/>
<point x="43.92" y="124.20" b="C"/>
<point x="49.63" y="129.38" b="A"/>
<point x="52.97" y="136.06" b="C"/>
<point x="54.35" y="143.72" b="N"/>
<point x="52.97" y="150.97" b="R"/>
<point x="49.57" y="157.85" b="N"/>
<point x="44.07" y="163.04" b="N"/>
<point x="37.25" y="165.97" b="Y"/>
<point x="37.04" y="173.53" b="C"/>
<point x="37.04" y="181.09" b="U"/>
<point x="37.04" y="188.66" b="C"/>
<point x="37.04" y="196.22" b="C"/>
<point x="37.04" y="203.78" b="C"/>
<point x="42.39" y="209.12" b="U"/>
<point x="50.15" y="209.12" b="A"/>
<point x="57.66" y="209.33" b="N"/>
<point x="65.27" y="209.12" b="A"/>
<point x="72.63" y="209.12" b="R"/>
<point x="80.39" y="209.12" b="Y"/>
<point x="87.95" y="209.12" b="A"/>
<point x="95.46" y="209.33" b="N"/>
<point x="103.02" y="209.33" b="N"/>
<point x="108.21" y="203.78" b="C"/>
<point x="108.21" y="196.22" b="U"/>
<point x="108.00" y="188.66" b="G"/>
<point x="108.21" y="181.09" b="C"/>
<point x="108.42" y="173.53" b="Y"/>
<point x="108.42" y="165.97" b="Y"/>
<point x="108.21" y="158.41" b="U"/>
<point x="101.54" y="155.27" b="Y"/>
<point x="95.83" y="150.09" b="U"/>
<point x="92.07" y="143.41" b="G"/>
<point x="91.26" y="135.95" b="A"/>
<point x="92.28" y="128.50" b="U"/>
<point x="95.62" y="121.82" b="G"/>
<point x="101.54" y="116.64" b="A"/>
<point x="108.21" y="113.49" b="C"/>
<point x="108.21" y="105.93" b="C"/>
<point x="108.00" y="98.37" b="G"/>
<point x="103.51" y="92.46" b="R"/>
<point x="103.51" y="84.90" b="R"/>
<point x="108.21" y="78.98" b="R"/>
<point x="108.21" y="71.42" b="C"/>
<point x="108.00" y="63.86" b="G"/>
<point x="108.42" y="56.30" b="A"/>
<point x="102.01" y="51.98" b="R"/>
<point x="98.38" y="45.35" b="U"/>
<point x="98.07" y="37.79" b="U"/>
<point x="100.94" y="30.89" b="G"/>
<point x="107.18" y="26.07" b="A"/>
<point x="114.12" y="24.35" b="G"/>
<point x="121.84" y="26.28" b="N"/>
<point x="127.31" y="30.89" b="G"/>
<point x="130.81" y="37.79" b="A"/>
<point x="130.50" y="45.35" b="A"/>
<point x="126.86" y="51.98" b="A"/>
<point x="120.45" y="56.30" b="U"/>
<point x="120.45" y="63.86" b="C"/>
<point x="120.24" y="71.42" b="G"/>
<point x="120.66" y="78.98" b="Y"/>
<point x="125.31" y="85.10" b="N"/>
<point x="125.36" y="92.46" b="A"/>
<point x="120.45" y="98.37" b="C"/>
<point x="120.24" y="105.93" b="G"/>
<point x="120.24" y="113.49" b="G"/>
<point x="128.04" y="115.14" b="A"/>
<point x="134.25" y="119.14" b="C"/>
<point x="139.18" y="125.04" b="A"/>
<point x="141.27" y="132.17" b="G"/>
<point x="141.68" y="139.73" b="A"/>
<point x="138.97" y="146.87" b="U"/>
<point x="134.45" y="152.77" b="A"/>
<point x="127.83" y="156.77" b="C"/>
<point x="120.24" y="158.41" b="G"/>
<point x="120.24" y="165.97" b="G"/>
<point x="120.45" y="173.53" b="R"/>
<point x="120.24" y="181.09" b="G"/>
<point x="120.45" y="188.66" b="C"/>
<point x="120.66" y="196.22" b="A"/>
<point x="120.24" y="203.78" b="G"/>
<point x="126.00" y="209.12" b="A"/>
<point x="133.36" y="209.12" b="C"/>
<point x="141.12" y="209.12" b="A"/>
<point x="148.63" y="209.33" b="N"/>
<point x="156.19" y="209.33" b="N"/>
<point x="163.80" y="209.12" b="Y"/>
</structure>