<structure>
<point x="19.45" y="155.65" b="R"/>
<point x="27.22" y="155.65" b="A"/>
<point x="34.58" y="155.65" b="C"/>
<point x="42.34" y="155.65" b="Y"/>
<point x="49.90" y="155.65" b="Y"/>
<point x="57.26" y="155.65" b="U"/>
<point x="64.97" y="155.86" b="N"/>
<point x="72.38" y="155.65" b="R"/>
<point x="79.94" y="155.65" b="R"/>
<point x="87.50" y="155.65" b="C"/>
<point x="95.06" y="155.65" b="R"/>
<point x="102.61" y="155.65" b="R"/>
<point x="110.38" y="155.65" b="Y"/>
<point x="117.53" y="155.65" b="G"/>
<point x="125.08" y="155.65" b="G"/>
<point x="133.06" y="155.65" b="A"/>
<point x="140.41" y="155.65" b="U"/>
<point x="148.12" y="155.86" b="N"/>
<point x="155.69" y="155.86" b="N"/>
<point x="163.09" y="155.65" b="C"/>
<point x="170.66" y="155.65" b="U"/>
<point x="178.42" y="155.65" b="Y"/>
<point x="185.56" y="155.65" b="G"/>
<point x="193.12" y="155.65" b="G"/>
<point x="201.10" y="155.65" b="Y"/>
<point x="208.46" y="155.65" b="U"/>
<point x="216.01" y="155.65" b="C"/>
<point x="223.72" y="155.86" b="N"/>
<point x="231.34" y="155.65" b="Y"/>
<point x="238.69" y="155.65" b="R"/>
<point x="246.46" y="155.65" b="Y"/>
<point x="253.81" y="155.65" b="R"/>
<point x="261.52" y="155.86" b="N"/>
<point x="268.94" y="155.65" b="C"/>
<point x="276.29" y="155.65" b="G"/>
<point x="284.26" y="155.65" b="A"/>
<point x="291.62" y="155.65" b="U"/>
<point x="298.96" y="155.65" b="G"/>
<point x="306.94" y="155.65" b="A"/>
<point x="312.29" y="150.31" b="A"/>
<point x="311.87" y="142.75" b="G"/>
<point x="312.08" y="135.19" b="R"/>
<point x="312.29" y="127.63" b="A"/>
<point x="305.10" y="124.71" b="C"/>
<point x="299.52" y="130.03" b="G"/>
<point x="294.35" y="135.35" b="C"/>
<point x="289.19" y="140.66" b="A"/>
<point x="287.33" y="148.08" b="G"/>
<point x="281.55" y="152.69" b="C"/>
<point x="274.00" y="152.18" b="R"/>
<point x="268.89" y="146.81" b="A"/>
<point x="268.47" y="139.26" b="A"/>
<point x="273.08" y="133.53" b="N"/>
<point x="280.37" y="131.96" b="U"/>
<point x="285.54" y="126.64" b="G"/>
<point x="291.12" y="121.33" b="C"/>
<point x="296.29" y="116.01" b="G"/>
<point x="293.87" y="109.00" b="A"/>
<point x="293.24" y="101.47" b="Y"/>
<point x="294.87" y="94.09" b="A"/>
<point x="298.55" y="87.73" b="N"/>
<point x="303.92" y="82.35" b="R"/>
<point x="310.93" y="79.06" b="Y"/>
<point x="318.20" y="77.93" b="R"/>
<point x="325.68" y="79.06" b="R"/>
<point x="329.60" y="72.60" b="U"/>
<point x="333.31" y="66.14" b="G"/>
<point x="330.79" y="59.17" b="Y"/>
<point x="330.93" y="51.63" b="G"/>
<point x="335.27" y="45.17" b="A"/>
<point x="341.70" y="41.20" b="A"/>
<point x="349.24" y="40.60" b="Y"/>
<point x="352.96" y="34.14" b="U"/>
<point x="354.65" y="26.83" b="G"/>
<point x="361.87" y="23.98" b="C"/>
<point x="368.53" y="27.91" b="A"/>
<point x="368.82" y="35.44" b="G"/>
<point x="363.42" y="40.50" b="R"/>
<point x="359.64" y="47.17" b="N"/>
<point x="367.23" y="47.67" b="Y"/>
<point x="373.81" y="51.49" b="N"/>
<point x="378.49" y="57.43" b="N"/>
<point x="380.51" y="64.52" b="Y"/>
<point x="379.24" y="72.01" b="R"/>
<point x="375.32" y="78.47" b="U"/>
<point x="369.17" y="82.86" b="R"/>
<point x="361.78" y="84.48" b="R"/>
<point x="354.56" y="83.07" b="A"/>
<point x="348.29" y="78.84" b="Y"/>
<point x="343.99" y="72.49" b="C"/>
<point x="340.27" y="78.95" b="A"/>
<point x="336.34" y="85.41" b="Y"/>
<point x="340.59" y="91.52" b="C"/>
<point x="343.03" y="98.68" b="R"/>
<point x="343.24" y="106.24" b="R"/>
<point x="341.35" y="113.72" b="N"/>
<point x="337.25" y="120.07" b="N"/>
<point x="331.50" y="124.71" b="Y"/>
<point x="324.32" y="127.63" b="U"/>
<point x="324.32" y="135.19" b="U"/>
<point x="324.53" y="142.75" b="Y"/>
<point x="324.11" y="150.31" b="G"/>
<point x="329.87" y="155.65" b="A"/>
<point x="337.43" y="155.65" b="A"/>
<point x="344.79" y="155.65" b="C"/>
<point x="349.92" y="150.31" b="G"/>
<point x="350.13" y="142.75" b="C"/>
<point x="350.34" y="135.19" b="A"/>
<point x="349.92" y="127.84" b="N"/>
<point x="356.40" y="123.96" b="N"/>
<point x="362.94" y="127.64" b="Y"/>
<point x="362.52" y="135.39" b="N"/>
<point x="362.16" y="142.75" b="G"/>
<point x="362.37" y="150.31" b="C"/>
<point x="373.06" y="161.00" b="R"/>
<point x="380.77" y="161.21" b="N"/>
<point x="388.39" y="161.00" b="Y"/>
<point x="395.89" y="161.21" b="N"/>
<point x="403.45" y="161.21" b="N"/>
<point x="411.01" y="161.21" b="N"/>
<point x="418.57" y="161.21" b="N"/>
<point x="426.13" y="161.21" b="N"/>
<point x="433.69" y="161.21" b="N"/>
<point x="440.79" y="158.82" b="U"/>
<point x="447.00" y="163.55" b="N"/>
<point x="447.00" y="171.11" b="N"/>
<point x="440.94" y="175.62" b="N"/>
<point x="433.69" y="173.44" b="N"/>
<point x="426.13" y="173.44" b="N"/>
<point x="418.57" y="173.44" b="N"/>
<point x="411.01" y="173.44" b="N"/>
<point x="403.45" y="173.44" b="N"/>
<point x="395.89" y="173.44" b="N"/>
<point x="388.18" y="173.24" b="R"/>
<point x="380.77" y="173.44" b="N"/>
<point x="373.27" y="173.24" b="Y"/>
<point x="367.92" y="178.58" b="A"/>
<point x="367.92" y="186.14" b="Y"/>
<point x="367.87" y="193.91" b="N"/>
<point x="367.92" y="201.26" b="Y"/>
<point x="367.92" y="208.82" b="Y"/>
<point x="367.72" y="216.38" b="U"/>
<point x="367.72" y="223.94" b="R"/>
<point x="367.92" y="231.50" b="Y"/>
<point x="367.87" y="239.27" b="N"/>
<point x="367.92" y="246.62" b="Y"/>
<point x="367.87" y="254.39" b="N"/>
<point x="367.92" y="261.74" b="A"/>
<point x="367.51" y="269.30" b="G"/>
<point x="367.87" y="277.07" b="N"/>
<point x="367.51" y="284.42" b="G"/>
<point x="367.87" y="292.19" b="N"/>
<point x="367.92" y="299.54" b="Y"/>
<point x="367.87" y="307.31" b="N"/>
</structure>