<structure>
<point x="19.66" y="187.96" b="Y"/>
<point x="27.02" y="187.96" b="U"/>
<point x="34.58" y="187.96" b="U"/>
<point x="39.92" y="182.62" b="C"/>
<point x="39.92" y="175.06" b="C"/>
<point x="39.92" y="167.50" b="C"/>
<point x="40.13" y="159.94" b="A"/>
<point x="32.92" y="157.07" b="U"/>
<point x="27.07" y="152.29" b="U"/>
<point x="22.85" y="146.02" b="U"/>
<point x="20.44" y="138.78" b="G"/>
<point x="20.86" y="131.22" b="A"/>
<point x="22.85" y="123.99" b="C"/>
<point x="27.07" y="117.72" b="U"/>
<point x="33.13" y="112.94" b="A"/>
<point x="39.92" y="110.07" b="C"/>
<point x="39.92" y="102.51" b="C"/>
<point x="40.13" y="94.95" b="A"/>
<point x="39.92" y="87.39" b="C"/>
<point x="32.87" y="85.30" b="N"/>
<point x="26.26" y="81.17" b="U"/>
<point x="20.89" y="75.84" b="U"/>
<point x="16.92" y="69.41" b="U"/>
<point x="14.56" y="62.22" b="U"/>
<point x="13.95" y="54.69" b="C"/>
<point x="15.27" y="47.43" b="N"/>
<point x="18.15" y="40.44" b="N"/>
<point x="22.58" y="34.31" b="N"/>
<point x="28.38" y="29.19" b="Y"/>
<point x="35.06" y="25.96" b="N"/>
<point x="42.41" y="24.19" b="N"/>
<point x="49.82" y="23.98" b="U"/>
<point x="57.38" y="25.75" b="A"/>
<point x="64.11" y="29.19" b="A"/>
<point x="69.65" y="34.11" b="U"/>
<point x="74.29" y="40.23" b="A"/>
<point x="76.75" y="47.22" b="G"/>
<point x="78.34" y="54.69" b="A"/>
<point x="77.67" y="62.43" b="N"/>
<point x="75.16" y="69.41" b="U"/>
<point x="71.19" y="75.84" b="U"/>
<point x="66.03" y="81.17" b="Y"/>
<point x="59.57" y="85.09" b="A"/>
<point x="51.95" y="87.39" b="G"/>
<point x="52.16" y="94.95" b="U"/>
<point x="51.95" y="102.51" b="G"/>
<point x="51.95" y="110.07" b="G"/>
<point x="59.57" y="111.60" b="C"/>
<point x="66.18" y="115.27" b="U"/>
<point x="71.59" y="120.74" b="A"/>
<point x="74.71" y="127.53" b="U"/>
<point x="75.65" y="135.00" b="G"/>
<point x="74.71" y="142.48" b="C"/>
<point x="71.38" y="149.26" b="U"/>
<point x="66.18" y="154.74" b="U"/>
<point x="59.57" y="158.41" b="R"/>
<point x="52.16" y="159.94" b="U"/>
<point x="51.95" y="167.50" b="G"/>
<point x="51.95" y="175.06" b="G"/>
<point x="51.95" y="182.62" b="G"/>
<point x="57.71" y="187.96" b="A"/>
<point x="65.07" y="187.96" b="U"/>
<point x="72.83" y="187.96" b="A"/>
<point x="79.98" y="187.96" b="G"/>
<point x="87.95" y="187.96" b="A"/>
<point x="95.46" y="188.17" b="N"/>
<point x="103.02" y="188.17" b="N"/>
<point x="110.63" y="187.96" b="A"/>
<point x="118.19" y="187.96" b="A"/>
<point x="125.75" y="187.96" b="A"/>
<point x="133.11" y="187.96" b="R"/>
<point x="140.87" y="187.96" b="Y"/>
<point x="148.23" y="187.96" b="U"/>
<point x="153.36" y="182.62" b="G"/>
<point x="153.57" y="175.06" b="C"/>
<point x="153.57" y="167.50" b="C"/>
<point x="153.78" y="159.94" b="A"/>
<point x="146.42" y="162.39" b="U"/>
<point x="138.66" y="162.84" b="G"/>
<point x="131.49" y="161.24" b="R"/>
<point x="124.79" y="157.72" b="U"/>
<point x="119.29" y="152.54" b="C"/>
<point x="115.39" y="146.07" b="U"/>
<point x="113.15" y="138.78" b="G"/>
<point x="113.56" y="131.22" b="A"/>
<point x="115.59" y="123.94" b="A"/>
<point x="119.08" y="117.47" b="G"/>
<point x="124.79" y="112.28" b="R"/>
<point x="131.28" y="108.77" b="G"/>
<point x="138.88" y="107.17" b="R"/>
<point x="146.21" y="107.62" b="G"/>
<point x="153.78" y="110.07" b="A"/>
<point x="153.36" y="102.51" b="G"/>
<point x="153.57" y="94.95" b="R"/>
<point x="153.57" y="87.39" b="R"/>
<point x="146.89" y="84.36" b="N"/>
<point x="141.38" y="78.83" b="U"/>
<point x="138.07" y="72.03" b="U"/>
<point x="137.35" y="64.72" b="N"/>
<point x="139.01" y="57.35" b="N"/>
<point x="143.08" y="50.73" b="Y"/>
<point x="148.93" y="46.22" b="N"/>
<point x="155.70" y="43.51" b="G"/>
<point x="163.47" y="43.51" b="U"/>
<point x="170.61" y="46.01" b="R"/>
<point x="176.51" y="50.73" b="U"/>
<point x="180.52" y="57.14" b="C"/>
<point x="182.39" y="64.52" b="Y"/>
<point x="181.31" y="72.03" b="U"/>
<point x="178.22" y="78.83" b="Y"/>
<point x="172.85" y="84.15" b="Y"/>
<point x="165.81" y="87.39" b="U"/>
<point x="166.02" y="94.95" b="Y"/>
<point x="165.81" y="102.51" b="C"/>
<point x="165.81" y="110.07" b="U"/>
<point x="173.01" y="112.94" b="A"/>
<point x="178.67" y="117.72" b="U"/>
<point x="183.09" y="123.99" b="A"/>
<point x="185.08" y="131.22" b="U"/>
<point x="184.87" y="138.78" b="G"/>
<point x="183.09" y="146.02" b="A"/>
<point x="178.87" y="152.29" b="A"/>
<point x="173.01" y="157.07" b="A"/>
<point x="165.81" y="159.94" b="U"/>
<point x="165.60" y="167.50" b="G"/>
<point x="165.60" y="175.06" b="G"/>
<point x="165.81" y="182.62" b="C"/>
<point x="171.31" y="188.17" b="N"/>
<point x="178.51" y="187.96" b="G"/>
<point x="186.28" y="187.96" b="R"/>
<point x="194.04" y="187.96" b="A"/>
<point x="201.40" y="187.96" b="C"/>
<point x="209.16" y="187.96" b="A"/>
<point x="216.52" y="187.96" b="R"/>
<point x="224.28" y="187.96" b="A"/>
<point x="231.79" y="188.17" b="N"/>
<point x="239.35" y="188.17" b="N"/>
<point x="246.91" y="188.17" b="N"/>
<point x="254.47" y="188.17" b="N"/>
<point x="262.03" y="188.17" b="N"/>
</structure>