<structure>
<point x="19.45" y="139.59" b="R"/>
<point x="27.16" y="139.80" b="N"/>
<point x="32.15" y="134.24" b="G"/>
<point x="32.57" y="126.68" b="A"/>
<point x="32.15" y="119.12" b="G"/>
<point x="32.36" y="111.56" b="C"/>
<point x="32.36" y="104.00" b="C"/>
<point x="32.15" y="96.44" b="G"/>
<point x="32.51" y="89.09" b="N"/>
<point x="32.36" y="81.32" b="R"/>
<point x="29.26" y="74.43" b="U"/>
<point x="32.15" y="67.53" b="G"/>
<point x="32.51" y="60.18" b="N"/>
<point x="32.51" y="52.62" b="N"/>
<point x="32.36" y="44.85" b="R"/>
<point x="32.51" y="37.50" b="N"/>
<point x="29.98" y="30.05" b="G"/>
<point x="34.91" y="23.98" b="A"/>
<point x="42.47" y="23.98" b="A"/>
<point x="46.98" y="30.05" b="A"/>
<point x="44.75" y="37.50" b="N"/>
<point x="44.60" y="44.85" b="U"/>
<point x="44.81" y="52.41" b="Y"/>
<point x="44.75" y="60.18" b="N"/>
<point x="44.60" y="67.53" b="C"/>
<point x="52.36" y="67.83" b="A"/>
<point x="56.05" y="74.43" b="Y"/>
<point x="51.94" y="81.02" b="G"/>
<point x="44.81" y="81.32" b="Y"/>
<point x="44.75" y="89.09" b="N"/>
<point x="44.60" y="96.44" b="C"/>
<point x="44.39" y="104.00" b="G"/>
<point x="44.39" y="111.56" b="G"/>
<point x="44.60" y="119.12" b="U"/>
<point x="44.60" y="126.68" b="U"/>
<point x="44.81" y="134.24" b="Y"/>
<point x="50.10" y="139.80" b="N"/>
<point x="57.51" y="139.59" b="R"/>
<point x="62.85" y="134.24" b="R"/>
<point x="62.85" y="126.68" b="R"/>
<point x="62.85" y="119.12" b="R"/>
<point x="62.64" y="111.56" b="G"/>
<point x="59.75" y="104.67" b="R"/>
<point x="62.85" y="97.77" b="R"/>
<point x="63.00" y="90.42" b="N"/>
<point x="55.86" y="87.93" b="N"/>
<point x="49.58" y="83.73" b="N"/>
<point x="44.57" y="78.07" b="N"/>
<point x="41.14" y="71.33" b="N"/>
<point x="39.52" y="63.95" b="N"/>
<point x="39.83" y="56.39" b="N"/>
<point x="42.03" y="49.16" b="N"/>
<point x="45.98" y="42.71" b="N"/>
<point x="51.43" y="37.48" b="N"/>
<point x="58.03" y="33.78" b="N"/>
<point x="65.34" y="31.88" b="N"/>
<point x="72.90" y="31.88" b="N"/>
<point x="80.22" y="33.78" b="N"/>
<point x="86.81" y="37.48" b="N"/>
<point x="92.27" y="42.71" b="N"/>
<point x="96.22" y="49.16" b="N"/>
<point x="98.42" y="56.39" b="N"/>
<point x="98.72" y="63.95" b="N"/>
<point x="97.11" y="71.33" b="N"/>
<point x="93.74" y="77.86" b="Y"/>
<point x="88.66" y="83.73" b="N"/>
<point x="82.38" y="87.93" b="N"/>
<point x="75.30" y="90.21" b="Y"/>
<point x="75.30" y="97.77" b="Y"/>
<point x="82.13" y="101.09" b="N"/>
<point x="82.19" y="108.45" b="A"/>
<point x="75.30" y="111.56" b="Y"/>
<point x="75.30" y="119.12" b="Y"/>
<point x="75.30" y="126.68" b="Y"/>
<point x="75.30" y="134.24" b="Y"/>
<point x="80.64" y="139.59" b="A"/>
<point x="88.20" y="139.59" b="Y"/>
</structure>