<structure>
<point x="131.03" y="320.86" b="N"/>
<point x="131.03" y="313.30" b="N"/>
<point x="130.88" y="305.54" b="U"/>
<point x="131.03" y="298.18" b="N"/>
<point x="130.68" y="290.42" b="G"/>
<point x="130.88" y="282.86" b="C"/>
<point x="123.35" y="282.28" b="R"/>
<point x="115.65" y="281.26" b="G"/>
<point x="108.44" y="279.81" b="U"/>
<point x="100.91" y="277.93" b="G"/>
<point x="94.12" y="275.62" b="A"/>
<point x="87.07" y="272.90" b="Y"/>
<point x="79.77" y="269.77" b="G"/>
<point x="73.50" y="266.24" b="A"/>
<point x="66.82" y="262.33" b="C"/>
<point x="60.59" y="258.05" b="U"/>
<point x="54.83" y="253.42" b="Y"/>
<point x="48.72" y="248.44" b="G"/>
<point x="43.33" y="243.14" b="G"/>
<point x="38.62" y="237.74" b="N"/>
<point x="33.73" y="231.64" b="R"/>
<point x="29.55" y="225.48" b="A"/>
<point x="25.48" y="219.28" b="N"/>
<point x="21.90" y="212.45" b="A"/>
<point x="18.45" y="205.62" b="U"/>
<point x="15.61" y="198.61" b="U"/>
<point x="13.19" y="191.45" b="C"/>
<point x="11.39" y="184.16" b="A"/>
<point x="9.81" y="176.77" b="A"/>
<point x="8.26" y="169.29" b="G"/>
<point x="7.76" y="161.77" b="C"/>
<point x="7.50" y="154.21" b="U"/>
<point x="7.68" y="146.65" b="C"/>
<point x="8.50" y="139.12" b="A"/>
<point x="9.56" y="131.63" b="A"/>
<point x="10.85" y="124.22" b="C"/>
<point x="12.98" y="116.91" b="A"/>
<point x="14.91" y="109.72" b="G"/>
<point x="18.09" y="102.69" b="A"/>
<point x="21.05" y="95.82" b="C"/>
<point x="24.61" y="89.15" b="C"/>
<point x="28.56" y="82.71" b="R"/>
<point x="33.02" y="76.71" b="N"/>
<point x="37.75" y="70.55" b="A"/>
<point x="42.70" y="65.10" b="N"/>
<point x="48.09" y="59.53" b="Y"/>
<point x="53.51" y="54.49" b="R"/>
<point x="59.64" y="49.79" b="Y"/>
<point x="65.82" y="45.44" b="A"/>
<point x="71.83" y="41.46" b="G"/>
<point x="78.84" y="38.06" b="N"/>
<point x="85.69" y="34.86" b="N"/>
<point x="92.77" y="31.85" b="Y"/>
<point x="99.73" y="29.46" b="U"/>
<point x="107.03" y="27.50" b="U"/>
<point x="114.44" y="25.97" b="U"/>
<point x="122.12" y="24.87" b="Y"/>
<point x="129.45" y="24.21" b="U"/>
<point x="137.21" y="23.98" b="Y"/>
<point x="144.71" y="24.41" b="N"/>
<point x="152.24" y="25.07" b="N"/>
<point x="159.72" y="26.17" b="N"/>
<point x="167.12" y="27.71" b="N"/>
<point x="174.43" y="29.67" b="N"/>
<point x="181.60" y="32.06" b="N"/>
<point x="188.62" y="34.86" b="N"/>
<point x="195.47" y="38.06" b="N"/>
<point x="202.17" y="41.46" b="Y"/>
<point x="208.60" y="45.44" b="Y"/>
<point x="214.73" y="49.99" b="N"/>
<point x="220.50" y="54.49" b="R"/>
<point x="226.28" y="59.74" b="N"/>
<point x="231.61" y="65.10" b="N"/>
<point x="236.26" y="70.55" b="G"/>
<point x="240.93" y="76.50" b="G"/>
<point x="245.66" y="82.71" b="A"/>
<point x="249.40" y="89.15" b="U"/>
<point x="253.17" y="95.82" b="Y"/>
<point x="255.92" y="102.69" b="G"/>
<point x="259.04" y="109.93" b="N"/>
<point x="261.24" y="116.91" b="U"/>
<point x="263.16" y="124.22" b="U"/>
<point x="264.65" y="131.63" b="U"/>
<point x="265.50" y="139.12" b="G"/>
<point x="266.48" y="146.86" b="N"/>
<point x="266.66" y="154.42" b="N"/>
<point x="266.40" y="161.97" b="N"/>
<point x="265.55" y="169.29" b="R"/>
<point x="264.55" y="176.97" b="N"/>
<point x="262.98" y="184.37" b="N"/>
<point x="260.97" y="191.66" b="N"/>
<point x="258.55" y="198.82" b="N"/>
<point x="255.35" y="205.62" b="G"/>
<point x="252.52" y="212.45" b="A"/>
<point x="248.68" y="219.07" b="U"/>
<point x="244.81" y="225.69" b="N"/>
<point x="240.43" y="231.85" b="N"/>
<point x="235.75" y="237.53" b="Y"/>
<point x="230.68" y="243.14" b="Y"/>
<point x="225.08" y="248.44" b="C"/>
<point x="219.39" y="253.42" b="C"/>
<point x="213.21" y="258.05" b="G"/>
<point x="207.19" y="262.33" b="C"/>
<point x="200.72" y="266.24" b="U"/>
<point x="193.82" y="269.77" b="G"/>
<point x="187.35" y="272.90" b="A"/>
<point x="180.25" y="275.83" b="N"/>
<point x="172.90" y="277.93" b="C"/>
<point x="165.78" y="279.81" b="Y"/>
<point x="157.94" y="281.26" b="G"/>
<point x="150.87" y="282.28" b="A"/>
<point x="142.91" y="282.86" b="G"/>
<point x="143.12" y="290.42" b="C"/>
<point x="143.27" y="298.18" b="N"/>
<point x="143.12" y="305.54" b="R"/>
<point x="143.27" y="313.30" b="N"/>
<point x="143.27" y="320.86" b="N"/>
</structure>