<structure>
<point x="19.60" y="249.59" b="N"/>
<point x="27.16" y="249.59" b="N"/>
<point x="34.73" y="249.59" b="N"/>
<point x="42.28" y="249.59" b="N"/>
<point x="49.84" y="249.59" b="N"/>
<point x="57.41" y="249.59" b="N"/>
<point x="64.97" y="249.59" b="N"/>
<point x="72.53" y="249.59" b="N"/>
<point x="80.14" y="249.39" b="Y"/>
<point x="87.65" y="249.59" b="N"/>
<point x="95.20" y="249.59" b="N"/>
<point x="102.77" y="249.59" b="N"/>
<point x="110.33" y="249.59" b="N"/>
<point x="117.89" y="249.59" b="N"/>
<point x="122.87" y="244.04" b="G"/>
<point x="123.08" y="236.48" b="R"/>
<point x="122.87" y="228.92" b="G"/>
<point x="123.23" y="221.57" b="N"/>
<point x="123.29" y="213.80" b="A"/>
<point x="122.87" y="206.24" b="G"/>
<point x="122.87" y="198.68" b="G"/>
<point x="120.13" y="191.99" b="N"/>
<point x="123.08" y="184.89" b="U"/>
<point x="115.99" y="182.26" b="R"/>
<point x="110.07" y="177.84" b="A"/>
<point x="105.13" y="171.94" b="R"/>
<point x="102.36" y="164.99" b="A"/>
<point x="101.34" y="157.50" b="A"/>
<point x="102.36" y="150.01" b="Y"/>
<point x="105.13" y="143.06" b="C"/>
<point x="110.01" y="137.37" b="N"/>
<point x="116.20" y="132.74" b="Y"/>
<point x="123.29" y="130.11" b="Y"/>
<point x="122.87" y="122.55" b="G"/>
<point x="116.53" y="118.77" b="R"/>
<point x="123.23" y="115.20" b="N"/>
<point x="123.29" y="107.43" b="Y"/>
<point x="115.85" y="109.26" b="N"/>
<point x="110.01" y="104.31" b="A"/>
<point x="109.59" y="96.75" b="G"/>
<point x="115.49" y="92.02" b="G"/>
<point x="123.08" y="93.64" b="U"/>
<point x="123.08" y="86.08" b="U"/>
<point x="123.08" y="78.52" b="C"/>
<point x="122.87" y="70.96" b="G"/>
<point x="116.37" y="67.91" b="A"/>
<point x="110.69" y="63.07" b="N"/>
<point x="106.96" y="56.31" b="Y"/>
<point x="105.20" y="48.91" b="C"/>
<point x="97.59" y="47.36" b="G"/>
<point x="91.35" y="50.95" b="A"/>
<point x="83.47" y="49.79" b="G"/>
<point x="78.43" y="44.34" b="C"/>
<point x="77.55" y="36.83" b="R"/>
<point x="81.54" y="30.53" b="N"/>
<point x="88.59" y="27.46" b="A"/>
<point x="95.48" y="29.41" b="G"/>
<point x="100.33" y="35.38" b="C"/>
<point x="107.51" y="36.94" b="G"/>
<point x="112.34" y="30.80" b="A"/>
<point x="118.03" y="26.33" b="G"/>
<point x="125.63" y="23.98" b="A"/>
<point x="133.13" y="24.19" b="N"/>
<point x="140.37" y="26.33" b="A"/>
<point x="146.27" y="30.80" b="R"/>
<point x="150.68" y="36.94" b="C"/>
<point x="158.08" y="35.38" b="R"/>
<point x="165.62" y="34.03" b="N"/>
<point x="173.08" y="32.26" b="Y"/>
<point x="180.06" y="30.70" b="G"/>
<point x="187.67" y="29.14" b="C"/>
<point x="194.45" y="25.73" b="N"/>
<point x="201.32" y="28.90" b="N"/>
<point x="202.88" y="36.29" b="N"/>
<point x="197.88" y="41.96" b="N"/>
<point x="189.98" y="41.12" b="G"/>
<point x="182.79" y="42.68" b="C"/>
<point x="175.40" y="44.24" b="R"/>
<point x="168.15" y="46.00" b="N"/>
<point x="160.81" y="47.36" b="Y"/>
<point x="152.99" y="48.91" b="G"/>
<point x="151.65" y="56.31" b="R"/>
<point x="147.87" y="62.86" b="C"/>
<point x="142.24" y="67.91" b="C"/>
<point x="135.32" y="70.96" b="C"/>
<point x="135.11" y="78.52" b="G"/>
<point x="135.47" y="86.29" b="N"/>
<point x="135.53" y="93.64" b="A"/>
<point x="138.21" y="100.53" b="G"/>
<point x="135.11" y="107.43" b="G"/>
<point x="135.11" y="114.99" b="G"/>
<point x="135.53" y="122.55" b="Y"/>
<point x="135.11" y="130.11" b="G"/>
<point x="142.04" y="126.27" b="A"/>
<point x="149.03" y="123.96" b="R"/>
<point x="156.35" y="123.29" b="G"/>
<point x="164.21" y="124.49" b="N"/>
<point x="171.30" y="127.10" b="N"/>
<point x="177.70" y="131.00" b="Y"/>
<point x="182.78" y="136.41" b="R"/>
<point x="186.91" y="143.05" b="N"/>
<point x="189.37" y="150.19" b="N"/>
<point x="189.85" y="157.50" b="G"/>
<point x="189.37" y="165.22" b="N"/>
<point x="186.55" y="172.16" b="G"/>
<point x="182.94" y="178.80" b="N"/>
<point x="177.70" y="183.99" b="Y"/>
<point x="170.94" y="188.10" b="G"/>
<point x="164.26" y="190.72" b="A"/>
<point x="156.56" y="191.71" b="R"/>
<point x="149.03" y="191.04" b="U"/>
<point x="141.98" y="188.93" b="N"/>
<point x="135.53" y="184.89" b="A"/>
<point x="138.42" y="191.78" b="U"/>
<point x="135.32" y="198.68" b="C"/>
<point x="135.32" y="206.24" b="C"/>
<point x="135.53" y="213.80" b="Y"/>
<point x="135.47" y="221.57" b="N"/>
<point x="135.32" y="228.92" b="C"/>
<point x="135.47" y="236.69" b="N"/>
<point x="135.32" y="244.04" b="C"/>
<point x="140.82" y="249.59" b="N"/>
<point x="148.38" y="249.59" b="N"/>
<point x="155.94" y="249.59" b="N"/>
<point x="163.35" y="249.39" b="C"/>
<point x="170.91" y="249.39" b="C"/>
<point x="178.47" y="249.39" b="R"/>
<point x="186.03" y="249.39" b="C"/>
<point x="193.79" y="249.39" b="Y"/>
<point x="201.35" y="249.39" b="A"/>
</structure>