<structure>
<point x="203.82" y="306.75" b="U"/>
<point x="211.18" y="306.75" b="G"/>
<point x="216.52" y="301.41" b="G"/>
<point x="216.94" y="293.85" b="A"/>
<point x="216.94" y="286.29" b="A"/>
<point x="216.94" y="278.73" b="A"/>
<point x="212.39" y="284.77" b="A"/>
<point x="207.45" y="290.49" b="A"/>
<point x="202.15" y="295.88" b="A"/>
<point x="196.30" y="300.91" b="C"/>
<point x="190.55" y="305.56" b="A"/>
<point x="184.29" y="309.81" b="A"/>
<point x="177.57" y="313.64" b="C"/>
<point x="171.02" y="317.03" b="A"/>
<point x="164.00" y="320.18" b="N"/>
<point x="156.91" y="322.45" b="A"/>
<point x="149.20" y="324.45" b="G"/>
<point x="142.22" y="325.98" b="Y"/>
<point x="134.31" y="327.01" b="G"/>
<point x="126.98" y="327.55" b="R"/>
<point x="119.21" y="327.59" b="G"/>
<point x="111.87" y="327.13" b="U"/>
<point x="104.58" y="326.19" b="A"/>
<point x="97.16" y="324.75" b="A"/>
<point x="89.43" y="322.82" b="G"/>
<point x="82.47" y="320.43" b="U"/>
<point x="75.47" y="317.56" b="U"/>
<point x="68.89" y="314.24" b="A"/>
<point x="61.91" y="310.49" b="G"/>
<point x="55.61" y="306.31" b="G"/>
<point x="50.01" y="301.73" b="A"/>
<point x="43.90" y="296.76" b="G"/>
<point x="38.95" y="291.43" b="A"/>
<point x="33.95" y="285.76" b="A"/>
<point x="28.92" y="279.77" b="G"/>
<point x="24.71" y="273.49" b="G"/>
<point x="21.13" y="266.95" b="U"/>
<point x="17.56" y="260.18" b="G"/>
<point x="15.07" y="253.20" b="A"/>
<point x="12.43" y="246.04" b="C"/>
<point x="10.67" y="238.74" b="Y"/>
<point x="8.99" y="231.33" b="U"/>
<point x="8.00" y="223.83" b="U"/>
<point x="7.50" y="216.29" b="U"/>
<point x="7.50" y="208.73" b="U"/>
<point x="8.00" y="201.19" b="C"/>
<point x="8.99" y="193.69" b="U"/>
<point x="10.47" y="186.28" b="C"/>
<point x="12.43" y="178.98" b="U"/>
<point x="14.87" y="171.82" b="U"/>
<point x="17.77" y="164.84" b="U"/>
<point x="21.13" y="158.06" b="U"/>
<point x="24.92" y="151.53" b="U"/>
<point x="29.13" y="145.25" b="C"/>
<point x="33.75" y="139.26" b="U"/>
<point x="38.54" y="133.59" b="G"/>
<point x="44.31" y="128.26" b="A"/>
<point x="50.01" y="123.29" b="A"/>
<point x="55.97" y="118.92" b="N"/>
<point x="62.27" y="114.74" b="N"/>
<point x="68.83" y="110.98" b="N"/>
<point x="75.62" y="107.66" b="N"/>
<point x="82.62" y="104.80" b="N"/>
<point x="89.43" y="102.19" b="G"/>
<point x="96.74" y="100.27" b="G"/>
<point x="104.37" y="98.83" b="U"/>
<point x="111.87" y="97.88" b="U"/>
<point x="119.21" y="97.43" b="G"/>
<point x="126.77" y="97.47" b="G"/>
<point x="134.73" y="98.01" b="A"/>
<point x="141.80" y="99.04" b="G"/>
<point x="149.41" y="100.56" b="C"/>
<point x="156.70" y="102.57" b="U"/>
<point x="164.05" y="105.05" b="Y"/>
<point x="170.81" y="107.99" b="U"/>
<point x="177.36" y="111.38" b="G"/>
<point x="184.09" y="115.21" b="C"/>
<point x="190.55" y="119.45" b="Y"/>
<point x="196.30" y="124.10" b="C"/>
<point x="202.15" y="129.13" b="A"/>
<point x="207.25" y="134.53" b="U"/>
<point x="212.18" y="140.25" b="U"/>
<point x="216.94" y="146.29" b="A"/>
<point x="216.73" y="138.73" b="U"/>
<point x="216.94" y="131.17" b="A"/>
<point x="216.73" y="123.61" b="U"/>
<point x="216.73" y="116.05" b="U"/>
<point x="210.81" y="111.62" b="A"/>
<point x="207.36" y="104.89" b="A"/>
<point x="206.95" y="97.33" b="G"/>
<point x="210.81" y="90.60" b="A"/>
<point x="216.94" y="86.18" b="A"/>
<point x="216.52" y="78.62" b="G"/>
<point x="216.73" y="71.06" b="U"/>
<point x="216.73" y="63.50" b="U"/>
<point x="216.52" y="55.94" b="G"/>
<point x="210.32" y="51.61" b="G"/>
<point x="206.89" y="44.99" b="U"/>
<point x="206.58" y="37.43" b="U"/>
<point x="209.66" y="30.53" b="U"/>
<point x="215.49" y="25.71" b="C"/>
<point x="222.85" y="23.98" b="R"/>
<point x="230.00" y="25.71" b="G"/>
<point x="236.24" y="30.53" b="A"/>
<point x="239.27" y="37.64" b="N"/>
<point x="238.81" y="44.99" b="U"/>
<point x="235.38" y="51.61" b="A"/>
<point x="229.18" y="55.94" b="Y"/>
<point x="229.18" y="63.50" b="A"/>
<point x="229.18" y="71.06" b="A"/>
<point x="228.97" y="78.62" b="U"/>
<point x="228.97" y="86.18" b="U"/>
<point x="235.10" y="90.60" b="C"/>
<point x="238.54" y="97.33" b="R"/>
<point x="238.75" y="104.89" b="A"/>
<point x="234.89" y="111.62" b="G"/>
<point x="228.76" y="116.05" b="G"/>
<point x="229.18" y="123.61" b="A"/>
<point x="228.97" y="131.17" b="U"/>
<point x="229.18" y="138.73" b="A"/>
<point x="228.97" y="146.29" b="U"/>
<point x="236.45" y="147.41" b="U"/>
<point x="243.95" y="149.38" b="A"/>
<point x="250.78" y="152.16" b="C"/>
<point x="257.65" y="155.71" b="A"/>
<point x="263.67" y="160.01" b="U"/>
<point x="269.36" y="164.98" b="R"/>
<point x="274.25" y="170.57" b="G"/>
<point x="279.09" y="176.69" b="A"/>
<point x="282.79" y="183.29" b="A"/>
<point x="285.52" y="190.25" b="C"/>
<point x="287.85" y="197.51" b="A"/>
<point x="289.13" y="204.96" b="A"/>
<point x="289.56" y="212.51" b="A"/>
<point x="289.13" y="220.06" b="A"/>
<point x="287.85" y="227.51" b="A"/>
<point x="285.31" y="234.76" b="G"/>
<point x="282.59" y="241.73" b="C"/>
<point x="279.09" y="248.32" b="A"/>
<point x="274.66" y="254.45" b="A"/>
<point x="269.36" y="260.04" b="C"/>
<point x="263.67" y="265.01" b="U"/>
<point x="257.24" y="269.30" b="G"/>
<point x="250.98" y="272.86" b="A"/>
<point x="243.75" y="275.64" b="R"/>
<point x="236.45" y="277.61" b="C"/>
<point x="228.97" y="278.73" b="U"/>
<point x="228.97" y="286.29" b="U"/>
<point x="228.97" y="293.85" b="U"/>
<point x="228.97" y="301.41" b="C"/>
<point x="234.47" y="306.96" b="N"/>
<point x="241.88" y="306.75" b="C"/>
</structure>