<structure>
<point x="112.73" y="254.24" b="G"/>
<point x="113.15" y="246.68" b="A"/>
<point x="105.56" y="246.21" b="N"/>
<point x="97.94" y="244.83" b="R"/>
<point x="90.57" y="243.14" b="U"/>
<point x="83.13" y="240.97" b="G"/>
<point x="76.47" y="238.30" b="A"/>
<point x="69.38" y="235.16" b="U"/>
<point x="62.94" y="231.56" b="Y"/>
<point x="56.13" y="227.53" b="G"/>
<point x="50.45" y="223.06" b="A"/>
<point x="44.46" y="218.19" b="C"/>
<point x="39.22" y="212.95" b="A"/>
<point x="34.09" y="207.55" b="N"/>
<point x="29.26" y="201.41" b="C"/>
<point x="25.20" y="195.17" b="Y"/>
<point x="21.36" y="188.65" b="A"/>
<point x="17.56" y="181.89" b="G"/>
<point x="14.64" y="174.92" b="G"/>
<point x="12.41" y="167.76" b="C"/>
<point x="10.66" y="160.46" b="Y"/>
<point x="8.80" y="153.04" b="G"/>
<point x="8.27" y="145.54" b="A"/>
<point x="7.63" y="137.99" b="U"/>
<point x="7.50" y="130.43" b="G"/>
<point x="8.30" y="122.90" b="U"/>
<point x="9.40" y="115.42" b="R"/>
<point x="11.21" y="108.03" b="A"/>
<point x="13.32" y="100.77" b="A"/>
<point x="15.49" y="93.67" b="G"/>
<point x="18.77" y="86.75" b="C"/>
<point x="22.29" y="80.07" b="C"/>
<point x="26.06" y="73.64" b="G"/>
<point x="30.67" y="67.49" b="U"/>
<point x="35.47" y="61.65" b="C"/>
<point x="40.45" y="56.15" b="G"/>
<point x="46.21" y="51.02" b="C"/>
<point x="52.31" y="46.28" b="A"/>
<point x="58.08" y="41.94" b="G"/>
<point x="64.97" y="38.04" b="A"/>
<point x="71.49" y="34.58" b="U"/>
<point x="78.22" y="31.59" b="G"/>
<point x="85.35" y="29.07" b="G"/>
<point x="93.05" y="27.05" b="A"/>
<point x="100.25" y="25.52" b="C"/>
<point x="107.53" y="24.50" b="G"/>
<point x="115.28" y="23.98" b="U"/>
<point x="122.99" y="24.19" b="N"/>
<point x="130.53" y="24.70" b="N"/>
<point x="138.02" y="25.73" b="N"/>
<point x="145.28" y="27.05" b="U"/>
<point x="152.56" y="29.07" b="R"/>
<point x="159.84" y="31.80" b="N"/>
<point x="166.63" y="34.58" b="C"/>
<point x="173.51" y="38.25" b="N"/>
<point x="180.04" y="41.94" b="Y"/>
<point x="186.18" y="46.49" b="N"/>
<point x="192.06" y="51.23" b="N"/>
<point x="197.61" y="56.36" b="N"/>
<point x="202.80" y="61.86" b="N"/>
<point x="207.46" y="67.49" b="R"/>
<point x="211.86" y="73.64" b="U"/>
<point x="215.62" y="80.07" b="G"/>
<point x="219.56" y="86.75" b="A"/>
<point x="222.63" y="93.67" b="A"/>
<point x="225.22" y="100.77" b="A"/>
<point x="227.27" y="108.24" b="N"/>
<point x="228.72" y="115.42" b="C"/>
<point x="230.03" y="122.90" b="A"/>
<point x="230.41" y="130.43" b="R"/>
<point x="230.70" y="137.99" b="Y"/>
<point x="230.21" y="145.75" b="N"/>
<point x="229.32" y="153.04" b="Y"/>
<point x="227.82" y="160.67" b="N"/>
<point x="225.87" y="167.97" b="N"/>
<point x="223.43" y="175.13" b="N"/>
<point x="220.51" y="182.10" b="N"/>
<point x="217.12" y="188.86" b="N"/>
<point x="213.28" y="195.38" b="N"/>
<point x="209.02" y="201.61" b="N"/>
<point x="204.39" y="207.34" b="Y"/>
<point x="198.90" y="212.95" b="G"/>
<point x="193.67" y="218.19" b="C"/>
<point x="187.88" y="223.06" b="C"/>
<point x="181.99" y="227.53" b="Y"/>
<point x="175.60" y="231.56" b="Y"/>
<point x="168.53" y="235.16" b="G"/>
<point x="162.01" y="238.51" b="N"/>
<point x="154.79" y="240.97" b="C"/>
<point x="147.55" y="243.14" b="U"/>
<point x="139.97" y="244.83" b="G"/>
<point x="132.92" y="246.01" b="A"/>
<point x="125.18" y="246.68" b="U"/>
<point x="125.18" y="254.24" b="C"/>
</structure>