<structure>
<point x="39.27" y="164.06" b="C"/>
<point x="44.62" y="158.72" b="U"/>
<point x="44.41" y="151.16" b="G"/>
<point x="44.62" y="143.60" b="C"/>
<point x="44.83" y="136.04" b="A"/>
<point x="40.36" y="142.42" b="G"/>
<point x="34.58" y="146.75" b="Y"/>
<point x="27.19" y="148.34" b="Y"/>
<point x="19.75" y="146.96" b="A"/>
<point x="13.43" y="142.82" b="A"/>
<point x="8.99" y="136.56" b="U"/>
<point x="7.50" y="129.14" b="U"/>
<point x="9.19" y="121.73" b="A"/>
<point x="13.43" y="115.47" b="A"/>
<point x="19.34" y="111.33" b="G"/>
<point x="26.98" y="109.94" b="C"/>
<point x="34.37" y="111.54" b="C"/>
<point x="40.36" y="115.86" b="G"/>
<point x="44.83" y="122.25" b="A"/>
<point x="44.62" y="114.69" b="C"/>
<point x="44.83" y="107.13" b="Y"/>
<point x="44.62" y="99.57" b="R"/>
<point x="40.06" y="93.86" b="N"/>
<point x="40.06" y="86.30" b="N"/>
<point x="44.83" y="80.17" b="Y"/>
<point x="44.83" y="72.61" b="Y"/>
<point x="44.62" y="65.05" b="C"/>
<point x="44.83" y="57.49" b="Y"/>
<point x="38.84" y="52.87" b="Y"/>
<point x="35.79" y="45.96" b="Y"/>
<point x="36.39" y="38.42" b="Y"/>
<point x="40.52" y="32.09" b="Y"/>
<point x="46.96" y="28.48" b="C"/>
<point x="54.73" y="28.48" b="Y"/>
<point x="61.37" y="32.09" b="Y"/>
<point x="65.29" y="38.42" b="R"/>
<point x="66.11" y="45.96" b="Y"/>
<point x="62.84" y="52.87" b="R"/>
<point x="56.86" y="57.49" b="R"/>
<point x="56.65" y="65.05" b="G"/>
<point x="56.86" y="72.61" b="R"/>
<point x="56.65" y="80.17" b="G"/>
<point x="61.77" y="86.09" b="Y"/>
<point x="61.77" y="93.65" b="Y"/>
<point x="57.07" y="99.57" b="Y"/>
<point x="56.86" y="107.13" b="R"/>
<point x="56.65" y="114.69" b="G"/>
<point x="56.86" y="122.25" b="U"/>
<point x="59.75" y="129.14" b="G"/>
<point x="56.86" y="136.04" b="U"/>
<point x="56.65" y="143.60" b="G"/>
<point x="56.86" y="151.16" b="C"/>
<point x="57.07" y="158.72" b="A"/>
<point x="62.41" y="164.06" b="A"/>
<point x="69.77" y="164.06" b="U"/>
<point x="77.12" y="164.06" b="G"/>
<point x="84.68" y="164.06" b="G"/>
<point x="92.45" y="164.06" b="C"/>
<point x="100.01" y="164.06" b="U"/>
<point x="107.36" y="164.06" b="G"/>
<point x="115.13" y="164.06" b="C"/>
<point x="122.89" y="164.06" b="A"/>
<point x="130.25" y="164.06" b="R"/>
<point x="138.01" y="164.06" b="A"/>
<point x="145.37" y="164.06" b="C"/>
<point x="153.13" y="164.06" b="A"/>
<point x="160.28" y="164.06" b="G"/>
<point x="168.05" y="164.06" b="C"/>
<point x="175.81" y="164.06" b="A"/>
<point x="183.17" y="164.06" b="R"/>
<point x="190.88" y="164.27" b="N"/>
<point x="198.49" y="164.06" b="Y"/>
<point x="205.85" y="164.06" b="U"/>
<point x="213.41" y="164.06" b="C"/>
<point x="220.97" y="164.06" b="C"/>
<point x="228.53" y="164.06" b="U"/>
<point x="236.09" y="164.06" b="U"/>
<point x="241.22" y="158.72" b="G"/>
<point x="241.22" y="151.16" b="G"/>
<point x="241.43" y="143.60" b="U"/>
<point x="234.58" y="140.94" b="N"/>
<point x="228.37" y="135.96" b="G"/>
<point x="224.36" y="129.68" b="U"/>
<point x="221.95" y="122.45" b="G"/>
<point x="222.16" y="114.89" b="U"/>
<point x="224.57" y="107.66" b="A"/>
<point x="228.78" y="101.38" b="Y"/>
<point x="234.22" y="96.60" b="G"/>
<point x="241.64" y="93.74" b="Y"/>
<point x="241.43" y="86.18" b="R"/>
<point x="241.58" y="78.82" b="N"/>
<point x="241.43" y="71.06" b="C"/>
<point x="241.43" y="63.50" b="C"/>
<point x="241.43" y="55.94" b="U"/>
<point x="235.02" y="51.61" b="G"/>
<point x="231.59" y="44.99" b="U"/>
<point x="231.28" y="37.43" b="U"/>
<point x="234.51" y="30.73" b="N"/>
<point x="240.34" y="25.92" b="N"/>
<point x="247.76" y="23.98" b="Y"/>
<point x="255.12" y="25.71" b="Y"/>
<point x="260.53" y="30.53" b="G"/>
<point x="263.82" y="37.43" b="U"/>
<point x="263.51" y="44.99" b="R"/>
<point x="260.08" y="51.61" b="Y"/>
<point x="253.67" y="55.94" b="R"/>
<point x="253.46" y="63.50" b="G"/>
<point x="253.46" y="71.06" b="G"/>
<point x="253.82" y="78.82" b="N"/>
<point x="253.67" y="86.18" b="U"/>
<point x="253.46" y="93.74" b="G"/>
<point x="261.08" y="95.26" b="C"/>
<point x="267.89" y="98.93" b="Y"/>
<point x="273.10" y="104.41" b="Y"/>
<point x="276.23" y="111.19" b="U"/>
<point x="277.58" y="118.67" b="A"/>
<point x="276.43" y="126.14" b="A"/>
<point x="272.69" y="132.93" b="G"/>
<point x="267.48" y="138.41" b="G"/>
<point x="260.87" y="142.08" b="G"/>
<point x="253.88" y="143.60" b="A"/>
<point x="253.67" y="151.16" b="C"/>
<point x="253.67" y="158.72" b="C"/>
<point x="259.02" y="164.06" b="U"/>
<point x="266.78" y="164.06" b="Y"/>
<point x="274.14" y="164.06" b="R"/>
<point x="281.49" y="164.06" b="G"/>
<point x="289.46" y="164.06" b="A"/>
<point x="296.82" y="164.06" b="R"/>
<point x="304.58" y="164.06" b="A"/>
<point x="311.94" y="164.06" b="C"/>
<point x="319.70" y="164.06" b="A"/>
<point x="327.21" y="164.27" b="N"/>
<point x="334.77" y="164.27" b="N"/>
<point x="342.38" y="164.06" b="Y"/>
</structure>