<structure>
<point x="19.60" y="256.79" b="N"/>
<point x="27.16" y="256.79" b="N"/>
<point x="32.51" y="251.45" b="N"/>
<point x="32.51" y="243.89" b="N"/>
<point x="32.51" y="236.33" b="N"/>
<point x="32.51" y="228.77" b="N"/>
<point x="27.80" y="222.85" b="N"/>
<point x="27.45" y="215.08" b="G"/>
<point x="32.51" y="209.37" b="N"/>
<point x="32.51" y="201.81" b="N"/>
<point x="32.51" y="194.25" b="N"/>
<point x="32.57" y="186.49" b="Y"/>
<point x="32.51" y="179.13" b="N"/>
<point x="32.51" y="171.57" b="N"/>
<point x="32.51" y="164.01" b="N"/>
<point x="32.57" y="156.25" b="Y"/>
<point x="32.51" y="148.89" b="N"/>
<point x="32.57" y="141.13" b="Y"/>
<point x="32.36" y="133.57" b="R"/>
<point x="25.55" y="136.73" b="N"/>
<point x="18.02" y="136.03" b="N"/>
<point x="11.72" y="131.86" b="N"/>
<point x="7.99" y="124.99" b="C"/>
<point x="7.78" y="117.43" b="G"/>
<point x="11.72" y="110.98" b="N"/>
<point x="18.08" y="106.60" b="A"/>
<point x="25.61" y="105.91" b="Y"/>
<point x="32.51" y="109.07" b="N"/>
<point x="32.51" y="101.50" b="N"/>
<point x="32.36" y="93.74" b="R"/>
<point x="32.36" y="86.18" b="U"/>
<point x="32.57" y="78.62" b="Y"/>
<point x="32.36" y="71.06" b="U"/>
<point x="32.57" y="63.50" b="Y"/>
<point x="32.36" y="55.94" b="U"/>
<point x="26.36" y="51.61" b="Y"/>
<point x="22.31" y="44.99" b="G"/>
<point x="22.21" y="37.43" b="C"/>
<point x="25.29" y="30.53" b="C"/>
<point x="31.12" y="25.71" b="U"/>
<point x="38.48" y="23.98" b="U"/>
<point x="45.84" y="25.71" b="U"/>
<point x="51.67" y="30.53" b="U"/>
<point x="54.95" y="37.43" b="A"/>
<point x="54.44" y="44.99" b="C"/>
<point x="51.01" y="51.61" b="Y"/>
<point x="44.81" y="55.94" b="A"/>
<point x="44.60" y="63.50" b="R"/>
<point x="44.81" y="71.06" b="A"/>
<point x="44.60" y="78.62" b="R"/>
<point x="44.60" y="86.18" b="R"/>
<point x="44.81" y="93.74" b="Y"/>
<point x="44.75" y="101.50" b="N"/>
<point x="44.75" y="109.07" b="N"/>
<point x="50.20" y="113.94" b="C"/>
<point x="52.27" y="121.21" b="C"/>
<point x="49.99" y="128.48" b="G"/>
<point x="44.81" y="133.57" b="Y"/>
<point x="44.39" y="141.13" b="G"/>
<point x="44.75" y="148.89" b="N"/>
<point x="44.60" y="156.25" b="R"/>
<point x="44.75" y="164.01" b="N"/>
<point x="44.75" y="171.57" b="N"/>
<point x="44.75" y="179.13" b="N"/>
<point x="44.75" y="186.69" b="N"/>
<point x="44.75" y="194.25" b="N"/>
<point x="44.75" y="201.81" b="N"/>
<point x="44.75" y="209.37" b="N"/>
<point x="51.91" y="206.93" b="N"/>
<point x="59.12" y="209.20" b="N"/>
<point x="63.59" y="215.29" b="N"/>
<point x="63.59" y="222.85" b="N"/>
<point x="59.12" y="228.94" b="N"/>
<point x="51.91" y="231.21" b="N"/>
<point x="44.60" y="228.56" b="R"/>
<point x="44.75" y="236.33" b="N"/>
<point x="44.75" y="243.89" b="N"/>
<point x="44.75" y="251.45" b="N"/>
<point x="50.10" y="256.79" b="N"/>
<point x="57.66" y="256.79" b="N"/>
<point x="65.22" y="256.79" b="N"/>
<point x="72.78" y="256.79" b="N"/>
<point x="80.34" y="256.79" b="N"/>
<point x="87.90" y="256.79" b="N"/>
<point x="95.46" y="256.79" b="N"/>
<point x="103.02" y="256.79" b="N"/>
<point x="110.63" y="256.59" b="A"/>
<point x="118.19" y="256.59" b="A"/>
<point x="125.55" y="256.59" b="U"/>
<point x="133.11" y="256.59" b="U"/>
<point x="140.67" y="256.59" b="U"/>
<point x="148.23" y="256.59" b="U"/>
<point x="155.79" y="256.59" b="U"/>
<point x="163.50" y="256.79" b="N"/>
<point x="171.06" y="256.79" b="N"/>
<point x="176.40" y="251.45" b="N"/>
<point x="169.85" y="247.67" b="N"/>
<point x="176.40" y="243.89" b="N"/>
<point x="176.40" y="236.33" b="N"/>
<point x="176.40" y="228.77" b="N"/>
<point x="176.46" y="221.00" b="Y"/>
<point x="176.40" y="213.65" b="N"/>
<point x="176.40" y="206.09" b="N"/>
<point x="171.51" y="200.32" b="N"/>
<point x="171.11" y="192.77" b="N"/>
<point x="175.36" y="186.52" b="N"/>
<point x="182.52" y="184.10" b="N"/>
<point x="189.69" y="186.52" b="N"/>
<point x="193.93" y="192.77" b="N"/>
<point x="193.53" y="200.32" b="N"/>
<point x="188.64" y="206.09" b="N"/>
<point x="188.64" y="213.65" b="N"/>
<point x="188.64" y="221.21" b="N"/>
<point x="188.49" y="228.56" b="R"/>
<point x="188.64" y="236.33" b="N"/>
<point x="188.64" y="243.89" b="N"/>
<point x="188.64" y="251.45" b="N"/>
</structure>