<structure>
<point x="60.18" y="210.48" b="N"/>
<point x="67.74" y="210.48" b="N"/>
<point x="73.09" y="205.13" b="N"/>
<point x="73.09" y="197.57" b="N"/>
<point x="72.94" y="189.81" b="U"/>
<point x="72.73" y="182.25" b="G"/>
<point x="72.94" y="174.69" b="C"/>
<point x="72.94" y="167.13" b="C"/>
<point x="65.45" y="166.09" b="U"/>
<point x="58.11" y="164.26" b="R"/>
<point x="51.01" y="161.68" b="U"/>
<point x="44.01" y="158.36" b="G"/>
<point x="38.02" y="154.35" b="A"/>
<point x="31.86" y="149.68" b="U"/>
<point x="26.22" y="144.42" b="G"/>
<point x="21.38" y="138.61" b="G"/>
<point x="17.39" y="132.33" b="U"/>
<point x="13.66" y="125.64" b="G"/>
<point x="11.07" y="118.61" b="U"/>
<point x="9.03" y="111.34" b="U"/>
<point x="7.97" y="103.88" b="A"/>
<point x="7.50" y="96.34" b="A"/>
<point x="7.82" y="88.78" b="A"/>
<point x="8.73" y="81.31" b="U"/>
<point x="10.83" y="73.99" b="A"/>
<point x="13.28" y="66.91" b="U"/>
<point x="16.87" y="60.15" b="A"/>
<point x="20.95" y="53.78" b="Y"/>
<point x="25.47" y="47.88" b="U"/>
<point x="30.79" y="42.51" b="U"/>
<point x="36.64" y="37.73" b="U"/>
<point x="42.76" y="33.59" b="G"/>
<point x="49.90" y="30.13" b="A"/>
<point x="56.53" y="27.41" b="G"/>
<point x="64.19" y="25.65" b="N"/>
<point x="71.66" y="24.46" b="N"/>
<point x="79.21" y="24.06" b="N"/>
<point x="86.81" y="24.25" b="Y"/>
<point x="94.22" y="25.65" b="N"/>
<point x="101.52" y="27.61" b="N"/>
<point x="108.22" y="30.13" b="G"/>
<point x="115.15" y="33.59" b="C"/>
<point x="121.48" y="37.73" b="U"/>
<point x="127.33" y="42.51" b="R"/>
<point x="132.86" y="47.88" b="Y"/>
<point x="137.16" y="53.78" b="G"/>
<point x="141.66" y="60.15" b="A"/>
<point x="145.04" y="66.91" b="A"/>
<point x="147.70" y="73.99" b="A"/>
<point x="149.59" y="81.31" b="A"/>
<point x="150.71" y="88.78" b="A"/>
<point x="150.97" y="96.54" b="N"/>
<point x="150.50" y="104.09" b="N"/>
<point x="149.24" y="111.54" b="N"/>
<point x="147.19" y="118.82" b="N"/>
<point x="144.25" y="125.64" b="U"/>
<point x="140.88" y="132.54" b="N"/>
<point x="136.67" y="138.82" b="N"/>
<point x="131.89" y="144.42" b="A"/>
<point x="126.41" y="149.89" b="N"/>
<point x="120.31" y="154.35" b="U"/>
<point x="113.90" y="158.36" b="C"/>
<point x="107.11" y="161.68" b="U"/>
<point x="99.79" y="164.26" b="G"/>
<point x="92.87" y="166.09" b="A"/>
<point x="84.97" y="167.13" b="G"/>
<point x="84.97" y="174.69" b="G"/>
<point x="85.18" y="182.25" b="C"/>
<point x="85.33" y="190.01" b="N"/>
<point x="85.33" y="197.57" b="N"/>
<point x="85.33" y="205.13" b="N"/>
<point x="90.67" y="210.48" b="N"/>
<point x="98.23" y="210.48" b="N"/>
</structure>