<structure>
<point x="58.98" y="121.27" b="N"/>
<point x="66.54" y="121.27" b="N"/>
<point x="74.10" y="121.27" b="N"/>
<point x="81.66" y="121.27" b="N"/>
<point x="89.22" y="121.27" b="N"/>
<point x="94.57" y="115.92" b="N"/>
<point x="94.63" y="108.16" b="Y"/>
<point x="94.57" y="100.80" b="N"/>
<point x="94.57" y="93.24" b="N"/>
<point x="94.57" y="85.68" b="N"/>
<point x="88.15" y="81.69" b="N"/>
<point x="81.01" y="84.84" b="G"/>
<point x="74.23" y="88.19" b="G"/>
<point x="67.46" y="91.54" b="G"/>
<point x="67.23" y="99.09" b="G"/>
<point x="64.63" y="106.26" b="N"/>
<point x="58.98" y="111.46" b="G"/>
<point x="61.48" y="118.66" b="C"/>
<point x="63.97" y="125.87" b="Y"/>
<point x="66.20" y="133.28" b="N"/>
<point x="68.49" y="140.49" b="N"/>
<point x="73.77" y="145.90" b="N"/>
<point x="73.46" y="153.45" b="N"/>
<point x="67.75" y="158.41" b="N"/>
<point x="60.23" y="157.65" b="N"/>
<point x="55.62" y="151.66" b="N"/>
<point x="56.82" y="144.19" b="N"/>
<point x="54.53" y="136.99" b="N"/>
<point x="52.10" y="129.57" b="R"/>
<point x="49.60" y="122.37" b="G"/>
<point x="47.53" y="115.16" b="C"/>
<point x="40.09" y="113.79" b="U"/>
<point x="33.45" y="109.81" b="G"/>
<point x="29.32" y="103.77" b="A"/>
<point x="26.87" y="96.49" b="G"/>
<point x="28.03" y="88.97" b="A"/>
<point x="31.39" y="82.43" b="N"/>
<point x="27.06" y="76.24" b="N"/>
<point x="22.72" y="70.05" b="N"/>
<point x="18.38" y="63.86" b="N"/>
<point x="14.04" y="57.66" b="N"/>
<point x="9.71" y="51.47" b="N"/>
<point x="7.50" y="44.24" b="N"/>
<point x="13.69" y="39.91" b="N"/>
<point x="19.73" y="44.45" b="N"/>
<point x="24.07" y="50.64" b="N"/>
<point x="28.41" y="56.83" b="N"/>
<point x="32.74" y="63.03" b="N"/>
<point x="37.08" y="69.22" b="N"/>
<point x="41.42" y="75.41" b="N"/>
<point x="48.77" y="74.29" b="R"/>
<point x="56.30" y="76.16" b="A"/>
<point x="62.24" y="80.57" b="C"/>
<point x="69.02" y="77.22" b="C"/>
<point x="75.80" y="73.86" b="C"/>
<point x="82.72" y="70.72" b="N"/>
<point x="83.51" y="62.99" b="Y"/>
<point x="87.20" y="56.63" b="N"/>
<point x="93.15" y="51.96" b="R"/>
<point x="100.54" y="50.38" b="R"/>
<point x="108.14" y="51.96" b="A"/>
<point x="114.03" y="56.42" b="C"/>
<point x="121.05" y="53.59" b="C"/>
<point x="128.06" y="50.77" b="U"/>
<point x="134.86" y="47.94" b="G"/>
<point x="139.00" y="41.36" b="A"/>
<point x="145.81" y="38.54" b="U"/>
<point x="153.06" y="40.69" b="C"/>
<point x="160.27" y="37.86" b="Y"/>
<point x="167.08" y="35.04" b="R"/>
<point x="173.88" y="32.21" b="G"/>
<point x="178.44" y="26.13" b="N"/>
<point x="185.59" y="23.98" b="U"/>
<point x="192.50" y="27.58" b="N"/>
<point x="195.39" y="34.38" b="A"/>
<point x="192.66" y="41.51" b="U"/>
<point x="186.05" y="45.18" b="R"/>
<point x="178.67" y="43.56" b="C"/>
<point x="171.86" y="46.39" b="Y"/>
<point x="164.64" y="49.22" b="R"/>
<point x="157.42" y="52.04" b="G"/>
<point x="153.90" y="58.62" b="C"/>
<point x="146.68" y="61.45" b="G"/>
<point x="139.79" y="59.50" b="N"/>
<point x="132.84" y="62.12" b="A"/>
<point x="125.41" y="64.95" b="G"/>
<point x="118.40" y="67.77" b="G"/>
<point x="117.10" y="75.22" b="G"/>
<point x="113.29" y="81.49" b="A"/>
<point x="106.81" y="85.68" b="N"/>
<point x="106.81" y="93.24" b="N"/>
<point x="106.81" y="100.80" b="N"/>
<point x="106.66" y="108.16" b="R"/>
<point x="106.81" y="115.92" b="N"/>
<point x="112.16" y="121.27" b="N"/>
<point x="119.72" y="121.27" b="N"/>
<point x="127.27" y="121.27" b="N"/>
<point x="134.83" y="121.27" b="N"/>
<point x="142.39" y="121.27" b="N"/>
<point x="149.95" y="121.27" b="N"/>
<point x="157.51" y="121.27" b="N"/>
<point x="165.07" y="121.27" b="N"/>
<point x="172.63" y="121.27" b="N"/>
<point x="180.19" y="121.27" b="N"/>
<point x="187.75" y="121.27" b="N"/>
<point x="195.31" y="121.27" b="N"/>
</structure>