<structure>
<point x="44.53" y="301.81" b="G"/>
<point x="50.24" y="296.67" b="N"/>
<point x="49.88" y="288.90" b="G"/>
<point x="50.29" y="281.35" b="Y"/>
<point x="50.29" y="273.79" b="Y"/>
<point x="49.88" y="266.23" b="G"/>
<point x="49.88" y="258.67" b="G"/>
<point x="43.76" y="254.97" b="N"/>
<point x="39.44" y="248.59" b="Y"/>
<point x="37.69" y="241.19" b="U"/>
<point x="39.24" y="233.79" b="U"/>
<point x="43.82" y="227.63" b="A"/>
<point x="49.88" y="223.72" b="G"/>
<point x="50.09" y="216.16" b="C"/>
<point x="50.09" y="208.60" b="U"/>
<point x="50.09" y="201.04" b="C"/>
<point x="43.74" y="197.26" b="A"/>
<point x="49.88" y="193.48" b="G"/>
<point x="50.29" y="185.92" b="Y"/>
<point x="49.88" y="178.36" b="G"/>
<point x="49.88" y="170.80" b="G"/>
<point x="42.54" y="170.38" b="U"/>
<point x="37.34" y="164.89" b="U"/>
<point x="37.49" y="157.53" b="N"/>
<point x="42.54" y="151.83" b="C"/>
<point x="50.09" y="151.41" b="U"/>
<point x="50.09" y="143.85" b="U"/>
<point x="50.09" y="136.29" b="C"/>
<point x="50.24" y="128.94" b="N"/>
<point x="50.24" y="121.38" b="N"/>
<point x="42.83" y="119.86" b="N"/>
<point x="35.75" y="117.21" b="N"/>
<point x="29.16" y="113.51" b="N"/>
<point x="23.22" y="108.83" b="N"/>
<point x="18.07" y="103.30" b="N"/>
<point x="13.83" y="97.03" b="N"/>
<point x="10.61" y="90.19" b="N"/>
<point x="8.48" y="82.94" b="N"/>
<point x="7.50" y="75.44" b="N"/>
<point x="7.68" y="67.89" b="N"/>
<point x="9.03" y="60.45" b="N"/>
<point x="11.50" y="53.30" b="N"/>
<point x="15.04" y="46.62" b="N"/>
<point x="19.58" y="40.57" b="N"/>
<point x="24.99" y="35.29" b="N"/>
<point x="31.14" y="30.91" b="N"/>
<point x="37.90" y="27.52" b="N"/>
<point x="45.11" y="25.22" b="N"/>
<point x="52.58" y="24.06" b="N"/>
<point x="60.14" y="24.06" b="N"/>
<point x="67.61" y="25.22" b="N"/>
<point x="74.81" y="27.52" b="N"/>
<point x="81.57" y="30.91" b="N"/>
<point x="87.73" y="35.29" b="N"/>
<point x="93.14" y="40.57" b="N"/>
<point x="97.67" y="46.62" b="N"/>
<point x="101.21" y="53.30" b="N"/>
<point x="103.69" y="60.45" b="N"/>
<point x="105.03" y="67.89" b="N"/>
<point x="105.21" y="75.44" b="N"/>
<point x="104.23" y="82.94" b="N"/>
<point x="102.10" y="90.19" b="N"/>
<point x="98.88" y="97.03" b="N"/>
<point x="94.64" y="103.30" b="N"/>
<point x="89.49" y="108.83" b="N"/>
<point x="83.40" y="113.30" b="R"/>
<point x="76.60" y="117.00" b="G"/>
<point x="69.73" y="119.65" b="U"/>
<point x="62.33" y="121.17" b="U"/>
<point x="62.33" y="128.73" b="C"/>
<point x="62.12" y="136.29" b="G"/>
<point x="62.53" y="143.85" b="A"/>
<point x="62.33" y="151.41" b="R"/>
<point x="67.18" y="157.53" b="N"/>
<point x="67.24" y="164.89" b="Y"/>
<point x="62.33" y="170.80" b="C"/>
<point x="62.33" y="178.36" b="C"/>
<point x="62.33" y="185.92" b="R"/>
<point x="62.33" y="193.48" b="C"/>
<point x="62.12" y="201.04" b="G"/>
<point x="62.12" y="208.60" b="G"/>
<point x="62.12" y="216.16" b="G"/>
<point x="62.33" y="223.72" b="C"/>
<point x="68.59" y="227.63" b="G"/>
<point x="73.17" y="233.79" b="C"/>
<point x="74.72" y="241.19" b="U"/>
<point x="73.32" y="248.80" b="N"/>
<point x="69.01" y="254.76" b="Y"/>
<point x="62.33" y="258.67" b="C"/>
<point x="62.53" y="266.23" b="Y"/>
<point x="62.33" y="273.79" b="R"/>
<point x="62.33" y="281.35" b="R"/>
<point x="62.53" y="288.90" b="Y"/>
<point x="62.48" y="296.67" b="N"/>
<point x="67.88" y="301.81" b="Y"/>
<point x="75.23" y="301.81" b="U"/>
<point x="82.79" y="301.81" b="U"/>
<point x="90.35" y="301.81" b="U"/>
<point x="97.91" y="301.81" b="U"/>
</structure>