<structure>
<point x="74.31" y="200.02" b="N"/>
<point x="74.31" y="192.46" b="N"/>
<point x="73.94" y="184.69" b="G"/>
<point x="74.16" y="177.13" b="C"/>
<point x="74.31" y="169.78" b="N"/>
<point x="66.81" y="168.76" b="N"/>
<point x="59.53" y="166.76" b="A"/>
<point x="52.20" y="164.21" b="U"/>
<point x="45.17" y="160.95" b="G"/>
<point x="39.15" y="156.99" b="A"/>
<point x="32.94" y="152.39" b="U"/>
<point x="27.24" y="147.20" b="G"/>
<point x="22.31" y="141.46" b="G"/>
<point x="18.42" y="135.25" b="A"/>
<point x="14.73" y="128.83" b="N"/>
<point x="11.85" y="121.65" b="A"/>
<point x="9.65" y="114.42" b="A"/>
<point x="8.22" y="107.00" b="A"/>
<point x="7.50" y="99.67" b="N"/>
<point x="7.62" y="92.12" b="N"/>
<point x="8.58" y="84.40" b="Y"/>
<point x="10.05" y="77.03" b="U"/>
<point x="12.63" y="70.08" b="N"/>
<point x="15.84" y="63.00" b="A"/>
<point x="19.69" y="56.49" b="A"/>
<point x="24.14" y="50.63" b="N"/>
<point x="29.24" y="45.05" b="N"/>
<point x="34.75" y="39.83" b="U"/>
<point x="41.10" y="35.43" b="Y"/>
<point x="47.46" y="31.68" b="C"/>
<point x="54.38" y="28.64" b="U"/>
<point x="61.37" y="26.32" b="G"/>
<point x="69.18" y="24.77" b="A"/>
<point x="76.65" y="24.19" b="N"/>
<point x="84.26" y="23.98" b="A"/>
<point x="91.72" y="24.97" b="N"/>
<point x="99.12" y="26.53" b="N"/>
<point x="106.32" y="28.84" b="N"/>
<point x="113.09" y="31.68" b="R"/>
<point x="119.66" y="35.43" b="U"/>
<point x="125.59" y="39.83" b="G"/>
<point x="131.66" y="44.85" b="A"/>
<point x="136.77" y="50.42" b="Y"/>
<point x="141.07" y="56.49" b="R"/>
<point x="144.92" y="63.00" b="U"/>
<point x="148.07" y="69.87" b="C"/>
<point x="150.65" y="77.24" b="N"/>
<point x="152.33" y="84.61" b="N"/>
<point x="153.08" y="91.91" b="C"/>
<point x="153.41" y="99.47" b="A"/>
<point x="152.75" y="107.00" b="A"/>
<point x="151.31" y="114.42" b="A"/>
<point x="148.69" y="121.65" b="G"/>
<point x="145.76" y="128.62" b="G"/>
<point x="142.54" y="135.25" b="A"/>
<point x="138.23" y="141.46" b="A"/>
<point x="133.10" y="147.20" b="C"/>
<point x="127.61" y="152.39" b="C"/>
<point x="121.82" y="156.99" b="A"/>
<point x="115.17" y="160.95" b="C"/>
<point x="108.35" y="164.21" b="U"/>
<point x="101.23" y="166.76" b="R"/>
<point x="94.09" y="168.55" b="A"/>
<point x="86.55" y="169.78" b="N"/>
<point x="86.19" y="177.13" b="G"/>
<point x="86.60" y="184.69" b="Y"/>
<point x="86.39" y="192.25" b="R"/>
<point x="86.55" y="200.02" b="N"/>
</structure>