<structure>
<point x="92.54" y="243.68" b="N"/>
<point x="92.54" y="236.12" b="N"/>
<point x="92.54" y="228.56" b="N"/>
<point x="92.39" y="220.79" b="R"/>
<point x="92.54" y="213.44" b="N"/>
<point x="92.54" y="205.88" b="N"/>
<point x="85.02" y="205.06" b="N"/>
<point x="77.24" y="203.41" b="G"/>
<point x="70.18" y="201.35" b="U"/>
<point x="62.89" y="198.70" b="G"/>
<point x="56.47" y="195.47" b="A"/>
<point x="49.72" y="191.69" b="U"/>
<point x="43.30" y="187.38" b="G"/>
<point x="37.89" y="182.56" b="A"/>
<point x="32.42" y="177.49" b="N"/>
<point x="27.47" y="171.77" b="N"/>
<point x="23.01" y="165.67" b="N"/>
<point x="19.07" y="159.22" b="N"/>
<point x="15.68" y="152.46" b="N"/>
<point x="12.71" y="145.24" b="U"/>
<point x="10.64" y="138.22" b="N"/>
<point x="9.02" y="130.83" b="N"/>
<point x="7.87" y="123.13" b="C"/>
<point x="7.50" y="115.58" b="C"/>
<point x="7.90" y="108.23" b="N"/>
<point x="8.78" y="100.72" b="N"/>
<point x="10.29" y="93.32" b="N"/>
<point x="12.40" y="86.06" b="N"/>
<point x="15.10" y="79.00" b="N"/>
<point x="18.38" y="72.19" b="N"/>
<point x="22.22" y="65.67" b="N"/>
<point x="26.58" y="59.50" b="N"/>
<point x="31.29" y="53.50" b="U"/>
<point x="36.62" y="48.13" b="U"/>
<point x="42.58" y="43.23" b="Y"/>
<point x="48.51" y="38.82" b="R"/>
<point x="55.14" y="35.14" b="N"/>
<point x="61.57" y="31.59" b="G"/>
<point x="68.82" y="28.83" b="U"/>
<point x="76.26" y="26.66" b="Y"/>
<point x="83.66" y="25.10" b="Y"/>
<point x="91.11" y="24.37" b="N"/>
<point x="98.66" y="24.06" b="N"/>
<point x="106.21" y="24.37" b="N"/>
<point x="113.56" y="25.10" b="R"/>
<point x="121.17" y="26.66" b="A"/>
<point x="128.41" y="28.83" b="Y"/>
<point x="135.39" y="31.80" b="N"/>
<point x="142.03" y="34.93" b="R"/>
<point x="148.51" y="38.82" b="U"/>
<point x="154.44" y="43.23" b="G"/>
<point x="160.61" y="48.13" b="A"/>
<point x="165.88" y="53.71" b="N"/>
<point x="170.74" y="59.50" b="N"/>
<point x="175.10" y="65.67" b="N"/>
<point x="178.94" y="72.19" b="N"/>
<point x="182.28" y="78.79" b="A"/>
<point x="184.92" y="86.06" b="N"/>
<point x="187.03" y="93.32" b="N"/>
<point x="188.53" y="100.72" b="N"/>
<point x="189.42" y="108.23" b="N"/>
<point x="189.67" y="115.79" b="N"/>
<point x="189.15" y="123.13" b="C"/>
<point x="188.35" y="130.63" b="A"/>
<point x="186.53" y="138.01" b="U"/>
<point x="184.09" y="145.24" b="G"/>
<point x="181.49" y="152.25" b="C"/>
<point x="178.31" y="159.01" b="A"/>
<point x="174.16" y="165.46" b="C"/>
<point x="169.70" y="171.57" b="U"/>
<point x="164.96" y="177.28" b="A"/>
<point x="159.34" y="182.56" b="C"/>
<point x="153.51" y="187.38" b="C"/>
<point x="147.51" y="191.69" b="A"/>
<point x="140.76" y="195.47" b="U"/>
<point x="133.92" y="198.70" b="C"/>
<point x="126.84" y="201.35" b="U"/>
<point x="119.36" y="203.41" b="G"/>
<point x="112.35" y="204.85" b="A"/>
<point x="104.78" y="205.88" b="N"/>
<point x="104.78" y="213.44" b="N"/>
<point x="104.84" y="220.79" b="Y"/>
<point x="104.78" y="228.56" b="N"/>
<point x="104.78" y="236.12" b="N"/>
<point x="104.78" y="243.68" b="N"/>
</structure>