<structure>
<point x="133.65" y="229.80" b="R"/>
<point x="133.65" y="222.24" b="R"/>
<point x="133.65" y="214.68" b="R"/>
<point x="133.86" y="207.12" b="Y"/>
<point x="126.75" y="210.19" b="C"/>
<point x="119.75" y="212.86" b="N"/>
<point x="112.42" y="214.70" b="N"/>
<point x="104.80" y="215.69" b="R"/>
<point x="97.26" y="216.23" b="U"/>
<point x="89.49" y="216.13" b="G"/>
<point x="82.39" y="215.37" b="A"/>
<point x="74.75" y="213.96" b="U"/>
<point x="67.26" y="211.92" b="G"/>
<point x="60.60" y="209.26" b="A"/>
<point x="53.58" y="205.99" b="R"/>
<point x="47.22" y="202.36" b="N"/>
<point x="41.06" y="197.97" b="N"/>
<point x="35.16" y="192.86" b="U"/>
<point x="30.00" y="187.68" b="N"/>
<point x="25.18" y="181.86" b="N"/>
<point x="20.72" y="175.44" b="R"/>
<point x="16.98" y="168.87" b="U"/>
<point x="13.96" y="162.22" b="N"/>
<point x="11.39" y="155.10" b="N"/>
<point x="9.30" y="147.59" b="R"/>
<point x="8.15" y="140.35" b="N"/>
<point x="7.50" y="132.82" b="N"/>
<point x="7.50" y="125.26" b="N"/>
<point x="8.00" y="117.52" b="U"/>
<point x="9.45" y="110.28" b="N"/>
<point x="11.24" y="102.76" b="C"/>
<point x="13.81" y="95.65" b="U"/>
<point x="16.98" y="88.79" b="C"/>
<point x="20.93" y="82.22" b="A"/>
<point x="25.03" y="76.01" b="C"/>
<point x="29.85" y="70.19" b="R"/>
<point x="35.36" y="64.80" b="A"/>
<point x="40.91" y="59.90" b="C"/>
<point x="46.86" y="55.51" b="G"/>
<point x="53.37" y="51.67" b="G"/>
<point x="60.40" y="48.40" b="U"/>
<point x="67.47" y="45.74" b="C"/>
<point x="74.90" y="43.91" b="N"/>
<point x="82.33" y="42.50" b="N"/>
<point x="89.70" y="41.53" b="C"/>
<point x="97.26" y="41.43" b="U"/>
<point x="104.59" y="41.97" b="G"/>
<point x="112.47" y="43.17" b="A"/>
<point x="119.75" y="45.21" b="N"/>
<point x="126.90" y="47.68" b="N"/>
<point x="133.80" y="50.75" b="N"/>
<point x="133.86" y="42.98" b="A"/>
<point x="133.80" y="35.63" b="N"/>
<point x="133.44" y="28.08" b="N"/>
<point x="139.77" y="23.98" b="U"/>
<point x="146.41" y="28.08" b="N"/>
<point x="146.04" y="35.63" b="N"/>
<point x="145.89" y="42.98" b="U"/>
<point x="146.04" y="50.75" b="N"/>
<point x="153.54" y="51.70" b="N"/>
<point x="160.92" y="53.37" b="N"/>
<point x="168.10" y="55.74" b="N"/>
<point x="175.01" y="58.79" b="N"/>
<point x="181.61" y="62.49" b="N"/>
<point x="187.66" y="66.60" b="U"/>
<point x="193.58" y="71.70" b="N"/>
<point x="198.84" y="77.12" b="N"/>
<point x="203.56" y="83.03" b="N"/>
<point x="207.69" y="89.36" b="N"/>
<point x="211.19" y="96.06" b="N"/>
<point x="214.03" y="103.07" b="N"/>
<point x="216.19" y="110.31" b="N"/>
<point x="217.63" y="117.73" b="N"/>
<point x="218.36" y="125.26" b="N"/>
<point x="218.42" y="132.61" b="A"/>
<point x="217.48" y="140.13" b="U"/>
<point x="216.19" y="147.76" b="N"/>
<point x="214.09" y="154.80" b="Y"/>
<point x="211.19" y="162.02" b="N"/>
<point x="207.75" y="168.51" b="A"/>
<point x="203.41" y="174.84" b="U"/>
<point x="198.69" y="180.75" b="U"/>
<point x="193.63" y="186.17" b="Y"/>
<point x="187.66" y="191.06" b="U"/>
<point x="181.46" y="195.38" b="C"/>
<point x="174.87" y="199.08" b="U"/>
<point x="167.74" y="202.13" b="G"/>
<point x="160.97" y="204.50" b="A"/>
<point x="153.54" y="206.38" b="N"/>
<point x="145.68" y="207.12" b="G"/>
<point x="146.04" y="214.89" b="N"/>
<point x="146.10" y="222.24" b="Y"/>
<point x="146.10" y="229.80" b="Y"/>
</structure>