<structure>
<point x="79.32" y="209.46" b="A"/>
<point x="78.91" y="201.90" b="G"/>
<point x="79.12" y="194.34" b="C"/>
<point x="79.12" y="186.78" b="U"/>
<point x="79.12" y="179.22" b="U"/>
<point x="71.83" y="178.26" b="A"/>
<point x="64.46" y="176.57" b="A"/>
<point x="57.08" y="174.18" b="U"/>
<point x="49.96" y="171.10" b="G"/>
<point x="43.80" y="167.37" b="A"/>
<point x="37.42" y="163.02" b="U"/>
<point x="31.48" y="158.09" b="G"/>
<point x="26.67" y="152.62" b="A"/>
<point x="21.80" y="146.68" b="U"/>
<point x="17.73" y="140.30" b="U"/>
<point x="14.09" y="133.57" b="G"/>
<point x="11.53" y="126.53" b="U"/>
<point x="9.68" y="119.26" b="Y"/>
<point x="8.27" y="112.03" b="N"/>
<point x="7.50" y="104.28" b="U"/>
<point x="7.61" y="96.72" b="U"/>
<point x="8.46" y="89.21" b="U"/>
<point x="10.03" y="81.82" b="U"/>
<point x="12.32" y="74.61" b="U"/>
<point x="15.29" y="67.66" b="R"/>
<point x="18.92" y="61.03" b="R"/>
<point x="23.18" y="54.78" b="U"/>
<point x="28.03" y="48.98" b="U"/>
<point x="33.20" y="43.67" b="G"/>
<point x="39.29" y="38.92" b="C"/>
<point x="45.60" y="34.75" b="U"/>
<point x="52.28" y="31.22" b="U"/>
<point x="59.28" y="28.35" b="R"/>
<point x="66.72" y="26.18" b="A"/>
<point x="74.14" y="24.72" b="A"/>
<point x="81.25" y="23.98" b="G"/>
<point x="89.02" y="23.98" b="C"/>
<point x="96.75" y="24.72" b="A"/>
<point x="104.17" y="26.18" b="A"/>
<point x="111.41" y="28.35" b="Y"/>
<point x="118.20" y="31.22" b="R"/>
<point x="124.88" y="34.75" b="U"/>
<point x="130.98" y="38.92" b="G"/>
<point x="137.27" y="43.67" b="A"/>
<point x="142.66" y="48.98" b="A"/>
<point x="147.50" y="54.78" b="A"/>
<point x="151.76" y="61.03" b="A"/>
<point x="155.40" y="67.66" b="A"/>
<point x="158.37" y="74.61" b="Y"/>
<point x="160.65" y="81.82" b="A"/>
<point x="162.02" y="89.21" b="C"/>
<point x="163.07" y="96.72" b="A"/>
<point x="162.98" y="104.28" b="U"/>
<point x="162.36" y="111.82" b="U"/>
<point x="161.01" y="119.26" b="U"/>
<point x="158.94" y="126.53" b="C"/>
<point x="156.39" y="133.57" b="A"/>
<point x="152.75" y="140.30" b="C"/>
<point x="148.68" y="146.68" b="C"/>
<point x="143.80" y="152.62" b="G"/>
<point x="138.58" y="158.09" b="G"/>
<point x="133.06" y="163.02" b="C"/>
<point x="126.88" y="167.37" b="U"/>
<point x="120.31" y="171.10" b="C"/>
<point x="113.40" y="174.18" b="U"/>
<point x="106.02" y="176.57" b="G"/>
<point x="99.06" y="178.26" b="A"/>
<point x="91.36" y="179.22" b="R"/>
<point x="91.56" y="186.78" b="A"/>
<point x="91.15" y="194.34" b="G"/>
<point x="91.36" y="201.90" b="C"/>
<point x="91.36" y="209.46" b="U"/>
</structure>