<structure>
<point x="19.60" y="136.67" b="N"/>
<point x="27.22" y="136.47" b="A"/>
<point x="34.78" y="136.47" b="A"/>
<point x="42.13" y="136.47" b="C"/>
<point x="49.90" y="136.47" b="A"/>
<point x="57.05" y="136.47" b="G"/>
<point x="64.97" y="136.67" b="N"/>
<point x="72.17" y="136.47" b="G"/>
<point x="80.14" y="136.47" b="A"/>
<point x="87.70" y="136.47" b="A"/>
<point x="94.84" y="136.47" b="G"/>
<point x="102.82" y="136.47" b="Y"/>
<point x="110.33" y="136.67" b="N"/>
<point x="117.89" y="136.67" b="N"/>
<point x="123.08" y="131.12" b="R"/>
<point x="123.23" y="123.77" b="N"/>
<point x="123.08" y="116.00" b="C"/>
<point x="123.08" y="108.44" b="R"/>
<point x="122.87" y="100.88" b="G"/>
<point x="116.36" y="97.94" b="N"/>
<point x="110.49" y="92.55" b="G"/>
<point x="107.36" y="85.88" b="A"/>
<point x="106.13" y="78.42" b="A"/>
<point x="107.36" y="70.96" b="A"/>
<point x="110.70" y="64.29" b="C"/>
<point x="116.41" y="59.10" b="A"/>
<point x="123.08" y="55.96" b="C"/>
<point x="123.29" y="48.40" b="A"/>
<point x="123.08" y="40.84" b="C"/>
<point x="119.83" y="34.29" b="N"/>
<point x="122.41" y="27.19" b="N"/>
<point x="129.20" y="23.98" b="U"/>
<point x="136.29" y="27.19" b="N"/>
<point x="138.87" y="34.29" b="N"/>
<point x="135.11" y="40.84" b="G"/>
<point x="135.32" y="48.40" b="U"/>
<point x="135.11" y="55.96" b="G"/>
<point x="142.66" y="56.40" b="G"/>
<point x="149.85" y="59.30" b="U"/>
<point x="155.69" y="64.35" b="A"/>
<point x="159.13" y="70.97" b="U"/>
<point x="160.60" y="78.42" b="A"/>
<point x="159.13" y="85.87" b="U"/>
<point x="155.48" y="92.49" b="U"/>
<point x="150.05" y="97.54" b="A"/>
<point x="143.07" y="100.44" b="Y"/>
<point x="135.32" y="100.88" b="C"/>
<point x="135.53" y="108.44" b="Y"/>
<point x="135.11" y="116.00" b="G"/>
<point x="135.47" y="123.77" b="N"/>
<point x="135.53" y="131.12" b="Y"/>
<point x="140.67" y="136.47" b="R"/>
</structure>