<structure>
<point x="19.60" y="227.24" b="N"/>
<point x="27.16" y="227.24" b="N"/>
<point x="34.73" y="227.24" b="N"/>
<point x="42.28" y="227.24" b="N"/>
<point x="47.69" y="221.69" b="Y"/>
<point x="47.48" y="214.13" b="C"/>
<point x="47.48" y="206.57" b="R"/>
<point x="47.48" y="199.01" b="U"/>
<point x="47.48" y="191.45" b="C"/>
<point x="47.69" y="183.89" b="A"/>
<point x="47.69" y="176.33" b="A"/>
<point x="47.69" y="168.77" b="A"/>
<point x="47.48" y="161.21" b="R"/>
<point x="47.48" y="153.65" b="U"/>
<point x="47.27" y="146.09" b="G"/>
<point x="47.27" y="138.53" b="G"/>
<point x="47.69" y="130.97" b="Y"/>
<point x="47.48" y="123.41" b="U"/>
<point x="47.27" y="115.85" b="G"/>
<point x="47.48" y="108.29" b="U"/>
<point x="47.27" y="100.73" b="G"/>
<point x="47.69" y="93.17" b="A"/>
<point x="40.07" y="93.38" b="N"/>
<point x="40.07" y="85.82" b="N"/>
<point x="47.48" y="85.61" b="U"/>
<point x="47.48" y="78.05" b="R"/>
<point x="47.48" y="70.49" b="U"/>
<point x="40.73" y="67.61" b="N"/>
<point x="35.15" y="62.50" b="N"/>
<point x="31.46" y="55.90" b="N"/>
<point x="30.04" y="48.48" b="N"/>
<point x="31.02" y="40.98" b="N"/>
<point x="34.32" y="34.18" b="N"/>
<point x="39.58" y="28.75" b="N"/>
<point x="46.29" y="25.26" b="N"/>
<point x="53.75" y="24.06" b="N"/>
<point x="61.21" y="25.26" b="N"/>
<point x="67.92" y="28.75" b="N"/>
<point x="73.19" y="34.18" b="N"/>
<point x="76.48" y="40.98" b="N"/>
<point x="77.46" y="48.48" b="N"/>
<point x="76.04" y="55.90" b="N"/>
<point x="72.40" y="62.30" b="Y"/>
<point x="66.62" y="67.40" b="C"/>
<point x="59.93" y="70.49" b="A"/>
<point x="59.72" y="78.05" b="U"/>
<point x="59.93" y="85.61" b="A"/>
<point x="59.72" y="93.17" b="U"/>
<point x="59.72" y="100.73" b="C"/>
<point x="59.93" y="108.29" b="A"/>
<point x="59.72" y="115.85" b="C"/>
<point x="59.93" y="123.41" b="A"/>
<point x="59.51" y="130.97" b="G"/>
<point x="59.72" y="138.53" b="C"/>
<point x="59.72" y="146.09" b="C"/>
<point x="59.93" y="153.65" b="A"/>
<point x="66.42" y="157.64" b="N"/>
<point x="59.93" y="161.21" b="Y"/>
<point x="59.72" y="168.77" b="U"/>
<point x="59.72" y="176.33" b="U"/>
<point x="59.72" y="183.89" b="U"/>
<point x="59.51" y="191.45" b="G"/>
<point x="59.93" y="199.01" b="A"/>
<point x="59.93" y="206.57" b="Y"/>
<point x="59.51" y="214.13" b="G"/>
<point x="59.93" y="221.69" b="A"/>
<point x="64.86" y="227.03" b="G"/>
<point x="72.83" y="227.03" b="Y"/>
<point x="80.34" y="227.24" b="N"/>
<point x="87.90" y="227.24" b="N"/>
<point x="95.46" y="227.24" b="N"/>
<point x="102.87" y="227.03" b="R"/>
</structure>