<structure>
<point x="33.39" y="233.36" b="A"/>
<point x="40.89" y="233.56" b="N"/>
<point x="46.09" y="228.01" b="U"/>
<point x="46.09" y="220.45" b="C"/>
<point x="46.09" y="212.89" b="C"/>
<point x="46.09" y="205.33" b="C"/>
<point x="46.09" y="197.77" b="U"/>
<point x="46.09" y="190.21" b="R"/>
<point x="46.29" y="182.65" b="A"/>
<point x="46.09" y="175.09" b="C"/>
<point x="38.50" y="173.43" b="G"/>
<point x="31.92" y="170.56" b="A"/>
<point x="25.51" y="166.55" b="Y"/>
<point x="19.66" y="161.53" b="U"/>
<point x="14.94" y="155.62" b="R"/>
<point x="11.27" y="149.01" b="C"/>
<point x="8.56" y="141.88" b="G"/>
<point x="7.71" y="134.43" b="A"/>
<point x="7.50" y="126.86" b="R"/>
<point x="8.77" y="119.41" b="C"/>
<point x="11.48" y="112.28" b="A"/>
<point x="14.94" y="105.67" b="C"/>
<point x="19.66" y="99.76" b="C"/>
<point x="25.31" y="94.74" b="U"/>
<point x="31.51" y="90.73" b="G"/>
<point x="38.86" y="88.06" b="N"/>
<point x="46.29" y="86.20" b="A"/>
<point x="46.09" y="78.64" b="U"/>
<point x="45.88" y="71.08" b="G"/>
<point x="46.29" y="63.52" b="A"/>
<point x="46.29" y="55.96" b="A"/>
<point x="45.88" y="48.40" b="G"/>
<point x="46.09" y="40.84" b="C"/>
<point x="42.69" y="34.09" b="R"/>
<point x="45.06" y="26.98" b="G"/>
<point x="52.41" y="23.98" b="A"/>
<point x="59.35" y="26.98" b="A"/>
<point x="61.52" y="34.09" b="G"/>
<point x="58.12" y="40.84" b="G"/>
<point x="58.33" y="48.40" b="C"/>
<point x="58.33" y="55.96" b="U"/>
<point x="58.33" y="63.52" b="U"/>
<point x="58.33" y="71.08" b="C"/>
<point x="58.53" y="78.64" b="A"/>
<point x="58.33" y="86.20" b="U"/>
<point x="65.85" y="85.42" b="U"/>
<point x="73.39" y="85.91" b="U"/>
<point x="80.54" y="87.65" b="G"/>
<point x="87.50" y="90.59" b="G"/>
<point x="94.09" y="94.65" b="U"/>
<point x="99.49" y="99.71" b="G"/>
<point x="104.60" y="105.64" b="A"/>
<point x="108.03" y="112.27" b="C"/>
<point x="110.52" y="119.41" b="C"/>
<point x="111.78" y="126.86" b="C"/>
<point x="111.78" y="134.43" b="C"/>
<point x="110.31" y="141.88" b="G"/>
<point x="108.24" y="149.02" b="A"/>
<point x="104.39" y="155.65" b="C"/>
<point x="99.49" y="161.58" b="G"/>
<point x="94.09" y="166.64" b="U"/>
<point x="87.50" y="170.70" b="G"/>
<point x="80.95" y="173.64" b="A"/>
<point x="73.39" y="175.38" b="U"/>
<point x="66.00" y="176.07" b="N"/>
<point x="58.12" y="175.09" b="G"/>
<point x="58.33" y="182.65" b="U"/>
<point x="58.33" y="190.21" b="U"/>
<point x="58.53" y="197.77" b="A"/>
<point x="58.12" y="205.33" b="G"/>
<point x="58.12" y="212.89" b="G"/>
<point x="58.12" y="220.45" b="G"/>
<point x="58.53" y="228.01" b="A"/>
<point x="63.88" y="233.36" b="A"/>
<point x="71.23" y="233.36" b="U"/>
</structure>