<structure>
<point x="66.09" y="160.89" b="R"/>
<point x="66.24" y="153.54" b="N"/>
<point x="66.24" y="145.98" b="N"/>
<point x="66.24" y="138.42" b="N"/>
<point x="66.24" y="130.86" b="N"/>
<point x="66.24" y="123.30" b="N"/>
<point x="66.09" y="115.53" b="R"/>
<point x="59.36" y="112.09" b="U"/>
<point x="54.26" y="106.52" b="R"/>
<point x="51.23" y="99.50" b="G"/>
<point x="44.11" y="98.82" b="Y"/>
<point x="36.53" y="98.36" b="N"/>
<point x="29.00" y="97.68" b="N"/>
<point x="22.87" y="101.82" b="A"/>
<point x="15.11" y="101.55" b="R"/>
<point x="9.41" y="96.97" b="N"/>
<point x="7.50" y="89.41" b="R"/>
<point x="10.54" y="82.49" b="R"/>
<point x="17.30" y="79.03" b="N"/>
<point x="24.84" y="79.90" b="A"/>
<point x="29.94" y="85.28" b="R"/>
<point x="37.62" y="86.17" b="N"/>
<point x="45.00" y="86.63" b="R"/>
<point x="52.74" y="87.31" b="Y"/>
<point x="56.56" y="80.91" b="R"/>
<point x="62.72" y="76.54" b="N"/>
<point x="61.37" y="69.10" b="N"/>
<point x="60.03" y="61.66" b="N"/>
<point x="58.53" y="54.01" b="R"/>
<point x="57.33" y="46.78" b="N"/>
<point x="51.55" y="41.77" b="Y"/>
<point x="49.60" y="34.41" b="U"/>
<point x="52.82" y="27.71" b="N"/>
<point x="59.44" y="24.06" b="N"/>
<point x="66.92" y="25.15" b="N"/>
<point x="72.27" y="30.35" b="A"/>
<point x="73.16" y="38.05" b="N"/>
<point x="69.38" y="44.60" b="N"/>
<point x="70.78" y="51.83" b="Y"/>
<point x="72.07" y="59.48" b="N"/>
<point x="73.42" y="66.92" b="N"/>
<point x="74.77" y="74.36" b="N"/>
<point x="82.00" y="76.54" b="N"/>
<point x="88.02" y="81.12" b="N"/>
<point x="91.89" y="87.31" b="R"/>
<point x="93.62" y="94.72" b="Y"/>
<point x="92.25" y="102.18" b="R"/>
<point x="98.52" y="106.83" b="N"/>
<point x="104.64" y="111.26" b="N"/>
<point x="110.61" y="115.49" b="R"/>
<point x="116.53" y="119.93" b="G"/>
<point x="124.27" y="119.36" b="U"/>
<point x="130.62" y="123.46" b="U"/>
<point x="133.40" y="130.57" b="Y"/>
<point x="130.95" y="137.78" b="R"/>
<point x="125.00" y="142.17" b="A"/>
<point x="117.38" y="142.15" b="N"/>
<point x="111.56" y="137.18" b="Y"/>
<point x="109.55" y="129.84" b="C"/>
<point x="103.64" y="125.40" b="Y"/>
<point x="97.46" y="121.18" b="N"/>
<point x="91.34" y="116.74" b="N"/>
<point x="85.27" y="112.09" b="Y"/>
<point x="78.54" y="115.53" b="Y"/>
<point x="78.48" y="123.30" b="N"/>
<point x="78.48" y="130.86" b="N"/>
<point x="78.48" y="138.42" b="N"/>
<point x="78.48" y="145.98" b="N"/>
<point x="78.48" y="153.54" b="N"/>
<point x="78.54" y="160.89" b="Y"/>
<point x="83.68" y="166.24" b="R"/>
</structure>