<structure>
<point x="17.65" y="174.24" b="R"/>
<point x="17.65" y="166.68" b="R"/>
<point x="17.85" y="159.12" b="A"/>
<point x="17.85" y="151.56" b="A"/>
<point x="17.65" y="144.00" b="C"/>
<point x="17.44" y="136.44" b="G"/>
<point x="17.44" y="128.88" b="G"/>
<point x="11.31" y="125.10" b="A"/>
<point x="17.44" y="121.32" b="G"/>
<point x="17.65" y="113.76" b="C"/>
<point x="17.44" y="106.20" b="G"/>
<point x="17.44" y="98.64" b="G"/>
<point x="14.75" y="91.74" b="Y"/>
<point x="17.80" y="85.06" b="N"/>
<point x="17.85" y="77.29" b="Y"/>
<point x="14.55" y="70.39" b="C"/>
<point x="17.65" y="63.50" b="U"/>
<point x="17.65" y="55.94" b="C"/>
<point x="11.59" y="51.82" b="N"/>
<point x="7.81" y="44.99" b="U"/>
<point x="7.50" y="37.43" b="U"/>
<point x="10.58" y="30.53" b="U"/>
<point x="16.61" y="25.71" b="A"/>
<point x="23.97" y="23.98" b="A"/>
<point x="31.13" y="25.71" b="C"/>
<point x="36.95" y="30.53" b="C"/>
<point x="40.03" y="37.43" b="C"/>
<point x="39.72" y="44.99" b="U"/>
<point x="36.09" y="51.61" b="U"/>
<point x="29.68" y="55.94" b="G"/>
<point x="30.09" y="63.50" b="A"/>
<point x="33.19" y="70.39" b="A"/>
<point x="29.68" y="77.29" b="G"/>
<point x="30.04" y="85.06" b="N"/>
<point x="36.77" y="87.96" b="C"/>
<point x="36.98" y="95.52" b="A"/>
<point x="29.89" y="98.64" b="C"/>
<point x="30.09" y="106.20" b="Y"/>
<point x="29.68" y="113.76" b="G"/>
<point x="29.89" y="121.32" b="C"/>
<point x="29.89" y="128.88" b="C"/>
<point x="29.89" y="136.44" b="C"/>
<point x="29.68" y="144.00" b="G"/>
<point x="29.89" y="151.56" b="U"/>
<point x="29.89" y="159.12" b="U"/>
<point x="30.09" y="166.68" b="Y"/>
<point x="30.04" y="174.45" b="N"/>
<point x="35.02" y="179.59" b="G"/>
<point x="43.00" y="179.59" b="A"/>
<point x="47.93" y="174.24" b="G"/>
<point x="48.14" y="166.68" b="R"/>
<point x="47.93" y="159.12" b="G"/>
<point x="48.14" y="151.56" b="U"/>
<point x="42.58" y="146.81" b="N"/>
<point x="40.08" y="139.41" b="U"/>
<point x="41.75" y="132.04" b="C"/>
<point x="46.97" y="126.57" b="U"/>
<point x="54.26" y="124.56" b="C"/>
<point x="61.70" y="126.78" b="N"/>
<point x="66.91" y="132.25" b="N"/>
<point x="68.59" y="139.62" b="N"/>
<point x="66.29" y="146.60" b="A"/>
<point x="60.58" y="151.56" b="A"/>
<point x="60.38" y="159.12" b="C"/>
<point x="60.58" y="166.68" b="Y"/>
<point x="60.38" y="174.24" b="C"/>
<point x="65.51" y="179.59" b="G"/>
<point x="73.49" y="179.59" b="A"/>
<point x="81.05" y="179.59" b="A"/>
<point x="88.55" y="179.79" b="N"/>
<point x="95.96" y="179.59" b="U"/>
<point x="103.73" y="179.59" b="A"/>
<point x="111.29" y="179.59" b="A"/>
<point x="118.64" y="179.59" b="C"/>
<point x="126.20" y="179.59" b="U"/>
<point x="133.97" y="179.59" b="A"/>
<point x="141.53" y="179.59" b="A"/>
<point x="149.09" y="179.59" b="A"/>
<point x="156.23" y="179.59" b="G"/>
<point x="164.00" y="179.59" b="C"/>
<point x="171.56" y="179.59" b="C"/>
<point x="179.33" y="179.59" b="A"/>
<point x="186.89" y="179.59" b="A"/>
<point x="194.24" y="179.59" b="C"/>
<point x="201.59" y="179.59" b="G"/>
<point x="209.36" y="179.59" b="U"/>
<point x="216.71" y="179.59" b="G"/>
<point x="224.69" y="179.59" b="A"/>
<point x="232.25" y="179.59" b="A"/>
<point x="239.60" y="179.59" b="C"/>
<point x="247.16" y="179.59" b="U"/>
<point x="254.72" y="179.59" b="U"/>
<point x="262.28" y="179.59" b="U"/>
<point x="269.84" y="179.59" b="U"/>
<point x="274.98" y="174.24" b="G"/>
<point x="275.19" y="166.68" b="C"/>
<point x="274.98" y="159.12" b="G"/>
<point x="274.98" y="151.56" b="G"/>
<point x="275.40" y="144.00" b="A"/>
<point x="275.40" y="136.44" b="Y"/>
<point x="275.19" y="128.88" b="C"/>
<point x="274.82" y="121.33" b="U"/>
<point x="281.31" y="117.44" b="C"/>
<point x="287.94" y="121.54" b="N"/>
<point x="287.22" y="128.88" b="G"/>
<point x="287.43" y="136.44" b="R"/>
<point x="287.43" y="144.00" b="U"/>
<point x="287.43" y="151.56" b="C"/>
<point x="287.43" y="159.12" b="C"/>
<point x="287.58" y="166.89" b="N"/>
<point x="287.58" y="174.45" b="N"/>
<point x="292.93" y="179.79" b="N"/>
</structure>