<structure>
<point x="51.41" y="303.06" b="U"/>
<point x="51.20" y="295.50" b="G"/>
<point x="51.41" y="287.94" b="C"/>
<point x="44.01" y="287.84" b="N"/>
<point x="36.69" y="285.97" b="A"/>
<point x="29.52" y="283.02" b="U"/>
<point x="22.99" y="278.87" b="G"/>
<point x="17.94" y="273.65" b="A"/>
<point x="13.28" y="267.55" b="U"/>
<point x="9.78" y="260.74" b="G"/>
<point x="8.12" y="253.66" b="N"/>
<point x="7.50" y="245.92" b="Y"/>
<point x="7.76" y="238.39" b="G"/>
<point x="9.99" y="231.10" b="U"/>
<point x="13.48" y="224.30" b="A"/>
<point x="17.94" y="218.19" b="A"/>
<point x="23.20" y="212.97" b="U"/>
<point x="29.52" y="208.82" b="U"/>
<point x="36.48" y="205.87" b="U"/>
<point x="43.65" y="204.21" b="G"/>
<point x="51.41" y="203.90" b="C"/>
<point x="51.20" y="196.34" b="G"/>
<point x="51.41" y="188.78" b="U"/>
<point x="51.41" y="181.22" b="C"/>
<point x="44.94" y="177.32" b="U"/>
<point x="40.56" y="171.15" b="U"/>
<point x="39.23" y="163.75" b="A"/>
<point x="40.56" y="156.35" b="C"/>
<point x="45.14" y="150.18" b="Y"/>
<point x="51.62" y="146.28" b="Y"/>
<point x="51.56" y="138.93" b="N"/>
<point x="51.56" y="131.37" b="N"/>
<point x="51.62" y="123.60" b="Y"/>
<point x="51.56" y="116.25" b="N"/>
<point x="44.46" y="113.61" b="Y"/>
<point x="40.06" y="107.47" b="Y"/>
<point x="40.00" y="100.11" b="N"/>
<point x="44.46" y="93.76" b="A"/>
<point x="51.20" y="91.33" b="G"/>
<point x="51.62" y="83.77" b="Y"/>
<point x="51.20" y="76.21" b="G"/>
<point x="51.62" y="68.65" b="A"/>
<point x="51.41" y="61.09" b="C"/>
<point x="51.41" y="53.53" b="R"/>
<point x="51.20" y="45.97" b="G"/>
<point x="46.52" y="40.20" b="U"/>
<point x="46.12" y="32.65" b="U"/>
<point x="50.16" y="26.40" b="G"/>
<point x="57.53" y="23.98" b="C"/>
<point x="64.70" y="26.40" b="C"/>
<point x="68.94" y="32.65" b="U"/>
<point x="68.33" y="40.20" b="G"/>
<point x="63.65" y="45.97" b="C"/>
<point x="63.65" y="53.53" b="U"/>
<point x="63.44" y="61.09" b="G"/>
<point x="63.65" y="68.65" b="U"/>
<point x="63.65" y="76.21" b="C"/>
<point x="69.77" y="71.50" b="A"/>
<point x="77.08" y="73.39" b="N"/>
<point x="80.21" y="79.99" b="U"/>
<point x="77.14" y="86.80" b="A"/>
<point x="69.71" y="88.69" b="N"/>
<point x="63.44" y="83.77" b="G"/>
<point x="63.65" y="91.33" b="C"/>
<point x="69.25" y="96.41" b="U"/>
<point x="71.11" y="103.69" b="G"/>
<point x="69.04" y="110.95" b="G"/>
<point x="63.65" y="116.04" b="U"/>
<point x="63.65" y="123.60" b="R"/>
<point x="63.86" y="131.16" b="Y"/>
<point x="63.80" y="138.93" b="N"/>
<point x="63.44" y="146.28" b="G"/>
<point x="71.16" y="148.25" b="A"/>
<point x="76.89" y="153.32" b="N"/>
<point x="79.72" y="159.97" b="G"/>
<point x="79.93" y="167.53" b="R"/>
<point x="76.94" y="174.38" b="Y"/>
<point x="70.95" y="179.25" b="U"/>
<point x="63.44" y="181.22" b="G"/>
<point x="63.86" y="188.78" b="A"/>
<point x="63.65" y="196.34" b="C"/>
<point x="63.44" y="203.90" b="G"/>
<point x="71.21" y="205.65" b="A"/>
<point x="78.08" y="208.89" b="N"/>
<point x="84.36" y="213.09" b="N"/>
<point x="89.85" y="218.14" b="A"/>
<point x="94.22" y="224.49" b="N"/>
<point x="97.47" y="231.31" b="N"/>
<point x="99.47" y="238.60" b="N"/>
<point x="100.15" y="246.13" b="N"/>
<point x="99.47" y="253.66" b="N"/>
<point x="97.32" y="260.74" b="U"/>
<point x="94.22" y="267.77" b="N"/>
<point x="89.65" y="273.70" b="C"/>
<point x="84.21" y="278.95" b="U"/>
<point x="77.72" y="283.16" b="G"/>
<point x="71.21" y="286.19" b="A"/>
<point x="63.44" y="287.94" b="G"/>
<point x="63.65" y="295.50" b="C"/>
<point x="63.86" y="303.06" b="A"/>
</structure>