<structure>
<point x="19.45" y="230.36" b="R"/>
<point x="24.95" y="225.22" b="N"/>
<point x="24.95" y="217.66" b="N"/>
<point x="24.80" y="209.89" b="C"/>
<point x="24.80" y="202.33" b="U"/>
<point x="24.80" y="194.77" b="C"/>
<point x="24.80" y="187.21" b="U"/>
<point x="24.80" y="179.65" b="C"/>
<point x="18.12" y="176.54" b="A"/>
<point x="17.70" y="168.98" b="G"/>
<point x="24.80" y="165.86" b="C"/>
<point x="24.80" y="158.30" b="U"/>
<point x="24.80" y="150.74" b="C"/>
<point x="25.01" y="143.18" b="Y"/>
<point x="24.59" y="135.62" b="G"/>
<point x="19.21" y="130.54" b="C"/>
<point x="17.28" y="123.47" b="N"/>
<point x="19.21" y="116.00" b="U"/>
<point x="25.01" y="110.91" b="A"/>
<point x="24.80" y="103.35" b="R"/>
<point x="24.80" y="95.79" b="U"/>
<point x="25.01" y="88.23" b="Y"/>
<point x="25.01" y="80.67" b="A"/>
<point x="24.80" y="73.11" b="C"/>
<point x="25.01" y="65.55" b="A"/>
<point x="24.80" y="57.99" b="C"/>
<point x="18.57" y="54.14" b="N"/>
<point x="14.46" y="47.80" b="N"/>
<point x="13.36" y="40.32" b="N"/>
<point x="15.11" y="32.85" b="G"/>
<point x="20.42" y="27.34" b="N"/>
<point x="27.29" y="24.19" b="N"/>
<point x="34.70" y="23.98" b="U"/>
<point x="41.58" y="27.13" b="C"/>
<point x="46.67" y="33.06" b="N"/>
<point x="48.78" y="40.32" b="N"/>
<point x="47.68" y="47.80" b="N"/>
<point x="43.42" y="53.93" b="U"/>
<point x="36.83" y="57.99" b="G"/>
<point x="37.04" y="65.55" b="U"/>
<point x="36.83" y="73.11" b="G"/>
<point x="37.04" y="80.67" b="U"/>
<point x="36.83" y="88.23" b="G"/>
<point x="37.19" y="96.00" b="N"/>
<point x="37.25" y="103.35" b="Y"/>
<point x="37.04" y="110.91" b="U"/>
<point x="44.45" y="109.02" b="N"/>
<point x="51.78" y="110.88" b="N"/>
<point x="57.23" y="115.97" b="Y"/>
<point x="58.79" y="123.27" b="G"/>
<point x="57.02" y="130.56" b="U"/>
<point x="51.63" y="135.87" b="R"/>
<point x="44.45" y="137.93" b="N"/>
<point x="37.25" y="135.62" b="Y"/>
<point x="37.04" y="143.18" b="R"/>
<point x="36.83" y="150.74" b="G"/>
<point x="36.83" y="158.30" b="G"/>
<point x="36.83" y="165.86" b="G"/>
<point x="40.35" y="172.76" b="A"/>
<point x="36.83" y="179.65" b="G"/>
<point x="37.04" y="187.21" b="R"/>
<point x="37.19" y="194.98" b="N"/>
<point x="37.25" y="202.33" b="A"/>
<point x="36.83" y="209.89" b="G"/>
<point x="37.25" y="217.45" b="A"/>
<point x="36.83" y="225.01" b="G"/>
<point x="42.59" y="230.36" b="A"/>
<point x="50.15" y="230.36" b="A"/>
<point x="57.71" y="230.36" b="A"/>
<point x="65.07" y="230.36" b="R"/>
<point x="72.42" y="230.36" b="G"/>
<point x="80.34" y="230.57" b="N"/>
<point x="87.75" y="230.36" b="U"/>
<point x="93.09" y="225.01" b="C"/>
<point x="93.09" y="217.45" b="U"/>
<point x="93.09" y="209.89" b="C"/>
<point x="93.09" y="202.33" b="C"/>
<point x="93.09" y="194.77" b="U"/>
<point x="93.24" y="187.42" b="N"/>
<point x="93.30" y="179.65" b="A"/>
<point x="93.24" y="172.30" b="N"/>
<point x="93.24" y="164.74" b="N"/>
<point x="85.75" y="164.06" b="A"/>
<point x="79.60" y="159.40" b="C"/>
<point x="77.50" y="152.39" b="N"/>
<point x="79.75" y="145.17" b="N"/>
<point x="85.55" y="140.29" b="C"/>
<point x="93.30" y="139.82" b="A"/>
<point x="92.88" y="132.26" b="G"/>
<point x="93.30" y="124.70" b="A"/>
<point x="90.20" y="117.81" b="Y"/>
<point x="93.30" y="110.91" b="Y"/>
<point x="93.24" y="103.56" b="N"/>
<point x="92.88" y="95.79" b="G"/>
<point x="93.09" y="88.23" b="C"/>
<point x="93.09" y="80.67" b="C"/>
<point x="88.41" y="74.90" b="Y"/>
<point x="87.95" y="67.56" b="N"/>
<point x="92.05" y="61.10" b="R"/>
<point x="99.36" y="58.89" b="N"/>
<point x="106.53" y="61.31" b="N"/>
<point x="110.77" y="67.56" b="N"/>
<point x="110.22" y="74.90" b="U"/>
<point x="105.12" y="80.67" b="G"/>
<point x="105.12" y="88.23" b="G"/>
<point x="105.33" y="95.79" b="C"/>
<point x="105.33" y="103.35" b="C"/>
<point x="105.33" y="110.91" b="U"/>
<point x="108.43" y="117.81" b="C"/>
<point x="105.33" y="124.70" b="U"/>
<point x="105.33" y="132.26" b="C"/>
<point x="105.33" y="139.82" b="U"/>
<point x="111.08" y="145.12" b="N"/>
<point x="113.00" y="152.18" b="U"/>
<point x="111.13" y="159.45" b="Y"/>
<point x="105.33" y="164.53" b="C"/>
<point x="105.54" y="172.09" b="Y"/>
<point x="105.33" y="179.65" b="U"/>
<point x="105.48" y="187.42" b="N"/>
<point x="105.54" y="194.77" b="A"/>
<point x="105.12" y="202.33" b="G"/>
<point x="105.12" y="209.89" b="G"/>
<point x="105.33" y="217.45" b="R"/>
<point x="105.12" y="225.01" b="G"/>
<point x="110.68" y="230.36" b="U"/>
<point x="118.24" y="230.36" b="R"/>
<point x="126.00" y="230.36" b="Y"/>
<point x="133.36" y="230.36" b="R"/>
<point x="141.12" y="230.36" b="A"/>
<point x="148.68" y="230.36" b="Y"/>
<point x="156.24" y="230.36" b="A"/>
<point x="163.60" y="230.36" b="R"/>
<point x="171.31" y="230.57" b="N"/>
<point x="178.92" y="230.36" b="Y"/>
</structure>