<structure>
<point x="19.66" y="213.02" b="Y"/>
<point x="27.16" y="213.23" b="N"/>
<point x="32.36" y="207.67" b="R"/>
<point x="32.15" y="200.11" b="G"/>
<point x="32.36" y="192.55" b="C"/>
<point x="32.57" y="184.99" b="A"/>
<point x="32.36" y="177.43" b="C"/>
<point x="32.36" y="169.87" b="U"/>
<point x="26.23" y="165.45" b="U"/>
<point x="22.79" y="158.72" b="U"/>
<point x="22.94" y="151.37" b="N"/>
<point x="26.44" y="144.43" b="A"/>
<point x="32.36" y="140.00" b="C"/>
<point x="32.57" y="132.44" b="A"/>
<point x="32.15" y="124.88" b="G"/>
<point x="29.05" y="117.99" b="G"/>
<point x="32.36" y="111.09" b="U"/>
<point x="32.36" y="103.53" b="C"/>
<point x="32.51" y="96.18" b="N"/>
<point x="32.36" y="88.41" b="U"/>
<point x="29.41" y="81.72" b="N"/>
<point x="32.57" y="74.62" b="Y"/>
<point x="32.36" y="67.06" b="C"/>
<point x="32.36" y="59.50" b="U"/>
<point x="32.57" y="51.94" b="Y"/>
<point x="27.62" y="46.38" b="N"/>
<point x="26.86" y="38.62" b="G"/>
<point x="31.47" y="32.58" b="N"/>
<point x="38.63" y="30.16" b="N"/>
<point x="45.80" y="32.58" b="N"/>
<point x="49.89" y="38.62" b="R"/>
<point x="49.64" y="46.38" b="N"/>
<point x="44.75" y="52.15" b="N"/>
<point x="44.60" y="59.50" b="R"/>
<point x="44.39" y="67.06" b="G"/>
<point x="44.39" y="74.62" b="G"/>
<point x="51.49" y="77.74" b="C"/>
<point x="51.49" y="85.30" b="C"/>
<point x="44.81" y="88.41" b="A"/>
<point x="44.75" y="96.18" b="N"/>
<point x="44.39" y="103.53" b="G"/>
<point x="44.81" y="111.09" b="A"/>
<point x="47.70" y="117.99" b="U"/>
<point x="44.60" y="124.88" b="U"/>
<point x="44.60" y="132.44" b="U"/>
<point x="44.39" y="140.00" b="G"/>
<point x="51.94" y="140.48" b="G"/>
<point x="58.53" y="144.53" b="U"/>
<point x="62.38" y="151.16" b="A"/>
<point x="61.96" y="158.72" b="G"/>
<point x="58.53" y="165.34" b="C"/>
<point x="52.15" y="169.40" b="U"/>
<point x="44.39" y="169.87" b="G"/>
<point x="44.39" y="177.43" b="G"/>
<point x="44.60" y="184.99" b="U"/>
<point x="44.39" y="192.55" b="G"/>
<point x="44.60" y="200.11" b="C"/>
<point x="44.60" y="207.67" b="U"/>
<point x="49.74" y="213.02" b="G"/>
<point x="57.71" y="213.02" b="A"/>
<point x="65.07" y="213.02" b="R"/>
<point x="72.83" y="213.02" b="A"/>
<point x="80.34" y="213.23" b="N"/>
<point x="87.75" y="213.02" b="R"/>
<point x="95.51" y="213.02" b="A"/>
<point x="103.07" y="213.02" b="A"/>
<point x="110.63" y="213.02" b="A"/>
<point x="115.98" y="207.67" b="Y"/>
<point x="115.77" y="200.11" b="C"/>
<point x="115.98" y="192.55" b="Y"/>
<point x="115.77" y="184.99" b="U"/>
<point x="115.77" y="177.43" b="U"/>
<point x="115.92" y="170.08" b="N"/>
<point x="115.92" y="162.52" b="N"/>
<point x="112.67" y="155.42" b="U"/>
<point x="115.98" y="148.52" b="Y"/>
<point x="115.77" y="140.96" b="R"/>
<point x="109.43" y="137.18" b="Y"/>
<point x="115.98" y="133.40" b="A"/>
<point x="115.92" y="126.05" b="N"/>
<point x="111.22" y="120.13" b="N"/>
<point x="111.22" y="112.57" b="N"/>
<point x="115.77" y="106.45" b="U"/>
<point x="115.98" y="98.89" b="Y"/>
<point x="115.92" y="91.54" b="N"/>
<point x="115.77" y="83.77" b="C"/>
<point x="115.98" y="76.21" b="Y"/>
<point x="115.77" y="68.65" b="C"/>
<point x="115.92" y="61.30" b="N"/>
<point x="115.56" y="53.53" b="G"/>
<point x="115.77" y="45.97" b="R"/>
<point x="111.04" y="40.41" b="N"/>
<point x="110.63" y="32.86" b="N"/>
<point x="114.93" y="26.40" b="Y"/>
<point x="121.89" y="23.98" b="U"/>
<point x="129.06" y="26.40" b="R"/>
<point x="133.30" y="32.65" b="U"/>
<point x="132.90" y="40.20" b="R"/>
<point x="128.22" y="45.97" b="Y"/>
<point x="128.01" y="53.53" b="C"/>
<point x="128.16" y="61.30" b="N"/>
<point x="127.80" y="68.65" b="G"/>
<point x="134.56" y="72.43" b="U"/>
<point x="127.80" y="76.21" b="G"/>
<point x="127.80" y="83.77" b="G"/>
<point x="128.16" y="91.54" b="N"/>
<point x="128.01" y="98.89" b="R"/>
<point x="128.01" y="106.45" b="R"/>
<point x="132.72" y="112.37" b="C"/>
<point x="132.72" y="119.93" b="U"/>
<point x="128.01" y="125.84" b="R"/>
<point x="128.01" y="133.40" b="U"/>
<point x="128.22" y="140.96" b="Y"/>
<point x="128.01" y="148.52" b="R"/>
<point x="131.26" y="155.63" b="N"/>
<point x="128.16" y="162.52" b="N"/>
<point x="128.16" y="170.08" b="N"/>
<point x="128.22" y="177.43" b="A"/>
<point x="128.01" y="184.99" b="R"/>
<point x="134.71" y="188.98" b="N"/>
<point x="127.80" y="192.55" b="G"/>
<point x="127.80" y="200.11" b="G"/>
<point x="128.01" y="207.67" b="R"/>
<point x="133.56" y="213.02" b="A"/>
<point x="140.92" y="213.02" b="C"/>
<point x="148.68" y="213.02" b="A"/>
<point x="156.19" y="213.23" b="N"/>
<point x="163.75" y="213.23" b="N"/>
<point x="171.31" y="213.23" b="N"/>
</structure>