<structure>
<point x="90.08" y="239.00" b="N"/>
<point x="89.93" y="231.23" b="C"/>
<point x="89.93" y="223.67" b="U"/>
<point x="89.72" y="216.11" b="G"/>
<point x="89.72" y="208.55" b="G"/>
<point x="89.93" y="200.99" b="C"/>
<point x="82.63" y="200.14" b="A"/>
<point x="75.01" y="198.66" b="R"/>
<point x="67.90" y="196.76" b="N"/>
<point x="60.48" y="193.84" b="G"/>
<point x="54.10" y="190.53" b="A"/>
<point x="47.41" y="186.65" b="U"/>
<point x="41.06" y="182.23" b="G"/>
<point x="35.74" y="177.31" b="A"/>
<point x="30.44" y="171.92" b="Y"/>
<point x="25.57" y="166.30" b="N"/>
<point x="21.12" y="159.87" b="C"/>
<point x="17.57" y="153.31" b="A"/>
<point x="14.17" y="146.46" b="C"/>
<point x="11.59" y="139.35" b="U"/>
<point x="9.61" y="132.06" b="U"/>
<point x="8.06" y="124.62" b="G"/>
<point x="7.56" y="117.09" b="C"/>
<point x="7.50" y="109.53" b="C"/>
<point x="8.08" y="101.99" b="C"/>
<point x="9.31" y="94.53" b="U"/>
<point x="11.16" y="87.20" b="C"/>
<point x="13.84" y="80.06" b="A"/>
<point x="16.71" y="73.15" b="C"/>
<point x="20.36" y="66.53" b="U"/>
<point x="24.71" y="60.46" b="N"/>
<point x="29.49" y="54.34" b="A"/>
<point x="34.28" y="48.86" b="G"/>
<point x="40.35" y="43.85" b="A"/>
<point x="46.36" y="39.54" b="N"/>
<point x="52.64" y="35.35" b="C"/>
<point x="59.59" y="31.93" b="A"/>
<point x="66.54" y="29.31" b="N"/>
<point x="73.82" y="26.87" b="A"/>
<point x="80.79" y="25.27" b="G"/>
<point x="88.50" y="24.31" b="U"/>
<point x="96.05" y="23.98" b="U"/>
<point x="103.61" y="24.31" b="C"/>
<point x="111.11" y="25.27" b="R"/>
<point x="118.64" y="27.08" b="N"/>
<point x="125.72" y="29.10" b="U"/>
<point x="132.73" y="31.93" b="R"/>
<point x="139.68" y="35.35" b="A"/>
<point x="145.90" y="39.33" b="U"/>
<point x="151.75" y="43.85" b="G"/>
<point x="157.82" y="48.86" b="A"/>
<point x="162.62" y="54.34" b="G"/>
<point x="167.75" y="60.25" b="A"/>
<point x="171.75" y="66.53" b="R"/>
<point x="175.61" y="73.15" b="Y"/>
<point x="178.62" y="80.27" b="N"/>
<point x="181.15" y="87.20" b="Y"/>
<point x="182.95" y="94.74" b="N"/>
<point x="184.17" y="102.20" b="N"/>
<point x="184.76" y="109.74" b="N"/>
<point x="184.70" y="117.30" b="N"/>
<point x="183.99" y="124.83" b="N"/>
<point x="182.65" y="132.26" b="N"/>
<point x="180.67" y="139.56" b="N"/>
<point x="178.08" y="146.66" b="N"/>
<point x="174.90" y="153.52" b="N"/>
<point x="171.14" y="160.08" b="N"/>
<point x="166.84" y="166.30" b="N"/>
<point x="162.02" y="172.12" b="N"/>
<point x="156.72" y="177.52" b="N"/>
<point x="150.63" y="182.23" b="G"/>
<point x="144.70" y="186.65" b="U"/>
<point x="138.21" y="190.53" b="U"/>
<point x="131.41" y="193.84" b="C"/>
<point x="124.36" y="196.56" b="U"/>
<point x="116.89" y="198.66" b="G"/>
<point x="109.89" y="200.14" b="A"/>
<point x="101.96" y="200.99" b="G"/>
<point x="102.17" y="208.55" b="C"/>
<point x="102.17" y="216.11" b="C"/>
<point x="102.38" y="223.67" b="A"/>
<point x="101.96" y="231.23" b="G"/>
<point x="102.32" y="239.00" b="N"/>
</structure>