<structure>
<point x="90.43" y="247.95" b="N"/>
<point x="98.05" y="247.74" b="Y"/>
<point x="103.34" y="242.60" b="N"/>
<point x="102.97" y="234.83" b="G"/>
<point x="103.19" y="227.27" b="C"/>
<point x="95.66" y="226.54" b="U"/>
<point x="88.00" y="225.25" b="G"/>
<point x="80.88" y="223.41" b="U"/>
<point x="73.49" y="221.03" b="G"/>
<point x="66.93" y="218.13" b="A"/>
<point x="59.98" y="214.71" b="U"/>
<point x="53.29" y="210.81" b="G"/>
<point x="47.54" y="206.43" b="A"/>
<point x="41.30" y="201.62" b="G"/>
<point x="36.21" y="196.58" b="N"/>
<point x="31.17" y="190.96" b="N"/>
<point x="26.40" y="184.76" b="R"/>
<point x="22.24" y="178.45" b="U"/>
<point x="18.77" y="171.84" b="A"/>
<point x="15.59" y="164.98" b="A"/>
<point x="12.72" y="157.91" b="C"/>
<point x="10.80" y="150.65" b="A"/>
<point x="9.01" y="143.26" b="C"/>
<point x="7.97" y="135.77" b="R"/>
<point x="7.50" y="128.23" b="U"/>
<point x="7.79" y="120.67" b="A"/>
<point x="8.44" y="113.14" b="A"/>
<point x="9.23" y="105.67" b="G"/>
<point x="11.40" y="98.32" b="A"/>
<point x="13.70" y="91.12" b="A"/>
<point x="16.10" y="84.10" b="G"/>
<point x="19.65" y="77.32" b="R"/>
<point x="23.63" y="71.01" b="N"/>
<point x="27.93" y="64.79" b="N"/>
<point x="32.68" y="58.91" b="N"/>
<point x="37.92" y="53.19" b="A"/>
<point x="43.43" y="48.29" b="N"/>
<point x="49.42" y="43.40" b="Y"/>
<point x="55.48" y="39.17" b="C"/>
<point x="62.19" y="35.62" b="N"/>
<point x="69.01" y="32.36" b="N"/>
<point x="75.91" y="29.41" b="U"/>
<point x="83.34" y="27.20" b="Y"/>
<point x="90.51" y="25.53" b="R"/>
<point x="98.14" y="24.62" b="N"/>
<point x="105.68" y="24.06" b="N"/>
<point x="113.23" y="24.06" b="N"/>
<point x="120.41" y="24.41" b="G"/>
<point x="127.89" y="25.53" b="G"/>
<point x="135.47" y="27.20" b="U"/>
<point x="142.70" y="29.41" b="U"/>
<point x="149.75" y="32.15" b="C"/>
<point x="156.57" y="35.41" b="U"/>
<point x="163.13" y="39.17" b="U"/>
<point x="169.40" y="43.40" b="C"/>
<point x="175.33" y="48.08" b="R"/>
<point x="181.11" y="53.19" b="A"/>
<point x="186.08" y="58.71" b="U"/>
<point x="190.62" y="64.59" b="G"/>
<point x="195.34" y="70.80" b="A"/>
<point x="199.17" y="77.32" b="A"/>
<point x="202.50" y="84.10" b="A"/>
<point x="205.12" y="91.12" b="U"/>
<point x="207.62" y="98.32" b="A"/>
<point x="209.38" y="105.67" b="Y"/>
<point x="210.53" y="113.34" b="N"/>
<point x="211.23" y="120.67" b="Y"/>
<point x="211.11" y="128.23" b="U"/>
<point x="210.64" y="135.77" b="U"/>
<point x="209.39" y="143.26" b="G"/>
<point x="208.02" y="150.65" b="U"/>
<point x="205.89" y="157.91" b="U"/>
<point x="203.43" y="164.98" b="A"/>
<point x="200.05" y="171.84" b="C"/>
<point x="196.16" y="178.45" b="G"/>
<point x="192.21" y="184.76" b="C"/>
<point x="187.59" y="190.75" b="U"/>
<point x="182.55" y="196.38" b="U"/>
<point x="176.89" y="201.62" b="G"/>
<point x="171.06" y="206.43" b="G"/>
<point x="165.11" y="210.81" b="C"/>
<point x="158.63" y="214.71" b="U"/>
<point x="151.89" y="218.13" b="U"/>
<point x="144.91" y="221.03" b="C"/>
<point x="137.73" y="223.41" b="U"/>
<point x="130.19" y="225.25" b="G"/>
<point x="123.16" y="226.54" b="A"/>
<point x="115.22" y="227.27" b="G"/>
<point x="115.42" y="234.83" b="C"/>
<point x="115.58" y="242.60" b="N"/>
<point x="120.92" y="247.95" b="N"/>
<point x="128.48" y="247.95" b="N"/>
</structure>