<structure>
<point x="19.60" y="137.11" b="N"/>
<point x="27.16" y="137.11" b="N"/>
<point x="34.58" y="136.90" b="C"/>
<point x="40.13" y="131.56" b="A"/>
<point x="39.92" y="124.00" b="C"/>
<point x="40.13" y="116.44" b="A"/>
<point x="39.92" y="108.88" b="U"/>
<point x="39.92" y="101.32" b="C"/>
<point x="40.13" y="93.76" b="A"/>
<point x="39.71" y="86.20" b="G"/>
<point x="36.73" y="79.45" b="A"/>
<point x="39.10" y="72.34" b="U"/>
<point x="46.04" y="69.34" b="U"/>
<point x="52.98" y="72.34" b="U"/>
<point x="55.56" y="79.45" b="C"/>
<point x="52.16" y="86.20" b="C"/>
<point x="52.16" y="93.76" b="U"/>
<point x="51.95" y="101.32" b="G"/>
<point x="51.95" y="108.88" b="G"/>
<point x="52.16" y="116.44" b="U"/>
<point x="51.95" y="124.00" b="G"/>
<point x="52.16" y="131.56" b="U"/>
<point x="57.71" y="136.90" b="A"/>
<point x="65.27" y="136.90" b="A"/>
<point x="72.63" y="136.90" b="C"/>
<point x="77.76" y="131.56" b="G"/>
<point x="78.18" y="124.00" b="A"/>
<point x="78.18" y="116.44" b="A"/>
<point x="77.97" y="108.88" b="U"/>
<point x="77.97" y="101.32" b="U"/>
<point x="77.97" y="93.76" b="U"/>
<point x="78.12" y="86.41" b="N"/>
<point x="78.18" y="78.64" b="Y"/>
<point x="78.18" y="71.08" b="A"/>
<point x="78.18" y="63.52" b="A"/>
<point x="77.76" y="55.96" b="G"/>
<point x="77.97" y="48.40" b="U"/>
<point x="77.76" y="40.84" b="G"/>
<point x="74.57" y="34.09" b="C"/>
<point x="77.15" y="26.98" b="U"/>
<point x="84.09" y="23.98" b="U"/>
<point x="91.03" y="26.98" b="C"/>
<point x="93.61" y="34.09" b="U"/>
<point x="90.21" y="40.84" b="U"/>
<point x="90.00" y="48.40" b="G"/>
<point x="90.21" y="55.96" b="C"/>
<point x="90.36" y="63.73" b="N"/>
<point x="90.21" y="71.08" b="U"/>
<point x="90.42" y="78.64" b="A"/>
<point x="90.42" y="86.20" b="A"/>
<point x="90.00" y="93.76" b="G"/>
<point x="96.76" y="97.54" b="C"/>
<point x="90.42" y="101.32" b="A"/>
<point x="90.42" y="108.88" b="A"/>
<point x="96.55" y="112.66" b="G"/>
<point x="90.21" y="116.44" b="U"/>
<point x="90.21" y="124.00" b="U"/>
<point x="90.42" y="131.56" b="Y"/>
<point x="95.71" y="137.11" b="N"/>
<point x="101.05" y="131.77" b="N"/>
<point x="101.11" y="124.00" b="Y"/>
<point x="100.90" y="116.44" b="C"/>
<point x="100.90" y="108.88" b="C"/>
<point x="101.05" y="101.53" b="N"/>
<point x="100.69" y="93.76" b="G"/>
<point x="101.05" y="86.41" b="N"/>
<point x="97.95" y="79.51" b="N"/>
<point x="101.05" y="72.62" b="N"/>
<point x="101.11" y="64.85" b="Y"/>
<point x="98.73" y="57.61" b="C"/>
<point x="103.45" y="51.54" b="Y"/>
<point x="111.01" y="51.54" b="Y"/>
<point x="115.47" y="57.81" b="N"/>
<point x="113.14" y="64.85" b="R"/>
<point x="113.29" y="72.62" b="N"/>
<point x="116.03" y="79.30" b="G"/>
<point x="113.29" y="86.41" b="N"/>
<point x="113.14" y="93.76" b="C"/>
<point x="113.29" y="101.53" b="N"/>
<point x="112.93" y="108.88" b="G"/>
<point x="112.93" y="116.44" b="G"/>
<point x="113.14" y="124.00" b="R"/>
<point x="113.29" y="131.77" b="N"/>
<point x="118.49" y="136.90" b="U"/>
<point x="126.05" y="136.90" b="U"/>
</structure>