<structure>
<point x="19.60" y="184.20" b="N"/>
<point x="27.16" y="184.20" b="N"/>
<point x="34.73" y="184.20" b="N"/>
<point x="42.13" y="183.99" b="R"/>
<point x="49.84" y="184.20" b="N"/>
<point x="57.41" y="184.20" b="N"/>
<point x="62.39" y="178.64" b="G"/>
<point x="62.75" y="171.29" b="N"/>
<point x="62.81" y="163.52" b="Y"/>
<point x="62.75" y="156.17" b="N"/>
<point x="62.75" y="148.61" b="N"/>
<point x="62.60" y="140.84" b="C"/>
<point x="62.60" y="133.28" b="U"/>
<point x="55.72" y="130.66" b="A"/>
<point x="49.17" y="126.23" b="G"/>
<point x="44.44" y="120.33" b="G"/>
<point x="41.46" y="113.39" b="G"/>
<point x="40.66" y="105.89" b="U"/>
<point x="41.67" y="98.40" b="U"/>
<point x="44.65" y="91.45" b="C"/>
<point x="49.38" y="85.56" b="C"/>
<point x="55.30" y="81.13" b="G"/>
<point x="62.75" y="78.71" b="N"/>
<point x="62.81" y="70.94" b="Y"/>
<point x="62.75" y="63.59" b="N"/>
<point x="62.75" y="56.03" b="N"/>
<point x="62.75" y="48.47" b="N"/>
<point x="62.75" y="40.91" b="N"/>
<point x="59.35" y="34.16" b="N"/>
<point x="61.93" y="27.05" b="N"/>
<point x="68.87" y="24.06" b="N"/>
<point x="75.81" y="27.05" b="N"/>
<point x="78.39" y="34.16" b="N"/>
<point x="74.99" y="40.91" b="N"/>
<point x="74.99" y="48.47" b="N"/>
<point x="74.99" y="56.03" b="N"/>
<point x="74.99" y="63.59" b="N"/>
<point x="74.84" y="70.94" b="R"/>
<point x="74.99" y="78.71" b="N"/>
<point x="82.18" y="78.06" b="G"/>
<point x="89.93" y="79.86" b="N"/>
<point x="96.47" y="83.17" b="C"/>
<point x="101.97" y="88.36" b="U"/>
<point x="105.67" y="94.83" b="G"/>
<point x="107.69" y="102.11" b="G"/>
<point x="107.91" y="109.67" b="U"/>
<point x="105.88" y="116.96" b="C"/>
<point x="101.97" y="123.43" b="C"/>
<point x="96.26" y="128.61" b="G"/>
<point x="89.98" y="132.13" b="A"/>
<point x="82.18" y="133.73" b="G"/>
<point x="75.05" y="133.28" b="A"/>
<point x="74.63" y="140.84" b="G"/>
<point x="74.99" y="148.61" b="N"/>
<point x="74.99" y="156.17" b="N"/>
<point x="74.84" y="163.52" b="R"/>
<point x="74.99" y="171.29" b="N"/>
<point x="74.84" y="178.64" b="C"/>
<point x="80.19" y="183.99" b="R"/>
<point x="85.68" y="178.85" b="N"/>
<point x="85.68" y="171.29" b="N"/>
<point x="85.74" y="163.52" b="Y"/>
<point x="85.68" y="156.17" b="N"/>
<point x="85.68" y="148.61" b="N"/>
<point x="85.68" y="141.05" b="N"/>
<point x="85.68" y="133.49" b="N"/>
<point x="81.42" y="127.25" b="N"/>
<point x="82.36" y="119.75" b="N"/>
<point x="88.02" y="114.74" b="N"/>
<point x="95.58" y="114.74" b="N"/>
<point x="101.25" y="119.75" b="N"/>
<point x="102.19" y="127.25" b="N"/>
<point x="97.92" y="133.49" b="N"/>
<point x="97.92" y="141.05" b="N"/>
<point x="97.92" y="148.61" b="N"/>
<point x="97.92" y="156.17" b="N"/>
<point x="97.77" y="163.52" b="R"/>
<point x="97.92" y="171.29" b="N"/>
<point x="97.92" y="178.85" b="N"/>
<point x="103.32" y="183.99" b="Y"/>
<point x="110.83" y="184.20" b="N"/>
<point x="118.24" y="183.99" b="C"/>
<point x="126.00" y="183.99" b="A"/>
<point x="133.36" y="183.99" b="C"/>
<point x="140.71" y="183.99" b="G"/>
<point x="148.27" y="183.99" b="G"/>
<point x="156.19" y="184.20" b="N"/>
<point x="163.39" y="183.99" b="G"/>
<point x="170.95" y="183.99" b="G"/>
<point x="178.51" y="183.99" b="G"/>
<point x="186.48" y="183.99" b="A"/>
<point x="194.04" y="183.99" b="Y"/>
<point x="201.60" y="183.99" b="A"/>
<point x="209.16" y="183.99" b="A"/>
<point x="216.72" y="183.99" b="A"/>
<point x="224.28" y="183.99" b="A"/>
<point x="231.43" y="183.99" b="G"/>
<point x="239.20" y="183.99" b="C"/>
<point x="246.76" y="183.99" b="C"/>
<point x="254.32" y="183.99" b="C"/>
<point x="261.67" y="183.99" b="G"/>
<point x="269.23" y="183.99" b="G"/>
<point x="276.79" y="183.99" b="G"/>
<point x="284.76" y="183.99" b="A"/>
<point x="291.91" y="183.99" b="G"/>
<point x="299.68" y="183.99" b="R"/>
<point x="307.44" y="183.99" b="Y"/>
</structure>