<structure>
<point x="65.05" y="190.01" b="N"/>
<point x="72.67" y="189.81" b="Y"/>
<point x="78.01" y="184.46" b="Y"/>
<point x="77.81" y="176.90" b="R"/>
<point x="70.46" y="176.13" b="N"/>
<point x="63.15" y="174.21" b="Y"/>
<point x="55.94" y="171.99" b="N"/>
<point x="49.05" y="168.87" b="N"/>
<point x="42.36" y="164.88" b="U"/>
<point x="36.01" y="160.47" b="G"/>
<point x="30.75" y="155.47" b="A"/>
<point x="25.39" y="149.94" b="U"/>
<point x="20.60" y="143.93" b="G"/>
<point x="17.04" y="137.49" b="A"/>
<point x="13.67" y="130.91" b="N"/>
<point x="11.05" y="123.82" b="N"/>
<point x="8.98" y="116.30" b="U"/>
<point x="7.94" y="109.04" b="N"/>
<point x="7.50" y="101.49" b="N"/>
<point x="7.80" y="93.94" b="N"/>
<point x="8.70" y="86.24" b="U"/>
<point x="10.68" y="78.89" b="A"/>
<point x="12.97" y="71.76" b="C"/>
<point x="16.16" y="64.90" b="C"/>
<point x="19.79" y="58.39" b="G"/>
<point x="24.47" y="52.30" b="C"/>
<point x="29.52" y="46.67" b="C"/>
<point x="35.10" y="41.57" b="C"/>
<point x="41.16" y="37.04" b="C"/>
<point x="47.84" y="33.13" b="A"/>
<point x="54.24" y="29.88" b="G"/>
<point x="61.57" y="27.32" b="U"/>
<point x="68.90" y="25.47" b="C"/>
<point x="76.38" y="24.36" b="U"/>
<point x="83.72" y="23.98" b="G"/>
<point x="91.68" y="24.36" b="A"/>
<point x="98.95" y="25.47" b="U"/>
<point x="106.44" y="27.53" b="N"/>
<point x="113.55" y="30.09" b="N"/>
<point x="120.37" y="33.34" b="N"/>
<point x="126.90" y="37.04" b="Y"/>
<point x="132.75" y="41.57" b="R"/>
<point x="138.33" y="46.67" b="U"/>
<point x="143.17" y="52.30" b="G"/>
<point x="148.05" y="58.39" b="A"/>
<point x="151.69" y="64.90" b="C"/>
<point x="154.88" y="71.76" b="U"/>
<point x="157.17" y="78.89" b="G"/>
<point x="159.36" y="86.24" b="A"/>
<point x="160.35" y="93.94" b="N"/>
<point x="160.65" y="101.49" b="N"/>
<point x="159.85" y="108.83" b="G"/>
<point x="158.66" y="116.30" b="G"/>
<point x="156.96" y="123.61" b="U"/>
<point x="154.53" y="130.70" b="A"/>
<point x="151.22" y="137.49" b="Y"/>
<point x="147.20" y="144.14" b="N"/>
<point x="142.67" y="149.94" b="Y"/>
<point x="137.31" y="155.47" b="U"/>
<point x="131.63" y="160.47" b="C"/>
<point x="125.50" y="164.88" b="U"/>
<point x="118.74" y="168.66" b="G"/>
<point x="112.27" y="171.79" b="A"/>
<point x="105.06" y="174.42" b="N"/>
<point x="97.75" y="175.92" b="Y"/>
<point x="90.05" y="176.90" b="U"/>
<point x="90.05" y="184.46" b="R"/>
<point x="95.54" y="190.01" b="N"/>
<point x="103.10" y="190.01" b="N"/>
</structure>