<structure>
<point x="155.22" y="517.98" b="G"/>
<point x="155.22" y="510.42" b="G"/>
<point x="155.43" y="502.86" b="U"/>
<point x="155.43" y="495.30" b="C"/>
<point x="149.13" y="499.45" b="N"/>
<point x="142.03" y="502.21" b="R"/>
<point x="134.72" y="504.14" b="U"/>
<point x="127.00" y="504.98" b="G"/>
<point x="119.86" y="504.71" b="A"/>
<point x="112.21" y="503.35" b="U"/>
<point x="104.85" y="500.91" b="G"/>
<point x="98.54" y="497.46" b="A"/>
<point x="92.33" y="493.28" b="N"/>
<point x="86.73" y="487.82" b="U"/>
<point x="82.11" y="481.84" b="R"/>
<point x="78.19" y="475.25" b="G"/>
<point x="75.70" y="468.19" b="U"/>
<point x="74.26" y="460.81" b="A"/>
<point x="73.71" y="453.27" b="A"/>
<point x="74.26" y="445.74" b="A"/>
<point x="75.91" y="438.36" b="A"/>
<point x="78.19" y="431.30" b="G"/>
<point x="81.90" y="424.70" b="G"/>
<point x="86.73" y="418.72" b="U"/>
<point x="92.18" y="413.48" b="C"/>
<point x="98.33" y="409.09" b="U"/>
<point x="104.85" y="405.64" b="G"/>
<point x="112.42" y="403.20" b="A"/>
<point x="119.86" y="401.84" b="Y"/>
<point x="127.20" y="401.57" b="U"/>
<point x="134.92" y="402.41" b="Y"/>
<point x="142.03" y="404.33" b="C"/>
<point x="149.13" y="407.51" b="N"/>
<point x="155.58" y="411.46" b="N"/>
<point x="155.63" y="403.69" b="A"/>
<point x="155.22" y="396.13" b="G"/>
<point x="155.43" y="388.57" b="R"/>
<point x="155.43" y="381.01" b="U"/>
<point x="155.63" y="373.45" b="Y"/>
<point x="150.87" y="367.75" b="N"/>
<point x="150.72" y="359.98" b="C"/>
<point x="155.58" y="354.27" b="N"/>
<point x="155.58" y="346.71" b="N"/>
<point x="155.43" y="338.94" b="C"/>
<point x="155.43" y="331.38" b="C"/>
<point x="155.43" y="323.82" b="C"/>
<point x="155.58" y="316.47" b="N"/>
<point x="155.22" y="308.70" b="G"/>
<point x="155.43" y="301.14" b="C"/>
<point x="148.04" y="301.90" b="N"/>
<point x="140.78" y="299.77" b="Y"/>
<point x="134.27" y="295.60" b="C"/>
<point x="129.86" y="289.62" b="Y"/>
<point x="127.42" y="282.46" b="Y"/>
<point x="127.36" y="275.11" b="N"/>
<point x="129.80" y="267.95" b="N"/>
<point x="134.42" y="261.97" b="N"/>
<point x="140.72" y="257.79" b="N"/>
<point x="147.89" y="255.67" b="R"/>
<point x="155.43" y="256.22" b="U"/>
<point x="155.43" y="248.66" b="C"/>
<point x="155.43" y="241.10" b="C"/>
<point x="155.43" y="233.54" b="C"/>
<point x="148.12" y="231.61" b="C"/>
<point x="144.59" y="238.18" b="A"/>
<point x="140.43" y="244.75" b="G"/>
<point x="136.91" y="251.32" b="C"/>
<point x="133.37" y="257.89" b="Y"/>
<point x="129.22" y="264.46" b="G"/>
<point x="125.69" y="271.03" b="C"/>
<point x="130.00" y="277.38" b="Y"/>
<point x="131.59" y="284.77" b="Y"/>
<point x="130.22" y="292.25" b="C"/>
<point x="126.69" y="298.82" b="Y"/>
<point x="120.65" y="303.63" b="C"/>
<point x="113.70" y="306.05" b="Y"/>
<point x="106.14" y="305.76" b="Y"/>
<point x="102.20" y="312.33" b="C"/>
<point x="98.46" y="318.90" b="C"/>
<point x="94.72" y="325.47" b="R"/>
<point x="90.99" y="332.05" b="U"/>
<point x="87.25" y="338.62" b="C"/>
<point x="83.72" y="345.19" b="A"/>
<point x="79.92" y="351.97" b="N"/>
<point x="76.03" y="358.33" b="R"/>
<point x="72.30" y="364.90" b="C"/>
<point x="74.80" y="372.03" b="U"/>
<point x="73.50" y="379.44" b="Y"/>
<point x="68.20" y="385.02" b="C"/>
<point x="61.16" y="387.20" b="A"/>
<point x="53.42" y="385.34" b="G"/>
<point x="48.49" y="379.99" b="Y"/>
<point x="46.61" y="372.86" b="N"/>
<point x="48.65" y="365.42" b="R"/>
<point x="54.24" y="360.34" b="U"/>
<point x="61.45" y="358.85" b="G"/>
<point x="57.83" y="352.33" b="C"/>
<point x="65.60" y="352.28" b="Y"/>
<point x="69.13" y="345.71" b="R"/>
<point x="72.87" y="339.13" b="U"/>
<point x="76.76" y="332.77" b="N"/>
<point x="80.55" y="325.99" b="A"/>
<point x="84.08" y="319.42" b="U"/>
<point x="87.61" y="312.85" b="G"/>
<point x="91.35" y="306.28" b="G"/>
<point x="95.09" y="299.71" b="G"/>
<point x="89.80" y="294.52" b="C"/>
<point x="86.78" y="287.86" b="N"/>
<point x="86.38" y="280.31" b="N"/>
<point x="88.65" y="272.95" b="R"/>
<point x="93.57" y="267.20" b="R"/>
<point x="100.05" y="263.69" b="G"/>
<point x="107.78" y="262.91" b="R"/>
<point x="114.84" y="264.98" b="G"/>
<point x="118.79" y="258.41" b="C"/>
<point x="122.73" y="251.84" b="A"/>
<point x="126.06" y="245.27" b="G"/>
<point x="130.00" y="238.70" b="C"/>
<point x="133.74" y="232.12" b="U"/>
<point x="137.27" y="225.55" b="G"/>
<point x="132.29" y="220.26" b="A"/>
<point x="127.83" y="214.01" b="C"/>
<point x="125.08" y="207.05" b="A"/>
<point x="123.50" y="199.85" b="N"/>
<point x="123.51" y="192.09" b="Y"/>
<point x="124.94" y="184.66" b="Y"/>
<point x="127.75" y="177.87" b="N"/>
<point x="131.56" y="171.36" b="G"/>
<point x="124.52" y="173.10" b="N"/>
<point x="126.53" y="165.72" b="G"/>
<point x="121.92" y="160.07" b="A"/>
<point x="116.69" y="154.42" b="U"/>
<point x="111.46" y="148.77" b="G"/>
<point x="106.85" y="143.12" b="Y"/>
<point x="101.62" y="137.47" b="C"/>
<point x="94.60" y="139.69" b="Y"/>
<point x="87.04" y="139.48" b="Y"/>
<point x="79.89" y="137.07" b="N"/>
<point x="73.87" y="132.10" b="R"/>
<point x="69.98" y="125.92" b="N"/>
<point x="68.25" y="118.37" b="Y"/>
<point x="68.92" y="110.84" b="Y"/>
<point x="71.96" y="103.92" b="Y"/>
<point x="66.52" y="98.27" b="G"/>
<point x="61.70" y="92.62" b="U"/>
<point x="56.83" y="87.18" b="N"/>
<point x="51.65" y="81.32" b="U"/>
<point x="46.63" y="75.68" b="U"/>
<point x="41.81" y="70.03" b="Y"/>
<point x="36.58" y="64.38" b="C"/>
<point x="31.76" y="58.73" b="Y"/>
<point x="26.73" y="53.09" b="Y"/>
<point x="21.50" y="47.44" b="R"/>
<point x="14.02" y="46.38" b="R"/>
<point x="8.90" y="41.01" b="Y"/>
<point x="7.50" y="33.51" b="G"/>
<point x="11.66" y="26.95" b="A"/>
<point x="18.20" y="23.98" b="G"/>
<point x="25.75" y="25.84" b="C"/>
<point x="30.67" y="31.74" b="Y"/>
<point x="30.80" y="39.51" b="N"/>
<point x="35.67" y="44.95" b="R"/>
<point x="40.49" y="50.60" b="G"/>
<point x="45.51" y="56.24" b="G"/>
<point x="50.75" y="61.89" b="R"/>
<point x="55.77" y="67.54" b="R"/>
<point x="60.95" y="73.40" b="N"/>
<point x="65.97" y="79.04" b="N"/>
<point x="71.06" y="84.48" b="A"/>
<point x="75.87" y="90.13" b="C"/>
<point x="80.90" y="95.78" b="R"/>
<point x="88.28" y="93.77" b="N"/>
<point x="95.89" y="93.77" b="Y"/>
<point x="102.92" y="96.60" b="N"/>
<point x="108.80" y="101.36" b="N"/>
<point x="112.48" y="107.54" b="G"/>
<point x="114.47" y="114.89" b="U"/>
<point x="114.01" y="122.42" b="Y"/>
<point x="110.55" y="129.34" b="G"/>
<point x="115.58" y="134.99" b="G"/>
<point x="120.81" y="140.63" b="C"/>
<point x="125.84" y="146.28" b="R"/>
<point x="130.86" y="151.93" b="U"/>
<point x="135.89" y="157.58" b="C"/>
<point x="140.91" y="163.23" b="C"/>
<point x="147.87" y="159.81" b="A"/>
<point x="155.15" y="157.78" b="A"/>
<point x="162.48" y="157.22" b="C"/>
<point x="170.19" y="158.15" b="A"/>
<point x="176.95" y="160.53" b="G"/>
<point x="183.73" y="164.27" b="C"/>
<point x="189.59" y="169.43" b="N"/>
<point x="194.28" y="175.20" b="Y"/>
<point x="197.45" y="181.96" b="R"/>
<point x="199.22" y="189.26" b="G"/>
<point x="199.94" y="196.80" b="U"/>
<point x="199.17" y="204.30" b="Y"/>
<point x="196.75" y="211.46" b="A"/>
<point x="192.76" y="218.01" b="C"/>
<point x="187.77" y="223.69" b="R"/>
<point x="181.97" y="228.28" b="A"/>
<point x="175.18" y="231.61" b="A"/>
<point x="167.46" y="233.54" b="G"/>
<point x="167.46" y="241.10" b="G"/>
<point x="167.67" y="248.66" b="R"/>
<point x="167.67" y="256.22" b="R"/>
<point x="174.75" y="259.37" b="Y"/>
<point x="180.25" y="264.55" b="Y"/>
<point x="183.60" y="271.22" b="U"/>
<point x="184.62" y="278.68" b="G"/>
<point x="183.60" y="286.14" b="R"/>
<point x="180.20" y="293.02" b="N"/>
<point x="174.69" y="298.20" b="N"/>
<point x="167.67" y="301.14" b="R"/>
<point x="167.82" y="308.91" b="N"/>
<point x="167.67" y="316.26" b="U"/>
<point x="167.46" y="323.82" b="G"/>
<point x="167.46" y="331.38" b="G"/>
<point x="167.67" y="338.94" b="R"/>
<point x="167.87" y="346.50" b="A"/>
<point x="167.46" y="354.06" b="G"/>
<point x="171.31" y="347.43" b="U"/>
<point x="176.62" y="342.06" b="R"/>
<point x="183.41" y="338.35" b="Y"/>
<point x="190.77" y="336.59" b="Y"/>
<point x="197.90" y="336.91" b="G"/>
<point x="205.08" y="339.29" b="G"/>
<point x="211.69" y="343.76" b="N"/>
<point x="216.38" y="349.36" b="R"/>
<point x="219.64" y="356.27" b="Y"/>
<point x="220.48" y="363.76" b="C"/>
<point x="219.64" y="371.24" b="Y"/>
<point x="216.38" y="378.16" b="R"/>
<point x="211.74" y="383.97" b="Y"/>
<point x="205.08" y="388.22" b="G"/>
<point x="197.90" y="390.61" b="G"/>
<point x="190.77" y="390.93" b="Y"/>
<point x="183.36" y="389.37" b="N"/>
<point x="176.77" y="385.66" b="N"/>
<point x="171.46" y="380.29" b="N"/>
<point x="167.46" y="373.45" b="G"/>
<point x="167.87" y="381.01" b="A"/>
<point x="167.67" y="388.57" b="U"/>
<point x="167.67" y="396.13" b="C"/>
<point x="167.67" y="403.69" b="U"/>
<point x="167.46" y="411.25" b="G"/>
<point x="175.23" y="413.00" b="A"/>
<point x="182.10" y="416.24" b="N"/>
<point x="188.38" y="420.45" b="N"/>
<point x="193.66" y="425.50" b="U"/>
<point x="198.08" y="431.63" b="U"/>
<point x="201.34" y="438.45" b="U"/>
<point x="203.54" y="445.74" b="Y"/>
<point x="204.16" y="453.48" b="N"/>
<point x="203.54" y="460.80" b="A"/>
<point x="201.55" y="468.10" b="A"/>
<point x="197.87" y="474.92" b="G"/>
<point x="193.66" y="481.05" b="C"/>
<point x="188.23" y="486.31" b="U"/>
<point x="181.74" y="490.52" b="G"/>
<point x="175.23" y="493.54" b="A"/>
<point x="167.46" y="495.30" b="G"/>
<point x="167.87" y="502.86" b="A"/>
<point x="167.67" y="510.42" b="C"/>
<point x="167.67" y="517.98" b="C"/>
</structure>