<structure>
<point x="19.60" y="241.64" b="N"/>
<point x="27.16" y="241.64" b="N"/>
<point x="34.58" y="241.43" b="C"/>
<point x="42.34" y="241.43" b="Y"/>
<point x="49.48" y="241.43" b="G"/>
<point x="55.19" y="236.29" b="N"/>
<point x="55.19" y="228.73" b="N"/>
<point x="48.64" y="224.95" b="N"/>
<point x="55.19" y="221.17" b="N"/>
<point x="55.04" y="213.40" b="C"/>
<point x="55.25" y="205.84" b="A"/>
<point x="55.04" y="198.28" b="U"/>
<point x="55.04" y="190.72" b="C"/>
<point x="55.04" y="183.16" b="U"/>
<point x="55.04" y="175.60" b="U"/>
<point x="55.25" y="168.04" b="A"/>
<point x="55.04" y="160.48" b="C"/>
<point x="49.45" y="155.40" b="C"/>
<point x="47.37" y="148.13" b="R"/>
<point x="49.60" y="141.06" b="N"/>
<point x="55.04" y="135.77" b="R"/>
<point x="55.25" y="128.21" b="Y"/>
<point x="55.25" y="120.65" b="A"/>
<point x="54.83" y="113.09" b="G"/>
<point x="55.04" y="105.53" b="U"/>
<point x="55.04" y="97.97" b="R"/>
<point x="55.04" y="90.41" b="U"/>
<point x="55.04" y="82.85" b="U"/>
<point x="55.04" y="75.29" b="R"/>
<point x="55.19" y="67.94" b="N"/>
<point x="48.21" y="64.49" b="R"/>
<point x="42.99" y="59.37" b="N"/>
<point x="39.69" y="52.57" b="N"/>
<point x="38.82" y="45.06" b="N"/>
<point x="40.48" y="37.69" b="N"/>
<point x="44.49" y="31.28" b="N"/>
<point x="50.40" y="26.56" b="N"/>
<point x="57.53" y="24.06" b="N"/>
<point x="65.09" y="24.06" b="N"/>
<point x="72.22" y="26.56" b="N"/>
<point x="78.13" y="31.28" b="N"/>
<point x="82.14" y="37.69" b="N"/>
<point x="83.65" y="44.86" b="R"/>
<point x="82.99" y="52.37" b="Y"/>
<point x="79.68" y="59.16" b="Y"/>
<point x="74.11" y="64.49" b="U"/>
<point x="67.43" y="67.94" b="N"/>
<point x="67.28" y="75.29" b="U"/>
<point x="67.49" y="82.85" b="A"/>
<point x="67.49" y="90.41" b="A"/>
<point x="67.49" y="97.97" b="Y"/>
<point x="67.49" y="105.53" b="A"/>
<point x="67.28" y="113.09" b="C"/>
<point x="67.28" y="120.65" b="U"/>
<point x="67.07" y="128.21" b="G"/>
<point x="67.49" y="135.77" b="Y"/>
<point x="72.88" y="140.86" b="C"/>
<point x="74.95" y="148.13" b="U"/>
<point x="72.67" y="155.40" b="G"/>
<point x="67.07" y="160.48" b="G"/>
<point x="67.28" y="168.04" b="U"/>
<point x="67.49" y="175.60" b="A"/>
<point x="67.49" y="183.16" b="A"/>
<point x="73.98" y="187.15" b="N"/>
<point x="67.07" y="190.72" b="G"/>
<point x="67.49" y="198.28" b="A"/>
<point x="67.28" y="205.84" b="U"/>
<point x="67.07" y="213.40" b="G"/>
<point x="67.43" y="221.17" b="N"/>
<point x="67.43" y="228.73" b="N"/>
<point x="67.43" y="236.29" b="N"/>
<point x="72.78" y="241.64" b="N"/>
<point x="80.34" y="241.64" b="N"/>
<point x="87.54" y="241.43" b="G"/>
<point x="95.46" y="241.64" b="N"/>
<point x="103.02" y="241.64" b="N"/>
</structure>