<structure>
<point x="104.38" y="252.57" b="U"/>
<point x="104.17" y="245.01" b="G"/>
<point x="104.38" y="237.45" b="C"/>
<point x="104.38" y="229.89" b="U"/>
<point x="96.85" y="229.16" b="R"/>
<point x="89.19" y="227.88" b="G"/>
<point x="82.06" y="226.07" b="U"/>
<point x="75.03" y="223.92" b="N"/>
<point x="67.88" y="220.84" b="R"/>
<point x="61.12" y="217.47" b="U"/>
<point x="54.41" y="213.60" b="G"/>
<point x="48.63" y="209.27" b="A"/>
<point x="42.77" y="204.50" b="A"/>
<point x="36.85" y="199.31" b="G"/>
<point x="32.17" y="193.73" b="Y"/>
<point x="27.28" y="187.79" b="U"/>
<point x="23.20" y="181.74" b="N"/>
<point x="19.29" y="174.97" b="C"/>
<point x="16.02" y="168.16" b="C"/>
<point x="13.26" y="161.12" b="U"/>
<point x="11.02" y="153.90" b="C"/>
<point x="9.47" y="146.74" b="N"/>
<point x="8.31" y="139.27" b="N"/>
<point x="7.55" y="131.53" b="U"/>
<point x="7.50" y="123.97" b="C"/>
<point x="8.21" y="116.42" b="Y"/>
<point x="8.85" y="108.94" b="G"/>
<point x="10.86" y="101.55" b="A"/>
<point x="12.58" y="94.30" b="G"/>
<point x="15.45" y="87.22" b="C"/>
<point x="18.83" y="80.36" b="A"/>
<point x="22.30" y="73.75" b="C"/>
<point x="26.44" y="67.43" b="U"/>
<point x="30.83" y="61.42" b="G"/>
<point x="35.85" y="55.77" b="G"/>
<point x="41.28" y="50.51" b="G"/>
<point x="47.28" y="45.65" b="C"/>
<point x="53.42" y="41.24" b="C"/>
<point x="60.07" y="37.28" b="Y"/>
<point x="66.58" y="33.81" b="U"/>
<point x="73.32" y="30.84" b="G"/>
<point x="80.68" y="28.39" b="C"/>
<point x="87.99" y="26.47" b="C"/>
<point x="95.43" y="25.09" b="U"/>
<point x="102.73" y="24.26" b="G"/>
<point x="110.29" y="23.98" b="G"/>
<point x="117.84" y="24.26" b="G"/>
<point x="125.36" y="25.09" b="G"/>
<point x="132.79" y="26.47" b="G"/>
<point x="140.31" y="28.39" b="C"/>
<point x="147.46" y="30.84" b="U"/>
<point x="154.41" y="33.81" b="C"/>
<point x="161.34" y="37.28" b="Y"/>
<point x="167.72" y="41.45" b="N"/>
<point x="173.50" y="45.65" b="G"/>
<point x="179.30" y="50.51" b="G"/>
<point x="184.72" y="55.77" b="G"/>
<point x="190.16" y="61.42" b="A"/>
<point x="194.34" y="67.43" b="G"/>
<point x="198.69" y="73.75" b="C"/>
<point x="202.36" y="80.36" b="C"/>
<point x="205.74" y="87.22" b="A"/>
<point x="207.99" y="94.30" b="G"/>
<point x="210.13" y="101.55" b="G"/>
<point x="211.73" y="108.94" b="G"/>
<point x="212.99" y="116.42" b="R"/>
<point x="213.70" y="123.97" b="A"/>
<point x="213.23" y="131.53" b="G"/>
<point x="213.04" y="139.06" b="A"/>
<point x="211.68" y="146.53" b="U"/>
<point x="209.76" y="153.90" b="G"/>
<point x="207.74" y="161.12" b="C"/>
<point x="204.97" y="168.16" b="U"/>
<point x="201.91" y="174.97" b="A"/>
<point x="197.94" y="181.53" b="C"/>
<point x="193.71" y="187.79" b="C"/>
<point x="189.18" y="193.94" b="N"/>
<point x="183.93" y="199.31" b="C"/>
<point x="178.22" y="204.50" b="G"/>
<point x="172.36" y="209.27" b="G"/>
<point x="166.58" y="213.60" b="A"/>
<point x="160.08" y="217.47" b="A"/>
<point x="152.90" y="220.84" b="G"/>
<point x="146.12" y="223.72" b="C"/>
<point x="138.93" y="226.07" b="U"/>
<point x="131.38" y="227.88" b="G"/>
<point x="124.35" y="229.16" b="A"/>
<point x="116.82" y="229.89" b="A"/>
<point x="116.62" y="237.45" b="R"/>
<point x="116.62" y="245.01" b="C"/>
<point x="116.62" y="252.57" b="R"/>
</structure>