<structure>
<point x="19.61" y="236.55" b="N"/>
<point x="27.23" y="236.34" b="A"/>
<point x="32.58" y="230.99" b="A"/>
<point x="32.16" y="223.43" b="G"/>
<point x="32.37" y="215.87" b="C"/>
<point x="32.58" y="208.31" b="A"/>
<point x="32.16" y="200.75" b="G"/>
<point x="32.16" y="193.19" b="G"/>
<point x="25.03" y="192.75" b="Y"/>
<point x="17.84" y="189.85" b="U"/>
<point x="12.00" y="184.81" b="G"/>
<point x="8.56" y="178.19" b="C"/>
<point x="7.50" y="170.73" b="A"/>
<point x="8.76" y="163.28" b="A"/>
<point x="12.21" y="156.66" b="U"/>
<point x="17.84" y="151.62" b="U"/>
<point x="25.03" y="148.71" b="A"/>
<point x="32.37" y="148.27" b="C"/>
<point x="32.58" y="140.71" b="A"/>
<point x="32.16" y="133.15" b="G"/>
<point x="32.37" y="125.59" b="U"/>
<point x="32.37" y="118.03" b="R"/>
<point x="32.37" y="110.47" b="C"/>
<point x="32.37" y="102.91" b="U"/>
<point x="32.37" y="95.35" b="U"/>
<point x="32.58" y="87.79" b="Y"/>
<point x="27.02" y="82.45" b="R"/>
<point x="25.54" y="75.04" b="U"/>
<point x="28.42" y="68.05" b="U"/>
<point x="34.71" y="63.85" b="U"/>
<point x="42.27" y="63.85" b="U"/>
<point x="48.34" y="68.05" b="G"/>
<point x="51.44" y="75.04" b="U"/>
<point x="49.75" y="82.45" b="G"/>
<point x="44.40" y="87.79" b="G"/>
<point x="44.82" y="95.35" b="A"/>
<point x="44.82" y="102.91" b="A"/>
<point x="44.40" y="110.47" b="G"/>
<point x="44.61" y="118.03" b="U"/>
<point x="44.82" y="125.59" b="A"/>
<point x="44.61" y="133.15" b="C"/>
<point x="44.61" y="140.71" b="U"/>
<point x="44.40" y="148.27" b="G"/>
<point x="51.63" y="151.62" b="N"/>
<point x="56.99" y="156.60" b="C"/>
<point x="60.75" y="163.27" b="A"/>
<point x="61.77" y="170.73" b="U"/>
<point x="60.54" y="178.19" b="U"/>
<point x="57.19" y="184.87" b="A"/>
<point x="51.48" y="190.05" b="U"/>
<point x="44.61" y="193.19" b="C"/>
<point x="44.61" y="200.75" b="C"/>
<point x="44.61" y="208.31" b="U"/>
<point x="44.40" y="215.87" b="G"/>
<point x="44.61" y="223.43" b="C"/>
<point x="44.61" y="230.99" b="U"/>
<point x="49.74" y="236.34" b="G"/>
<point x="57.72" y="236.34" b="A"/>
<point x="65.28" y="236.34" b="A"/>
<point x="72.84" y="236.34" b="A"/>
<point x="79.98" y="236.34" b="G"/>
<point x="87.96" y="236.34" b="A"/>
<point x="95.52" y="236.34" b="A"/>
<point x="103.08" y="236.34" b="A"/>
<point x="110.64" y="236.34" b="A"/>
<point x="118.15" y="236.55" b="N"/>
<point x="123.34" y="230.99" b="C"/>
<point x="123.55" y="223.43" b="Y"/>
<point x="123.34" y="215.87" b="R"/>
<point x="123.34" y="208.31" b="U"/>
<point x="123.13" y="200.75" b="G"/>
<point x="123.34" y="193.19" b="U"/>
<point x="123.34" y="185.63" b="U"/>
<point x="123.34" y="178.07" b="R"/>
<point x="123.34" y="170.51" b="R"/>
<point x="123.34" y="162.95" b="U"/>
<point x="123.34" y="155.39" b="C"/>
<point x="116.87" y="151.49" b="R"/>
<point x="112.49" y="145.32" b="U"/>
<point x="110.95" y="137.92" b="U"/>
<point x="112.49" y="130.52" b="U"/>
<point x="117.07" y="124.36" b="Y"/>
<point x="123.34" y="120.45" b="U"/>
<point x="123.13" y="112.89" b="G"/>
<point x="123.55" y="105.33" b="A"/>
<point x="123.34" y="97.77" b="U"/>
<point x="123.34" y="90.21" b="U"/>
<point x="123.34" y="82.65" b="U"/>
<point x="123.34" y="75.09" b="U"/>
<point x="123.13" y="67.53" b="G"/>
<point x="123.34" y="59.97" b="C"/>
<point x="123.34" y="52.41" b="C"/>
<point x="123.34" y="44.85" b="U"/>
<point x="123.55" y="37.29" b="Y"/>
<point x="121.17" y="30.05" b="U"/>
<point x="125.83" y="24.19" b="N"/>
<point x="133.24" y="23.98" b="U"/>
<point x="137.54" y="30.05" b="G"/>
<point x="135.58" y="37.29" b="R"/>
<point x="135.58" y="44.85" b="R"/>
<point x="135.37" y="52.41" b="G"/>
<point x="135.37" y="59.97" b="G"/>
<point x="135.58" y="67.53" b="U"/>
<point x="135.79" y="75.09" b="A"/>
<point x="135.79" y="82.65" b="A"/>
<point x="135.79" y="90.21" b="A"/>
<point x="135.79" y="97.77" b="A"/>
<point x="135.58" y="105.33" b="U"/>
<point x="135.58" y="112.89" b="C"/>
<point x="135.79" y="120.45" b="A"/>
<point x="142.06" y="124.36" b="U"/>
<point x="146.22" y="130.52" b="G"/>
<point x="148.18" y="137.92" b="A"/>
<point x="146.43" y="145.32" b="C"/>
<point x="142.20" y="151.70" b="N"/>
<point x="135.37" y="155.39" b="G"/>
<point x="135.79" y="162.95" b="A"/>
<point x="135.58" y="170.51" b="U"/>
<point x="135.58" y="178.07" b="U"/>
<point x="135.58" y="185.63" b="R"/>
<point x="135.58" y="193.19" b="R"/>
<point x="135.58" y="200.75" b="C"/>
<point x="135.79" y="208.31" b="A"/>
<point x="135.58" y="215.87" b="U"/>
<point x="135.37" y="223.43" b="G"/>
<point x="135.58" y="230.99" b="R"/>
<point x="141.13" y="236.34" b="A"/>
<point x="148.49" y="236.34" b="C"/>
<point x="156.25" y="236.34" b="A"/>
<point x="163.61" y="236.34" b="R"/>
<point x="171.17" y="236.34" b="U"/>
<point x="178.73" y="236.34" b="U"/>
</structure>