<structure>
<point x="19.60" y="123.11" b="N"/>
<point x="27.22" y="122.91" b="Y"/>
<point x="34.73" y="123.11" b="N"/>
<point x="42.34" y="122.91" b="Y"/>
<point x="49.70" y="122.91" b="R"/>
<point x="57.26" y="122.91" b="U"/>
<point x="64.61" y="122.91" b="G"/>
<point x="72.58" y="122.91" b="A"/>
<point x="79.94" y="122.91" b="U"/>
<point x="87.28" y="122.91" b="G"/>
<point x="95.26" y="122.91" b="A"/>
<point x="102.77" y="123.11" b="N"/>
<point x="110.17" y="122.91" b="U"/>
<point x="117.73" y="122.91" b="U"/>
<point x="125.45" y="123.11" b="N"/>
<point x="133.06" y="122.91" b="Y"/>
<point x="140.56" y="123.11" b="N"/>
<point x="147.97" y="122.91" b="U"/>
<point x="155.32" y="122.91" b="G"/>
<point x="162.88" y="122.91" b="G"/>
<point x="170.86" y="122.91" b="A"/>
<point x="178.42" y="122.91" b="A"/>
<point x="183.56" y="117.56" b="U"/>
<point x="183.56" y="110.00" b="C"/>
<point x="183.56" y="102.44" b="U"/>
<point x="183.56" y="94.88" b="C"/>
<point x="183.35" y="87.32" b="G"/>
<point x="176.67" y="84.20" b="U"/>
<point x="176.67" y="76.64" b="U"/>
<point x="183.56" y="73.53" b="C"/>
<point x="183.35" y="65.97" b="G"/>
<point x="183.35" y="58.41" b="G"/>
<point x="183.56" y="50.85" b="C"/>
<point x="177.85" y="45.89" b="U"/>
<point x="175.29" y="38.71" b="G"/>
<point x="177.38" y="31.33" b="A"/>
<point x="182.54" y="26.07" b="N"/>
<point x="189.83" y="24.06" b="N"/>
<point x="197.12" y="26.07" b="N"/>
<point x="202.34" y="31.54" b="N"/>
<point x="203.86" y="38.71" b="U"/>
<point x="201.51" y="45.89" b="U"/>
<point x="195.59" y="50.85" b="G"/>
<point x="195.80" y="58.41" b="C"/>
<point x="195.80" y="65.97" b="U"/>
<point x="195.59" y="73.53" b="G"/>
<point x="199.05" y="80.63" b="N"/>
<point x="195.80" y="87.32" b="U"/>
<point x="195.59" y="94.88" b="G"/>
<point x="196.01" y="102.44" b="A"/>
<point x="195.59" y="110.00" b="G"/>
<point x="196.01" y="117.56" b="A"/>
<point x="201.15" y="122.91" b="C"/>
<point x="208.71" y="122.91" b="U"/>
<point x="216.47" y="122.91" b="Y"/>
<point x="223.98" y="123.11" b="N"/>
<point x="231.39" y="122.91" b="R"/>
<point x="239.15" y="122.91" b="A"/>
<point x="246.71" y="122.91" b="A"/>
<point x="254.27" y="122.91" b="A"/>
<point x="261.63" y="122.91" b="U"/>
<point x="269.19" y="122.91" b="C"/>
<point x="276.75" y="122.91" b="U"/>
<point x="284.10" y="122.91" b="G"/>
<point x="292.07" y="122.91" b="A"/>
<point x="299.63" y="122.91" b="Y"/>
<point x="306.99" y="122.91" b="U"/>
<point x="314.75" y="122.91" b="Y"/>
<point x="322.11" y="122.91" b="U"/>
<point x="329.87" y="122.91" b="Y"/>
</structure>