<structure>
<point x="86.16" y="246.60" b="G"/>
<point x="86.16" y="239.04" b="G"/>
<point x="86.37" y="231.48" b="C"/>
<point x="86.37" y="223.92" b="C"/>
<point x="86.58" y="216.36" b="A"/>
<point x="86.16" y="208.80" b="G"/>
<point x="86.16" y="201.24" b="G"/>
<point x="86.16" y="193.68" b="G"/>
<point x="78.65" y="192.80" b="G"/>
<point x="71.25" y="191.26" b="G"/>
<point x="64.38" y="189.27" b="N"/>
<point x="57.42" y="186.23" b="A"/>
<point x="50.69" y="182.79" b="A"/>
<point x="43.87" y="178.77" b="G"/>
<point x="38.27" y="174.19" b="A"/>
<point x="32.69" y="169.10" b="A"/>
<point x="27.58" y="163.53" b="A"/>
<point x="22.92" y="157.73" b="N"/>
<point x="18.73" y="151.14" b="R"/>
<point x="15.27" y="144.42" b="R"/>
<point x="12.42" y="137.41" b="U"/>
<point x="10.41" y="130.19" b="A"/>
<point x="8.63" y="122.79" b="U"/>
<point x="7.94" y="115.28" b="A"/>
<point x="7.50" y="107.73" b="R"/>
<point x="7.94" y="100.18" b="R"/>
<point x="9.26" y="92.70" b="Y"/>
<point x="10.82" y="85.35" b="U"/>
<point x="13.23" y="78.19" b="R"/>
<point x="16.48" y="71.27" b="A"/>
<point x="20.13" y="64.64" b="A"/>
<point x="24.35" y="58.37" b="A"/>
<point x="28.90" y="52.50" b="C"/>
<point x="34.37" y="47.07" b="A"/>
<point x="39.89" y="42.13" b="U"/>
<point x="46.18" y="37.93" b="N"/>
<point x="52.54" y="33.88" b="U"/>
<point x="59.57" y="30.62" b="A"/>
<point x="66.24" y="27.99" b="G"/>
<point x="73.74" y="25.99" b="U"/>
<point x="81.39" y="24.66" b="A"/>
<point x="88.71" y="23.98" b="U"/>
<point x="96.06" y="23.98" b="G"/>
<point x="103.59" y="24.66" b="G"/>
<point x="111.03" y="25.99" b="G"/>
<point x="118.53" y="27.99" b="C"/>
<point x="125.83" y="30.62" b="A"/>
<point x="132.65" y="33.88" b="A"/>
<point x="138.74" y="37.72" b="G"/>
<point x="145.09" y="42.13" b="C"/>
<point x="151.02" y="47.07" b="A"/>
<point x="155.87" y="52.50" b="G"/>
<point x="160.63" y="58.37" b="G"/>
<point x="164.85" y="64.64" b="G"/>
<point x="168.91" y="71.27" b="A"/>
<point x="171.54" y="78.19" b="G"/>
<point x="174.16" y="85.35" b="C"/>
<point x="175.93" y="92.70" b="U"/>
<point x="177.04" y="100.18" b="R"/>
<point x="177.27" y="107.73" b="G"/>
<point x="177.46" y="115.28" b="A"/>
<point x="176.55" y="122.79" b="A"/>
<point x="174.93" y="130.39" b="N"/>
<point x="172.35" y="137.41" b="G"/>
<point x="169.92" y="144.42" b="A"/>
<point x="166.25" y="151.14" b="U"/>
<point x="162.21" y="157.52" b="U"/>
<point x="157.82" y="163.53" b="Y"/>
<point x="152.29" y="169.10" b="G"/>
<point x="146.91" y="174.19" b="C"/>
<point x="141.10" y="178.77" b="A"/>
<point x="134.65" y="183.00" b="N"/>
<point x="127.77" y="186.23" b="U"/>
<point x="120.75" y="189.06" b="U"/>
<point x="113.73" y="191.26" b="A"/>
<point x="106.33" y="192.80" b="A"/>
<point x="98.82" y="193.68" b="Y"/>
<point x="98.61" y="201.24" b="C"/>
<point x="98.61" y="208.80" b="C"/>
<point x="98.61" y="216.36" b="U"/>
<point x="98.40" y="223.92" b="G"/>
<point x="98.40" y="231.48" b="G"/>
<point x="98.61" y="239.04" b="C"/>
<point x="98.61" y="246.60" b="C"/>
</structure>