<structure>
<point x="19.66" y="132.92" b="A"/>
<point x="27.02" y="132.92" b="C"/>
<point x="34.37" y="132.92" b="G"/>
<point x="42.34" y="132.92" b="A"/>
<point x="49.70" y="132.92" b="U"/>
<point x="57.26" y="132.92" b="C"/>
<point x="64.61" y="132.92" b="G"/>
<point x="72.58" y="132.92" b="A"/>
<point x="79.94" y="132.92" b="U"/>
<point x="87.70" y="132.92" b="A"/>
<point x="95.20" y="133.13" b="N"/>
<point x="102.61" y="132.92" b="C"/>
<point x="110.17" y="132.92" b="U"/>
<point x="117.94" y="132.92" b="A"/>
<point x="125.30" y="132.92" b="U"/>
<point x="132.85" y="132.92" b="U"/>
<point x="140.41" y="132.92" b="U"/>
<point x="145.91" y="127.78" b="N"/>
<point x="145.97" y="120.01" b="A"/>
<point x="145.97" y="112.45" b="Y"/>
<point x="145.76" y="104.89" b="C"/>
<point x="145.55" y="97.33" b="G"/>
<point x="145.97" y="89.77" b="A"/>
<point x="145.76" y="82.21" b="U"/>
<point x="145.76" y="74.65" b="C"/>
<point x="145.55" y="67.09" b="G"/>
<point x="140.87" y="61.33" b="U"/>
<point x="140.47" y="53.78" b="U"/>
<point x="144.87" y="47.73" b="N"/>
<point x="152.09" y="45.11" b="A"/>
<point x="159.04" y="47.52" b="U"/>
<point x="163.50" y="53.78" b="A"/>
<point x="162.89" y="61.33" b="U"/>
<point x="158.00" y="67.09" b="C"/>
<point x="157.79" y="74.65" b="G"/>
<point x="158.21" y="82.21" b="A"/>
<point x="158.00" y="89.77" b="U"/>
<point x="158.00" y="97.33" b="C"/>
<point x="157.79" y="104.89" b="G"/>
<point x="158.15" y="112.66" b="N"/>
<point x="158.00" y="120.01" b="U"/>
<point x="158.21" y="127.57" b="A"/>
<point x="163.50" y="133.13" b="N"/>
<point x="170.70" y="132.92" b="G"/>
<point x="178.47" y="132.92" b="C"/>
<point x="186.03" y="132.92" b="U"/>
<point x="193.79" y="132.92" b="A"/>
<point x="201.35" y="132.92" b="A"/>
<point x="208.71" y="132.92" b="U"/>
<point x="216.47" y="132.92" b="A"/>
<point x="224.03" y="132.92" b="A"/>
<point x="231.39" y="132.92" b="U"/>
<point x="239.15" y="132.92" b="A"/>
<point x="246.71" y="132.92" b="A"/>
<point x="254.07" y="132.92" b="C"/>
<point x="261.78" y="133.13" b="N"/>
<point x="269.39" y="132.92" b="Y"/>
<point x="276.95" y="132.92" b="Y"/>
<point x="284.51" y="132.92" b="Y"/>
<point x="289.44" y="127.57" b="G"/>
<point x="289.65" y="120.01" b="U"/>
<point x="289.86" y="112.45" b="Y"/>
<point x="286.76" y="105.56" b="A"/>
<point x="289.44" y="98.66" b="G"/>
<point x="289.86" y="91.10" b="Y"/>
<point x="284.97" y="85.33" b="A"/>
<point x="284.57" y="77.78" b="A"/>
<point x="288.81" y="71.53" b="Y"/>
<point x="295.77" y="69.12" b="R"/>
<point x="302.94" y="71.53" b="U"/>
<point x="307.18" y="77.78" b="R"/>
<point x="306.99" y="85.33" b="Y"/>
<point x="301.89" y="91.10" b="R"/>
<point x="301.89" y="98.66" b="C"/>
<point x="305.20" y="105.56" b="A"/>
<point x="301.68" y="112.45" b="G"/>
<point x="302.10" y="120.01" b="A"/>
<point x="302.10" y="127.57" b="Y"/>
<point x="307.44" y="132.92" b="A"/>
<point x="314.80" y="132.92" b="C"/>
<point x="322.51" y="133.13" b="N"/>
<point x="330.07" y="133.13" b="N"/>
<point x="337.68" y="132.92" b="A"/>
<point x="345.04" y="132.92" b="C"/>
<point x="352.80" y="132.92" b="A"/>
<point x="359.95" y="132.92" b="G"/>
<point x="367.92" y="132.92" b="A"/>
<point x="375.43" y="133.13" b="N"/>
<point x="383.04" y="132.92" b="A"/>
<point x="390.55" y="133.13" b="N"/>
<point x="397.75" y="132.92" b="G"/>
<point x="405.72" y="132.92" b="A"/>
<point x="413.23" y="133.13" b="N"/>
<point x="420.84" y="132.92" b="A"/>
<point x="428.20" y="132.92" b="U"/>
<point x="435.76" y="132.92" b="U"/>
<point x="443.32" y="132.92" b="C"/>
<point x="451.08" y="132.92" b="A"/>
<point x="456.01" y="127.57" b="G"/>
<point x="456.01" y="120.01" b="G"/>
<point x="456.01" y="112.45" b="G"/>
<point x="452.41" y="118.85" b="A"/>
<point x="447.44" y="124.55" b="A"/>
<point x="441.44" y="129.40" b="C"/>
<point x="435.16" y="133.29" b="A"/>
<point x="428.15" y="136.13" b="A"/>
<point x="420.58" y="137.84" b="C"/>
<point x="413.25" y="138.38" b="A"/>
<point x="405.30" y="137.74" b="G"/>
<point x="398.37" y="135.93" b="A"/>
<point x="391.20" y="133.00" b="R"/>
<point x="384.77" y="129.02" b="C"/>
<point x="379.04" y="124.09" b="C"/>
<point x="374.35" y="118.33" b="A"/>
<point x="370.21" y="111.87" b="C"/>
<point x="367.54" y="104.88" b="A"/>
<point x="365.72" y="97.74" b="N"/>
<point x="365.13" y="90.20" b="N"/>
<point x="365.57" y="82.46" b="U"/>
<point x="367.33" y="75.10" b="C"/>
<point x="370.42" y="68.11" b="A"/>
<point x="373.94" y="61.66" b="G"/>
<point x="379.24" y="55.89" b="A"/>
<point x="384.97" y="50.96" b="A"/>
<point x="391.40" y="46.98" b="A"/>
<point x="398.17" y="44.06" b="C"/>
<point x="405.51" y="42.25" b="U"/>
<point x="413.25" y="41.61" b="Y"/>
<point x="420.58" y="42.15" b="C"/>
<point x="427.94" y="43.85" b="C"/>
<point x="434.95" y="46.69" b="R"/>
<point x="441.59" y="50.79" b="N"/>
<point x="447.23" y="55.43" b="C"/>
<point x="452.41" y="61.13" b="A"/>
<point x="456.01" y="67.53" b="G"/>
<point x="456.22" y="59.97" b="C"/>
<point x="456.22" y="52.41" b="C"/>
<point x="456.01" y="44.85" b="G"/>
<point x="456.01" y="37.29" b="G"/>
<point x="454.26" y="30.05" b="A"/>
<point x="458.77" y="23.98" b="Y"/>
<point x="466.12" y="23.98" b="C"/>
<point x="470.64" y="30.05" b="U"/>
<point x="468.61" y="37.50" b="N"/>
<point x="468.46" y="44.85" b="C"/>
<point x="468.25" y="52.41" b="G"/>
<point x="468.25" y="59.97" b="G"/>
<point x="468.46" y="67.53" b="C"/>
<point x="475.54" y="70.68" b="A"/>
<point x="480.84" y="75.86" b="C"/>
<point x="484.40" y="82.53" b="U"/>
<point x="485.41" y="89.99" b="G"/>
<point x="484.40" y="97.45" b="U"/>
<point x="481.05" y="104.12" b="A"/>
<point x="475.54" y="109.31" b="A"/>
<point x="468.46" y="112.45" b="C"/>
<point x="468.46" y="120.01" b="C"/>
<point x="468.46" y="127.57" b="C"/>
<point x="473.81" y="132.92" b="U"/>
<point x="481.37" y="132.92" b="U"/>
<point x="489.14" y="132.92" b="Y"/>
<point x="496.70" y="132.92" b="A"/>
<point x="504.05" y="132.92" b="C"/>
<point x="511.61" y="132.92" b="C"/>
<point x="519.17" y="132.92" b="U"/>
<point x="524.30" y="127.57" b="G"/>
<point x="524.51" y="120.01" b="C"/>
<point x="524.66" y="112.66" b="N"/>
<point x="524.30" y="104.89" b="G"/>
<point x="524.30" y="97.33" b="G"/>
<point x="524.51" y="89.77" b="U"/>
<point x="524.72" y="82.21" b="A"/>
<point x="524.51" y="74.65" b="U"/>
<point x="524.51" y="67.09" b="C"/>
<point x="524.51" y="59.53" b="C"/>
<point x="524.72" y="51.97" b="A"/>
<point x="524.51" y="44.41" b="C"/>
<point x="524.51" y="36.85" b="R"/>
<point x="526.86" y="29.66" b="U"/>
<point x="534.62" y="29.66" b="Y"/>
<point x="536.75" y="36.85" b="U"/>
<point x="536.54" y="44.41" b="G"/>
<point x="536.75" y="51.97" b="U"/>
<point x="536.54" y="59.53" b="G"/>
<point x="536.54" y="67.09" b="G"/>
<point x="536.75" y="74.65" b="R"/>
<point x="536.75" y="82.21" b="U"/>
<point x="536.96" y="89.77" b="A"/>
<point x="536.75" y="97.33" b="C"/>
<point x="536.75" y="104.89" b="C"/>
<point x="536.54" y="112.45" b="G"/>
<point x="536.54" y="120.01" b="G"/>
<point x="536.75" y="127.57" b="C"/>
<point x="542.25" y="133.13" b="N"/>
<point x="549.66" y="132.92" b="U"/>
<point x="557.22" y="132.92" b="U"/>
<point x="564.78" y="132.92" b="U"/>
<point x="572.34" y="132.92" b="U"/>
<point x="579.90" y="132.92" b="U"/>
<point x="587.67" y="132.92" b="A"/>
<point x="595.02" y="132.92" b="U"/>
<point x="602.58" y="132.92" b="U"/>
<point x="610.14" y="132.92" b="C"/>
<point x="617.91" y="132.92" b="A"/>
<point x="625.26" y="132.92" b="C"/>
<point x="632.82" y="132.92" b="C"/>
</structure>