<structure>
<point x="19.66" y="135.57" b="A"/>
<point x="24.80" y="130.23" b="C"/>
<point x="24.80" y="122.67" b="C"/>
<point x="24.95" y="115.32" b="N"/>
<point x="24.59" y="107.55" b="G"/>
<point x="25.01" y="99.99" b="Y"/>
<point x="24.95" y="92.64" b="N"/>
<point x="18.57" y="88.58" b="N"/>
<point x="14.46" y="82.24" b="N"/>
<point x="13.36" y="74.76" b="N"/>
<point x="15.47" y="67.50" b="N"/>
<point x="20.06" y="61.57" b="G"/>
<point x="26.93" y="58.42" b="G"/>
<point x="34.91" y="58.42" b="A"/>
<point x="41.73" y="61.78" b="N"/>
<point x="46.67" y="67.50" b="N"/>
<point x="48.78" y="74.76" b="N"/>
<point x="47.68" y="82.24" b="N"/>
<point x="43.57" y="88.58" b="N"/>
<point x="37.19" y="92.64" b="N"/>
<point x="37.04" y="99.99" b="R"/>
<point x="37.04" y="107.55" b="C"/>
<point x="37.19" y="115.32" b="N"/>
<point x="36.83" y="122.67" b="G"/>
<point x="36.83" y="130.23" b="G"/>
<point x="42.59" y="135.57" b="A"/>
<point x="50.10" y="135.78" b="N"/>
<point x="57.71" y="135.57" b="Y"/>
<point x="65.22" y="135.78" b="N"/>
<point x="72.78" y="135.78" b="N"/>
<point x="80.39" y="135.57" b="A"/>
<point x="87.90" y="135.78" b="N"/>
<point x="93.09" y="130.23" b="R"/>
<point x="93.24" y="122.88" b="N"/>
<point x="93.09" y="115.11" b="R"/>
<point x="93.24" y="107.76" b="N"/>
<point x="92.88" y="99.99" b="G"/>
<point x="92.88" y="92.43" b="G"/>
<point x="87.95" y="87.09" b="A"/>
<point x="86.26" y="79.68" b="U"/>
<point x="89.15" y="72.69" b="R"/>
<point x="95.58" y="68.70" b="N"/>
<point x="103.20" y="68.49" b="A"/>
<point x="109.28" y="72.69" b="C"/>
<point x="112.17" y="79.68" b="U"/>
<point x="110.47" y="87.09" b="G"/>
<point x="105.33" y="92.43" b="C"/>
<point x="105.33" y="99.99" b="U"/>
<point x="105.12" y="107.55" b="G"/>
<point x="105.33" y="115.11" b="U"/>
<point x="105.12" y="122.67" b="G"/>
<point x="105.33" y="130.23" b="U"/>
<point x="110.47" y="135.57" b="G"/>
<point x="118.24" y="135.57" b="U"/>
<point x="126.00" y="135.57" b="A"/>
<point x="133.36" y="135.57" b="C"/>
<point x="140.92" y="135.57" b="U"/>
<point x="146.05" y="130.23" b="G"/>
<point x="146.26" y="122.67" b="U"/>
<point x="146.47" y="115.11" b="A"/>
<point x="146.05" y="107.55" b="G"/>
<point x="146.47" y="99.99" b="A"/>
<point x="146.05" y="92.43" b="G"/>
<point x="146.26" y="84.87" b="U"/>
<point x="146.26" y="77.31" b="C"/>
<point x="146.26" y="69.75" b="U"/>
<point x="146.05" y="62.19" b="G"/>
<point x="142.95" y="55.29" b="G"/>
<point x="146.26" y="48.40" b="C"/>
<point x="146.05" y="40.84" b="G"/>
<point x="142.65" y="34.09" b="G"/>
<point x="145.65" y="26.98" b="A"/>
<point x="152.38" y="23.98" b="U"/>
<point x="159.12" y="26.98" b="G"/>
<point x="161.91" y="34.09" b="U"/>
<point x="158.50" y="40.84" b="C"/>
<point x="158.29" y="48.40" b="G"/>
<point x="161.81" y="55.29" b="A"/>
<point x="158.50" y="62.19" b="C"/>
<point x="158.71" y="69.75" b="A"/>
<point x="158.29" y="77.31" b="G"/>
<point x="158.50" y="84.87" b="R"/>
<point x="158.50" y="92.43" b="C"/>
<point x="158.50" y="99.99" b="U"/>
<point x="158.50" y="107.55" b="C"/>
<point x="158.50" y="115.11" b="U"/>
<point x="158.71" y="122.67" b="A"/>
<point x="158.50" y="130.23" b="U"/>
<point x="163.85" y="135.57" b="U"/>
<point x="171.41" y="135.57" b="U"/>
<point x="178.97" y="135.57" b="U"/>
<point x="186.53" y="135.57" b="U"/>
<point x="194.09" y="135.57" b="U"/>
<point x="201.65" y="135.57" b="U"/>
<point x="209.42" y="135.57" b="A"/>
<point x="216.77" y="135.57" b="U"/>
</structure>