<structure>
<point x="109.26" y="269.15" b="G"/>
<point x="109.26" y="261.59" b="G"/>
<point x="109.67" y="254.03" b="A"/>
<point x="109.47" y="246.47" b="C"/>
<point x="102.07" y="247.08" b="N"/>
<point x="94.15" y="246.66" b="G"/>
<point x="86.84" y="245.83" b="U"/>
<point x="79.21" y="244.39" b="G"/>
<point x="72.35" y="242.36" b="A"/>
<point x="65.25" y="239.75" b="Y"/>
<point x="57.98" y="236.56" b="G"/>
<point x="51.82" y="232.84" b="A"/>
<point x="45.51" y="228.80" b="N"/>
<point x="39.47" y="223.85" b="U"/>
<point x="33.99" y="218.64" b="R"/>
<point x="29.09" y="213.22" b="N"/>
<point x="24.37" y="206.99" b="U"/>
<point x="20.30" y="200.62" b="R"/>
<point x="16.76" y="193.94" b="U"/>
<point x="13.93" y="187.20" b="N"/>
<point x="11.57" y="179.83" b="A"/>
<point x="9.69" y="172.70" b="N"/>
<point x="8.47" y="165.24" b="N"/>
<point x="7.50" y="157.49" b="G"/>
<point x="7.50" y="149.93" b="G"/>
<point x="8.32" y="142.40" b="U"/>
<point x="9.54" y="134.94" b="C"/>
<point x="11.37" y="127.60" b="U"/>
<point x="13.78" y="120.44" b="C"/>
<point x="16.55" y="113.49" b="G"/>
<point x="20.30" y="106.81" b="U"/>
<point x="24.37" y="100.44" b="U"/>
<point x="28.94" y="94.42" b="C"/>
<point x="33.78" y="88.79" b="G"/>
<point x="39.47" y="83.58" b="U"/>
<point x="45.36" y="78.84" b="C"/>
<point x="51.40" y="74.59" b="G"/>
<point x="58.19" y="70.86" b="U"/>
<point x="65.25" y="67.68" b="A"/>
<point x="72.35" y="65.07" b="A"/>
<point x="79.42" y="63.04" b="U"/>
<point x="86.63" y="61.60" b="G"/>
<point x="94.15" y="60.77" b="G"/>
<point x="102.12" y="60.56" b="Y"/>
<point x="109.67" y="60.95" b="A"/>
<point x="109.67" y="53.39" b="A"/>
<point x="109.67" y="45.83" b="A"/>
<point x="104.78" y="40.07" b="Y"/>
<point x="104.17" y="32.52" b="U"/>
<point x="108.57" y="26.47" b="N"/>
<point x="115.74" y="24.06" b="N"/>
<point x="122.90" y="26.47" b="N"/>
<point x="127.20" y="32.52" b="Y"/>
<point x="126.74" y="40.27" b="N"/>
<point x="121.71" y="45.83" b="U"/>
<point x="128.90" y="43.50" b="R"/>
<point x="133.34" y="49.61" b="C"/>
<point x="128.90" y="55.73" b="C"/>
<point x="121.71" y="53.39" b="U"/>
<point x="121.71" y="60.95" b="U"/>
<point x="129.01" y="61.76" b="G"/>
<point x="136.65" y="63.17" b="C"/>
<point x="143.94" y="65.18" b="C"/>
<point x="150.83" y="67.78" b="G"/>
<point x="158.11" y="70.94" b="A"/>
<point x="164.49" y="74.66" b="C"/>
<point x="170.75" y="78.89" b="C"/>
<point x="176.85" y="83.62" b="A"/>
<point x="182.14" y="88.81" b="U"/>
<point x="187.40" y="94.44" b="Y"/>
<point x="191.78" y="100.45" b="C"/>
<point x="195.85" y="106.82" b="U"/>
<point x="199.19" y="113.50" b="G"/>
<point x="202.54" y="120.65" b="N"/>
<point x="204.81" y="127.60" b="U"/>
<point x="206.84" y="134.94" b="A"/>
<point x="207.86" y="142.40" b="U"/>
<point x="208.68" y="149.93" b="A"/>
<point x="208.47" y="157.49" b="U"/>
<point x="207.86" y="165.03" b="C"/>
<point x="206.84" y="172.49" b="A"/>
<point x="204.81" y="179.82" b="C"/>
<point x="202.39" y="186.99" b="C"/>
<point x="199.60" y="193.93" b="A"/>
<point x="195.85" y="200.61" b="C"/>
<point x="191.78" y="206.98" b="C"/>
<point x="187.20" y="212.99" b="C"/>
<point x="182.35" y="218.61" b="A"/>
<point x="176.65" y="223.81" b="U"/>
<point x="170.96" y="228.54" b="A"/>
<point x="164.49" y="232.77" b="U"/>
<point x="157.90" y="236.49" b="U"/>
<point x="151.04" y="239.65" b="C"/>
<point x="144.14" y="242.25" b="Y"/>
<point x="136.44" y="244.26" b="G"/>
<point x="129.43" y="245.67" b="A"/>
<point x="121.50" y="246.47" b="G"/>
<point x="121.71" y="254.03" b="U"/>
<point x="121.71" y="261.59" b="C"/>
<point x="121.71" y="269.15" b="C"/>
</structure>