<structure>
<point x="19.66" y="168.68" b="A"/>
<point x="27.02" y="168.68" b="U"/>
<point x="34.78" y="168.68" b="A"/>
<point x="42.34" y="168.68" b="A"/>
<point x="49.70" y="168.68" b="C"/>
<point x="57.05" y="168.68" b="G"/>
<point x="64.81" y="168.68" b="U"/>
<point x="72.17" y="168.68" b="G"/>
<point x="80.09" y="168.89" b="N"/>
<point x="85.28" y="163.34" b="U"/>
<point x="85.07" y="155.78" b="G"/>
<point x="85.07" y="148.22" b="G"/>
<point x="85.07" y="140.66" b="G"/>
<point x="85.49" y="133.10" b="A"/>
<point x="85.49" y="125.54" b="A"/>
<point x="85.07" y="117.98" b="G"/>
<point x="85.28" y="110.42" b="C"/>
<point x="85.07" y="102.86" b="G"/>
<point x="85.07" y="95.51" b="N"/>
<point x="91.61" y="91.42" b="Y"/>
<point x="98.04" y="95.51" b="N"/>
<point x="97.52" y="102.86" b="C"/>
<point x="97.31" y="110.42" b="G"/>
<point x="97.52" y="117.98" b="C"/>
<point x="97.52" y="125.54" b="U"/>
<point x="97.52" y="133.10" b="U"/>
<point x="97.52" y="140.66" b="C"/>
<point x="97.52" y="148.22" b="C"/>
<point x="97.52" y="155.78" b="C"/>
<point x="97.31" y="163.34" b="G"/>
<point x="102.87" y="168.68" b="U"/>
<point x="110.22" y="168.68" b="G"/>
<point x="117.99" y="168.68" b="U"/>
<point x="125.75" y="168.68" b="A"/>
<point x="133.11" y="168.68" b="U"/>
<point x="140.46" y="168.68" b="G"/>
<point x="148.43" y="168.68" b="A"/>
<point x="155.79" y="168.68" b="U"/>
<point x="161.13" y="163.34" b="U"/>
<point x="160.92" y="155.78" b="G"/>
<point x="161.34" y="148.22" b="A"/>
<point x="161.34" y="140.66" b="A"/>
<point x="161.13" y="133.10" b="C"/>
<point x="161.13" y="125.54" b="C"/>
<point x="161.34" y="117.98" b="Y"/>
<point x="153.93" y="115.11" b="G"/>
<point x="148.43" y="110.54" b="N"/>
<point x="144.21" y="104.27" b="N"/>
<point x="142.01" y="97.03" b="N"/>
<point x="142.01" y="89.47" b="N"/>
<point x="144.21" y="82.24" b="N"/>
<point x="148.43" y="75.96" b="N"/>
<point x="154.29" y="71.19" b="N"/>
<point x="161.13" y="68.11" b="C"/>
<point x="161.28" y="60.76" b="N"/>
<point x="161.28" y="53.20" b="N"/>
<point x="154.94" y="48.37" b="G"/>
<point x="152.24" y="41.67" b="N"/>
<point x="152.70" y="33.92" b="R"/>
<point x="156.98" y="27.80" b="N"/>
<point x="163.62" y="24.19" b="N"/>
<point x="171.03" y="23.98" b="R"/>
<point x="177.83" y="27.80" b="N"/>
<point x="181.95" y="34.13" b="N"/>
<point x="182.56" y="41.67" b="N"/>
<point x="179.35" y="48.37" b="R"/>
<point x="173.52" y="53.20" b="N"/>
<point x="173.52" y="60.76" b="N"/>
<point x="173.16" y="68.11" b="G"/>
<point x="180.93" y="69.84" b="N"/>
<point x="187.54" y="73.51" b="N"/>
<point x="192.75" y="78.99" b="N"/>
<point x="196.07" y="85.78" b="N"/>
<point x="197.22" y="93.25" b="N"/>
<point x="196.07" y="100.73" b="N"/>
<point x="192.75" y="107.51" b="N"/>
<point x="187.54" y="112.99" b="N"/>
<point x="180.93" y="116.66" b="N"/>
<point x="173.16" y="117.98" b="G"/>
<point x="173.16" y="125.54" b="G"/>
<point x="173.16" y="133.10" b="G"/>
<point x="173.37" y="140.66" b="U"/>
<point x="173.37" y="148.22" b="U"/>
<point x="173.37" y="155.78" b="C"/>
<point x="173.58" y="163.34" b="A"/>
<point x="178.72" y="168.68" b="U"/>
<point x="186.28" y="168.68" b="U"/>
<point x="193.84" y="168.68" b="U"/>
<point x="201.40" y="168.68" b="U"/>
<point x="208.96" y="168.68" b="U"/>
<point x="216.52" y="168.68" b="R"/>
<point x="224.08" y="168.68" b="U"/>
</structure>